season,date,home_team,away_team,home_goals,away_goals
2015-16,2015-08-08,Manchester United,Tottenham Hotspur,1,0
2015-16,2015-08-08,AFC Bournemouth,Aston Villa,0,1
2015-16,2015-08-08,Everton FC,Watford FC,2,2
2015-16,2015-08-08,Leicester City,Sunderland AFC,4,2
2015-16,2015-08-08,Norwich City,Crystal Palace,1,3
2015-16,2015-08-08,Chelsea FC,Swansea City,2,2
2015-16,2015-08-09,Newcastle United,Southampton FC,2,2
2015-16,2015-08-09,Stoke City,Liverpool FC,0,1
2015-16,2015-08-09,Arsenal FC,West Ham United,0,2
2015-16,2015-08-10,West Bromwich Albion,Manchester City,0,3
2015-16,2015-08-14,Aston Villa,Manchester United,0,1
2015-16,2015-08-15,Southampton FC,Everton FC,0,3
2015-16,2015-08-15,Sunderland AFC,Norwich City,1,3
2015-16,2015-08-15,Swansea City,Newcastle United,2,0
2015-16,2015-08-15,Tottenham Hotspur,Stoke City,2,2
2015-16,2015-08-15,Watford FC,West Bromwich Albion,0,0
2015-16,2015-08-15,West Ham United,Leicester City,1,2
2015-16,2015-08-16,Manchester City,Chelsea FC,3,0
2015-16,2015-08-16,Crystal Palace,Arsenal FC,1,2
2015-16,2015-08-17,Liverpool FC,AFC Bournemouth,1,0
2015-16,2015-08-22,Manchester United,Newcastle United,0,0
2015-16,2015-08-22,Crystal Palace,Aston Villa,2,1
2015-16,2015-08-22,Leicester City,Tottenham Hotspur,1,1
2015-16,2015-08-22,Norwich City,Stoke City,1,1
2015-16,2015-08-22,Sunderland AFC,Swansea City,1,1
2015-16,2015-08-22,West Ham United,AFC Bournemouth,3,4
2015-16,2015-08-23,Everton FC,Manchester City,0,2
2015-16,2015-08-23,Watford FC,Southampton FC,0,0
2015-16,2015-08-23,West Bromwich Albion,Chelsea FC,2,3
2015-16,2015-08-24,Arsenal FC,Liverpool FC,0,0
2015-16,2015-08-29,Newcastle United,Arsenal FC,0,1
2015-16,2015-08-29,AFC Bournemouth,Leicester City,1,1
2015-16,2015-08-29,Aston Villa,Sunderland AFC,2,2
2015-16,2015-08-29,Chelsea FC,Crystal Palace,1,2
2015-16,2015-08-29,Liverpool FC,West Ham United,0,3
2015-16,2015-08-29,Manchester City,Watford FC,2,0
2015-16,2015-08-29,Stoke City,West Bromwich Albion,0,1
2015-16,2015-08-29,Tottenham Hotspur,Everton FC,0,0
2015-16,2015-08-30,Swansea City,Manchester United,2,1
2015-16,2015-08-30,Southampton FC,Norwich City,3,0
2015-16,2015-09-12,Everton FC,Chelsea FC,3,1
2015-16,2015-09-12,Arsenal FC,Stoke City,2,0
2015-16,2015-09-12,Crystal Palace,Manchester City,0,1
2015-16,2015-09-12,Norwich City,AFC Bournemouth,3,1
2015-16,2015-09-12,Watford FC,Swansea City,1,0
2015-16,2015-09-12,West Bromwich Albion,Southampton FC,0,0
2015-16,2015-09-12,Manchester United,Liverpool FC,3,1
2015-16,2015-09-13,Leicester City,Aston Villa,3,2
2015-16,2015-09-13,Sunderland AFC,Tottenham Hotspur,0,1
2015-16,2015-09-14,West Ham United,Newcastle United,2,0
2015-16,2015-09-19,Chelsea FC,Arsenal FC,2,0
2015-16,2015-09-19,AFC Bournemouth,Sunderland AFC,2,0
2015-16,2015-09-19,Aston Villa,West Bromwich Albion,0,1
2015-16,2015-09-19,Newcastle United,Watford FC,1,2
2015-16,2015-09-19,Stoke City,Leicester City,2,2
2015-16,2015-09-19,Swansea City,Everton FC,0,0
2015-16,2015-09-19,Manchester City,West Ham United,1,2
2015-16,2015-09-20,Tottenham Hotspur,Crystal Palace,1,0
2015-16,2015-09-20,Liverpool FC,Norwich City,1,1
2015-16,2015-09-20,Southampton FC,Manchester United,2,3
2015-16,2015-09-26,Leicester City,Arsenal FC,2,5
2015-16,2015-09-26,Liverpool FC,Aston Villa,3,2
2015-16,2015-09-26,Manchester United,Sunderland AFC,3,0
2015-16,2015-09-26,Southampton FC,Swansea City,3,1
2015-16,2015-09-26,Stoke City,AFC Bournemouth,2,1
2015-16,2015-09-26,West Ham United,Norwich City,2,2
2015-16,2015-09-26,Newcastle United,Chelsea FC,2,2
2015-16,2015-09-26,Tottenham Hotspur,Manchester City,4,1
2015-16,2015-09-27,Watford FC,Crystal Palace,0,1
2015-16,2015-09-28,West Bromwich Albion,Everton FC,2,3
2015-16,2015-10-03,AFC Bournemouth,Watford FC,1,1
2015-16,2015-10-03,Aston Villa,Stoke City,0,1
2015-16,2015-10-03,Manchester City,Newcastle United,6,1
2015-16,2015-10-03,Norwich City,Leicester City,1,2
2015-16,2015-10-03,Sunderland AFC,West Ham United,2,2
2015-16,2015-10-03,Chelsea FC,Southampton FC,1,3
2015-16,2015-10-03,Crystal Palace,West Bromwich Albion,2,0
2015-16,2015-10-04,Everton FC,Liverpool FC,1,1
2015-16,2015-10-04,Arsenal FC,Manchester United,3,0
2015-16,2015-10-04,Swansea City,Tottenham Hotspur,2,2
2015-16,2015-10-17,Tottenham Hotspur,Liverpool FC,0,0
2015-16,2015-10-17,Chelsea FC,Aston Villa,2,0
2015-16,2015-10-17,Crystal Palace,West Ham United,1,3
2015-16,2015-10-17,Everton FC,Manchester United,0,3
2015-16,2015-10-17,Manchester City,AFC Bournemouth,5,1
2015-16,2015-10-17,Southampton FC,Leicester City,2,2
2015-16,2015-10-17,West Bromwich Albion,Sunderland AFC,1,0
2015-16,2015-10-17,Watford FC,Arsenal FC,0,3
2015-16,2015-10-18,Newcastle United,Norwich City,6,2
2015-16,2015-10-19,Swansea City,Stoke City,0,1
2015-16,2015-10-24,Aston Villa,Swansea City,1,2
2015-16,2015-10-24,Leicester City,Crystal Palace,1,0
2015-16,2015-10-24,Norwich City,West Bromwich Albion,0,1
2015-16,2015-10-24,Stoke City,Watford FC,0,2
2015-16,2015-10-24,West Ham United,Chelsea FC,2,1
2015-16,2015-10-24,Arsenal FC,Everton FC,2,1
2015-16,2015-10-25,AFC Bournemouth,Tottenham Hotspur,1,5
2015-16,2015-10-25,Manchester United,Manchester City,0,0
2015-16,2015-10-25,Liverpool FC,Southampton FC,1,1
2015-16,2015-10-25,Sunderland AFC,Newcastle United,3,0
2015-16,2015-10-31,Chelsea FC,Liverpool FC,1,3
2015-16,2015-10-31,Crystal Palace,Manchester United,0,0
2015-16,2015-10-31,Manchester City,Norwich City,2,1
2015-16,2015-10-31,Newcastle United,Stoke City,0,0
2015-16,2015-10-31,Swansea City,Arsenal FC,0,3
2015-16,2015-10-31,Watford FC,West Ham United,2,0
2015-16,2015-10-31,West Bromwich Albion,Leicester City,2,3
2015-16,2015-11-01,Southampton FC,AFC Bournemouth,2,0
2015-16,2015-11-01,Everton FC,Sunderland AFC,6,2
2015-16,2015-11-02,Tottenham Hotspur,Aston Villa,3,1
2015-16,2015-11-07,AFC Bournemouth,Newcastle United,0,1
2015-16,2015-11-07,Leicester City,Watford FC,2,1
2015-16,2015-11-07,Manchester United,West Bromwich Albion,2,0
2015-16,2015-11-07,Norwich City,Swansea City,1,0
2015-16,2015-11-07,Sunderland AFC,Southampton FC,0,1
2015-16,2015-11-07,West Ham United,Everton FC,1,1
2015-16,2015-11-07,Stoke City,Chelsea FC,1,0
2015-16,2015-11-08,Aston Villa,Manchester City,0,0
2015-16,2015-11-08,Arsenal FC,Tottenham Hotspur,1,1
2015-16,2015-11-08,Liverpool FC,Crystal Palace,1,2
2015-16,2015-11-21,Watford FC,Manchester United,1,2
2015-16,2015-11-21,Chelsea FC,Norwich City,1,0
2015-16,2015-11-21,Everton FC,Aston Villa,4,0
2015-16,2015-11-21,Newcastle United,Leicester City,0,3
2015-16,2015-11-21,Southampton FC,Stoke City,0,1
2015-16,2015-11-21,Swansea City,AFC Bournemouth,2,2
2015-16,2015-11-21,West Bromwich Albion,Arsenal FC,2,1
2015-16,2015-11-21,Manchester City,Liverpool FC,1,4
2015-16,2015-11-22,Tottenham Hotspur,West Ham United,4,1
2015-16,2015-11-23,Crystal Palace,Sunderland AFC,0,1
2015-16,2015-11-28,AFC Bournemouth,Everton FC,3,3
2015-16,2015-11-28,Aston Villa,Watford FC,2,3
2015-16,2015-11-28,Crystal Palace,Newcastle United,5,1
2015-16,2015-11-28,Manchester City,Southampton FC,3,1
2015-16,2015-11-28,Sunderland AFC,Stoke City,2,0
2015-16,2015-11-28,Leicester City,Manchester United,1,1
2015-16,2015-11-29,West Ham United,West Bromwich Albion,1,1
2015-16,2015-11-29,Liverpool FC,Swansea City,1,0
2015-16,2015-11-29,Norwich City,Arsenal FC,1,1
2015-16,2015-11-29,Tottenham Hotspur,Chelsea FC,0,0
2015-16,2015-12-05,Stoke City,Manchester City,2,0
2015-16,2015-12-05,Arsenal FC,Sunderland AFC,3,1
2015-16,2015-12-05,Manchester United,West Ham United,0,0
2015-16,2015-12-05,Southampton FC,Aston Villa,1,1
2015-16,2015-12-05,Swansea City,Leicester City,0,3
2015-16,2015-12-05,Watford FC,Norwich City,2,0
2015-16,2015-12-05,West Bromwich Albion,Tottenham Hotspur,1,1
2015-16,2015-12-05,Chelsea FC,AFC Bournemouth,0,1
2015-16,2015-12-06,Newcastle United,Liverpool FC,2,0
2015-16,2015-12-07,Everton FC,Crystal Palace,1,1
2015-16,2015-12-12,Crystal Palace,Southampton FC,1,0
2015-16,2015-12-12,Manchester City,Swansea City,2,1
2015-16,2015-12-12,Sunderland AFC,Watford FC,0,1
2015-16,2015-12-12,West Ham United,Stoke City,0,0
2015-16,2015-12-12,AFC Bournemouth,Manchester United,2,1
2015-16,2015-12-12,Norwich City,Everton FC,1,1
2015-16,2015-12-13,Aston Villa,Arsenal FC,0,2
2015-16,2015-12-13,Liverpool FC,West Bromwich Albion,2,2
2015-16,2015-12-13,Tottenham Hotspur,Newcastle United,1,2
2015-16,2015-12-14,Leicester City,Chelsea FC,2,1
2015-16,2015-12-19,Chelsea FC,Sunderland AFC,3,1
2015-16,2015-12-19,Everton FC,Leicester City,2,3
2015-16,2015-12-19,Manchester United,Norwich City,1,2
2015-16,2015-12-19,Southampton FC,Tottenham Hotspur,0,2
2015-16,2015-12-19,Stoke City,Crystal Palace,1,2
2015-16,2015-12-19,West Bromwich Albion,AFC Bournemouth,1,2
2015-16,2015-12-19,Newcastle United,Aston Villa,1,1
2015-16,2015-12-20,Swansea City,West Ham United,0,0
2015-16,2015-12-20,Watford FC,Liverpool FC,3,0
2015-16,2015-12-21,Arsenal FC,Manchester City,2,1
2015-16,2015-12-26,Stoke City,Manchester United,2,0
2015-16,2015-12-26,AFC Bournemouth,Crystal Palace,0,0
2015-16,2015-12-26,Aston Villa,West Ham United,1,1
2015-16,2015-12-26,Chelsea FC,Watford FC,2,2
2015-16,2015-12-26,Liverpool FC,Leicester City,1,0
2015-16,2015-12-26,Manchester City,Sunderland AFC,4,1
2015-16,2015-12-26,Swansea City,West Bromwich Albion,1,0
2015-16,2015-12-26,Tottenham Hotspur,Norwich City,3,0
2015-16,2015-12-26,Newcastle United,Everton FC,0,1
2015-16,2015-12-26,Southampton FC,Arsenal FC,4,0
2015-16,2015-12-28,Crystal Palace,Swansea City,0,0
2015-16,2015-12-28,Everton FC,Stoke City,3,4
2015-16,2015-12-28,Norwich City,Aston Villa,2,0
2015-16,2015-12-28,Watford FC,Tottenham Hotspur,1,2
2015-16,2015-12-28,West Bromwich Albion,Newcastle United,1,0
2015-16,2015-12-28,Arsenal FC,AFC Bournemouth,2,0
2015-16,2015-12-28,Manchester United,Chelsea FC,0,0
2015-16,2015-12-28,West Ham United,Southampton FC,2,1
2015-16,2015-12-29,Leicester City,Manchester City,0,0
2015-16,2015-12-30,Sunderland AFC,Liverpool FC,0,1
2015-16,2016-01-02,West Ham United,Liverpool FC,2,0
2015-16,2016-01-02,Arsenal FC,Newcastle United,1,0
2015-16,2016-01-02,Leicester City,AFC Bournemouth,0,0
2015-16,2016-01-02,Manchester United,Swansea City,2,1
2015-16,2016-01-02,Norwich City,Southampton FC,1,0
2015-16,2016-01-02,Sunderland AFC,Aston Villa,3,1
2015-16,2016-01-02,West Bromwich Albion,Stoke City,2,1
2015-16,2016-01-02,Watford FC,Manchester City,1,2
2015-16,2016-01-03,Everton FC,Tottenham Hotspur,1,1
2015-16,2016-01-03,Crystal Palace,Chelsea FC,0,3
2015-16,2016-01-12,Aston Villa,Crystal Palace,1,0
2015-16,2016-01-12,Newcastle United,Manchester United,3,3
2015-16,2016-01-12,AFC Bournemouth,West Ham United,1,3
2015-16,2016-01-13,Swansea City,Sunderland AFC,2,4
2015-16,2016-01-13,Chelsea FC,West Bromwich Albion,2,2
2015-16,2016-01-13,Manchester City,Everton FC,0,0
2015-16,2016-01-13,Southampton FC,Watford FC,2,0
2015-16,2016-01-13,Stoke City,Norwich City,3,1
2015-16,2016-01-13,Liverpool FC,Arsenal FC,3,3
2015-16,2016-01-13,Tottenham Hotspur,Leicester City,0,1
2015-16,2016-01-16,Tottenham Hotspur,Sunderland AFC,4,1
2015-16,2016-01-16,AFC Bournemouth,Norwich City,3,0
2015-16,2016-01-16,Chelsea FC,Everton FC,3,3
2015-16,2016-01-16,Manchester City,Crystal Palace,4,0
2015-16,2016-01-16,Newcastle United,West Ham United,2,1
2015-16,2016-01-16,Southampton FC,West Bromwich Albion,3,0
2015-16,2016-01-16,Aston Villa,Leicester City,1,1
2015-16,2016-01-17,Stoke City,Arsenal FC,0,0
2015-16,2016-01-17,Liverpool FC,Manchester United,0,1
2015-16,2016-01-18,Swansea City,Watford FC,1,0
2015-16,2016-01-23,Norwich City,Liverpool FC,4,5
2015-16,2016-01-23,Crystal Palace,Tottenham Hotspur,1,3
2015-16,2016-01-23,Leicester City,Stoke City,3,0
2015-16,2016-01-23,Manchester United,Southampton FC,0,1
2015-16,2016-01-23,Sunderland AFC,AFC Bournemouth,1,1
2015-16,2016-01-23,Watford FC,Newcastle United,2,1
2015-16,2016-01-23,West Bromwich Albion,Aston Villa,0,0
2015-16,2016-01-23,West Ham United,Manchester City,2,2
2015-16,2016-01-24,Arsenal FC,Chelsea FC,0,1
2015-16,2016-01-24,Everton FC,Swansea City,1,2
2015-16,2016-02-02,Arsenal FC,Southampton FC,0,0
2015-16,2016-02-02,Leicester City,Liverpool FC,2,0
2015-16,2016-02-02,Norwich City,Tottenham Hotspur,0,3
2015-16,2016-02-02,Sunderland AFC,Manchester City,0,1
2015-16,2016-02-02,West Ham United,Aston Villa,2,0
2015-16,2016-02-02,Crystal Palace,AFC Bournemouth,1,2
2015-16,2016-02-02,Manchester United,Stoke City,3,0
2015-16,2016-02-02,West Bromwich Albion,Swansea City,1,1
2015-16,2016-02-03,Everton FC,Newcastle United,3,0
2015-16,2016-02-03,Watford FC,Chelsea FC,0,0
2015-16,2016-02-06,Manchester City,Leicester City,1,3
2015-16,2016-02-06,Aston Villa,Norwich City,2,0
2015-16,2016-02-06,Liverpool FC,Sunderland AFC,2,2
2015-16,2016-02-06,Newcastle United,West Bromwich Albion,1,0
2015-16,2016-02-06,Stoke City,Everton FC,0,3
2015-16,2016-02-06,Swansea City,Crystal Palace,1,1
2015-16,2016-02-06,Tottenham Hotspur,Watford FC,1,0
2015-16,2016-02-06,Southampton FC,West Ham United,1,0
2015-16,2016-02-07,Chelsea FC,Manchester United,1,1
2015-16,2016-02-07,AFC Bournemouth,Arsenal FC,0,2
2015-16,2016-02-13,Sunderland AFC,Manchester United,2,1
2015-16,2016-02-13,AFC Bournemouth,Stoke City,1,3
2015-16,2016-02-13,Crystal Palace,Watford FC,1,2
2015-16,2016-02-13,Everton FC,West Bromwich Albion,0,1
2015-16,2016-02-13,Norwich City,West Ham United,2,2
2015-16,2016-02-13,Swansea City,Southampton FC,0,1
2015-16,2016-02-13,Chelsea FC,Newcastle United,5,1
2015-16,2016-02-14,Aston Villa,Liverpool FC,0,6
2015-16,2016-02-14,Manchester City,Tottenham Hotspur,1,2
2015-16,2016-02-14,Arsenal FC,Leicester City,2,1
2015-16,2016-02-27,West Ham United,Sunderland AFC,1,0
2015-16,2016-02-27,Leicester City,Norwich City,1,0
2015-16,2016-02-27,Southampton FC,Chelsea FC,1,2
2015-16,2016-02-27,Stoke City,Aston Villa,2,1
2015-16,2016-02-27,Watford FC,AFC Bournemouth,0,0
2015-16,2016-02-27,West Bromwich Albion,Crystal Palace,3,2
2015-16,2016-02-28,Tottenham Hotspur,Swansea City,2,1
2015-16,2016-02-28,Manchester United,Arsenal FC,3,2
2015-16,2016-03-01,Sunderland AFC,Crystal Palace,2,2
2015-16,2016-03-01,Norwich City,Chelsea FC,1,2
2015-16,2016-03-01,AFC Bournemouth,Southampton FC,2,0
2015-16,2016-03-01,Aston Villa,Everton FC,1,3
2015-16,2016-03-01,Leicester City,West Bromwich Albion,2,2
2015-16,2016-03-02,Liverpool FC,Manchester City,3,0
2015-16,2016-03-02,Arsenal FC,Swansea City,1,2
2015-16,2016-03-02,West Ham United,Tottenham Hotspur,1,0
2015-16,2016-03-02,Stoke City,Newcastle United,1,0
2015-16,2016-03-02,Manchester United,Watford FC,1,0
2015-16,2016-03-05,Watford FC,Leicester City,0,1
2015-16,2016-03-05,Swansea City,Norwich City,1,0
2015-16,2016-03-05,Tottenham Hotspur,Arsenal FC,2,2
2015-16,2016-03-05,Chelsea FC,Stoke City,1,1
2015-16,2016-03-05,Everton FC,West Ham United,2,3
2015-16,2016-03-05,Manchester City,Aston Villa,4,0
2015-16,2016-03-05,Newcastle United,AFC Bournemouth,1,3
2015-16,2016-03-05,Southampton FC,Sunderland AFC,1,1
2015-16,2016-03-06,West Bromwich Albion,Manchester United,1,0
2015-16,2016-03-06,Crystal Palace,Liverpool FC,1,2
2015-16,2016-03-12,AFC Bournemouth,Swansea City,3,2
2015-16,2016-03-12,Norwich City,Manchester City,0,0
2015-16,2016-03-12,Stoke City,Southampton FC,1,2
2015-16,2016-03-13,Aston Villa,Tottenham Hotspur,0,2
2015-16,2016-03-14,Leicester City,Newcastle United,1,0
2015-16,2016-03-19,Everton FC,Arsenal FC,0,2
2015-16,2016-03-19,Crystal Palace,Leicester City,0,1
2015-16,2016-03-19,Chelsea FC,West Ham United,2,2
2015-16,2016-03-19,Swansea City,Aston Villa,1,0
2015-16,2016-03-19,West Bromwich Albion,Norwich City,0,1
2015-16,2016-03-19,Watford FC,Stoke City,1,2
2015-16,2016-03-20,Southampton FC,Liverpool FC,3,2
2015-16,2016-03-20,Newcastle United,Sunderland AFC,1,1
2015-16,2016-03-20,Manchester City,Manchester United,0,1
2015-16,2016-03-20,Tottenham Hotspur,AFC Bournemouth,3,0
2015-16,2016-04-02,Stoke City,Swansea City,2,2
2015-16,2016-04-02,Sunderland AFC,West Bromwich Albion,0,0
2015-16,2016-04-02,West Ham United,Crystal Palace,2,2
2015-16,2016-04-02,Liverpool FC,Tottenham Hotspur,1,1
2015-16,2016-04-02,Arsenal FC,Watford FC,4,0
2015-16,2016-04-02,AFC Bournemouth,Manchester City,0,4
2015-16,2016-04-02,Norwich City,Newcastle United,3,2
2015-16,2016-04-02,Aston Villa,Chelsea FC,0,4
2015-16,2016-04-03,Manchester United,Everton FC,1,0
2015-16,2016-04-03,Leicester City,Southampton FC,1,0
2015-16,2016-04-09,Manchester City,West Bromwich Albion,2,1
2015-16,2016-04-09,Watford FC,Everton FC,1,1
2015-16,2016-04-09,Swansea City,Chelsea FC,1,0
2015-16,2016-04-09,Southampton FC,Newcastle United,3,1
2015-16,2016-04-09,Aston Villa,AFC Bournemouth,1,2
2015-16,2016-04-09,West Ham United,Arsenal FC,3,3
2015-16,2016-04-09,Crystal Palace,Norwich City,1,0
2015-16,2016-04-10,Liverpool FC,Stoke City,4,1
2015-16,2016-04-10,Tottenham Hotspur,Manchester United,3,0
2015-16,2016-04-10,Sunderland AFC,Leicester City,0,2
2015-16,2016-04-13,Crystal Palace,Everton FC,0,0
2015-16,2016-04-16,Manchester United,Aston Villa,1,0
2015-16,2016-04-16,Newcastle United,Swansea City,3,0
2015-16,2016-04-16,West Bromwich Albion,Watford FC,0,1
2015-16,2016-04-16,Everton FC,Southampton FC,1,1
2015-16,2016-04-16,Norwich City,Sunderland AFC,0,3
2015-16,2016-04-16,Chelsea FC,Manchester City,0,3
2015-16,2016-04-17,AFC Bournemouth,Liverpool FC,1,2
2015-16,2016-04-17,Leicester City,West Ham United,2,2
2015-16,2016-04-17,Arsenal FC,Crystal Palace,1,1
2015-16,2016-04-18,Stoke City,Tottenham Hotspur,0,4
2015-16,2016-04-19,Newcastle United,Manchester City,1,1
2015-16,2016-04-20,Liverpool FC,Everton FC,4,0
2015-16,2016-04-20,West Ham United,Watford FC,3,1
2015-16,2016-04-20,Manchester United,Crystal Palace,2,0
2015-16,2016-04-21,Arsenal FC,West Bromwich Albion,2,0
2015-16,2016-04-23,Liverpool FC,Newcastle United,2,2
2015-16,2016-04-23,Manchester City,Stoke City,4,0
2015-16,2016-04-23,Aston Villa,Southampton FC,2,4
2015-16,2016-04-23,AFC Bournemouth,Chelsea FC,1,4
2015-16,2016-04-24,Leicester City,Swansea City,4,0
2015-16,2016-04-24,Sunderland AFC,Arsenal FC,0,0
2015-16,2016-04-25,Tottenham Hotspur,West Bromwich Albion,1,1
2015-16,2016-04-30,Watford FC,Aston Villa,3,2
2015-16,2016-04-30,West Bromwich Albion,West Ham United,0,3
2015-16,2016-04-30,Stoke City,Sunderland AFC,1,1
2015-16,2016-04-30,Newcastle United,Crystal Palace,1,0
2015-16,2016-04-30,Everton FC,AFC Bournemouth,2,1
2015-16,2016-04-30,Arsenal FC,Norwich City,1,0
2015-16,2016-05-01,Southampton FC,Manchester City,4,2
2015-16,2016-05-01,Manchester United,Leicester City,1,1
2015-16,2016-05-01,Swansea City,Liverpool FC,3,1
2015-16,2016-05-02,Chelsea FC,Tottenham Hotspur,2,2
2015-16,2016-05-07,Crystal Palace,Stoke City,2,1
2015-16,2016-05-07,Sunderland AFC,Chelsea FC,3,2
2015-16,2016-05-07,Aston Villa,Newcastle United,0,0
2015-16,2016-05-07,Leicester City,Everton FC,3,1
2015-16,2016-05-07,Norwich City,Manchester United,0,1
2015-16,2016-05-07,AFC Bournemouth,West Bromwich Albion,1,1
2015-16,2016-05-07,West Ham United,Swansea City,1,4
2015-16,2016-05-08,Liverpool FC,Watford FC,2,0
2015-16,2016-05-08,Manchester City,Arsenal FC,2,2
2015-16,2016-05-08,Tottenham Hotspur,Southampton FC,1,2
2015-16,2016-05-10,West Ham United,Manchester United,3,2
2015-16,2016-05-11,Sunderland AFC,Everton FC,3,0
2015-16,2016-05-11,Norwich City,Watford FC,4,2
2015-16,2016-05-11,Liverpool FC,Chelsea FC,1,1
2015-16,2016-05-15,Arsenal FC,Aston Villa,4,0
2015-16,2016-05-15,Chelsea FC,Leicester City,1,1
2015-16,2016-05-15,Everton FC,Norwich City,3,0
2015-16,2016-05-15,Newcastle United,Tottenham Hotspur,5,1
2015-16,2016-05-15,Southampton FC,Crystal Palace,4,1
2015-16,2016-05-15,Stoke City,West Ham United,2,1
2015-16,2016-05-15,Swansea City,Manchester City,1,1
2015-16,2016-05-15,Watford FC,Sunderland AFC,2,2
2015-16,2016-05-15,West Bromwich Albion,Liverpool FC,1,1
2015-16,2016-05-17,Manchester United,AFC Bournemouth,3,1
2016-17,2016-08-13,Hull City,Leicester City,2,1
2016-17,2016-08-13,Burnley FC,Swansea City,0,1
2016-17,2016-08-13,Crystal Palace,West Bromwich Albion,0,1
2016-17,2016-08-13,Everton FC,Tottenham Hotspur,1,1
2016-17,2016-08-13,Middlesbrough FC,Stoke City,1,1
2016-17,2016-08-13,Southampton FC,Watford FC,1,1
2016-17,2016-08-13,Manchester City,Sunderland AFC,2,1
2016-17,2016-08-14,Arsenal FC,Liverpool FC,3,4
2016-17,2016-08-14,AFC Bournemouth,Manchester United,1,3
2016-17,2016-08-15,Chelsea FC,West Ham United,2,1
2016-17,2016-08-19,Manchester United,Southampton FC,2,0
2016-17,2016-08-20,Stoke City,Manchester City,1,4
2016-17,2016-08-20,Burnley FC,Liverpool FC,2,0
2016-17,2016-08-20,Swansea City,Hull City,0,2
2016-17,2016-08-20,Tottenham Hotspur,Crystal Palace,1,0
2016-17,2016-08-20,Watford FC,Chelsea FC,1,2
2016-17,2016-08-20,West Bromwich Albion,Everton FC,1,2
2016-17,2016-08-20,Leicester City,Arsenal FC,0,0
2016-17,2016-08-21,West Ham United,AFC Bournemouth,1,0
2016-17,2016-08-21,Sunderland AFC,Middlesbrough FC,1,2
2016-17,2016-08-27,Tottenham Hotspur,Liverpool FC,1,1
2016-17,2016-08-27,Chelsea FC,Burnley FC,3,0
2016-17,2016-08-27,Crystal Palace,AFC Bournemouth,1,1
2016-17,2016-08-27,Everton FC,Stoke City,1,0
2016-17,2016-08-27,Leicester City,Swansea City,2,1
2016-17,2016-08-27,Southampton FC,Sunderland AFC,1,1
2016-17,2016-08-27,Watford FC,Arsenal FC,1,3
2016-17,2016-08-27,Hull City,Manchester United,0,1
2016-17,2016-08-28,Manchester City,West Ham United,3,1
2016-17,2016-08-28,West Bromwich Albion,Middlesbrough FC,0,0
2016-17,2016-09-10,Manchester United,Manchester City,1,2
2016-17,2016-09-10,AFC Bournemouth,West Bromwich Albion,1,0
2016-17,2016-09-10,Arsenal FC,Southampton FC,2,1
2016-17,2016-09-10,Burnley FC,Hull City,1,1
2016-17,2016-09-10,Middlesbrough FC,Crystal Palace,1,2
2016-17,2016-09-10,Stoke City,Tottenham Hotspur,0,4
2016-17,2016-09-10,West Ham United,Watford FC,2,4
2016-17,2016-09-10,Liverpool FC,Leicester City,4,1
2016-17,2016-09-11,Swansea City,Chelsea FC,2,2
2016-17,2016-09-12,Sunderland AFC,Everton FC,0,3
2016-17,2016-09-16,Chelsea FC,Liverpool FC,1,2
2016-17,2016-09-17,Hull City,Arsenal FC,1,4
2016-17,2016-09-17,Leicester City,Burnley FC,3,0
2016-17,2016-09-17,Manchester City,AFC Bournemouth,4,0
2016-17,2016-09-17,West Bromwich Albion,West Ham United,4,2
2016-17,2016-09-17,Everton FC,Middlesbrough FC,3,1
2016-17,2016-09-18,Crystal Palace,Stoke City,4,1
2016-17,2016-09-18,Southampton FC,Swansea City,1,0
2016-17,2016-09-18,Tottenham Hotspur,Sunderland AFC,1,0
2016-17,2016-09-18,Watford FC,Manchester United,3,1
2016-17,2016-09-24,Manchester United,Leicester City,4,1
2016-17,2016-09-24,AFC Bournemouth,Everton FC,1,0
2016-17,2016-09-24,Liverpool FC,Hull City,5,1
2016-17,2016-09-24,Middlesbrough FC,Tottenham Hotspur,1,2
2016-17,2016-09-24,Stoke City,West Bromwich Albion,1,1
2016-17,2016-09-24,Sunderland AFC,Crystal Palace,2,3
2016-17,2016-09-24,Swansea City,Manchester City,1,3
2016-17,2016-09-24,Arsenal FC,Chelsea FC,3,0
2016-17,2016-09-25,West Ham United,Southampton FC,0,3
2016-17,2016-09-26,Burnley FC,Watford FC,2,0
2016-17,2016-09-30,Everton FC,Crystal Palace,1,1
2016-17,2016-10-01,Hull City,Chelsea FC,0,2
2016-17,2016-10-01,Sunderland AFC,West Bromwich Albion,1,1
2016-17,2016-10-01,Watford FC,AFC Bournemouth,2,2
2016-17,2016-10-01,West Ham United,Middlesbrough FC,1,1
2016-17,2016-10-01,Swansea City,Liverpool FC,1,2
2016-17,2016-10-02,Manchester United,Stoke City,1,1
2016-17,2016-10-02,Leicester City,Southampton FC,0,0
2016-17,2016-10-02,Tottenham Hotspur,Manchester City,2,0
2016-17,2016-10-02,Burnley FC,Arsenal FC,0,1
2016-17,2016-10-15,Chelsea FC,Leicester City,3,0
2016-17,2016-10-15,AFC Bournemouth,Hull City,6,1
2016-17,2016-10-15,Arsenal FC,Swansea City,3,2
2016-17,2016-10-15,Manchester City,Everton FC,1,1
2016-17,2016-10-15,Stoke City,Sunderland AFC,2,0
2016-17,2016-10-15,West Bromwich Albion,Tottenham Hotspur,1,1
2016-17,2016-10-15,Crystal Palace,West Ham United,0,1
2016-17,2016-10-16,Southampton FC,Burnley FC,3,1
2016-17,2016-10-16,Middlesbrough FC,Watford FC,0,1
2016-17,2016-10-17,Liverpool FC,Manchester United,0,0
2016-17,2016-10-22,AFC Bournemouth,Tottenham Hotspur,0,0
2016-17,2016-10-22,Arsenal FC,Middlesbrough FC,0,0
2016-17,2016-10-22,Burnley FC,Everton FC,2,1
2016-17,2016-10-22,Hull City,Stoke City,0,2
2016-17,2016-10-22,Leicester City,Crystal Palace,3,1
2016-17,2016-10-22,Swansea City,Watford FC,0,0
2016-17,2016-10-22,West Ham United,Sunderland AFC,1,0
2016-17,2016-10-22,Liverpool FC,West Bromwich Albion,2,1
2016-17,2016-10-23,Chelsea FC,Manchester United,4,0
2016-17,2016-10-23,Manchester City,Southampton FC,1,1
2016-17,2016-10-29,Sunderland AFC,Arsenal FC,1,4
2016-17,2016-10-29,Manchester United,Burnley FC,0,0
2016-17,2016-10-29,Middlesbrough FC,AFC Bournemouth,2,0
2016-17,2016-10-29,Tottenham Hotspur,Leicester City,1,1
2016-17,2016-10-29,Watford FC,Hull City,1,0
2016-17,2016-10-29,West Bromwich Albion,Manchester City,0,4
2016-17,2016-10-29,Crystal Palace,Liverpool FC,2,4
2016-17,2016-10-30,Southampton FC,Chelsea FC,0,2
2016-17,2016-10-30,Everton FC,West Ham United,2,0
2016-17,2016-10-31,Stoke City,Swansea City,3,1
2016-17,2016-11-05,Burnley FC,Crystal Palace,3,2
2016-17,2016-11-05,Manchester City,Middlesbrough FC,1,1
2016-17,2016-11-05,West Ham United,Stoke City,1,1
2016-17,2016-11-05,Chelsea FC,Everton FC,5,0
2016-17,2016-11-05,AFC Bournemouth,Sunderland AFC,1,2
2016-17,2016-11-06,Arsenal FC,Tottenham Hotspur,1,1
2016-17,2016-11-06,Hull City,Southampton FC,2,1
2016-17,2016-11-06,Liverpool FC,Watford FC,6,1
2016-17,2016-11-06,Swansea City,Manchester United,1,3
2016-17,2016-11-06,Leicester City,West Bromwich Albion,1,2
2016-17,2016-11-19,Crystal Palace,Manchester City,1,2
2016-17,2016-11-19,Everton FC,Swansea City,1,1
2016-17,2016-11-19,Southampton FC,Liverpool FC,0,0
2016-17,2016-11-19,Stoke City,AFC Bournemouth,0,1
2016-17,2016-11-19,Sunderland AFC,Hull City,3,0
2016-17,2016-11-19,Watford FC,Leicester City,2,1
2016-17,2016-11-19,Tottenham Hotspur,West Ham United,3,2
2016-17,2016-11-19,Manchester United,Arsenal FC,1,1
2016-17,2016-11-20,Middlesbrough FC,Chelsea FC,0,1
2016-17,2016-11-21,West Bromwich Albion,Burnley FC,4,0
2016-17,2016-11-26,Hull City,West Bromwich Albion,1,1
2016-17,2016-11-26,Leicester City,Middlesbrough FC,2,2
2016-17,2016-11-26,Liverpool FC,Sunderland AFC,2,0
2016-17,2016-11-26,Swansea City,Crystal Palace,5,4
2016-17,2016-11-26,Chelsea FC,Tottenham Hotspur,2,1
2016-17,2016-11-26,Burnley FC,Manchester City,1,2
2016-17,2016-11-27,Watford FC,Stoke City,0,1
2016-17,2016-11-27,Arsenal FC,AFC Bournemouth,3,1
2016-17,2016-11-27,Manchester United,West Ham United,1,1
2016-17,2016-11-27,Southampton FC,Everton FC,1,0
2016-17,2016-12-03,Manchester City,Chelsea FC,1,3
2016-17,2016-12-03,Crystal Palace,Southampton FC,3,0
2016-17,2016-12-03,Stoke City,Burnley FC,2,0
2016-17,2016-12-03,Sunderland AFC,Leicester City,2,1
2016-17,2016-12-03,Tottenham Hotspur,Swansea City,5,0
2016-17,2016-12-03,West Bromwich Albion,Watford FC,3,1
2016-17,2016-12-03,West Ham United,Arsenal FC,1,5
2016-17,2016-12-04,Everton FC,Manchester United,1,1
2016-17,2016-12-04,AFC Bournemouth,Liverpool FC,4,3
2016-17,2016-12-05,Middlesbrough FC,Hull City,1,0
2016-17,2016-12-10,Watford FC,Everton FC,3,2
2016-17,2016-12-10,Arsenal FC,Stoke City,3,1
2016-17,2016-12-10,Burnley FC,AFC Bournemouth,3,2
2016-17,2016-12-10,Hull City,Crystal Palace,3,3
2016-17,2016-12-10,Swansea City,Sunderland AFC,3,0
2016-17,2016-12-10,Leicester City,Manchester City,4,2
2016-17,2016-12-11,Manchester United,Tottenham Hotspur,1,0
2016-17,2016-12-11,Southampton FC,Middlesbrough FC,1,0
2016-17,2016-12-11,Liverpool FC,West Ham United,2,2
2016-17,2016-12-11,Chelsea FC,West Bromwich Albion,1,0
2016-17,2016-12-13,Everton FC,Arsenal FC,2,1
2016-17,2016-12-13,AFC Bournemouth,Leicester City,1,0
2016-17,2016-12-14,Middlesbrough FC,Liverpool FC,0,3
2016-17,2016-12-14,Sunderland AFC,Chelsea FC,0,1
2016-17,2016-12-14,West Ham United,Burnley FC,1,0
2016-17,2016-12-14,Crystal Palace,Manchester United,1,2
2016-17,2016-12-14,West Bromwich Albion,Swansea City,3,1
2016-17,2016-12-14,Manchester City,Watford FC,2,0
2016-17,2016-12-14,Stoke City,Southampton FC,0,0
2016-17,2016-12-14,Tottenham Hotspur,Hull City,3,0
2016-17,2016-12-17,Middlesbrough FC,Swansea City,3,0
2016-17,2016-12-17,Stoke City,Leicester City,2,2
2016-17,2016-12-17,Sunderland AFC,Watford FC,1,0
2016-17,2016-12-17,West Ham United,Hull City,1,0
2016-17,2016-12-17,West Bromwich Albion,Manchester United,0,2
2016-17,2016-12-17,Crystal Palace,Chelsea FC,0,1
2016-17,2016-12-18,AFC Bournemouth,Southampton FC,1,3
2016-17,2016-12-18,Manchester City,Arsenal FC,2,1
2016-17,2016-12-18,Tottenham Hotspur,Burnley FC,2,1
2016-17,2016-12-19,Everton FC,Liverpool FC,0,1
2016-17,2016-12-26,Watford FC,Crystal Palace,1,1
2016-17,2016-12-26,Arsenal FC,West Bromwich Albion,1,0
2016-17,2016-12-26,Burnley FC,Middlesbrough FC,1,0
2016-17,2016-12-26,Chelsea FC,AFC Bournemouth,3,0
2016-17,2016-12-26,Leicester City,Everton FC,0,2
2016-17,2016-12-26,Manchester United,Sunderland AFC,3,1
2016-17,2016-12-26,Swansea City,West Ham United,1,4
2016-17,2016-12-26,Hull City,Manchester City,0,3
2016-17,2016-12-27,Liverpool FC,Stoke City,4,1
2016-17,2016-12-28,Southampton FC,Tottenham Hotspur,1,4
2016-17,2016-12-30,Hull City,Everton FC,2,2
2016-17,2016-12-31,Burnley FC,Sunderland AFC,4,1
2016-17,2016-12-31,Chelsea FC,Stoke City,4,2
2016-17,2016-12-31,Leicester City,West Ham United,1,0
2016-17,2016-12-31,Manchester United,Middlesbrough FC,2,1
2016-17,2016-12-31,Southampton FC,West Bromwich Albion,1,2
2016-17,2016-12-31,Swansea City,AFC Bournemouth,0,3
2016-17,2016-12-31,Liverpool FC,Manchester City,1,0
2016-17,2017-01-01,Arsenal FC,Crystal Palace,2,0
2016-17,2017-01-01,Watford FC,Tottenham Hotspur,1,4
2016-17,2017-01-02,Middlesbrough FC,Leicester City,0,0
2016-17,2017-01-02,Everton FC,Southampton FC,3,0
2016-17,2017-01-02,Manchester City,Burnley FC,2,1
2016-17,2017-01-02,Sunderland AFC,Liverpool FC,2,2
2016-17,2017-01-02,West Bromwich Albion,Hull City,3,1
2016-17,2017-01-02,West Ham United,Manchester United,0,2
2016-17,2017-01-03,Crystal Palace,Swansea City,1,2
2016-17,2017-01-03,Stoke City,Watford FC,2,0
2016-17,2017-01-03,AFC Bournemouth,Arsenal FC,3,3
2016-17,2017-01-04,Tottenham Hotspur,Chelsea FC,2,0
2016-17,2017-01-14,Tottenham Hotspur,West Bromwich Albion,4,0
2016-17,2017-01-14,Burnley FC,Southampton FC,1,0
2016-17,2017-01-14,Hull City,AFC Bournemouth,3,1
2016-17,2017-01-14,Sunderland AFC,Stoke City,1,3
2016-17,2017-01-14,Swansea City,Arsenal FC,0,4
2016-17,2017-01-14,Watford FC,Middlesbrough FC,0,0
2016-17,2017-01-14,West Ham United,Crystal Palace,3,0
2016-17,2017-01-14,Leicester City,Chelsea FC,0,3
2016-17,2017-01-15,Manchester United,Liverpool FC,1,1
2016-17,2017-01-15,Everton FC,Manchester City,4,0
2016-17,2017-01-21,Liverpool FC,Swansea City,2,3
2016-17,2017-01-21,AFC Bournemouth,Watford FC,2,2
2016-17,2017-01-21,Crystal Palace,Everton FC,0,1
2016-17,2017-01-21,Middlesbrough FC,West Ham United,1,3
2016-17,2017-01-21,Stoke City,Manchester United,1,1
2016-17,2017-01-21,West Bromwich Albion,Sunderland AFC,2,0
2016-17,2017-01-21,Manchester City,Tottenham Hotspur,2,2
2016-17,2017-01-22,Southampton FC,Leicester City,3,0
2016-17,2017-01-22,Arsenal FC,Burnley FC,2,1
2016-17,2017-01-22,Chelsea FC,Hull City,2,0
2016-17,2017-01-31,Arsenal FC,Watford FC,1,2
2016-17,2017-01-31,Burnley FC,Leicester City,1,0
2016-17,2017-01-31,Middlesbrough FC,West Bromwich Albion,1,1
2016-17,2017-01-31,Sunderland AFC,Tottenham Hotspur,0,0
2016-17,2017-01-31,Swansea City,Southampton FC,2,1
2016-17,2017-01-31,Liverpool FC,Chelsea FC,1,1
2016-17,2017-01-31,AFC Bournemouth,Crystal Palace,0,2
2016-17,2017-02-01,West Ham United,Manchester City,0,4
2016-17,2017-02-01,Manchester United,Hull City,0,0
2016-17,2017-02-01,Stoke City,Everton FC,1,1
2016-17,2017-02-04,Crystal Palace,Sunderland AFC,0,4
2016-17,2017-02-04,Everton FC,AFC Bournemouth,6,3
2016-17,2017-02-04,Hull City,Liverpool FC,2,0
2016-17,2017-02-04,Southampton FC,West Ham United,1,3
2016-17,2017-02-04,Watford FC,Burnley FC,2,1
2016-17,2017-02-04,West Bromwich Albion,Stoke City,1,0
2016-17,2017-02-04,Tottenham Hotspur,Middlesbrough FC,1,0
2016-17,2017-02-04,Chelsea FC,Arsenal FC,3,1
2016-17,2017-02-05,Manchester City,Swansea City,2,1
2016-17,2017-02-05,Leicester City,Manchester United,0,3
2016-17,2017-02-11,Arsenal FC,Hull City,2,0
2016-17,2017-02-11,Manchester United,Watford FC,2,0
2016-17,2017-02-11,Middlesbrough FC,Everton FC,0,0
2016-17,2017-02-11,Stoke City,Crystal Palace,1,0
2016-17,2017-02-11,Sunderland AFC,Southampton FC,0,4
2016-17,2017-02-11,West Ham United,West Bromwich Albion,2,2
2016-17,2017-02-11,Liverpool FC,Tottenham Hotspur,2,0
2016-17,2017-02-12,Swansea City,Leicester City,2,0
2016-17,2017-02-12,Burnley FC,Chelsea FC,1,1
2016-17,2017-02-13,AFC Bournemouth,Manchester City,0,2
2016-17,2017-02-25,Crystal Palace,Middlesbrough FC,1,0
2016-17,2017-02-25,Everton FC,Sunderland AFC,2,0
2016-17,2017-02-25,Hull City,Burnley FC,1,1
2016-17,2017-02-25,West Bromwich Albion,AFC Bournemouth,2,1
2016-17,2017-02-25,Watford FC,West Ham United,1,1
2016-17,2017-02-25,Chelsea FC,Swansea City,3,1
2016-17,2017-02-26,Tottenham Hotspur,Stoke City,4,0
2016-17,2017-02-27,Leicester City,Liverpool FC,3,1
2016-17,2017-03-04,Liverpool FC,Arsenal FC,3,1
2016-17,2017-03-04,West Bromwich Albion,Crystal Palace,0,2
2016-17,2017-03-04,Manchester United,AFC Bournemouth,1,1
2016-17,2017-03-04,Leicester City,Hull City,3,1
2016-17,2017-03-04,Stoke City,Middlesbrough FC,2,0
2016-17,2017-03-04,Swansea City,Burnley FC,3,2
2016-17,2017-03-04,Watford FC,Southampton FC,3,4
2016-17,2017-03-05,Sunderland AFC,Manchester City,0,2
2016-17,2017-03-05,Tottenham Hotspur,Everton FC,3,2
2016-17,2017-03-06,West Ham United,Chelsea FC,1,2
2016-17,2017-03-08,Manchester City,Stoke City,0,0
2016-17,2017-03-11,Hull City,Swansea City,2,1
2016-17,2017-03-11,Everton FC,West Bromwich Albion,3,0
2016-17,2017-03-11,AFC Bournemouth,West Ham United,3,2
2016-17,2017-03-12,Liverpool FC,Burnley FC,2,1
2016-17,2017-03-18,Crystal Palace,Watford FC,1,0
2016-17,2017-03-18,Everton FC,Hull City,4,0
2016-17,2017-03-18,West Bromwich Albion,Arsenal FC,3,1
2016-17,2017-03-18,AFC Bournemouth,Swansea City,2,0
2016-17,2017-03-18,West Ham United,Leicester City,2,3
2016-17,2017-03-18,Sunderland AFC,Burnley FC,0,0
2016-17,2017-03-18,Stoke City,Chelsea FC,1,2
2016-17,2017-03-19,Manchester City,Liverpool FC,1,1
2016-17,2017-03-19,Tottenham Hotspur,Southampton FC,2,1
2016-17,2017-03-19,Middlesbrough FC,Manchester United,1,3
2016-17,2017-04-01,Hull City,West Ham United,2,1
2016-17,2017-04-01,Leicester City,Stoke City,2,0
2016-17,2017-04-01,Chelsea FC,Crystal Palace,1,2
2016-17,2017-04-01,Burnley FC,Tottenham Hotspur,0,2
2016-17,2017-04-01,Southampton FC,AFC Bournemouth,0,0
2016-17,2017-04-01,Watford FC,Sunderland AFC,1,0
2016-17,2017-04-01,Manchester United,West Bromwich Albion,0,0
2016-17,2017-04-01,Liverpool FC,Everton FC,3,1
2016-17,2017-04-02,Arsenal FC,Manchester City,2,2
2016-17,2017-04-02,Swansea City,Middlesbrough FC,0,0
2016-17,2017-04-04,Burnley FC,Stoke City,1,0
2016-17,2017-04-04,Manchester United,Everton FC,1,1
2016-17,2017-04-04,Leicester City,Sunderland AFC,2,0
2016-17,2017-04-04,Watford FC,West Bromwich Albion,2,0
2016-17,2017-04-05,Southampton FC,Crystal Palace,3,1
2016-17,2017-04-05,Chelsea FC,Manchester City,2,1
2016-17,2017-04-05,Liverpool FC,AFC Bournemouth,2,2
2016-17,2017-04-05,Arsenal FC,West Ham United,3,0
2016-17,2017-04-05,Swansea City,Tottenham Hotspur,1,3
2016-17,2017-04-05,Hull City,Middlesbrough FC,4,2
2016-17,2017-04-08,Tottenham Hotspur,Watford FC,4,0
2016-17,2017-04-08,AFC Bournemouth,Chelsea FC,1,3
2016-17,2017-04-08,West Ham United,Swansea City,1,0
2016-17,2017-04-08,West Bromwich Albion,Southampton FC,0,1
2016-17,2017-04-08,Stoke City,Liverpool FC,1,2
2016-17,2017-04-08,Middlesbrough FC,Burnley FC,0,0
2016-17,2017-04-08,Manchester City,Hull City,3,1
2016-17,2017-04-09,Sunderland AFC,Manchester United,0,3
2016-17,2017-04-09,Everton FC,Leicester City,4,2
2016-17,2017-04-10,Crystal Palace,Arsenal FC,3,0
2016-17,2017-04-15,Everton FC,Burnley FC,3,1
2016-17,2017-04-15,Crystal Palace,Leicester City,2,2
2016-17,2017-04-15,Tottenham Hotspur,AFC Bournemouth,4,0
2016-17,2017-04-15,Southampton FC,Manchester City,0,3
2016-17,2017-04-15,Stoke City,Hull City,3,1
2016-17,2017-04-15,Sunderland AFC,West Ham United,2,2
2016-17,2017-04-15,Watford FC,Swansea City,1,0
2016-17,2017-04-16,Manchester United,Chelsea FC,2,0
2016-17,2017-04-16,West Bromwich Albion,Liverpool FC,0,1
2016-17,2017-04-17,Middlesbrough FC,Arsenal FC,1,2
2016-17,2017-04-22,West Ham United,Everton FC,0,0
2016-17,2017-04-22,Swansea City,Stoke City,2,0
2016-17,2017-04-22,AFC Bournemouth,Middlesbrough FC,4,0
2016-17,2017-04-22,Hull City,Watford FC,2,0
2016-17,2017-04-23,Burnley FC,Manchester United,0,2
2016-17,2017-04-23,Liverpool FC,Crystal Palace,1,2
2016-17,2017-04-25,Chelsea FC,Southampton FC,4,2
2016-17,2017-04-26,Middlesbrough FC,Sunderland AFC,1,0
2016-17,2017-04-26,Crystal Palace,Tottenham Hotspur,0,1
2016-17,2017-04-26,Arsenal FC,Leicester City,1,0
2016-17,2017-04-27,Manchester City,Manchester United,0,0
2016-17,2017-04-29,Crystal Palace,Burnley FC,0,2
2016-17,2017-04-29,Stoke City,West Ham United,0,0
2016-17,2017-04-29,Southampton FC,Hull City,0,0
2016-17,2017-04-29,West Bromwich Albion,Leicester City,0,1
2016-17,2017-04-29,Sunderland AFC,AFC Bournemouth,0,1
2016-17,2017-04-30,Tottenham Hotspur,Arsenal FC,2,0
2016-17,2017-04-30,Middlesbrough FC,Manchester City,2,2
2016-17,2017-04-30,Everton FC,Chelsea FC,0,3
2016-17,2017-04-30,Manchester United,Swansea City,1,1
2016-17,2017-05-01,Watford FC,Liverpool FC,0,1
2016-17,2017-05-05,West Ham United,Tottenham Hotspur,1,0
2016-17,2017-05-06,Burnley FC,West Bromwich Albion,2,2
2016-17,2017-05-06,AFC Bournemouth,Stoke City,2,2
2016-17,2017-05-06,Manchester City,Crystal Palace,5,0
2016-17,2017-05-06,Hull City,Sunderland AFC,0,2
2016-17,2017-05-06,Leicester City,Watford FC,3,0
2016-17,2017-05-06,Swansea City,Everton FC,1,0
2016-17,2017-05-07,Arsenal FC,Manchester United,2,0
2016-17,2017-05-07,Liverpool FC,Southampton FC,0,0
2016-17,2017-05-08,Chelsea FC,Middlesbrough FC,3,0
2016-17,2017-05-10,Southampton FC,Arsenal FC,0,2
2016-17,2017-05-12,Everton FC,Watford FC,1,0
2016-17,2017-05-12,West Bromwich Albion,Chelsea FC,0,1
2016-17,2017-05-13,Sunderland AFC,Swansea City,0,2
2016-17,2017-05-13,AFC Bournemouth,Burnley FC,2,1
2016-17,2017-05-13,Stoke City,Arsenal FC,1,4
2016-17,2017-05-13,Manchester City,Leicester City,2,1
2016-17,2017-05-13,Middlesbrough FC,Southampton FC,1,2
2016-17,2017-05-14,Crystal Palace,Hull City,4,0
2016-17,2017-05-14,Tottenham Hotspur,Manchester United,2,1
2016-17,2017-05-14,West Ham United,Liverpool FC,0,4
2016-17,2017-05-15,Chelsea FC,Watford FC,4,3
2016-17,2017-05-16,Manchester City,West Bromwich Albion,3,1
2016-17,2017-05-16,Arsenal FC,Sunderland AFC,2,0
2016-17,2017-05-17,Southampton FC,Manchester United,0,0
2016-17,2017-05-18,Leicester City,Tottenham Hotspur,1,6
2016-17,2017-05-21,Arsenal FC,Everton FC,3,1
2016-17,2017-05-21,Burnley FC,West Ham United,1,2
2016-17,2017-05-21,Chelsea FC,Sunderland AFC,5,1
2016-17,2017-05-21,Hull City,Tottenham Hotspur,1,7
2016-17,2017-05-21,Leicester City,AFC Bournemouth,1,1
2016-17,2017-05-21,Liverpool FC,Middlesbrough FC,3,0
2016-17,2017-05-21,Manchester United,Crystal Palace,2,0
2016-17,2017-05-21,Southampton FC,Stoke City,0,1
2016-17,2017-05-21,Swansea City,West Bromwich Albion,2,1
2016-17,2017-05-21,Watford FC,Manchester City,0,5
2017-18,2017-08-11,Arsenal FC,Leicester City,4,3
2017-18,2017-08-12,Watford FC,Liverpool FC,3,3
2017-18,2017-08-12,Chelsea FC,Burnley FC,2,3
2017-18,2017-08-12,Crystal Palace,Huddersfield Town,0,3
2017-18,2017-08-12,Everton FC,Stoke City,1,0
2017-18,2017-08-12,Southampton FC,Swansea City,0,0
2017-18,2017-08-12,West Bromwich Albion,AFC Bournemouth,1,0
2017-18,2017-08-12,Brighton & Hove Albion,Manchester City,0,2
2017-18,2017-08-13,Manchester United,West Ham United,4,0
2017-18,2017-08-13,Newcastle United,Tottenham Hotspur,0,2
2017-18,2017-08-19,Swansea City,Manchester United,0,4
2017-18,2017-08-19,AFC Bournemouth,Watford FC,0,2
2017-18,2017-08-19,Burnley FC,West Bromwich Albion,0,1
2017-18,2017-08-19,Leicester City,Brighton & Hove Albion,2,0
2017-18,2017-08-19,Liverpool FC,Crystal Palace,1,0
2017-18,2017-08-19,Southampton FC,West Ham United,3,2
2017-18,2017-08-19,Stoke City,Arsenal FC,1,0
2017-18,2017-08-20,Tottenham Hotspur,Chelsea FC,1,2
2017-18,2017-08-20,Huddersfield Town,Newcastle United,1,0
2017-18,2017-08-21,Manchester City,Everton FC,1,1
2017-18,2017-08-26,AFC Bournemouth,Manchester City,1,2
2017-18,2017-08-26,Crystal Palace,Swansea City,0,2
2017-18,2017-08-26,Huddersfield Town,Southampton FC,0,0
2017-18,2017-08-26,Newcastle United,West Ham United,3,0
2017-18,2017-08-26,Watford FC,Brighton & Hove Albion,0,0
2017-18,2017-08-26,Manchester United,Leicester City,2,0
2017-18,2017-08-27,West Bromwich Albion,Stoke City,1,1
2017-18,2017-08-27,Liverpool FC,Arsenal FC,4,0
2017-18,2017-08-27,Tottenham Hotspur,Burnley FC,1,1
2017-18,2017-08-27,Chelsea FC,Everton FC,2,0
2017-18,2017-09-09,Manchester City,Liverpool FC,5,0
2017-18,2017-09-09,Arsenal FC,AFC Bournemouth,3,0
2017-18,2017-09-09,Brighton & Hove Albion,West Bromwich Albion,3,1
2017-18,2017-09-09,Everton FC,Tottenham Hotspur,0,3
2017-18,2017-09-09,Leicester City,Chelsea FC,1,2
2017-18,2017-09-09,Southampton FC,Watford FC,0,2
2017-18,2017-09-09,Stoke City,Manchester United,2,2
2017-18,2017-09-10,Swansea City,Newcastle United,0,1
2017-18,2017-09-10,Burnley FC,Crystal Palace,1,0
2017-18,2017-09-11,West Ham United,Huddersfield Town,2,0
2017-18,2017-09-15,AFC Bournemouth,Brighton & Hove Albion,2,1
2017-18,2017-09-16,Crystal Palace,Southampton FC,0,1
2017-18,2017-09-16,Huddersfield Town,Leicester City,1,1
2017-18,2017-09-16,Liverpool FC,Burnley FC,1,1
2017-18,2017-09-16,Newcastle United,Stoke City,2,1
2017-18,2017-09-16,Watford FC,Manchester City,0,6
2017-18,2017-09-16,West Bromwich Albion,West Ham United,0,0
2017-18,2017-09-16,Tottenham Hotspur,Swansea City,0,0
2017-18,2017-09-17,Manchester United,Everton FC,4,0
2017-18,2017-09-17,Chelsea FC,Arsenal FC,0,0
2017-18,2017-09-23,West Ham United,Tottenham Hotspur,2,3
2017-18,2017-09-23,Burnley FC,Huddersfield Town,0,0
2017-18,2017-09-23,Everton FC,AFC Bournemouth,2,1
2017-18,2017-09-23,Manchester City,Crystal Palace,5,0
2017-18,2017-09-23,Southampton FC,Manchester United,0,1
2017-18,2017-09-23,Stoke City,Chelsea FC,0,4
2017-18,2017-09-23,Swansea City,Watford FC,1,2
2017-18,2017-09-23,Leicester City,Liverpool FC,2,3
2017-18,2017-09-24,Brighton & Hove Albion,Newcastle United,1,0
2017-18,2017-09-25,Arsenal FC,West Bromwich Albion,2,0
2017-18,2017-09-30,Huddersfield Town,Tottenham Hotspur,0,4
2017-18,2017-09-30,AFC Bournemouth,Leicester City,0,0
2017-18,2017-09-30,Manchester United,Crystal Palace,4,0
2017-18,2017-09-30,Stoke City,Southampton FC,2,1
2017-18,2017-09-30,West Bromwich Albion,Watford FC,2,2
2017-18,2017-09-30,West Ham United,Swansea City,1,0
2017-18,2017-09-30,Chelsea FC,Manchester City,0,1
2017-18,2017-10-01,Arsenal FC,Brighton & Hove Albion,2,0
2017-18,2017-10-01,Everton FC,Burnley FC,0,1
2017-18,2017-10-01,Newcastle United,Liverpool FC,1,1
2017-18,2017-10-14,Liverpool FC,Manchester United,0,0
2017-18,2017-10-14,Burnley FC,West Ham United,1,1
2017-18,2017-10-14,Crystal Palace,Chelsea FC,2,1
2017-18,2017-10-14,Manchester City,Stoke City,7,2
2017-18,2017-10-14,Swansea City,Huddersfield Town,2,0
2017-18,2017-10-14,Tottenham Hotspur,AFC Bournemouth,1,0
2017-18,2017-10-14,Watford FC,Arsenal FC,2,1
2017-18,2017-10-15,Southampton FC,Newcastle United,2,2
2017-18,2017-10-15,Brighton & Hove Albion,Everton FC,1,1
2017-18,2017-10-16,Leicester City,West Bromwich Albion,1,1
2017-18,2017-10-20,West Ham United,Brighton & Hove Albion,0,3
2017-18,2017-10-21,Chelsea FC,Watford FC,4,2
2017-18,2017-10-21,Huddersfield Town,Manchester United,2,1
2017-18,2017-10-21,Manchester City,Burnley FC,3,0
2017-18,2017-10-21,Newcastle United,Crystal Palace,1,0
2017-18,2017-10-21,Stoke City,AFC Bournemouth,1,2
2017-18,2017-10-21,Swansea City,Leicester City,1,2
2017-18,2017-10-21,Southampton FC,West Bromwich Albion,1,0
2017-18,2017-10-22,Tottenham Hotspur,Liverpool FC,4,1
2017-18,2017-10-22,Everton FC,Arsenal FC,2,5
2017-18,2017-10-28,Manchester United,Tottenham Hotspur,1,0
2017-18,2017-10-28,Arsenal FC,Swansea City,2,1
2017-18,2017-10-28,Crystal Palace,West Ham United,2,2
2017-18,2017-10-28,Liverpool FC,Huddersfield Town,3,0
2017-18,2017-10-28,Watford FC,Stoke City,0,1
2017-18,2017-10-28,West Bromwich Albion,Manchester City,2,3
2017-18,2017-10-28,AFC Bournemouth,Chelsea FC,0,1
2017-18,2017-10-29,Leicester City,Everton FC,2,0
2017-18,2017-10-29,Brighton & Hove Albion,Southampton FC,1,1
2017-18,2017-10-30,Burnley FC,Newcastle United,1,0
2017-18,2017-11-04,Stoke City,Leicester City,2,2
2017-18,2017-11-04,Huddersfield Town,West Bromwich Albion,1,0
2017-18,2017-11-04,Newcastle United,AFC Bournemouth,0,1
2017-18,2017-11-04,Southampton FC,Burnley FC,0,1
2017-18,2017-11-04,Swansea City,Brighton & Hove Albion,0,1
2017-18,2017-11-04,West Ham United,Liverpool FC,1,4
2017-18,2017-11-05,Tottenham Hotspur,Crystal Palace,1,0
2017-18,2017-11-05,Manchester City,Arsenal FC,3,1
2017-18,2017-11-05,Chelsea FC,Manchester United,1,0
2017-18,2017-11-05,Everton FC,Watford FC,3,2
2017-18,2017-11-18,AFC Bournemouth,Huddersfield Town,4,0
2017-18,2017-11-18,Burnley FC,Swansea City,2,0
2017-18,2017-11-18,Crystal Palace,Everton FC,2,2
2017-18,2017-11-18,Leicester City,Manchester City,0,2
2017-18,2017-11-18,Liverpool FC,Southampton FC,3,0
2017-18,2017-11-18,West Bromwich Albion,Chelsea FC,0,4
2017-18,2017-11-18,Manchester United,Newcastle United,4,1
2017-18,2017-11-18,Arsenal FC,Tottenham Hotspur,2,0
2017-18,2017-11-19,Watford FC,West Ham United,2,0
2017-18,2017-11-20,Brighton & Hove Albion,Stoke City,2,2
2017-18,2017-11-24,West Ham United,Leicester City,1,1
2017-18,2017-11-25,Manchester United,Brighton & Hove Albion,1,0
2017-18,2017-11-25,Newcastle United,Watford FC,0,3
2017-18,2017-11-25,Swansea City,AFC Bournemouth,0,0
2017-18,2017-11-25,Tottenham Hotspur,West Bromwich Albion,1,1
2017-18,2017-11-25,Liverpool FC,Chelsea FC,1,1
2017-18,2017-11-25,Crystal Palace,Stoke City,2,1
2017-18,2017-11-26,Southampton FC,Everton FC,4,1
2017-18,2017-11-26,Burnley FC,Arsenal FC,0,1
2017-18,2017-11-26,Huddersfield Town,Manchester City,1,2
2017-18,2017-11-28,Leicester City,Tottenham Hotspur,2,1
2017-18,2017-11-28,Watford FC,Manchester United,2,4
2017-18,2017-11-28,West Bromwich Albion,Newcastle United,2,2
2017-18,2017-11-28,Brighton & Hove Albion,Crystal Palace,0,0
2017-18,2017-11-29,AFC Bournemouth,Burnley FC,1,2
2017-18,2017-11-29,Arsenal FC,Huddersfield Town,5,0
2017-18,2017-11-29,Chelsea FC,Swansea City,1,0
2017-18,2017-11-29,Everton FC,West Ham United,4,0
2017-18,2017-11-29,Manchester City,Southampton FC,2,1
2017-18,2017-11-29,Stoke City,Liverpool FC,0,3
2017-18,2017-12-02,Chelsea FC,Newcastle United,3,1
2017-18,2017-12-02,Brighton & Hove Albion,Liverpool FC,1,5
2017-18,2017-12-02,Everton FC,Huddersfield Town,2,0
2017-18,2017-12-02,Leicester City,Burnley FC,1,0
2017-18,2017-12-02,Stoke City,Swansea City,2,1
2017-18,2017-12-02,Watford FC,Tottenham Hotspur,1,1
2017-18,2017-12-02,West Bromwich Albion,Crystal Palace,0,0
2017-18,2017-12-02,Arsenal FC,Manchester United,1,3
2017-18,2017-12-03,Manchester City,West Ham United,2,1
2017-18,2017-12-03,AFC Bournemouth,Southampton FC,1,1
2017-18,2017-12-09,West Ham United,Chelsea FC,1,0
2017-18,2017-12-09,Burnley FC,Watford FC,1,0
2017-18,2017-12-09,Crystal Palace,AFC Bournemouth,2,2
2017-18,2017-12-09,Huddersfield Town,Brighton & Hove Albion,2,0
2017-18,2017-12-09,Swansea City,West Bromwich Albion,1,0
2017-18,2017-12-09,Tottenham Hotspur,Stoke City,5,1
2017-18,2017-12-09,Newcastle United,Leicester City,2,3
2017-18,2017-12-10,Liverpool FC,Everton FC,1,1
2017-18,2017-12-10,Manchester United,Manchester City,1,2
2017-18,2017-12-10,Southampton FC,Arsenal FC,1,1
2017-18,2017-12-12,Crystal Palace,Watford FC,2,1
2017-18,2017-12-12,Huddersfield Town,Chelsea FC,1,3
2017-18,2017-12-12,Burnley FC,Stoke City,1,0
2017-18,2017-12-13,Swansea City,Manchester City,0,4
2017-18,2017-12-13,Newcastle United,Everton FC,0,1
2017-18,2017-12-13,Southampton FC,Leicester City,1,4
2017-18,2017-12-13,Manchester United,AFC Bournemouth,1,0
2017-18,2017-12-13,West Ham United,Arsenal FC,0,0
2017-18,2017-12-13,Liverpool FC,West Bromwich Albion,0,0
2017-18,2017-12-13,Tottenham Hotspur,Brighton & Hove Albion,2,0
2017-18,2017-12-16,Leicester City,Crystal Palace,0,3
2017-18,2017-12-16,Arsenal FC,Newcastle United,1,0
2017-18,2017-12-16,Brighton & Hove Albion,Burnley FC,0,0
2017-18,2017-12-16,Chelsea FC,Southampton FC,1,0
2017-18,2017-12-16,Watford FC,Huddersfield Town,1,4
2017-18,2017-12-16,Stoke City,West Ham United,0,3
2017-18,2017-12-16,Manchester City,Tottenham Hotspur,4,1
2017-18,2017-12-17,AFC Bournemouth,Liverpool FC,0,4
2017-18,2017-12-17,West Bromwich Albion,Manchester United,1,2
2017-18,2017-12-18,Everton FC,Swansea City,3,1
2017-18,2017-12-22,Arsenal FC,Liverpool FC,3,3
2017-18,2017-12-23,Everton FC,Chelsea FC,0,0
2017-18,2017-12-23,Brighton & Hove Albion,Watford FC,1,0
2017-18,2017-12-23,Manchester City,AFC Bournemouth,4,0
2017-18,2017-12-23,Southampton FC,Huddersfield Town,1,1
2017-18,2017-12-23,Stoke City,West Bromwich Albion,3,1
2017-18,2017-12-23,Swansea City,Crystal Palace,1,1
2017-18,2017-12-23,West Ham United,Newcastle United,2,3
2017-18,2017-12-23,Burnley FC,Tottenham Hotspur,0,3
2017-18,2017-12-23,Leicester City,Manchester United,2,2
2017-18,2017-12-26,Tottenham Hotspur,Southampton FC,5,2
2017-18,2017-12-26,AFC Bournemouth,West Ham United,3,3
2017-18,2017-12-26,Chelsea FC,Brighton & Hove Albion,2,0
2017-18,2017-12-26,Huddersfield Town,Stoke City,1,1
2017-18,2017-12-26,Manchester United,Burnley FC,2,2
2017-18,2017-12-26,Watford FC,Leicester City,2,1
2017-18,2017-12-26,West Bromwich Albion,Everton FC,0,0
2017-18,2017-12-26,Liverpool FC,Swansea City,5,0
2017-18,2017-12-27,Newcastle United,Manchester City,0,1
2017-18,2017-12-28,Crystal Palace,Arsenal FC,2,3
2017-18,2017-12-30,AFC Bournemouth,Everton FC,2,1
2017-18,2017-12-30,Chelsea FC,Stoke City,5,0
2017-18,2017-12-30,Huddersfield Town,Burnley FC,0,0
2017-18,2017-12-30,Liverpool FC,Leicester City,2,1
2017-18,2017-12-30,Newcastle United,Brighton & Hove Albion,0,0
2017-18,2017-12-30,Watford FC,Swansea City,1,2
2017-18,2017-12-30,Manchester United,Southampton FC,0,0
2017-18,2017-12-31,Crystal Palace,Manchester City,0,0
2017-18,2017-12-31,West Bromwich Albion,Arsenal FC,1,1
2017-18,2018-01-01,Brighton & Hove Albion,AFC Bournemouth,2,2
2017-18,2018-01-01,Burnley FC,Liverpool FC,1,2
2017-18,2018-01-01,Leicester City,Huddersfield Town,3,0
2017-18,2018-01-01,Stoke City,Newcastle United,0,1
2017-18,2018-01-01,Everton FC,Manchester United,0,2
2017-18,2018-01-02,Manchester City,Watford FC,3,1
2017-18,2018-01-02,Southampton FC,Crystal Palace,1,2
2017-18,2018-01-02,Swansea City,Tottenham Hotspur,0,2
2017-18,2018-01-02,West Ham United,West Bromwich Albion,2,1
2017-18,2018-01-03,Arsenal FC,Chelsea FC,2,2
2017-18,2018-01-04,Tottenham Hotspur,West Ham United,1,1
2017-18,2018-01-13,Chelsea FC,Leicester City,0,0
2017-18,2018-01-13,Crystal Palace,Burnley FC,1,0
2017-18,2018-01-13,Huddersfield Town,West Ham United,1,4
2017-18,2018-01-13,Newcastle United,Swansea City,1,1
2017-18,2018-01-13,Watford FC,Southampton FC,2,2
2017-18,2018-01-13,West Bromwich Albion,Brighton & Hove Albion,2,0
2017-18,2018-01-13,Tottenham Hotspur,Everton FC,4,0
2017-18,2018-01-14,Liverpool FC,Manchester City,4,3
2017-18,2018-01-14,AFC Bournemouth,Arsenal FC,2,1
2017-18,2018-01-15,Manchester United,Stoke City,3,0
2017-18,2018-01-20,Brighton & Hove Albion,Chelsea FC,0,4
2017-18,2018-01-20,Arsenal FC,Crystal Palace,4,1
2017-18,2018-01-20,Burnley FC,Manchester United,0,1
2017-18,2018-01-20,Everton FC,West Bromwich Albion,1,1
2017-18,2018-01-20,Leicester City,Watford FC,2,0
2017-18,2018-01-20,Stoke City,Huddersfield Town,2,0
2017-18,2018-01-20,West Ham United,AFC Bournemouth,1,1
2017-18,2018-01-20,Manchester City,Newcastle United,3,1
2017-18,2018-01-21,Southampton FC,Tottenham Hotspur,1,1
2017-18,2018-01-22,Swansea City,Liverpool FC,1,0
2017-18,2018-01-30,West Ham United,Crystal Palace,1,1
2017-18,2018-01-30,Huddersfield Town,Liverpool FC,0,3
2017-18,2018-01-30,Swansea City,Arsenal FC,3,1
2017-18,2018-01-31,Chelsea FC,AFC Bournemouth,0,3
2017-18,2018-01-31,Everton FC,Leicester City,2,1
2017-18,2018-01-31,Newcastle United,Burnley FC,1,1
2017-18,2018-01-31,Southampton FC,Brighton & Hove Albion,1,1
2017-18,2018-01-31,Manchester City,West Bromwich Albion,3,0
2017-18,2018-01-31,Stoke City,Watford FC,0,0
2017-18,2018-01-31,Tottenham Hotspur,Manchester United,2,0
2017-18,2018-02-03,Burnley FC,Manchester City,1,1
2017-18,2018-02-03,AFC Bournemouth,Stoke City,2,1
2017-18,2018-02-03,Brighton & Hove Albion,West Ham United,3,1
2017-18,2018-02-03,Leicester City,Swansea City,1,1
2017-18,2018-02-03,Manchester United,Huddersfield Town,2,0
2017-18,2018-02-03,West Bromwich Albion,Southampton FC,2,3
2017-18,2018-02-03,Arsenal FC,Everton FC,5,1
2017-18,2018-02-04,Liverpool FC,Tottenham Hotspur,2,2
2017-18,2018-02-04,Crystal Palace,Newcastle United,1,1
2017-18,2018-02-05,Watford FC,Chelsea FC,4,1
2017-18,2018-02-10,Tottenham Hotspur,Arsenal FC,1,0
2017-18,2018-02-10,Everton FC,Crystal Palace,3,1
2017-18,2018-02-10,Stoke City,Brighton & Hove Albion,1,1
2017-18,2018-02-10,Swansea City,Burnley FC,1,0
2017-18,2018-02-10,West Ham United,Watford FC,2,0
2017-18,2018-02-10,Manchester City,Leicester City,5,1
2017-18,2018-02-11,Newcastle United,Manchester United,1,0
2017-18,2018-02-11,Southampton FC,Liverpool FC,0,2
2017-18,2018-02-11,Huddersfield Town,AFC Bournemouth,4,1
2017-18,2018-02-12,Chelsea FC,West Bromwich Albion,3,0
2017-18,2018-02-24,Leicester City,Stoke City,1,1
2017-18,2018-02-24,AFC Bournemouth,Newcastle United,2,2
2017-18,2018-02-24,Brighton & Hove Albion,Swansea City,4,1
2017-18,2018-02-24,Burnley FC,Southampton FC,1,1
2017-18,2018-02-24,Liverpool FC,West Ham United,4,1
2017-18,2018-02-24,West Bromwich Albion,Huddersfield Town,1,2
2017-18,2018-02-24,Watford FC,Everton FC,1,0
2017-18,2018-02-25,Manchester United,Chelsea FC,2,1
2017-18,2018-02-25,Crystal Palace,Tottenham Hotspur,0,1
2017-18,2018-03-01,Arsenal FC,Manchester City,0,3
2017-18,2018-03-03,Burnley FC,Everton FC,2,1
2017-18,2018-03-03,Leicester City,AFC Bournemouth,1,1
2017-18,2018-03-03,Southampton FC,Stoke City,0,0
2017-18,2018-03-03,Swansea City,West Ham United,4,1
2017-18,2018-03-03,Tottenham Hotspur,Huddersfield Town,2,0
2017-18,2018-03-03,Watford FC,West Bromwich Albion,1,0
2017-18,2018-03-03,Liverpool FC,Newcastle United,2,0
2017-18,2018-03-04,Manchester City,Chelsea FC,1,0
2017-18,2018-03-04,Brighton & Hove Albion,Arsenal FC,2,1
2017-18,2018-03-05,Crystal Palace,Manchester United,2,3
2017-18,2018-03-10,Everton FC,Brighton & Hove Albion,2,0
2017-18,2018-03-10,Huddersfield Town,Swansea City,0,0
2017-18,2018-03-10,Newcastle United,Southampton FC,3,0
2017-18,2018-03-10,West Bromwich Albion,Leicester City,1,4
2017-18,2018-03-10,West Ham United,Burnley FC,0,3
2017-18,2018-03-10,Chelsea FC,Crystal Palace,2,1
2017-18,2018-03-10,Manchester United,Liverpool FC,2,1
2017-18,2018-03-11,Arsenal FC,Watford FC,3,0
2017-18,2018-03-11,AFC Bournemouth,Tottenham Hotspur,1,4
2017-18,2018-03-12,Stoke City,Manchester City,0,2
2017-18,2018-03-17,Huddersfield Town,Crystal Palace,0,2
2017-18,2018-03-17,Stoke City,Everton FC,1,2
2017-18,2018-03-17,Liverpool FC,Watford FC,5,0
2017-18,2018-03-17,AFC Bournemouth,West Bromwich Albion,2,1
2017-18,2018-03-31,Everton FC,Manchester City,1,3
2017-18,2018-03-31,West Bromwich Albion,Burnley FC,1,2
2017-18,2018-03-31,Watford FC,AFC Bournemouth,2,2
2017-18,2018-03-31,West Ham United,Southampton FC,3,0
2017-18,2018-03-31,Newcastle United,Huddersfield Town,1,0
2017-18,2018-03-31,Manchester United,Swansea City,2,0
2017-18,2018-03-31,Crystal Palace,Liverpool FC,1,2
2017-18,2018-03-31,Brighton & Hove Albion,Leicester City,0,2
2017-18,2018-04-01,Chelsea FC,Tottenham Hotspur,1,3
2017-18,2018-04-01,Arsenal FC,Stoke City,3,0
2017-18,2018-04-07,West Bromwich Albion,Swansea City,1,1
2017-18,2018-04-07,Watford FC,Burnley FC,1,2
2017-18,2018-04-07,Stoke City,Tottenham Hotspur,1,2
2017-18,2018-04-07,AFC Bournemouth,Crystal Palace,2,2
2017-18,2018-04-07,Manchester City,Manchester United,2,3
2017-18,2018-04-07,Brighton & Hove Albion,Huddersfield Town,1,1
2017-18,2018-04-07,Everton FC,Liverpool FC,0,0
2017-18,2018-04-07,Leicester City,Newcastle United,1,2
2017-18,2018-04-08,Arsenal FC,Southampton FC,3,2
2017-18,2018-04-08,Chelsea FC,West Ham United,1,1
2017-18,2018-04-14,Liverpool FC,AFC Bournemouth,3,0
2017-18,2018-04-14,Swansea City,Everton FC,1,1
2017-18,2018-04-14,Huddersfield Town,Watford FC,1,0
2017-18,2018-04-14,Crystal Palace,Brighton & Hove Albion,3,2
2017-18,2018-04-14,Burnley FC,Leicester City,2,1
2017-18,2018-04-14,Tottenham Hotspur,Manchester City,1,3
2017-18,2018-04-14,Southampton FC,Chelsea FC,2,3
2017-18,2018-04-15,Manchester United,West Bromwich Albion,0,1
2017-18,2018-04-15,Newcastle United,Arsenal FC,2,1
2017-18,2018-04-16,West Ham United,Stoke City,1,1
2017-18,2018-04-17,Brighton & Hove Albion,Tottenham Hotspur,1,1
2017-18,2018-04-18,AFC Bournemouth,Manchester United,0,2
2017-18,2018-04-19,Leicester City,Southampton FC,0,0
2017-18,2018-04-19,Burnley FC,Chelsea FC,1,2
2017-18,2018-04-21,Watford FC,Crystal Palace,0,0
2017-18,2018-04-21,West Bromwich Albion,Liverpool FC,2,2
2017-18,2018-04-22,Stoke City,Burnley FC,1,1
2017-18,2018-04-22,Arsenal FC,West Ham United,4,1
2017-18,2018-04-22,Manchester City,Swansea City,5,0
2017-18,2018-04-23,Everton FC,Newcastle United,1,0
2017-18,2018-04-28,Huddersfield Town,Everton FC,0,2
2017-18,2018-04-28,Newcastle United,West Bromwich Albion,0,1
2017-18,2018-04-28,Swansea City,Chelsea FC,0,1
2017-18,2018-04-28,Southampton FC,AFC Bournemouth,2,1
2017-18,2018-04-28,Crystal Palace,Leicester City,5,0
2017-18,2018-04-28,Burnley FC,Brighton & Hove Albion,0,0
2017-18,2018-04-28,Liverpool FC,Stoke City,0,0
2017-18,2018-04-29,Manchester United,Arsenal FC,2,1
2017-18,2018-04-29,West Ham United,Manchester City,1,4
2017-18,2018-04-30,Tottenham Hotspur,Watford FC,2,0
2017-18,2018-05-04,Brighton & Hove Albion,Manchester United,1,0
2017-18,2018-05-05,West Bromwich Albion,Tottenham Hotspur,1,0
2017-18,2018-05-05,Watford FC,Newcastle United,2,1
2017-18,2018-05-05,Everton FC,Southampton FC,1,1
2017-18,2018-05-05,AFC Bournemouth,Swansea City,1,0
2017-18,2018-05-05,Leicester City,West Ham United,0,2
2017-18,2018-05-05,Stoke City,Crystal Palace,1,2
2017-18,2018-05-06,Manchester City,Huddersfield Town,0,0
2017-18,2018-05-06,Arsenal FC,Burnley FC,5,0
2017-18,2018-05-06,Chelsea FC,Liverpool FC,1,0
2017-18,2018-05-08,Swansea City,Southampton FC,0,1
2017-18,2018-05-09,Manchester City,Brighton & Hove Albion,3,1
2017-18,2018-05-09,Leicester City,Arsenal FC,3,1
2017-18,2018-05-09,Chelsea FC,Huddersfield Town,1,1
2017-18,2018-05-09,Tottenham Hotspur,Newcastle United,1,0
2017-18,2018-05-10,West Ham United,Manchester United,0,0
2017-18,2018-05-13,Burnley FC,AFC Bournemouth,1,2
2017-18,2018-05-13,Crystal Palace,West Bromwich Albion,2,0
2017-18,2018-05-13,Huddersfield Town,Arsenal FC,0,1
2017-18,2018-05-13,Liverpool FC,Brighton & Hove Albion,4,0
2017-18,2018-05-13,Manchester United,Watford FC,1,0
2017-18,2018-05-13,Newcastle United,Chelsea FC,3,0
2017-18,2018-05-13,Southampton FC,Manchester City,0,1
2017-18,2018-05-13,Swansea City,Stoke City,1,2
2017-18,2018-05-13,Tottenham Hotspur,Leicester City,5,4
2017-18,2018-05-13,West Ham United,Everton FC,3,1
2018-19,2018-08-10,Manchester United,Leicester City,2,1
2018-19,2018-08-11,Newcastle United,Tottenham Hotspur,1,2
2018-19,2018-08-11,AFC Bournemouth,Cardiff City,2,0
2018-19,2018-08-11,Fulham FC,Crystal Palace,0,2
2018-19,2018-08-11,Huddersfield Town,Chelsea FC,0,3
2018-19,2018-08-11,Watford FC,Brighton & Hove Albion,2,0
2018-19,2018-08-11,Wolverhampton Wanderers,Everton FC,2,2
2018-19,2018-08-12,Liverpool FC,West Ham United,4,0
2018-19,2018-08-12,Arsenal FC,Manchester City,0,2
2018-19,2018-08-12,Southampton FC,Burnley FC,0,0
2018-19,2018-08-18,Cardiff City,Newcastle United,0,0
2018-19,2018-08-18,Everton FC,Southampton FC,2,1
2018-19,2018-08-18,Leicester City,Wolverhampton Wanderers,2,0
2018-19,2018-08-18,Tottenham Hotspur,Fulham FC,3,1
2018-19,2018-08-18,West Ham United,AFC Bournemouth,1,2
2018-19,2018-08-18,Chelsea FC,Arsenal FC,3,2
2018-19,2018-08-19,Manchester City,Huddersfield Town,6,1
2018-19,2018-08-19,Brighton & Hove Albion,Manchester United,3,2
2018-19,2018-08-19,Burnley FC,Watford FC,1,3
2018-19,2018-08-20,Crystal Palace,Liverpool FC,0,2
2018-19,2018-08-25,Wolverhampton Wanderers,Manchester City,1,1
2018-19,2018-08-25,Arsenal FC,West Ham United,3,1
2018-19,2018-08-25,AFC Bournemouth,Everton FC,2,2
2018-19,2018-08-25,Huddersfield Town,Cardiff City,0,0
2018-19,2018-08-25,Southampton FC,Leicester City,1,2
2018-19,2018-08-25,Liverpool FC,Brighton & Hove Albion,1,0
2018-19,2018-08-26,Fulham FC,Burnley FC,4,2
2018-19,2018-08-26,Newcastle United,Chelsea FC,1,2
2018-19,2018-08-26,Watford FC,Crystal Palace,2,1
2018-19,2018-08-27,Manchester United,Tottenham Hotspur,0,3
2018-19,2018-09-01,Leicester City,Liverpool FC,1,2
2018-19,2018-09-01,Brighton & Hove Albion,Fulham FC,2,2
2018-19,2018-09-01,Chelsea FC,AFC Bournemouth,2,0
2018-19,2018-09-01,Crystal Palace,Southampton FC,0,2
2018-19,2018-09-01,Everton FC,Huddersfield Town,1,1
2018-19,2018-09-01,West Ham United,Wolverhampton Wanderers,0,1
2018-19,2018-09-01,Manchester City,Newcastle United,2,1
2018-19,2018-09-02,Burnley FC,Manchester United,0,2
2018-19,2018-09-02,Watford FC,Tottenham Hotspur,2,1
2018-19,2018-09-02,Cardiff City,Arsenal FC,2,3
2018-19,2018-09-15,Tottenham Hotspur,Liverpool FC,1,2
2018-19,2018-09-15,AFC Bournemouth,Leicester City,4,2
2018-19,2018-09-15,Chelsea FC,Cardiff City,4,1
2018-19,2018-09-15,Huddersfield Town,Crystal Palace,0,1
2018-19,2018-09-15,Manchester City,Fulham FC,3,0
2018-19,2018-09-15,Newcastle United,Arsenal FC,1,2
2018-19,2018-09-15,Watford FC,Manchester United,1,2
2018-19,2018-09-16,Everton FC,West Ham United,1,3
2018-19,2018-09-16,Wolverhampton Wanderers,Burnley FC,1,0
2018-19,2018-09-17,Southampton FC,Brighton & Hove Albion,2,2
2018-19,2018-09-22,Fulham FC,Watford FC,1,1
2018-19,2018-09-22,Burnley FC,AFC Bournemouth,4,0
2018-19,2018-09-22,Cardiff City,Manchester City,0,5
2018-19,2018-09-22,Crystal Palace,Newcastle United,0,0
2018-19,2018-09-22,Leicester City,Huddersfield Town,3,1
2018-19,2018-09-22,Manchester United,Wolverhampton Wanderers,1,1
2018-19,2018-09-22,Liverpool FC,Southampton FC,3,0
2018-19,2018-09-22,Brighton & Hove Albion,Tottenham Hotspur,1,2
2018-19,2018-09-23,Arsenal FC,Everton FC,2,0
2018-19,2018-09-23,West Ham United,Chelsea FC,0,0
2018-19,2018-09-29,West Ham United,Manchester United,3,1
2018-19,2018-09-29,Arsenal FC,Watford FC,2,0
2018-19,2018-09-29,Everton FC,Fulham FC,3,0
2018-19,2018-09-29,Huddersfield Town,Tottenham Hotspur,0,2
2018-19,2018-09-29,Manchester City,Brighton & Hove Albion,2,0
2018-19,2018-09-29,Newcastle United,Leicester City,0,2
2018-19,2018-09-29,Wolverhampton Wanderers,Southampton FC,2,0
2018-19,2018-09-29,Chelsea FC,Liverpool FC,1,1
2018-19,2018-09-30,Cardiff City,Burnley FC,1,2
2018-19,2018-10-01,AFC Bournemouth,Crystal Palace,2,1
2018-19,2018-10-05,Brighton & Hove Albion,West Ham United,1,0
2018-19,2018-10-06,Crystal Palace,Wolverhampton Wanderers,0,1
2018-19,2018-10-06,Leicester City,Everton FC,1,2
2018-19,2018-10-06,Tottenham Hotspur,Cardiff City,1,0
2018-19,2018-10-06,Watford FC,AFC Bournemouth,0,4
2018-19,2018-10-06,Manchester United,Newcastle United,3,2
2018-19,2018-10-06,Burnley FC,Huddersfield Town,1,1
2018-19,2018-10-07,Fulham FC,Arsenal FC,1,5
2018-19,2018-10-07,Southampton FC,Chelsea FC,0,3
2018-19,2018-10-07,Liverpool FC,Manchester City,0,0
2018-19,2018-10-20,Chelsea FC,Manchester United,2,2
2018-19,2018-10-20,AFC Bournemouth,Southampton FC,0,0
2018-19,2018-10-20,Cardiff City,Fulham FC,4,2
2018-19,2018-10-20,Manchester City,Burnley FC,5,0
2018-19,2018-10-20,Newcastle United,Brighton & Hove Albion,0,1
2018-19,2018-10-20,West Ham United,Tottenham Hotspur,0,1
2018-19,2018-10-20,Wolverhampton Wanderers,Watford FC,0,2
2018-19,2018-10-20,Huddersfield Town,Liverpool FC,0,1
2018-19,2018-10-21,Everton FC,Crystal Palace,2,0
2018-19,2018-10-22,Arsenal FC,Leicester City,3,1
2018-19,2018-10-27,Brighton & Hove Albion,Wolverhampton Wanderers,1,0
2018-19,2018-10-27,Fulham FC,AFC Bournemouth,0,3
2018-19,2018-10-27,Liverpool FC,Cardiff City,4,1
2018-19,2018-10-27,Southampton FC,Newcastle United,0,0
2018-19,2018-10-27,Watford FC,Huddersfield Town,3,0
2018-19,2018-10-27,Leicester City,West Ham United,1,1
2018-19,2018-10-28,Crystal Palace,Arsenal FC,2,2
2018-19,2018-10-28,Manchester United,Everton FC,2,1
2018-19,2018-10-28,Burnley FC,Chelsea FC,0,4
2018-19,2018-10-29,Tottenham Hotspur,Manchester City,0,1
2018-19,2018-11-03,AFC Bournemouth,Manchester United,1,2
2018-19,2018-11-03,Cardiff City,Leicester City,0,1
2018-19,2018-11-03,Everton FC,Brighton & Hove Albion,3,1
2018-19,2018-11-03,Newcastle United,Watford FC,1,0
2018-19,2018-11-03,West Ham United,Burnley FC,4,2
2018-19,2018-11-03,Arsenal FC,Liverpool FC,1,1
2018-19,2018-11-03,Wolverhampton Wanderers,Tottenham Hotspur,2,3
2018-19,2018-11-04,Chelsea FC,Crystal Palace,3,1
2018-19,2018-11-04,Manchester City,Southampton FC,6,1
2018-19,2018-11-05,Huddersfield Town,Fulham FC,1,0
2018-19,2018-11-10,Cardiff City,Brighton & Hove Albion,2,1
2018-19,2018-11-10,Huddersfield Town,West Ham United,1,1
2018-19,2018-11-10,Leicester City,Burnley FC,0,0
2018-19,2018-11-10,Newcastle United,AFC Bournemouth,2,1
2018-19,2018-11-10,Southampton FC,Watford FC,1,1
2018-19,2018-11-10,Crystal Palace,Tottenham Hotspur,0,1
2018-19,2018-11-11,Liverpool FC,Fulham FC,2,0
2018-19,2018-11-11,Chelsea FC,Everton FC,0,0
2018-19,2018-11-11,Arsenal FC,Wolverhampton Wanderers,1,1
2018-19,2018-11-11,Manchester City,Manchester United,3,1
2018-19,2018-11-24,Brighton & Hove Albion,Leicester City,1,1
2018-19,2018-11-24,Everton FC,Cardiff City,1,0
2018-19,2018-11-24,Fulham FC,Southampton FC,3,2
2018-19,2018-11-24,Manchester United,Crystal Palace,0,0
2018-19,2018-11-24,Watford FC,Liverpool FC,0,3
2018-19,2018-11-24,West Ham United,Manchester City,0,4
2018-19,2018-11-24,Tottenham Hotspur,Chelsea FC,3,1
2018-19,2018-11-25,Wolverhampton Wanderers,Huddersfield Town,0,2
2018-19,2018-11-25,AFC Bournemouth,Arsenal FC,1,2
2018-19,2018-11-26,Burnley FC,Newcastle United,1,2
2018-19,2018-11-30,Cardiff City,Wolverhampton Wanderers,2,1
2018-19,2018-12-01,Crystal Palace,Burnley FC,2,0
2018-19,2018-12-01,Huddersfield Town,Brighton & Hove Albion,1,2
2018-19,2018-12-01,Leicester City,Watford FC,2,0
2018-19,2018-12-01,Manchester City,AFC Bournemouth,3,1
2018-19,2018-12-01,Newcastle United,West Ham United,0,3
2018-19,2018-12-01,Southampton FC,Manchester United,2,2
2018-19,2018-12-02,Arsenal FC,Tottenham Hotspur,4,2
2018-19,2018-12-02,Liverpool FC,Everton FC,1,0
2018-19,2018-12-02,Chelsea FC,Fulham FC,2,0
2018-19,2018-12-04,AFC Bournemouth,Huddersfield Town,2,1
2018-19,2018-12-04,Brighton & Hove Albion,Crystal Palace,3,1
2018-19,2018-12-04,West Ham United,Cardiff City,3,1
2018-19,2018-12-04,Watford FC,Manchester City,1,2
2018-19,2018-12-05,Fulham FC,Leicester City,1,1
2018-19,2018-12-05,Wolverhampton Wanderers,Chelsea FC,2,1
2018-19,2018-12-05,Everton FC,Newcastle United,1,1
2018-19,2018-12-05,Manchester United,Arsenal FC,2,2
2018-19,2018-12-05,Tottenham Hotspur,Southampton FC,3,1
2018-19,2018-12-05,Burnley FC,Liverpool FC,1,3
2018-19,2018-12-08,AFC Bournemouth,Liverpool FC,0,4
2018-19,2018-12-08,Arsenal FC,Huddersfield Town,1,0
2018-19,2018-12-08,Burnley FC,Brighton & Hove Albion,1,0
2018-19,2018-12-08,Cardiff City,Southampton FC,1,0
2018-19,2018-12-08,Manchester United,Fulham FC,4,1
2018-19,2018-12-08,West Ham United,Crystal Palace,3,2
2018-19,2018-12-08,Chelsea FC,Manchester City,2,0
2018-19,2018-12-08,Leicester City,Tottenham Hotspur,0,2
2018-19,2018-12-09,Newcastle United,Wolverhampton Wanderers,1,2
2018-19,2018-12-10,Everton FC,Watford FC,2,2
2018-19,2018-12-15,Manchester City,Everton FC,3,1
2018-19,2018-12-15,Crystal Palace,Leicester City,1,0
2018-19,2018-12-15,Huddersfield Town,Newcastle United,0,1
2018-19,2018-12-15,Tottenham Hotspur,Burnley FC,1,0
2018-19,2018-12-15,Watford FC,Cardiff City,3,2
2018-19,2018-12-15,Wolverhampton Wanderers,AFC Bournemouth,2,0
2018-19,2018-12-15,Fulham FC,West Ham United,0,2
2018-19,2018-12-16,Brighton & Hove Albion,Chelsea FC,1,2
2018-19,2018-12-16,Southampton FC,Arsenal FC,3,2
2018-19,2018-12-16,Liverpool FC,Manchester United,3,1
2018-19,2018-12-21,Wolverhampton Wanderers,Liverpool FC,0,2
2018-19,2018-12-22,Arsenal FC,Burnley FC,3,1
2018-19,2018-12-22,AFC Bournemouth,Brighton & Hove Albion,2,0
2018-19,2018-12-22,Chelsea FC,Leicester City,0,1
2018-19,2018-12-22,Huddersfield Town,Southampton FC,1,3
2018-19,2018-12-22,Manchester City,Crystal Palace,2,3
2018-19,2018-12-22,Newcastle United,Fulham FC,0,0
2018-19,2018-12-22,West Ham United,Watford FC,0,2
2018-19,2018-12-22,Cardiff City,Manchester United,1,5
2018-19,2018-12-23,Everton FC,Tottenham Hotspur,2,6
2018-19,2018-12-26,Fulham FC,Wolverhampton Wanderers,1,1
2018-19,2018-12-26,Burnley FC,Everton FC,1,5
2018-19,2018-12-26,Crystal Palace,Cardiff City,0,0
2018-19,2018-12-26,Leicester City,Manchester City,2,1
2018-19,2018-12-26,Liverpool FC,Newcastle United,4,0
2018-19,2018-12-26,Manchester United,Huddersfield Town,3,1
2018-19,2018-12-26,Tottenham Hotspur,AFC Bournemouth,5,0
2018-19,2018-12-26,Brighton & Hove Albion,Arsenal FC,1,1
2018-19,2018-12-26,Watford FC,Chelsea FC,1,2
2018-19,2018-12-27,Southampton FC,West Ham United,1,2
2018-19,2018-12-29,Brighton & Hove Albion,Everton FC,1,0
2018-19,2018-12-29,Fulham FC,Huddersfield Town,1,0
2018-19,2018-12-29,Leicester City,Cardiff City,0,1
2018-19,2018-12-29,Tottenham Hotspur,Wolverhampton Wanderers,1,3
2018-19,2018-12-29,Watford FC,Newcastle United,1,1
2018-19,2018-12-29,Liverpool FC,Arsenal FC,5,1
2018-19,2018-12-30,Burnley FC,West Ham United,2,0
2018-19,2018-12-30,Southampton FC,Manchester City,1,3
2018-19,2018-12-30,Manchester United,AFC Bournemouth,4,1
2018-19,2018-12-30,Crystal Palace,Chelsea FC,0,1
2018-19,2019-01-01,Arsenal FC,Fulham FC,4,1
2018-19,2019-01-01,Cardiff City,Tottenham Hotspur,0,3
2018-19,2019-01-01,Everton FC,Leicester City,0,1
2018-19,2019-01-02,AFC Bournemouth,Watford FC,3,3
2018-19,2019-01-02,Chelsea FC,Southampton FC,0,0
2018-19,2019-01-02,Huddersfield Town,Burnley FC,1,2
2018-19,2019-01-02,West Ham United,Brighton & Hove Albion,2,2
2018-19,2019-01-02,Wolverhampton Wanderers,Crystal Palace,0,2
2018-19,2019-01-02,Newcastle United,Manchester United,0,2
2018-19,2019-01-03,Manchester City,Liverpool FC,2,1
2018-19,2019-01-12,Brighton & Hove Albion,Liverpool FC,0,1
2018-19,2019-01-12,Burnley FC,Fulham FC,2,1
2018-19,2019-01-12,Cardiff City,Huddersfield Town,0,0
2018-19,2019-01-12,Crystal Palace,Watford FC,1,2
2018-19,2019-01-12,Leicester City,Southampton FC,1,2
2018-19,2019-01-12,Chelsea FC,Newcastle United,2,1
2018-19,2019-01-12,West Ham United,Arsenal FC,1,0
2018-19,2019-01-13,Everton FC,AFC Bournemouth,2,0
2018-19,2019-01-13,Tottenham Hotspur,Manchester United,0,1
2018-19,2019-01-14,Manchester City,Wolverhampton Wanderers,3,0
2018-19,2019-01-19,Wolverhampton Wanderers,Leicester City,4,3
2018-19,2019-01-19,AFC Bournemouth,West Ham United,2,0
2018-19,2019-01-19,Liverpool FC,Crystal Palace,4,3
2018-19,2019-01-19,Manchester United,Brighton & Hove Albion,2,1
2018-19,2019-01-19,Newcastle United,Cardiff City,3,0
2018-19,2019-01-19,Southampton FC,Everton FC,2,1
2018-19,2019-01-19,Watford FC,Burnley FC,0,0
2018-19,2019-01-19,Arsenal FC,Chelsea FC,2,0
2018-19,2019-01-20,Huddersfield Town,Manchester City,0,3
2018-19,2019-01-20,Fulham FC,Tottenham Hotspur,1,2
2018-19,2019-01-29,Fulham FC,Brighton & Hove Albion,4,2
2018-19,2019-01-29,Arsenal FC,Cardiff City,2,1
2018-19,2019-01-29,Huddersfield Town,Everton FC,0,1
2018-19,2019-01-29,Wolverhampton Wanderers,West Ham United,3,0
2018-19,2019-01-29,Manchester United,Burnley FC,2,2
2018-19,2019-01-29,Newcastle United,Manchester City,2,1
2018-19,2019-01-30,Southampton FC,Crystal Palace,1,1
2018-19,2019-01-30,Liverpool FC,Leicester City,1,1
2018-19,2019-01-30,Tottenham Hotspur,Watford FC,2,1
2018-19,2019-01-30,AFC Bournemouth,Chelsea FC,4,0
2018-19,2019-02-02,Tottenham Hotspur,Newcastle United,1,0
2018-19,2019-02-02,Crystal Palace,Fulham FC,2,0
2018-19,2019-02-02,Burnley FC,Southampton FC,1,1
2018-19,2019-02-02,Chelsea FC,Huddersfield Town,5,0
2018-19,2019-02-02,Brighton & Hove Albion,Watford FC,0,0
2018-19,2019-02-02,Everton FC,Wolverhampton Wanderers,1,3
2018-19,2019-02-02,Cardiff City,AFC Bournemouth,2,0
2018-19,2019-02-03,Manchester City,Arsenal FC,3,1
2018-19,2019-02-03,Leicester City,Manchester United,0,1
2018-19,2019-02-04,West Ham United,Liverpool FC,1,1
2018-19,2019-02-06,Everton FC,Manchester City,0,2
2018-19,2019-02-09,Huddersfield Town,Arsenal FC,1,2
2018-19,2019-02-09,Liverpool FC,AFC Bournemouth,3,0
2018-19,2019-02-09,Fulham FC,Manchester United,0,3
2018-19,2019-02-09,Watford FC,Everton FC,1,0
2018-19,2019-02-09,Crystal Palace,West Ham United,1,1
2018-19,2019-02-09,Brighton & Hove Albion,Burnley FC,1,3
2018-19,2019-02-09,Southampton FC,Cardiff City,1,2
2018-19,2019-02-10,Manchester City,Chelsea FC,6,0
2018-19,2019-02-10,Tottenham Hotspur,Leicester City,3,1
2018-19,2019-02-11,Wolverhampton Wanderers,Newcastle United,1,1
2018-19,2019-02-22,Cardiff City,Watford FC,1,5
2018-19,2019-02-22,West Ham United,Fulham FC,3,1
2018-19,2019-02-23,Newcastle United,Huddersfield Town,2,0
2018-19,2019-02-23,AFC Bournemouth,Wolverhampton Wanderers,1,1
2018-19,2019-02-23,Leicester City,Crystal Palace,1,4
2018-19,2019-02-23,Burnley FC,Tottenham Hotspur,2,1
2018-19,2019-02-24,Manchester United,Liverpool FC,0,0
2018-19,2019-02-24,Arsenal FC,Southampton FC,2,0
2018-19,2019-02-26,Leicester City,Brighton & Hove Albion,2,1
2018-19,2019-02-26,Cardiff City,Everton FC,0,3
2018-19,2019-02-26,Huddersfield Town,Wolverhampton Wanderers,1,0
2018-19,2019-02-26,Newcastle United,Burnley FC,2,0
2018-19,2019-02-27,Liverpool FC,Watford FC,5,0
2018-19,2019-02-27,Arsenal FC,AFC Bournemouth,5,1
2018-19,2019-02-27,Southampton FC,Fulham FC,2,0
2018-19,2019-02-27,Crystal Palace,Manchester United,1,3
2018-19,2019-02-27,Chelsea FC,Tottenham Hotspur,2,0
2018-19,2019-02-27,Manchester City,West Ham United,1,0
2018-19,2019-03-02,West Ham United,Newcastle United,2,0
2018-19,2019-03-02,Tottenham Hotspur,Arsenal FC,1,1
2018-19,2019-03-02,Wolverhampton Wanderers,Cardiff City,2,0
2018-19,2019-03-02,Burnley FC,Crystal Palace,1,3
2018-19,2019-03-02,Brighton & Hove Albion,Huddersfield Town,1,0
2018-19,2019-03-02,AFC Bournemouth,Manchester City,0,1
2018-19,2019-03-02,Manchester United,Southampton FC,3,2
2018-19,2019-03-03,Everton FC,Liverpool FC,0,0
2018-19,2019-03-03,Watford FC,Leicester City,2,1
2018-19,2019-03-03,Fulham FC,Chelsea FC,1,2
2018-19,2019-03-09,Manchester City,Watford FC,3,1
2018-19,2019-03-09,Crystal Palace,Brighton & Hove Albion,1,2
2018-19,2019-03-09,Huddersfield Town,AFC Bournemouth,0,2
2018-19,2019-03-09,Leicester City,Fulham FC,3,1
2018-19,2019-03-09,Cardiff City,West Ham United,2,0
2018-19,2019-03-09,Newcastle United,Everton FC,3,2
2018-19,2019-03-09,Southampton FC,Tottenham Hotspur,2,1
2018-19,2019-03-10,Liverpool FC,Burnley FC,4,2
2018-19,2019-03-10,Chelsea FC,Wolverhampton Wanderers,1,1
2018-19,2019-03-10,Arsenal FC,Manchester United,2,0
2018-19,2019-03-16,AFC Bournemouth,Newcastle United,2,2
2018-19,2019-03-16,West Ham United,Huddersfield Town,4,3
2018-19,2019-03-16,Burnley FC,Leicester City,1,2
2018-19,2019-03-17,Everton FC,Chelsea FC,2,0
2018-19,2019-03-17,Fulham FC,Liverpool FC,1,2
2018-19,2019-03-30,Fulham FC,Manchester City,0,2
2018-19,2019-03-30,West Ham United,Everton FC,0,2
2018-19,2019-03-30,Burnley FC,Wolverhampton Wanderers,2,0
2018-19,2019-03-30,Manchester United,Watford FC,2,1
2018-19,2019-03-30,Brighton & Hove Albion,Southampton FC,0,1
2018-19,2019-03-30,Crystal Palace,Huddersfield Town,2,0
2018-19,2019-03-30,Leicester City,AFC Bournemouth,2,0
2018-19,2019-03-31,Cardiff City,Chelsea FC,1,2
2018-19,2019-03-31,Liverpool FC,Tottenham Hotspur,2,1
2018-19,2019-04-01,Arsenal FC,Newcastle United,2,0
2018-19,2019-04-02,Wolverhampton Wanderers,Manchester United,2,1
2018-19,2019-04-02,Watford FC,Fulham FC,4,1
2018-19,2019-04-03,Tottenham Hotspur,Crystal Palace,2,0
2018-19,2019-04-03,Manchester City,Cardiff City,2,0
2018-19,2019-04-03,Chelsea FC,Brighton & Hove Albion,3,0
2018-19,2019-04-05,Southampton FC,Liverpool FC,1,3
2018-19,2019-04-06,AFC Bournemouth,Burnley FC,1,3
2018-19,2019-04-06,Huddersfield Town,Leicester City,1,4
2018-19,2019-04-06,Newcastle United,Crystal Palace,0,1
2018-19,2019-04-07,Everton FC,Arsenal FC,1,0
2018-19,2019-04-08,Chelsea FC,West Ham United,2,0
2018-19,2019-04-12,Leicester City,Newcastle United,0,1
2018-19,2019-04-13,Southampton FC,Wolverhampton Wanderers,3,1
2018-19,2019-04-13,Fulham FC,Everton FC,2,0
2018-19,2019-04-13,Brighton & Hove Albion,AFC Bournemouth,0,5
2018-19,2019-04-13,Burnley FC,Cardiff City,2,0
2018-19,2019-04-13,Manchester United,West Ham United,2,1
2018-19,2019-04-13,Tottenham Hotspur,Huddersfield Town,4,0
2018-19,2019-04-14,Liverpool FC,Chelsea FC,2,0
2018-19,2019-04-14,Crystal Palace,Manchester City,1,3
2018-19,2019-04-15,Watford FC,Arsenal FC,0,1
2018-19,2019-04-16,Brighton & Hove Albion,Cardiff City,0,2
2018-19,2019-04-20,West Ham United,Leicester City,2,2
2018-19,2019-04-20,Wolverhampton Wanderers,Brighton & Hove Albion,0,0
2018-19,2019-04-20,Newcastle United,Southampton FC,3,1
2018-19,2019-04-20,AFC Bournemouth,Fulham FC,0,1
2018-19,2019-04-20,Manchester City,Tottenham Hotspur,1,0
2018-19,2019-04-20,Huddersfield Town,Watford FC,1,2
2018-19,2019-04-21,Everton FC,Manchester United,4,0
2018-19,2019-04-21,Cardiff City,Liverpool FC,0,2
2018-19,2019-04-21,Arsenal FC,Crystal Palace,2,3
2018-19,2019-04-22,Chelsea FC,Burnley FC,2,2
2018-19,2019-04-23,Watford FC,Southampton FC,1,1
2018-19,2019-04-23,Tottenham Hotspur,Brighton & Hove Albion,1,0
2018-19,2019-04-24,Manchester United,Manchester City,0,2
2018-19,2019-04-24,Wolverhampton Wanderers,Arsenal FC,3,1
2018-19,2019-04-26,Liverpool FC,Huddersfield Town,5,0
2018-19,2019-04-27,Tottenham Hotspur,West Ham United,0,1
2018-19,2019-04-27,Crystal Palace,Everton FC,0,0
2018-19,2019-04-27,Fulham FC,Cardiff City,1,0
2018-19,2019-04-27,Southampton FC,AFC Bournemouth,3,3
2018-19,2019-04-27,Watford FC,Wolverhampton Wanderers,1,2
2018-19,2019-04-27,Brighton & Hove Albion,Newcastle United,1,1
2018-19,2019-04-28,Burnley FC,Manchester City,0,1
2018-19,2019-04-28,Manchester United,Chelsea FC,1,1
2018-19,2019-04-28,Leicester City,Arsenal FC,3,0
2018-19,2019-05-03,Everton FC,Burnley FC,2,0
2018-19,2019-05-04,AFC Bournemouth,Tottenham Hotspur,1,0
2018-19,2019-05-04,West Ham United,Southampton FC,3,0
2018-19,2019-05-04,Wolverhampton Wanderers,Fulham FC,1,0
2018-19,2019-05-04,Cardiff City,Crystal Palace,2,3
2018-19,2019-05-04,Newcastle United,Liverpool FC,2,3
2018-19,2019-05-05,Chelsea FC,Watford FC,3,0
2018-19,2019-05-05,Huddersfield Town,Manchester United,1,1
2018-19,2019-05-05,Arsenal FC,Brighton & Hove Albion,1,1
2018-19,2019-05-06,Manchester City,Leicester City,1,0
2018-19,2019-05-12,Brighton & Hove Albion,Manchester City,1,4
2018-19,2019-05-12,Burnley FC,Arsenal FC,1,3
2018-19,2019-05-12,Crystal Palace,AFC Bournemouth,5,3
2018-19,2019-05-12,Fulham FC,Newcastle United,0,4
2018-19,2019-05-12,Leicester City,Chelsea FC,0,0
2018-19,2019-05-12,Liverpool FC,Wolverhampton Wanderers,2,0
2018-19,2019-05-12,Manchester United,Cardiff City,0,2
2018-19,2019-05-12,Southampton FC,Huddersfield Town,1,1
2018-19,2019-05-12,Tottenham Hotspur,Everton FC,2,2
2018-19,2019-05-12,Watford FC,West Ham United,1,4
2019-20,2019-07-01,AFC Bournemouth,Newcastle United,1,4
2019-20,2019-07-01,Arsenal FC,Norwich City,4,0
2019-20,2019-07-01,Everton FC,Leicester City,2,1
2019-20,2019-07-01,West Ham United,Chelsea FC,3,2
2019-20,2019-07-02,Manchester City,Liverpool FC,4,0
2019-20,2019-07-02,Sheffield United,Tottenham Hotspur,3,1
2019-20,2019-07-04,Norwich City,Brighton & Hove Albion,0,1
2019-20,2019-07-04,Leicester City,Crystal Palace,3,0
2019-20,2019-07-04,Manchester United,AFC Bournemouth,5,2
2019-20,2019-07-04,Wolverhampton Wanderers,Arsenal FC,0,2
2019-20,2019-07-04,Chelsea FC,Watford FC,3,0
2019-20,2019-07-05,Newcastle United,West Ham United,2,2
2019-20,2019-07-05,Liverpool FC,Aston Villa,2,0
2019-20,2019-07-05,Southampton FC,Manchester City,1,0
2019-20,2019-07-05,Burnley FC,Sheffield United,1,1
2019-20,2019-07-06,Tottenham Hotspur,Everton FC,1,0
2019-20,2019-07-07,Watford FC,Norwich City,2,1
2019-20,2019-07-07,Arsenal FC,Leicester City,1,1
2019-20,2019-07-07,Crystal Palace,Chelsea FC,2,3
2019-20,2019-07-08,Manchester City,Newcastle United,5,0
2019-20,2019-07-08,Sheffield United,Wolverhampton Wanderers,1,0
2019-20,2019-07-08,West Ham United,Burnley FC,0,1
2019-20,2019-07-08,Brighton & Hove Albion,Liverpool FC,1,3
2019-20,2019-07-09,Everton FC,Southampton FC,1,1
2019-20,2019-07-09,Aston Villa,Manchester United,0,3
2019-20,2019-07-09,AFC Bournemouth,Tottenham Hotspur,0,0
2019-20,2019-07-11,Watford FC,Newcastle United,2,1
2019-20,2019-07-11,Liverpool FC,Burnley FC,1,1
2019-20,2019-07-11,Sheffield United,Chelsea FC,3,0
2019-20,2019-07-11,Brighton & Hove Albion,Manchester City,0,5
2019-20,2019-07-11,Norwich City,West Ham United,0,4
2019-20,2019-07-12,Wolverhampton Wanderers,Everton FC,3,0
2019-20,2019-07-12,Aston Villa,Crystal Palace,2,0
2019-20,2019-07-12,Tottenham Hotspur,Arsenal FC,2,1
2019-20,2019-07-12,AFC Bournemouth,Leicester City,4,1
2019-20,2019-07-13,Manchester United,Southampton FC,2,2
2019-20,2019-07-14,Chelsea FC,Norwich City,1,0
2019-20,2019-07-15,Manchester City,AFC Bournemouth,2,1
2019-20,2019-07-15,Newcastle United,Tottenham Hotspur,1,3
2019-20,2019-07-15,Arsenal FC,Liverpool FC,2,1
2019-20,2019-07-15,Burnley FC,Wolverhampton Wanderers,1,1
2019-20,2019-07-16,Everton FC,Aston Villa,1,1
2019-20,2019-07-16,Leicester City,Sheffield United,2,0
2019-20,2019-07-16,Crystal Palace,Manchester United,0,2
2019-20,2019-07-16,Southampton FC,Brighton & Hove Albion,1,1
2019-20,2019-07-17,West Ham United,Watford FC,3,1
2019-20,2019-07-18,Norwich City,Burnley FC,0,2
2019-20,2019-07-19,Tottenham Hotspur,Leicester City,3,0
2019-20,2019-07-19,AFC Bournemouth,Southampton FC,0,2
2019-20,2019-07-20,Brighton & Hove Albion,Newcastle United,0,0
2019-20,2019-07-20,Sheffield United,Everton FC,0,1
2019-20,2019-07-20,Wolverhampton Wanderers,Crystal Palace,2,0
2019-20,2019-07-21,Aston Villa,Arsenal FC,1,0
2019-20,2019-07-21,Watford FC,Manchester City,0,4
2019-20,2019-07-22,Manchester United,West Ham United,1,1
2019-20,2019-07-22,Liverpool FC,Chelsea FC,5,3
2019-20,2019-07-26,Arsenal FC,Watford FC,3,2
2019-20,2019-07-26,Burnley FC,Brighton & Hove Albion,1,2
2019-20,2019-07-26,Chelsea FC,Wolverhampton Wanderers,2,0
2019-20,2019-07-26,Crystal Palace,Tottenham Hotspur,1,1
2019-20,2019-07-26,Everton FC,AFC Bournemouth,1,3
2019-20,2019-07-26,Leicester City,Manchester United,0,2
2019-20,2019-07-26,Manchester City,Norwich City,5,0
2019-20,2019-07-26,Newcastle United,Liverpool FC,1,3
2019-20,2019-07-26,Southampton FC,Sheffield United,3,1
2019-20,2019-07-26,West Ham United,Aston Villa,1,1
2019-20,2019-08-09,Liverpool FC,Norwich City,4,1
2019-20,2019-08-10,West Ham United,Manchester City,0,5
2019-20,2019-08-10,AFC Bournemouth,Sheffield United,1,1
2019-20,2019-08-10,Burnley FC,Southampton FC,3,0
2019-20,2019-08-10,Crystal Palace,Everton FC,0,0
2019-20,2019-08-10,Watford FC,Brighton & Hove Albion,0,3
2019-20,2019-08-10,Tottenham Hotspur,Aston Villa,3,1
2019-20,2019-08-11,Newcastle United,Arsenal FC,0,1
2019-20,2019-08-11,Manchester United,Chelsea FC,4,0
2019-20,2019-08-11,Leicester City,Wolverhampton Wanderers,0,0
2019-20,2019-08-17,Arsenal FC,Burnley FC,2,1
2019-20,2019-08-17,Aston Villa,AFC Bournemouth,1,2
2019-20,2019-08-17,Brighton & Hove Albion,West Ham United,1,1
2019-20,2019-08-17,Everton FC,Watford FC,1,0
2019-20,2019-08-17,Norwich City,Newcastle United,3,1
2019-20,2019-08-17,Southampton FC,Liverpool FC,1,2
2019-20,2019-08-17,Manchester City,Tottenham Hotspur,2,2
2019-20,2019-08-18,Chelsea FC,Leicester City,1,1
2019-20,2019-08-18,Sheffield United,Crystal Palace,1,0
2019-20,2019-08-19,Wolverhampton Wanderers,Manchester United,1,1
2019-20,2019-08-23,Aston Villa,Everton FC,2,0
2019-20,2019-08-24,Norwich City,Chelsea FC,2,3
2019-20,2019-08-24,Brighton & Hove Albion,Southampton FC,0,2
2019-20,2019-08-24,Manchester United,Crystal Palace,1,2
2019-20,2019-08-24,Sheffield United,Leicester City,1,2
2019-20,2019-08-24,Watford FC,West Ham United,1,3
2019-20,2019-08-24,Liverpool FC,Arsenal FC,3,1
2019-20,2019-08-25,Tottenham Hotspur,Newcastle United,0,1
2019-20,2019-08-25,Wolverhampton Wanderers,Burnley FC,1,1
2019-20,2019-08-25,AFC Bournemouth,Manchester City,1,3
2019-20,2019-08-31,Southampton FC,Manchester United,1,1
2019-20,2019-08-31,Chelsea FC,Sheffield United,2,2
2019-20,2019-08-31,Crystal Palace,Aston Villa,1,0
2019-20,2019-08-31,Leicester City,AFC Bournemouth,3,1
2019-20,2019-08-31,Manchester City,Brighton & Hove Albion,4,0
2019-20,2019-08-31,Newcastle United,Watford FC,1,1
2019-20,2019-08-31,West Ham United,Norwich City,2,0
2019-20,2019-08-31,Burnley FC,Liverpool FC,0,3
2019-20,2019-09-01,Arsenal FC,Tottenham Hotspur,2,2
2019-20,2019-09-01,Everton FC,Wolverhampton Wanderers,3,2
2019-20,2019-09-14,Liverpool FC,Newcastle United,3,1
2019-20,2019-09-14,Brighton & Hove Albion,Burnley FC,1,1
2019-20,2019-09-14,Manchester United,Leicester City,1,0
2019-20,2019-09-14,Sheffield United,Southampton FC,0,1
2019-20,2019-09-14,Tottenham Hotspur,Crystal Palace,4,0
2019-20,2019-09-14,Wolverhampton Wanderers,Chelsea FC,2,5
2019-20,2019-09-14,Norwich City,Manchester City,3,2
2019-20,2019-09-15,Watford FC,Arsenal FC,2,2
2019-20,2019-09-15,AFC Bournemouth,Everton FC,3,1
2019-20,2019-09-16,Aston Villa,West Ham United,0,0
2019-20,2019-09-20,Southampton FC,AFC Bournemouth,1,3
2019-20,2019-09-21,Leicester City,Tottenham Hotspur,2,1
2019-20,2019-09-21,Burnley FC,Norwich City,2,0
2019-20,2019-09-21,Everton FC,Sheffield United,0,2
2019-20,2019-09-21,Manchester City,Watford FC,8,0
2019-20,2019-09-21,Newcastle United,Brighton & Hove Albion,0,0
2019-20,2019-09-22,Crystal Palace,Wolverhampton Wanderers,1,1
2019-20,2019-09-22,West Ham United,Manchester United,2,0
2019-20,2019-09-22,Arsenal FC,Aston Villa,3,2
2019-20,2019-09-22,Chelsea FC,Liverpool FC,1,2
2019-20,2019-09-28,Sheffield United,Liverpool FC,0,1
2019-20,2019-09-28,AFC Bournemouth,West Ham United,2,2
2019-20,2019-09-28,Aston Villa,Burnley FC,2,2
2019-20,2019-09-28,Chelsea FC,Brighton & Hove Albion,2,0
2019-20,2019-09-28,Crystal Palace,Norwich City,2,0
2019-20,2019-09-28,Tottenham Hotspur,Southampton FC,2,1
2019-20,2019-09-28,Wolverhampton Wanderers,Watford FC,2,0
2019-20,2019-09-28,Everton FC,Manchester City,1,3
2019-20,2019-09-29,Leicester City,Newcastle United,5,0
2019-20,2019-09-30,Manchester United,Arsenal FC,1,1
2019-20,2019-10-05,Brighton & Hove Albion,Tottenham Hotspur,3,0
2019-20,2019-10-05,Burnley FC,Everton FC,1,0
2019-20,2019-10-05,Liverpool FC,Leicester City,2,1
2019-20,2019-10-05,Norwich City,Aston Villa,1,5
2019-20,2019-10-05,Watford FC,Sheffield United,0,0
2019-20,2019-10-05,West Ham United,Crystal Palace,1,2
2019-20,2019-10-06,Manchester City,Wolverhampton Wanderers,0,2
2019-20,2019-10-06,Southampton FC,Chelsea FC,1,4
2019-20,2019-10-06,Newcastle United,Manchester United,1,0
2019-20,2019-10-06,Arsenal FC,AFC Bournemouth,1,0
2019-20,2019-10-19,Everton FC,West Ham United,2,0
2019-20,2019-10-19,AFC Bournemouth,Norwich City,0,0
2019-20,2019-10-19,Aston Villa,Brighton & Hove Albion,2,1
2019-20,2019-10-19,Chelsea FC,Newcastle United,1,0
2019-20,2019-10-19,Leicester City,Burnley FC,2,1
2019-20,2019-10-19,Tottenham Hotspur,Watford FC,1,1
2019-20,2019-10-19,Wolverhampton Wanderers,Southampton FC,1,1
2019-20,2019-10-19,Crystal Palace,Manchester City,0,2
2019-20,2019-10-20,Manchester United,Liverpool FC,1,1
2019-20,2019-10-21,Sheffield United,Arsenal FC,1,0
2019-20,2019-10-25,Southampton FC,Leicester City,0,9
2019-20,2019-10-26,Manchester City,Aston Villa,3,0
2019-20,2019-10-26,Brighton & Hove Albion,Everton FC,3,2
2019-20,2019-10-26,Watford FC,AFC Bournemouth,0,0
2019-20,2019-10-26,West Ham United,Sheffield United,1,1
2019-20,2019-10-26,Burnley FC,Chelsea FC,2,4
2019-20,2019-10-27,Arsenal FC,Crystal Palace,2,2
2019-20,2019-10-27,Liverpool FC,Tottenham Hotspur,2,1
2019-20,2019-10-27,Norwich City,Manchester United,1,3
2019-20,2019-10-27,Newcastle United,Wolverhampton Wanderers,1,1
2019-20,2019-11-02,AFC Bournemouth,Manchester United,1,0
2019-20,2019-11-02,Arsenal FC,Wolverhampton Wanderers,1,1
2019-20,2019-11-02,Aston Villa,Liverpool FC,1,2
2019-20,2019-11-02,Brighton & Hove Albion,Norwich City,2,0
2019-20,2019-11-02,Manchester City,Southampton FC,2,1
2019-20,2019-11-02,Sheffield United,Burnley FC,3,0
2019-20,2019-11-02,West Ham United,Newcastle United,2,3
2019-20,2019-11-02,Watford FC,Chelsea FC,1,2
2019-20,2019-11-03,Everton FC,Tottenham Hotspur,1,1
2019-20,2019-11-03,Crystal Palace,Leicester City,0,2
2019-20,2019-11-08,Norwich City,Watford FC,0,2
2019-20,2019-11-09,Chelsea FC,Crystal Palace,2,0
2019-20,2019-11-09,Burnley FC,West Ham United,3,0
2019-20,2019-11-09,Newcastle United,AFC Bournemouth,2,1
2019-20,2019-11-09,Southampton FC,Everton FC,1,2
2019-20,2019-11-09,Tottenham Hotspur,Sheffield United,1,1
2019-20,2019-11-09,Leicester City,Arsenal FC,2,0
2019-20,2019-11-10,Manchester United,Brighton & Hove Albion,3,1
2019-20,2019-11-10,Wolverhampton Wanderers,Aston Villa,2,1
2019-20,2019-11-10,Liverpool FC,Manchester City,3,1
2019-20,2019-11-23,West Ham United,Tottenham Hotspur,2,3
2019-20,2019-11-23,AFC Bournemouth,Wolverhampton Wanderers,1,2
2019-20,2019-11-23,Arsenal FC,Southampton FC,2,2
2019-20,2019-11-23,Brighton & Hove Albion,Leicester City,0,2
2019-20,2019-11-23,Crystal Palace,Liverpool FC,1,2
2019-20,2019-11-23,Everton FC,Norwich City,0,2
2019-20,2019-11-23,Watford FC,Burnley FC,0,3
2019-20,2019-11-23,Manchester City,Chelsea FC,2,1
2019-20,2019-11-24,Sheffield United,Manchester United,3,3
2019-20,2019-11-25,Aston Villa,Newcastle United,2,0
2019-20,2019-11-30,Newcastle United,Manchester City,2,2
2019-20,2019-11-30,Burnley FC,Crystal Palace,0,2
2019-20,2019-11-30,Chelsea FC,West Ham United,0,1
2019-20,2019-11-30,Liverpool FC,Brighton & Hove Albion,2,1
2019-20,2019-11-30,Tottenham Hotspur,AFC Bournemouth,3,2
2019-20,2019-11-30,Southampton FC,Watford FC,2,1
2019-20,2019-12-01,Wolverhampton Wanderers,Sheffield United,1,1
2019-20,2019-12-01,Leicester City,Everton FC,2,1
2019-20,2019-12-01,Manchester United,Aston Villa,2,2
2019-20,2019-12-01,Norwich City,Arsenal FC,2,2
2019-20,2019-12-03,Burnley FC,Manchester City,1,4
2019-20,2019-12-03,Crystal Palace,AFC Bournemouth,1,0
2019-20,2019-12-04,Leicester City,Watford FC,2,0
2019-20,2019-12-04,Wolverhampton Wanderers,West Ham United,2,0
2019-20,2019-12-04,Manchester United,Tottenham Hotspur,2,1
2019-20,2019-12-04,Chelsea FC,Aston Villa,2,1
2019-20,2019-12-04,Southampton FC,Norwich City,2,1
2019-20,2019-12-04,Liverpool FC,Everton FC,5,2
2019-20,2019-12-05,Arsenal FC,Brighton & Hove Albion,1,2
2019-20,2019-12-05,Sheffield United,Newcastle United,0,2
2019-20,2019-12-07,AFC Bournemouth,Liverpool FC,0,3
2019-20,2019-12-07,Tottenham Hotspur,Burnley FC,5,0
2019-20,2019-12-07,Watford FC,Crystal Palace,0,0
2019-20,2019-12-07,Manchester City,Manchester United,1,2
2019-20,2019-12-07,Everton FC,Chelsea FC,3,1
2019-20,2019-12-08,Aston Villa,Leicester City,1,4
2019-20,2019-12-08,Newcastle United,Southampton FC,2,1
2019-20,2019-12-08,Norwich City,Sheffield United,1,2
2019-20,2019-12-08,Brighton & Hove Albion,Wolverhampton Wanderers,2,2
2019-20,2019-12-09,West Ham United,Arsenal FC,1,3
2019-20,2019-12-14,Liverpool FC,Watford FC,2,0
2019-20,2019-12-14,Burnley FC,Newcastle United,1,0
2019-20,2019-12-14,Chelsea FC,AFC Bournemouth,0,1
2019-20,2019-12-14,Leicester City,Norwich City,1,1
2019-20,2019-12-14,Sheffield United,Aston Villa,2,0
2019-20,2019-12-14,Southampton FC,West Ham United,0,1
2019-20,2019-12-15,Wolverhampton Wanderers,Tottenham Hotspur,1,2
2019-20,2019-12-15,Arsenal FC,Manchester City,0,3
2019-20,2019-12-15,Manchester United,Everton FC,1,1
2019-20,2019-12-16,Crystal Palace,Brighton & Hove Albion,1,1
2019-20,2019-12-21,Everton FC,Arsenal FC,0,0
2019-20,2019-12-21,AFC Bournemouth,Burnley FC,0,1
2019-20,2019-12-21,Aston Villa,Southampton FC,1,3
2019-20,2019-12-21,Brighton & Hove Albion,Sheffield United,0,1
2019-20,2019-12-21,Newcastle United,Crystal Palace,1,0
2019-20,2019-12-21,Norwich City,Wolverhampton Wanderers,1,2
2019-20,2019-12-21,Manchester City,Leicester City,3,1
2019-20,2019-12-22,Tottenham Hotspur,Chelsea FC,0,2
2019-20,2019-12-22,Watford FC,Manchester United,2,0
2019-20,2019-12-26,Leicester City,Liverpool FC,0,4
2019-20,2019-12-26,Tottenham Hotspur,Brighton & Hove Albion,2,1
2019-20,2019-12-26,AFC Bournemouth,Arsenal FC,1,1
2019-20,2019-12-26,Aston Villa,Norwich City,1,0
2019-20,2019-12-26,Chelsea FC,Southampton FC,0,2
2019-20,2019-12-26,Crystal Palace,West Ham United,2,1
2019-20,2019-12-26,Everton FC,Burnley FC,1,0
2019-20,2019-12-26,Sheffield United,Watford FC,1,1
2019-20,2019-12-26,Manchester United,Newcastle United,4,1
2019-20,2019-12-27,Wolverhampton Wanderers,Manchester City,3,2
2019-20,2019-12-28,Burnley FC,Manchester United,0,2
2019-20,2019-12-28,Brighton & Hove Albion,AFC Bournemouth,2,0
2019-20,2019-12-28,Newcastle United,Everton FC,1,2
2019-20,2019-12-28,Southampton FC,Crystal Palace,1,1
2019-20,2019-12-28,Watford FC,Aston Villa,3,0
2019-20,2019-12-28,Norwich City,Tottenham Hotspur,2,2
2019-20,2019-12-28,West Ham United,Leicester City,1,2
2019-20,2019-12-29,Arsenal FC,Chelsea FC,1,2
2019-20,2019-12-29,Liverpool FC,Wolverhampton Wanderers,1,0
2019-20,2019-12-29,Manchester City,Sheffield United,2,0
2019-20,2020-01-01,Norwich City,Crystal Palace,1,1
2019-20,2020-01-01,Brighton & Hove Albion,Chelsea FC,1,1
2019-20,2020-01-01,Burnley FC,Aston Villa,1,2
2019-20,2020-01-01,Newcastle United,Leicester City,0,3
2019-20,2020-01-01,Southampton FC,Tottenham Hotspur,1,0
2019-20,2020-01-01,Watford FC,Wolverhampton Wanderers,2,1
2019-20,2020-01-01,Manchester City,Everton FC,2,1
2019-20,2020-01-01,Arsenal FC,Manchester United,2,0
2019-20,2020-01-01,West Ham United,AFC Bournemouth,4,0
2019-20,2020-01-02,Liverpool FC,Sheffield United,2,0
2019-20,2020-01-10,Sheffield United,West Ham United,1,0
2019-20,2020-01-11,Tottenham Hotspur,Liverpool FC,0,1
2019-20,2020-01-11,Crystal Palace,Arsenal FC,1,1
2019-20,2020-01-11,Chelsea FC,Burnley FC,3,0
2019-20,2020-01-11,Everton FC,Brighton & Hove Albion,1,0
2019-20,2020-01-11,Leicester City,Southampton FC,1,2
2019-20,2020-01-11,Manchester United,Norwich City,4,0
2019-20,2020-01-11,Wolverhampton Wanderers,Newcastle United,1,1
2019-20,2020-01-12,AFC Bournemouth,Watford FC,0,3
2019-20,2020-01-12,Aston Villa,Manchester City,1,6
2019-20,2020-01-18,Watford FC,Tottenham Hotspur,0,0
2019-20,2020-01-18,Arsenal FC,Sheffield United,1,1
2019-20,2020-01-18,Brighton & Hove Albion,Aston Villa,1,1
2019-20,2020-01-18,Manchester City,Crystal Palace,2,2
2019-20,2020-01-18,Norwich City,AFC Bournemouth,1,0
2019-20,2020-01-18,Southampton FC,Wolverhampton Wanderers,2,3
2019-20,2020-01-18,West Ham United,Everton FC,1,1
2019-20,2020-01-18,Newcastle United,Chelsea FC,1,0
2019-20,2020-01-19,Liverpool FC,Manchester United,2,0
2019-20,2020-01-19,Burnley FC,Leicester City,2,1
2019-20,2020-01-21,AFC Bournemouth,Brighton & Hove Albion,3,1
2019-20,2020-01-21,Aston Villa,Watford FC,2,1
2019-20,2020-01-21,Everton FC,Newcastle United,2,2
2019-20,2020-01-21,Sheffield United,Manchester City,0,1
2019-20,2020-01-21,Crystal Palace,Southampton FC,0,2
2019-20,2020-01-21,Chelsea FC,Arsenal FC,2,2
2019-20,2020-01-22,Manchester United,Burnley FC,0,2
2019-20,2020-01-22,Leicester City,West Ham United,4,1
2019-20,2020-01-22,Tottenham Hotspur,Norwich City,2,1
2019-20,2020-01-23,Wolverhampton Wanderers,Liverpool FC,1,2
2019-20,2020-01-29,West Ham United,Liverpool FC,0,2
2019-20,2020-02-01,Leicester City,Chelsea FC,2,2
2019-20,2020-02-01,AFC Bournemouth,Aston Villa,2,1
2019-20,2020-02-01,Crystal Palace,Sheffield United,0,1
2019-20,2020-02-01,Liverpool FC,Southampton FC,4,0
2019-20,2020-02-01,Newcastle United,Norwich City,0,0
2019-20,2020-02-01,Watford FC,Everton FC,2,3
2019-20,2020-02-01,West Ham United,Brighton & Hove Albion,3,3
2019-20,2020-02-01,Manchester United,Wolverhampton Wanderers,0,0
2019-20,2020-02-02,Tottenham Hotspur,Manchester City,2,0
2019-20,2020-02-02,Burnley FC,Arsenal FC,0,0
2019-20,2020-02-08,Brighton & Hove Albion,Watford FC,1,1
2019-20,2020-02-08,Everton FC,Crystal Palace,3,1
2019-20,2020-02-09,Sheffield United,AFC Bournemouth,2,1
2019-20,2020-02-14,Wolverhampton Wanderers,Leicester City,0,0
2019-20,2020-02-15,Norwich City,Liverpool FC,0,1
2019-20,2020-02-15,Southampton FC,Burnley FC,1,2
2019-20,2020-02-16,Aston Villa,Tottenham Hotspur,2,3
2019-20,2020-02-16,Arsenal FC,Newcastle United,4,0
2019-20,2020-02-17,Chelsea FC,Manchester United,0,2
2019-20,2020-02-19,Manchester City,West Ham United,2,0
2019-20,2020-02-22,Burnley FC,AFC Bournemouth,3,0
2019-20,2020-02-22,Crystal Palace,Newcastle United,1,0
2019-20,2020-02-22,Sheffield United,Brighton & Hove Albion,1,1
2019-20,2020-02-22,Southampton FC,Aston Villa,2,0
2019-20,2020-02-22,Leicester City,Manchester City,0,1
2019-20,2020-02-22,Chelsea FC,Tottenham Hotspur,2,1
2019-20,2020-02-23,Manchester United,Watford FC,3,0
2019-20,2020-02-23,Wolverhampton Wanderers,Norwich City,3,0
2019-20,2020-02-23,Arsenal FC,Everton FC,3,2
2019-20,2020-02-24,Liverpool FC,West Ham United,3,2
2019-20,2020-02-28,Norwich City,Leicester City,1,0
2019-20,2020-02-29,Brighton & Hove Albion,Crystal Palace,0,1
2019-20,2020-02-29,AFC Bournemouth,Chelsea FC,2,2
2019-20,2020-02-29,Newcastle United,Burnley FC,0,0
2019-20,2020-02-29,West Ham United,Southampton FC,3,1
2019-20,2020-02-29,Watford FC,Liverpool FC,3,0
2019-20,2020-03-01,Tottenham Hotspur,Wolverhampton Wanderers,2,3
2019-20,2020-03-01,Everton FC,Manchester United,1,1
2019-20,2020-03-07,Burnley FC,Tottenham Hotspur,1,1
2019-20,2020-03-07,Wolverhampton Wanderers,Brighton & Hove Albion,0,0
2019-20,2020-03-07,Liverpool FC,AFC Bournemouth,2,1
2019-20,2020-03-07,Arsenal FC,West Ham United,1,0
2019-20,2020-03-07,Crystal Palace,Watford FC,1,0
2019-20,2020-03-07,Sheffield United,Norwich City,1,0
2019-20,2020-03-07,Southampton FC,Newcastle United,0,1
2019-20,2020-03-08,Manchester United,Manchester City,2,0
2019-20,2020-03-08,Chelsea FC,Everton FC,4,0
2019-20,2020-03-09,Leicester City,Aston Villa,4,0
2019-20,2020-06-17,Aston Villa,Sheffield United,0,0
2019-20,2020-06-17,Manchester City,Arsenal FC,3,0
2019-20,2020-06-19,Norwich City,Southampton FC,0,3
2019-20,2020-06-19,Tottenham Hotspur,Manchester United,1,1
2019-20,2020-06-20,Brighton & Hove Albion,Arsenal FC,2,1
2019-20,2020-06-20,West Ham United,Wolverhampton Wanderers,0,2
2019-20,2020-06-20,AFC Bournemouth,Crystal Palace,0,2
2019-20,2020-06-20,Watford FC,Leicester City,1,1
2019-20,2020-06-21,Newcastle United,Sheffield United,3,0
2019-20,2020-06-21,Aston Villa,Chelsea FC,1,2
2019-20,2020-06-21,Everton FC,Liverpool FC,0,0
2019-20,2020-06-22,Manchester City,Burnley FC,5,0
2019-20,2020-06-23,Tottenham Hotspur,West Ham United,2,0
2019-20,2020-06-23,Leicester City,Brighton & Hove Albion,0,0
2019-20,2020-06-24,Manchester United,Sheffield United,3,0
2019-20,2020-06-24,Newcastle United,Aston Villa,1,1
2019-20,2020-06-24,Norwich City,Everton FC,0,1
2019-20,2020-06-24,Wolverhampton Wanderers,AFC Bournemouth,1,0
2019-20,2020-06-24,Liverpool FC,Crystal Palace,4,0
2019-20,2020-06-25,Southampton FC,Arsenal FC,0,2
2019-20,2020-06-25,Chelsea FC,Manchester City,2,1
2019-20,2020-06-25,Burnley FC,Watford FC,1,0
2019-20,2020-06-27,Aston Villa,Wolverhampton Wanderers,0,1
2019-20,2020-06-28,Watford FC,Southampton FC,1,3
2019-20,2020-06-29,Crystal Palace,Burnley FC,0,1
2019-20,2020-06-30,Brighton & Hove Albion,Manchester United,0,3
2020-21,2020-09-12,Fulham FC,Arsenal FC,0,3
2020-21,2020-09-12,Crystal Palace FC,Southampton FC,1,0
2020-21,2020-09-12,Liverpool FC,Leeds United FC,4,3
2020-21,2020-09-12,West Ham United FC,Newcastle United FC,0,2
2020-21,2020-09-13,West Bromwich Albion FC,Leicester City FC,0,3
2020-21,2020-09-13,Tottenham Hotspur FC,Everton FC,0,1
2020-21,2020-09-14,Sheffield United FC,Wolverhampton Wanderers FC,0,2
2020-21,2020-09-14,Brighton & Hove Albion FC,Chelsea FC,1,3
2020-21,2020-09-19,Everton FC,West Bromwich Albion FC,5,2
2020-21,2020-09-19,Leeds United FC,Fulham FC,4,3
2020-21,2020-09-19,Manchester United FC,Crystal Palace FC,1,3
2020-21,2020-09-19,Arsenal FC,West Ham United FC,2,1
2020-21,2020-09-20,Southampton FC,Tottenham Hotspur FC,2,5
2020-21,2020-09-20,Newcastle United FC,Brighton & Hove Albion FC,0,3
2020-21,2020-09-20,Chelsea FC,Liverpool FC,0,2
2020-21,2020-09-20,Leicester City FC,Burnley FC,4,2
2020-21,2020-09-21,Aston Villa FC,Sheffield United FC,1,0
2020-21,2020-09-21,Wolverhampton Wanderers FC,Manchester City FC,1,3
2020-21,2020-09-26,Brighton & Hove Albion FC,Manchester United FC,2,3
2020-21,2020-09-26,Crystal Palace FC,Everton FC,1,2
2020-21,2020-09-26,West Bromwich Albion FC,Chelsea FC,3,3
2020-21,2020-09-26,Burnley FC,Southampton FC,0,1
2020-21,2020-09-27,Sheffield United FC,Leeds United FC,0,1
2020-21,2020-09-27,Tottenham Hotspur FC,Newcastle United FC,1,1
2020-21,2020-09-27,Manchester City FC,Leicester City FC,2,5
2020-21,2020-09-27,West Ham United FC,Wolverhampton Wanderers FC,4,0
2020-21,2020-09-28,Fulham FC,Aston Villa FC,0,3
2020-21,2020-09-28,Liverpool FC,Arsenal FC,3,1
2020-21,2020-10-03,Chelsea FC,Crystal Palace FC,4,0
2020-21,2020-10-03,Everton FC,Brighton & Hove Albion FC,4,2
2020-21,2020-10-03,Leeds United FC,Manchester City FC,1,1
2020-21,2020-10-03,Newcastle United FC,Burnley FC,3,1
2020-21,2020-10-04,Leicester City FC,West Ham United FC,0,3
2020-21,2020-10-04,Southampton FC,West Bromwich Albion FC,2,0
2020-21,2020-10-04,Wolverhampton Wanderers FC,Fulham FC,1,0
2020-21,2020-10-04,Arsenal FC,Sheffield United FC,2,1
2020-21,2020-10-04,Manchester United FC,Tottenham Hotspur FC,1,6
2020-21,2020-10-04,Aston Villa FC,Liverpool FC,7,2
2020-21,2020-10-17,Everton FC,Liverpool FC,2,2
2020-21,2020-10-17,Chelsea FC,Southampton FC,3,3
2020-21,2020-10-17,Manchester City FC,Arsenal FC,1,0
2020-21,2020-10-17,Newcastle United FC,Manchester United FC,1,4
2020-21,2020-10-18,Sheffield United FC,Fulham FC,1,1
2020-21,2020-10-18,Crystal Palace FC,Brighton & Hove Albion FC,1,1
2020-21,2020-10-18,Tottenham Hotspur FC,West Ham United FC,3,3
2020-21,2020-10-18,Leicester City FC,Aston Villa FC,0,1
2020-21,2020-10-19,West Bromwich Albion FC,Burnley FC,0,0
2020-21,2020-10-19,Leeds United FC,Wolverhampton Wanderers FC,0,1
2020-21,2020-10-23,Aston Villa FC,Leeds United FC,0,3
2020-21,2020-10-24,West Ham United FC,Manchester City FC,1,1
2020-21,2020-10-24,Fulham FC,Crystal Palace FC,1,2
2020-21,2020-10-24,Manchester United FC,Chelsea FC,0,0
2020-21,2020-10-24,Liverpool FC,Sheffield United FC,2,1
2020-21,2020-10-25,Southampton FC,Everton FC,2,0
2020-21,2020-10-25,Wolverhampton Wanderers FC,Newcastle United FC,1,1
2020-21,2020-10-25,Arsenal FC,Leicester City FC,0,1
2020-21,2020-10-26,Brighton & Hove Albion FC,West Bromwich Albion FC,1,1
2020-21,2020-10-26,Burnley FC,Tottenham Hotspur FC,0,1
2020-21,2020-10-30,Wolverhampton Wanderers FC,Crystal Palace FC,2,0
2020-21,2020-10-31,Sheffield United FC,Manchester City FC,0,1
2020-21,2020-10-31,Burnley FC,Chelsea FC,0,3
2020-21,2020-10-31,Liverpool FC,West Ham United FC,2,1
2020-21,2020-11-01,Aston Villa FC,Southampton FC,3,4
2020-21,2020-11-01,Newcastle United FC,Everton FC,2,1
2020-21,2020-11-01,Manchester United FC,Arsenal FC,0,1
2020-21,2020-11-01,Tottenham Hotspur FC,Brighton & Hove Albion FC,2,1
2020-21,2020-11-02,Fulham FC,West Bromwich Albion FC,2,0
2020-21,2020-11-02,Leeds United FC,Leicester City FC,1,4
2020-21,2020-11-06,Brighton & Hove Albion FC,Burnley FC,0,0
2020-21,2020-11-06,Southampton FC,Newcastle United FC,2,0
2020-21,2020-11-07,Everton FC,Manchester United FC,1,3
2020-21,2020-11-07,Crystal Palace FC,Leeds United FC,4,1
2020-21,2020-11-07,Chelsea FC,Sheffield United FC,4,1
2020-21,2020-11-07,West Ham United FC,Fulham FC,1,0
2020-21,2020-11-08,West Bromwich Albion FC,Tottenham Hotspur FC,0,1
2020-21,2020-11-08,Leicester City FC,Wolverhampton Wanderers FC,1,0
2020-21,2020-11-08,Manchester City FC,Liverpool FC,1,1
2020-21,2020-11-08,Arsenal FC,Aston Villa FC,0,3
2020-21,2020-11-21,Newcastle United FC,Chelsea FC,0,2
2020-21,2020-11-21,Aston Villa FC,Brighton & Hove Albion FC,1,2
2020-21,2020-11-21,Tottenham Hotspur FC,Manchester City FC,2,0
2020-21,2020-11-21,Manchester United FC,West Bromwich Albion FC,1,0
2020-21,2020-11-22,Fulham FC,Everton FC,2,3
2020-21,2020-11-22,Sheffield United FC,West Ham United FC,0,1
2020-21,2020-11-22,Leeds United FC,Arsenal FC,0,0
2020-21,2020-11-22,Liverpool FC,Leicester City FC,3,0
2020-21,2020-11-23,Burnley FC,Crystal Palace FC,1,0
2020-21,2020-11-23,Wolverhampton Wanderers FC,Southampton FC,1,1
2020-21,2020-11-27,Crystal Palace FC,Newcastle United FC,0,2
2020-21,2020-11-28,Brighton & Hove Albion FC,Liverpool FC,1,1
2020-21,2020-11-28,Manchester City FC,Burnley FC,5,0
2020-21,2020-11-28,Everton FC,Leeds United FC,0,1
2020-21,2020-11-28,West Bromwich Albion FC,Sheffield United FC,1,0
2020-21,2020-11-29,Southampton FC,Manchester United FC,2,3
2020-21,2020-11-29,Chelsea FC,Tottenham Hotspur FC,0,0
2020-21,2020-11-29,Arsenal FC,Wolverhampton Wanderers FC,1,2
2020-21,2020-11-30,Leicester City FC,Fulham FC,1,2
2020-21,2020-11-30,West Ham United FC,Aston Villa FC,2,1
2020-21,2020-12-05,Burnley FC,Everton FC,1,1
2020-21,2020-12-05,Manchester City FC,Fulham FC,2,0
2020-21,2020-12-05,West Ham United FC,Manchester United FC,1,3
2020-21,2020-12-05,Chelsea FC,Leeds United FC,3,1
2020-21,2020-12-06,West Bromwich Albion FC,Crystal Palace FC,1,5
2020-21,2020-12-06,Sheffield United FC,Leicester City FC,1,2
2020-21,2020-12-06,Tottenham Hotspur FC,Arsenal FC,2,0
2020-21,2020-12-06,Liverpool FC,Wolverhampton Wanderers FC,4,0
2020-21,2020-12-07,Brighton & Hove Albion FC,Southampton FC,1,2
2020-21,2020-12-11,Leeds United FC,West Ham United FC,1,2
2020-21,2020-12-12,Wolverhampton Wanderers FC,Aston Villa FC,0,1
2020-21,2020-12-12,Newcastle United FC,West Bromwich Albion FC,2,1
2020-21,2020-12-12,Manchester United FC,Manchester City FC,0,0
2020-21,2020-12-12,Everton FC,Chelsea FC,1,0
2020-21,2020-12-13,Southampton FC,Sheffield United FC,3,0
2020-21,2020-12-13,Crystal Palace FC,Tottenham Hotspur FC,1,1
2020-21,2020-12-13,Fulham FC,Liverpool FC,1,1
2020-21,2020-12-13,Leicester City FC,Brighton & Hove Albion FC,3,0
2020-21,2020-12-13,Arsenal FC,Burnley FC,0,1
2020-21,2020-12-15,Wolverhampton Wanderers FC,Chelsea FC,2,1
2020-21,2020-12-15,Manchester City FC,West Bromwich Albion FC,1,1
2020-21,2020-12-16,Arsenal FC,Southampton FC,1,1
2020-21,2020-12-16,Leicester City FC,Everton FC,0,2
2020-21,2020-12-16,Leeds United FC,Newcastle United FC,5,2
2020-21,2020-12-16,Fulham FC,Brighton & Hove Albion FC,0,0
2020-21,2020-12-16,West Ham United FC,Crystal Palace FC,1,1
2020-21,2020-12-16,Liverpool FC,Tottenham Hotspur FC,2,1
2020-21,2020-12-17,Aston Villa FC,Burnley FC,0,0
2020-21,2020-12-17,Sheffield United FC,Manchester United FC,2,3
2020-21,2020-12-19,Crystal Palace FC,Liverpool FC,0,7
2020-21,2020-12-19,Southampton FC,Manchester City FC,0,1
2020-21,2020-12-19,Everton FC,Arsenal FC,2,1
2020-21,2020-12-19,Newcastle United FC,Fulham FC,1,1
2020-21,2020-12-20,Brighton & Hove Albion FC,Sheffield United FC,1,1
2020-21,2020-12-20,Tottenham Hotspur FC,Leicester City FC,0,2
2020-21,2020-12-20,Manchester United FC,Leeds United FC,6,2
2020-21,2020-12-20,West Bromwich Albion FC,Aston Villa FC,0,3
2020-21,2020-12-21,Burnley FC,Wolverhampton Wanderers FC,2,1
2020-21,2020-12-21,Chelsea FC,West Ham United FC,3,0
2020-21,2020-12-26,Leicester City FC,Manchester United FC,2,2
2020-21,2020-12-26,Fulham FC,Southampton FC,0,0
2020-21,2020-12-26,Aston Villa FC,Crystal Palace FC,3,0
2020-21,2020-12-26,Arsenal FC,Chelsea FC,3,1
2020-21,2020-12-26,Manchester City FC,Newcastle United FC,2,0
2020-21,2020-12-26,Sheffield United FC,Everton FC,0,1
2020-21,2020-12-27,Leeds United FC,Burnley FC,1,0
2020-21,2020-12-27,West Ham United FC,Brighton & Hove Albion FC,2,2
2020-21,2020-12-27,Liverpool FC,West Bromwich Albion FC,1,1
2020-21,2020-12-27,Wolverhampton Wanderers FC,Tottenham Hotspur FC,1,1
2020-21,2020-12-28,Crystal Palace FC,Leicester City FC,1,1
2020-21,2020-12-28,Chelsea FC,Aston Villa FC,1,1
2020-21,2020-12-29,West Bromwich Albion FC,Leeds United FC,0,5
2020-21,2020-12-29,Burnley FC,Sheffield United FC,1,0
2020-21,2020-12-29,Southampton FC,West Ham United FC,0,0
2020-21,2020-12-29,Brighton & Hove Albion FC,Arsenal FC,0,1
2020-21,2020-12-29,Manchester United FC,Wolverhampton Wanderers FC,1,0
2020-21,2020-12-30,Newcastle United FC,Liverpool FC,0,0
2020-21,2021-01-01,Everton FC,West Ham United FC,0,1
2020-21,2021-01-01,Manchester United FC,Aston Villa FC,2,1
2020-21,2021-01-02,Tottenham Hotspur FC,Leeds United FC,3,0
2020-21,2021-01-02,Crystal Palace FC,Sheffield United FC,2,0
2020-21,2021-01-02,Brighton & Hove Albion FC,Wolverhampton Wanderers FC,3,3
2020-21,2021-01-02,West Bromwich Albion FC,Arsenal FC,0,4
2020-21,2021-01-03,Newcastle United FC,Leicester City FC,1,2
2020-21,2021-01-03,Chelsea FC,Manchester City FC,1,3
2020-21,2021-01-04,Southampton FC,Liverpool FC,1,0
2020-21,2021-01-12,Sheffield United FC,Newcastle United FC,1,0
2020-21,2021-01-12,Wolverhampton Wanderers FC,Everton FC,1,2
2020-21,2021-01-12,Burnley FC,Manchester United FC,0,1
2020-21,2021-01-13,Manchester City FC,Brighton & Hove Albion FC,1,0
2020-21,2021-01-13,Tottenham Hotspur FC,Fulham FC,1,1
2020-21,2021-01-14,Arsenal FC,Crystal Palace FC,0,0
2020-21,2021-01-16,Wolverhampton Wanderers FC,West Bromwich Albion FC,2,3
2020-21,2021-01-16,West Ham United FC,Burnley FC,1,0
2020-21,2021-01-16,Leeds United FC,Brighton & Hove Albion FC,0,1
2020-21,2021-01-16,Fulham FC,Chelsea FC,0,1
2020-21,2021-01-16,Leicester City FC,Southampton FC,2,0
2020-21,2021-01-17,Sheffield United FC,Tottenham Hotspur FC,1,3
2020-21,2021-01-17,Liverpool FC,Manchester United FC,0,0
2020-21,2021-01-17,Manchester City FC,Crystal Palace FC,4,0
2020-21,2021-01-18,Arsenal FC,Newcastle United FC,3,0
2020-21,2021-01-19,West Ham United FC,West Bromwich Albion FC,2,1
2020-21,2021-01-19,Leicester City FC,Chelsea FC,2,0
2020-21,2021-01-20,Manchester City FC,Aston Villa FC,2,0
2020-21,2021-01-20,Fulham FC,Manchester United FC,1,2
2020-21,2021-01-21,Liverpool FC,Burnley FC,0,1
2020-21,2021-01-23,Aston Villa FC,Newcastle United FC,2,0
2020-21,2021-01-26,Newcastle United FC,Leeds United FC,1,2
2020-21,2021-01-26,Crystal Palace FC,West Ham United FC,2,3
2020-21,2021-01-26,West Bromwich Albion FC,Manchester City FC,0,5
2020-21,2021-01-26,Southampton FC,Arsenal FC,1,3
2020-21,2021-01-27,Burnley FC,Aston Villa FC,3,2
2020-21,2021-01-27,Chelsea FC,Wolverhampton Wanderers FC,0,0
2020-21,2021-01-27,Brighton & Hove Albion FC,Fulham FC,0,0
2020-21,2021-01-27,Everton FC,Leicester City FC,1,1
2020-21,2021-01-27,Manchester United FC,Sheffield United FC,1,2
2020-21,2021-01-28,Tottenham Hotspur FC,Liverpool FC,1,3
2020-21,2021-01-30,Everton FC,Newcastle United FC,0,2
2020-21,2021-01-30,Manchester City FC,Sheffield United FC,1,0
2020-21,2021-01-30,West Bromwich Albion FC,Fulham FC,2,2
2020-21,2021-01-30,Crystal Palace FC,Wolverhampton Wanderers FC,1,0
2020-21,2021-01-30,Arsenal FC,Manchester United FC,0,0
2020-21,2021-01-30,Southampton FC,Aston Villa FC,0,1
2020-21,2021-01-31,Chelsea FC,Burnley FC,2,0
2020-21,2021-01-31,Leicester City FC,Leeds United FC,1,3
2020-21,2021-01-31,West Ham United FC,Liverpool FC,1,3
2020-21,2021-01-31,Brighton & Hove Albion FC,Tottenham Hotspur FC,1,0
2020-21,2021-02-02,Wolverhampton Wanderers FC,Arsenal FC,2,1
2020-21,2021-02-02,Sheffield United FC,West Bromwich Albion FC,2,1
2020-21,2021-02-02,Manchester United FC,Southampton FC,9,0
2020-21,2021-02-02,Newcastle United FC,Crystal Palace FC,1,2
2020-21,2021-02-03,Fulham FC,Leicester City FC,0,2
2020-21,2021-02-03,Burnley FC,Manchester City FC,0,2
2020-21,2021-02-03,Leeds United FC,Everton FC,1,2
2020-21,2021-02-03,Aston Villa FC,West Ham United FC,1,3
2020-21,2021-02-03,Liverpool FC,Brighton & Hove Albion FC,0,1
2020-21,2021-02-04,Tottenham Hotspur FC,Chelsea FC,0,1
2020-21,2021-02-06,Aston Villa FC,Arsenal FC,1,0
2020-21,2021-02-06,Newcastle United FC,Southampton FC,3,2
2020-21,2021-02-06,Burnley FC,Brighton & Hove Albion FC,1,1
2020-21,2021-02-06,Fulham FC,West Ham United FC,0,0
2020-21,2021-02-06,Manchester United FC,Everton FC,3,3
2020-21,2021-02-07,Tottenham Hotspur FC,West Bromwich Albion FC,2,0
2020-21,2021-02-07,Wolverhampton Wanderers FC,Leicester City FC,0,0
2020-21,2021-02-07,Liverpool FC,Manchester City FC,1,4
2020-21,2021-02-07,Sheffield United FC,Chelsea FC,1,2
2020-21,2021-02-08,Leeds United FC,Crystal Palace FC,2,0
2020-21,2021-02-13,Leicester City FC,Liverpool FC,3,1
2020-21,2021-02-13,Crystal Palace FC,Burnley FC,0,3
2020-21,2021-02-13,Manchester City FC,Tottenham Hotspur FC,3,0
2020-21,2021-02-13,Brighton & Hove Albion FC,Aston Villa FC,0,0
2020-21,2021-02-14,Southampton FC,Wolverhampton Wanderers FC,1,2
2020-21,2021-02-14,West Bromwich Albion FC,Manchester United FC,1,1
2020-21,2021-02-14,Arsenal FC,Leeds United FC,4,2
2020-21,2021-02-14,Everton FC,Fulham FC,0,2
2020-21,2021-02-15,West Ham United FC,Sheffield United FC,3,0
2020-21,2021-02-15,Chelsea FC,Newcastle United FC,2,0
2020-21,2021-02-17,Burnley FC,Fulham FC,1,1
2020-21,2021-02-17,Everton FC,Manchester City FC,1,3
2020-21,2021-02-19,Wolverhampton Wanderers FC,Leeds United FC,1,0
2020-21,2021-02-20,Southampton FC,Chelsea FC,1,1
2020-21,2021-02-20,Burnley FC,West Bromwich Albion FC,0,0
2020-21,2021-02-20,Liverpool FC,Everton FC,0,2
2020-21,2021-02-20,Fulham FC,Sheffield United FC,1,0
2020-21,2021-02-21,West Ham United FC,Tottenham Hotspur FC,2,1
2020-21,2021-02-21,Aston Villa FC,Leicester City FC,1,2
2020-21,2021-02-21,Arsenal FC,Manchester City FC,0,1
2020-21,2021-02-21,Manchester United FC,Newcastle United FC,3,1
2020-21,2021-02-22,Brighton & Hove Albion FC,Crystal Palace FC,1,2
2020-21,2021-02-23,Leeds United FC,Southampton FC,3,0
2020-21,2021-02-27,Manchester City FC,West Ham United FC,2,1
2020-21,2021-02-27,West Bromwich Albion FC,Brighton & Hove Albion FC,1,0
2020-21,2021-02-27,Leeds United FC,Aston Villa FC,0,1
2020-21,2021-02-27,Newcastle United FC,Wolverhampton Wanderers FC,1,1
2020-21,2021-02-28,Leicester City FC,Arsenal FC,1,3
2020-21,2021-02-28,Crystal Palace FC,Fulham FC,0,0
2020-21,2021-02-28,Tottenham Hotspur FC,Burnley FC,4,0
2020-21,2021-02-28,Chelsea FC,Manchester United FC,0,0
2020-21,2021-02-28,Sheffield United FC,Liverpool FC,0,2
2020-21,2021-03-01,Everton FC,Southampton FC,1,0
2020-21,2021-03-02,Manchester City FC,Wolverhampton Wanderers FC,4,1
2020-21,2021-03-03,Sheffield United FC,Aston Villa FC,1,0
2020-21,2021-03-03,Burnley FC,Leicester City FC,1,1
2020-21,2021-03-03,Crystal Palace FC,Manchester United FC,0,0
2020-21,2021-03-04,West Bromwich Albion FC,Everton FC,0,1
2020-21,2021-03-04,Fulham FC,Tottenham Hotspur FC,0,1
2020-21,2021-03-04,Liverpool FC,Chelsea FC,0,1
2020-21,2021-03-06,Burnley FC,Arsenal FC,1,1
2020-21,2021-03-06,Sheffield United FC,Southampton FC,0,2
2020-21,2021-03-06,Aston Villa FC,Wolverhampton Wanderers FC,0,0
2020-21,2021-03-06,Brighton & Hove Albion FC,Leicester City FC,1,2
2020-21,2021-03-07,West Bromwich Albion FC,Newcastle United FC,0,0
2020-21,2021-03-07,Liverpool FC,Fulham FC,0,1
2020-21,2021-03-07,Manchester City FC,Manchester United FC,0,2
2020-21,2021-03-07,Tottenham Hotspur FC,Crystal Palace FC,4,1
2020-21,2021-03-08,Chelsea FC,Everton FC,2,0
2020-21,2021-03-08,West Ham United FC,Leeds United FC,2,0
2020-21,2021-03-10,Manchester City FC,Southampton FC,5,2
2020-21,2021-03-12,Newcastle United FC,Aston Villa FC,1,1
2020-21,2021-03-13,Leeds United FC,Chelsea FC,0,0
2020-21,2021-03-13,Crystal Palace FC,West Bromwich Albion FC,1,0
2020-21,2021-03-13,Everton FC,Burnley FC,1,2
2020-21,2021-03-13,Fulham FC,Manchester City FC,0,3
2020-21,2021-03-14,Southampton FC,Brighton & Hove Albion FC,1,2
2020-21,2021-03-14,Leicester City FC,Sheffield United FC,5,0
2020-21,2021-03-14,Arsenal FC,Tottenham Hotspur FC,2,1
2020-21,2021-03-14,Manchester United FC,West Ham United FC,1,0
2020-21,2021-03-15,Wolverhampton Wanderers FC,Liverpool FC,0,1
2020-21,2021-03-19,Fulham FC,Leeds United FC,1,2
2020-21,2021-03-20,Brighton & Hove Albion FC,Newcastle United FC,3,0
2020-21,2021-03-21,West Ham United FC,Arsenal FC,3,3
2020-21,2021-03-21,Aston Villa FC,Tottenham Hotspur FC,0,2
2020-21,2021-04-03,Chelsea FC,West Bromwich Albion FC,2,5
2020-21,2021-04-03,Leeds United FC,Sheffield United FC,2,1
2020-21,2021-04-03,Leicester City FC,Manchester City FC,0,2
2020-21,2021-04-03,Arsenal FC,Liverpool FC,0,3
2020-21,2021-04-04,Southampton FC,Burnley FC,3,2
2020-21,2021-04-04,Newcastle United FC,Tottenham Hotspur FC,2,2
2020-21,2021-04-04,Aston Villa FC,Fulham FC,3,1
2020-21,2021-04-04,Manchester United FC,Brighton & Hove Albion FC,2,1
2020-21,2021-04-05,Everton FC,Crystal Palace FC,1,1
2020-21,2021-04-05,Wolverhampton Wanderers FC,West Ham United FC,2,3
2020-21,2021-04-09,Fulham FC,Wolverhampton Wanderers FC,0,1
2020-21,2021-04-10,Manchester City FC,Leeds United FC,1,2
2020-21,2021-04-10,Liverpool FC,Aston Villa FC,2,1
2020-21,2021-04-10,Crystal Palace FC,Chelsea FC,1,4
2020-21,2021-04-11,Burnley FC,Newcastle United FC,1,2
2020-21,2021-04-11,West Ham United FC,Leicester City FC,3,2
2020-21,2021-04-11,Tottenham Hotspur FC,Manchester United FC,1,3
2020-21,2021-04-11,Sheffield United FC,Arsenal FC,0,3
2020-21,2021-04-12,West Bromwich Albion FC,Southampton FC,3,0
2020-21,2021-04-12,Brighton & Hove Albion FC,Everton FC,0,0
2020-21,2021-04-16,Everton FC,Tottenham Hotspur FC,2,2
2020-21,2021-04-17,Newcastle United FC,West Ham United FC,3,2
2020-21,2021-04-17,Wolverhampton Wanderers FC,Sheffield United FC,1,0
2020-21,2021-04-18,Arsenal FC,Fulham FC,1,1
2020-21,2021-04-18,Manchester United FC,Burnley FC,3,1
2020-21,2021-04-19,Leeds United FC,Liverpool FC,1,1
2020-21,2021-04-20,Chelsea FC,Brighton & Hove Albion FC,0,0
2020-21,2021-04-21,Tottenham Hotspur FC,Southampton FC,2,1
2020-21,2021-04-21,Aston Villa FC,Manchester City FC,1,2
2020-21,2021-04-22,Leicester City FC,West Bromwich Albion FC,3,0
2020-21,2021-04-23,Arsenal FC,Everton FC,0,1
2020-21,2021-04-24,Liverpool FC,Newcastle United FC,1,1
2020-21,2021-04-24,West Ham United FC,Chelsea FC,0,1
2020-21,2021-04-24,Sheffield United FC,Brighton & Hove Albion FC,1,0
2020-21,2021-04-25,Wolverhampton Wanderers FC,Burnley FC,0,4
2020-21,2021-04-25,Leeds United FC,Manchester United FC,0,0
2020-21,2021-04-25,Aston Villa FC,West Bromwich Albion FC,2,2
2020-21,2021-04-26,Leicester City FC,Crystal Palace FC,2,1
2020-21,2021-04-30,Southampton FC,Leicester City FC,1,1
2020-21,2021-05-01,Crystal Palace FC,Manchester City FC,0,2
2020-21,2021-05-01,Brighton & Hove Albion FC,Leeds United FC,2,0
2020-21,2021-05-01,Chelsea FC,Fulham FC,2,0
2020-21,2021-05-01,Everton FC,Aston Villa FC,1,2
2020-21,2021-05-02,Newcastle United FC,Arsenal FC,0,2
2020-21,2021-05-02,Tottenham Hotspur FC,Sheffield United FC,4,0
2020-21,2021-05-03,West Bromwich Albion FC,Wolverhampton Wanderers FC,1,1
2020-21,2021-05-03,Burnley FC,West Ham United FC,1,2
2020-21,2021-05-07,Leicester City FC,Newcastle United FC,2,4
2020-21,2021-05-08,Leeds United FC,Tottenham Hotspur FC,3,1
2020-21,2021-05-08,Sheffield United FC,Crystal Palace FC,0,2
2020-21,2021-05-08,Manchester City FC,Chelsea FC,1,2
2020-21,2021-05-08,Liverpool FC,Southampton FC,2,0
2020-21,2021-05-09,Wolverhampton Wanderers FC,Brighton & Hove Albion FC,2,1
2020-21,2021-05-09,Aston Villa FC,Manchester United FC,1,3
2020-21,2021-05-09,West Ham United FC,Everton FC,0,1
2020-21,2021-05-09,Arsenal FC,West Bromwich Albion FC,3,1
2020-21,2021-05-10,Fulham FC,Burnley FC,0,2
2020-21,2021-05-11,Manchester United FC,Leicester City FC,1,2
2020-21,2021-05-11,Southampton FC,Crystal Palace FC,3,1
2020-21,2021-05-12,Chelsea FC,Arsenal FC,0,1
2020-21,2021-05-13,Aston Villa FC,Everton FC,0,0
2020-21,2021-05-13,Manchester United FC,Liverpool FC,2,4
2020-21,2021-05-14,Newcastle United FC,Manchester City FC,3,4
2020-21,2021-05-15,Burnley FC,Leeds United FC,0,4
2020-21,2021-05-15,Southampton FC,Fulham FC,3,1
2020-21,2021-05-15,Brighton & Hove Albion FC,West Ham United FC,1,1
2020-21,2021-05-16,Crystal Palace FC,Aston Villa FC,3,2
2020-21,2021-05-16,Tottenham Hotspur FC,Wolverhampton Wanderers FC,2,0
2020-21,2021-05-16,West Bromwich Albion FC,Liverpool FC,1,2
2020-21,2021-05-16,Everton FC,Sheffield United FC,0,1
2020-21,2021-05-18,Manchester United FC,Fulham FC,1,1
2020-21,2021-05-18,Southampton FC,Leeds United FC,0,2
2020-21,2021-05-18,Brighton & Hove Albion FC,Manchester City FC,3,2
2020-21,2021-05-18,Chelsea FC,Leicester City FC,2,1
2020-21,2021-05-19,Newcastle United FC,Sheffield United FC,1,0
2020-21,2021-05-19,Tottenham Hotspur FC,Aston Villa FC,1,2
2020-21,2021-05-19,Everton FC,Wolverhampton Wanderers FC,1,0
2020-21,2021-05-19,Crystal Palace FC,Arsenal FC,1,3
2020-21,2021-05-19,West Bromwich Albion FC,West Ham United FC,1,3
2020-21,2021-05-19,Burnley FC,Liverpool FC,0,3
2020-21,2021-05-23,Fulham FC,Newcastle United FC,0,2
2020-21,2021-05-23,Aston Villa FC,Chelsea FC,2,1
2020-21,2021-05-23,Liverpool FC,Crystal Palace FC,2,0
2020-21,2021-05-23,Manchester City FC,Everton FC,5,0
2020-21,2021-05-23,Arsenal FC,Brighton & Hove Albion FC,2,0
2020-21,2021-05-23,Sheffield United FC,Burnley FC,1,0
2020-21,2021-05-23,Leicester City FC,Tottenham Hotspur FC,2,4
2020-21,2021-05-23,West Ham United FC,Southampton FC,3,0
2020-21,2021-05-23,Leeds United FC,West Bromwich Albion FC,3,1
2020-21,2021-05-23,Wolverhampton Wanderers FC,Manchester United FC,1,2
2021-22,2021-08-13,Brentford FC,Arsenal FC,2,0
2021-22,2021-08-14,Manchester United FC,Leeds United FC,5,1
2021-22,2021-08-14,Watford FC,Aston Villa FC,3,2
2021-22,2021-08-14,Leicester City FC,Wolverhampton Wanderers FC,1,0
2021-22,2021-08-14,Everton FC,Southampton FC,3,1
2021-22,2021-08-14,Chelsea FC,Crystal Palace FC,3,0
2021-22,2021-08-14,Burnley FC,Brighton & Hove Albion FC,1,2
2021-22,2021-08-14,Norwich City FC,Liverpool FC,0,3
2021-22,2021-08-15,Newcastle United FC,West Ham United FC,2,4
2021-22,2021-08-15,Tottenham Hotspur FC,Manchester City FC,1,0
2021-22,2021-08-21,Liverpool FC,Burnley FC,2,0
2021-22,2021-08-21,Manchester City FC,Norwich City FC,5,0
2021-22,2021-08-21,Leeds United FC,Everton FC,2,2
2021-22,2021-08-21,Crystal Palace FC,Brentford FC,0,0
2021-22,2021-08-21,Aston Villa FC,Newcastle United FC,2,0
2021-22,2021-08-21,Brighton & Hove Albion FC,Watford FC,2,0
2021-22,2021-08-22,Wolverhampton Wanderers FC,Tottenham Hotspur FC,0,1
2021-22,2021-08-22,Southampton FC,Manchester United FC,1,1
2021-22,2021-08-22,Arsenal FC,Chelsea FC,0,2
2021-22,2021-08-23,West Ham United FC,Leicester City FC,4,1
2021-22,2021-08-28,Manchester City FC,Arsenal FC,5,0
2021-22,2021-08-28,West Ham United FC,Crystal Palace FC,2,2
2021-22,2021-08-28,Norwich City FC,Leicester City FC,1,2
2021-22,2021-08-28,Newcastle United FC,Southampton FC,2,2
2021-22,2021-08-28,Brighton & Hove Albion FC,Everton FC,0,2
2021-22,2021-08-28,Aston Villa FC,Brentford FC,1,1
2021-22,2021-08-28,Liverpool FC,Chelsea FC,1,1
2021-22,2021-08-29,Tottenham Hotspur FC,Watford FC,1,0
2021-22,2021-08-29,Burnley FC,Leeds United FC,1,1
2021-22,2021-08-29,Wolverhampton Wanderers FC,Manchester United FC,0,1
2021-22,2021-09-11,Crystal Palace FC,Tottenham Hotspur FC,3,0
2021-22,2021-09-11,Watford FC,Wolverhampton Wanderers FC,0,2
2021-22,2021-09-11,Southampton FC,West Ham United FC,0,0
2021-22,2021-09-11,Manchester United FC,Newcastle United FC,4,1
2021-22,2021-09-11,Leicester City FC,Manchester City FC,0,1
2021-22,2021-09-11,Brentford FC,Brighton & Hove Albion FC,0,1
2021-22,2021-09-11,Arsenal FC,Norwich City FC,1,0
2021-22,2021-09-11,Chelsea FC,Aston Villa FC,3,0
2021-22,2021-09-12,Leeds United FC,Liverpool FC,0,3
2021-22,2021-09-13,Everton FC,Burnley FC,3,1
2021-22,2021-09-17,Newcastle United FC,Leeds United FC,1,1
2021-22,2021-09-18,Wolverhampton Wanderers FC,Brentford FC,0,2
2021-22,2021-09-18,Norwich City FC,Watford FC,1,3
2021-22,2021-09-18,Manchester City FC,Southampton FC,0,0
2021-22,2021-09-18,Liverpool FC,Crystal Palace FC,3,0
2021-22,2021-09-18,Burnley FC,Arsenal FC,0,1
2021-22,2021-09-18,Aston Villa FC,Everton FC,3,0
2021-22,2021-09-19,West Ham United FC,Manchester United FC,1,2
2021-22,2021-09-19,Brighton & Hove Albion FC,Leicester City FC,2,1
2021-22,2021-09-19,Tottenham Hotspur FC,Chelsea FC,0,3
2021-22,2021-09-25,Manchester United FC,Aston Villa FC,0,1
2021-22,2021-09-25,Chelsea FC,Manchester City FC,0,1
2021-22,2021-09-25,Watford FC,Newcastle United FC,1,1
2021-22,2021-09-25,Leicester City FC,Burnley FC,2,2
2021-22,2021-09-25,Leeds United FC,West Ham United FC,1,2
2021-22,2021-09-25,Everton FC,Norwich City FC,2,0
2021-22,2021-09-25,Brentford FC,Liverpool FC,3,3
2021-22,2021-09-26,Southampton FC,Wolverhampton Wanderers FC,0,1
2021-22,2021-09-26,Arsenal FC,Tottenham Hotspur FC,3,1
2021-22,2021-09-27,Crystal Palace FC,Brighton & Hove Albion FC,1,1
2021-22,2021-10-02,Manchester United FC,Everton FC,1,1
2021-22,2021-10-02,Wolverhampton Wanderers FC,Newcastle United FC,2,1
2021-22,2021-10-02,Leeds United FC,Watford FC,1,0
2021-22,2021-10-02,Chelsea FC,Southampton FC,3,1
2021-22,2021-10-02,Burnley FC,Norwich City FC,0,0
2021-22,2021-10-02,Brighton & Hove Albion FC,Arsenal FC,0,0
2021-22,2021-10-03,West Ham United FC,Brentford FC,1,2
2021-22,2021-10-03,Tottenham Hotspur FC,Aston Villa FC,2,1
2021-22,2021-10-03,Crystal Palace FC,Leicester City FC,2,2
2021-22,2021-10-03,Liverpool FC,Manchester City FC,2,2
2021-22,2021-10-16,Watford FC,Liverpool FC,0,5
2021-22,2021-10-16,Southampton FC,Leeds United FC,1,0
2021-22,2021-10-16,Norwich City FC,Brighton & Hove Albion FC,0,0
2021-22,2021-10-16,Manchester City FC,Burnley FC,2,0
2021-22,2021-10-16,Leicester City FC,Manchester United FC,4,2
2021-22,2021-10-16,Aston Villa FC,Wolverhampton Wanderers FC,2,3
2021-22,2021-10-16,Brentford FC,Chelsea FC,0,1
2021-22,2021-10-17,Everton FC,West Ham United FC,0,1
2021-22,2021-10-17,Newcastle United FC,Tottenham Hotspur FC,2,3
2021-22,2021-10-18,Arsenal FC,Crystal Palace FC,2,2
2021-22,2021-10-22,Arsenal FC,Aston Villa FC,3,1
2021-22,2021-10-23,Chelsea FC,Norwich City FC,7,0
2021-22,2021-10-23,Southampton FC,Burnley FC,2,2
2021-22,2021-10-23,Leeds United FC,Wolverhampton Wanderers FC,1,1
2021-22,2021-10-23,Everton FC,Watford FC,2,5
2021-22,2021-10-23,Crystal Palace FC,Newcastle United FC,1,1
2021-22,2021-10-23,Brighton & Hove Albion FC,Manchester City FC,1,4
2021-22,2021-10-24,West Ham United FC,Tottenham Hotspur FC,1,0
2021-22,2021-10-24,Brentford FC,Leicester City FC,1,2
2021-22,2021-10-24,Manchester United FC,Liverpool FC,0,5
2021-22,2021-10-30,Leicester City FC,Arsenal FC,0,2
2021-22,2021-10-30,Watford FC,Southampton FC,0,1
2021-22,2021-10-30,Newcastle United FC,Chelsea FC,0,3
2021-22,2021-10-30,Manchester City FC,Crystal Palace FC,0,2
2021-22,2021-10-30,Liverpool FC,Brighton & Hove Albion FC,2,2
2021-22,2021-10-30,Burnley FC,Brentford FC,3,1
2021-22,2021-10-30,Tottenham Hotspur FC,Manchester United FC,0,3
2021-22,2021-10-31,Norwich City FC,Leeds United FC,1,2
2021-22,2021-10-31,Aston Villa FC,West Ham United FC,1,4
2021-22,2021-11-01,Wolverhampton Wanderers FC,Everton FC,2,1
2021-22,2021-11-05,Southampton FC,Aston Villa FC,1,0
2021-22,2021-11-06,Manchester United FC,Manchester City FC,0,2
2021-22,2021-11-06,Crystal Palace FC,Wolverhampton Wanderers FC,2,0
2021-22,2021-11-06,Chelsea FC,Burnley FC,1,1
2021-22,2021-11-06,Brentford FC,Norwich City FC,1,2
2021-22,2021-11-06,Brighton & Hove Albion FC,Newcastle United FC,1,1
2021-22,2021-11-07,Leeds United FC,Leicester City FC,1,1
2021-22,2021-11-07,Everton FC,Tottenham Hotspur FC,0,0
2021-22,2021-11-07,Arsenal FC,Watford FC,1,0
2021-22,2021-11-07,West Ham United FC,Liverpool FC,3,2
2021-22,2021-11-20,Leicester City FC,Chelsea FC,0,3
2021-22,2021-11-20,Wolverhampton Wanderers FC,West Ham United FC,1,0
2021-22,2021-11-20,Watford FC,Manchester United FC,4,1
2021-22,2021-11-20,Norwich City FC,Southampton FC,2,1
2021-22,2021-11-20,Newcastle United FC,Brentford FC,3,3
2021-22,2021-11-20,Burnley FC,Crystal Palace FC,3,3
2021-22,2021-11-20,Aston Villa FC,Brighton & Hove Albion FC,2,0
2021-22,2021-11-20,Liverpool FC,Arsenal FC,4,0
2021-22,2021-11-21,Manchester City FC,Everton FC,3,0
2021-22,2021-11-21,Tottenham Hotspur FC,Leeds United FC,2,1
2021-22,2021-11-27,Arsenal FC,Newcastle United FC,2,0
2021-22,2021-11-27,Norwich City FC,Wolverhampton Wanderers FC,0,0
2021-22,2021-11-27,Liverpool FC,Southampton FC,4,0
2021-22,2021-11-27,Crystal Palace FC,Aston Villa FC,1,2
2021-22,2021-11-27,Brighton & Hove Albion FC,Leeds United FC,0,0
2021-22,2021-11-28,Manchester City FC,West Ham United FC,2,1
2021-22,2021-11-28,Leicester City FC,Watford FC,4,2
2021-22,2021-11-28,Brentford FC,Everton FC,1,0
2021-22,2021-11-28,Chelsea FC,Manchester United FC,1,1
2021-22,2021-11-30,Newcastle United FC,Norwich City FC,1,1
2021-22,2021-11-30,Leeds United FC,Crystal Palace FC,1,0
2021-22,2021-12-01,Southampton FC,Leicester City FC,2,2
2021-22,2021-12-01,Wolverhampton Wanderers FC,Burnley FC,0,0
2021-22,2021-12-01,West Ham United FC,Brighton & Hove Albion FC,1,1
2021-22,2021-12-01,Watford FC,Chelsea FC,1,2
2021-22,2021-12-01,Everton FC,Liverpool FC,1,4
2021-22,2021-12-01,Aston Villa FC,Manchester City FC,1,2
2021-22,2021-12-02,Tottenham Hotspur FC,Brentford FC,2,0
2021-22,2021-12-02,Manchester United FC,Arsenal FC,3,2
2021-22,2021-12-04,West Ham United FC,Chelsea FC,3,2
2021-22,2021-12-04,Wolverhampton Wanderers FC,Liverpool FC,0,1
2021-22,2021-12-04,Southampton FC,Brighton & Hove Albion FC,1,1
2021-22,2021-12-04,Newcastle United FC,Burnley FC,1,0
2021-22,2021-12-04,Watford FC,Manchester City FC,1,3
2021-22,2021-12-05,Tottenham Hotspur FC,Norwich City FC,3,0
2021-22,2021-12-05,Manchester United FC,Crystal Palace FC,1,0
2021-22,2021-12-05,Leeds United FC,Brentford FC,2,2
2021-22,2021-12-05,Aston Villa FC,Leicester City FC,2,1
2021-22,2021-12-06,Everton FC,Arsenal FC,2,1
2021-22,2021-12-10,Brentford FC,Watford FC,2,1
2021-22,2021-12-11,Manchester City FC,Wolverhampton Wanderers FC,1,0
2021-22,2021-12-11,Liverpool FC,Aston Villa FC,1,0
2021-22,2021-12-11,Chelsea FC,Leeds United FC,3,2
2021-22,2021-12-11,Arsenal FC,Southampton FC,3,0
2021-22,2021-12-11,Norwich City FC,Manchester United FC,0,1
2021-22,2021-12-12,Leicester City FC,Newcastle United FC,4,0
2021-22,2021-12-12,Burnley FC,West Ham United FC,0,0
2021-22,2021-12-12,Crystal Palace FC,Everton FC,3,1
2021-22,2021-12-14,Norwich City FC,Aston Villa FC,0,2
2021-22,2021-12-14,Manchester City FC,Leeds United FC,7,0
2021-22,2021-12-15,Crystal Palace FC,Southampton FC,2,2
2021-22,2021-12-15,Brighton & Hove Albion FC,Wolverhampton Wanderers FC,0,1
2021-22,2021-12-15,Arsenal FC,West Ham United FC,2,0
2021-22,2021-12-16,Chelsea FC,Everton FC,1,1
2021-22,2021-12-16,Liverpool FC,Newcastle United FC,3,1
2021-22,2021-12-18,Leeds United FC,Arsenal FC,1,4
2021-22,2021-12-19,Wolverhampton Wanderers FC,Chelsea FC,0,0
2021-22,2021-12-19,Newcastle United FC,Manchester City FC,0,4
2021-22,2021-12-19,Tottenham Hotspur FC,Liverpool FC,2,2
2021-22,2021-12-26,West Ham United FC,Southampton FC,2,3
2021-22,2021-12-26,Tottenham Hotspur FC,Crystal Palace FC,3,0
2021-22,2021-12-26,Norwich City FC,Arsenal FC,0,5
2021-22,2021-12-26,Manchester City FC,Leicester City FC,6,3
2021-22,2021-12-26,Aston Villa FC,Chelsea FC,1,3
2021-22,2021-12-26,Brighton & Hove Albion FC,Brentford FC,2,0
2021-22,2021-12-27,Newcastle United FC,Manchester United FC,1,1
2021-22,2021-12-28,Crystal Palace FC,Norwich City FC,3,0
2021-22,2021-12-28,Watford FC,West Ham United FC,1,4
2021-22,2021-12-28,Southampton FC,Tottenham Hotspur FC,1,1
2021-22,2021-12-28,Leicester City FC,Liverpool FC,1,0
2021-22,2021-12-29,Chelsea FC,Brighton & Hove Albion FC,1,1
2021-22,2021-12-29,Brentford FC,Manchester City FC,0,1
2021-22,2021-12-30,Manchester United FC,Burnley FC,3,1
2021-22,2022-01-01,Arsenal FC,Manchester City FC,1,2
2021-22,2022-01-01,Watford FC,Tottenham Hotspur FC,0,1
2021-22,2022-01-01,Crystal Palace FC,West Ham United FC,2,3
2021-22,2022-01-02,Leeds United FC,Burnley FC,3,1
2021-22,2022-01-02,Everton FC,Brighton & Hove Albion FC,2,3
2021-22,2022-01-02,Brentford FC,Aston Villa FC,2,1
2021-22,2022-01-02,Chelsea FC,Liverpool FC,2,2
2021-22,2022-01-03,Manchester United FC,Wolverhampton Wanderers FC,0,1
2021-22,2022-01-11,Southampton FC,Brentford FC,4,1
2021-22,2022-01-12,West Ham United FC,Norwich City FC,2,0
2021-22,2022-01-14,Brighton & Hove Albion FC,Crystal Palace FC,1,1
2021-22,2022-01-15,Manchester City FC,Chelsea FC,1,0
2021-22,2022-01-15,Wolverhampton Wanderers FC,Southampton FC,3,1
2021-22,2022-01-15,Norwich City FC,Everton FC,2,1
2021-22,2022-01-15,Newcastle United FC,Watford FC,1,1
2021-22,2022-01-15,Aston Villa FC,Manchester United FC,2,2
2021-22,2022-01-16,West Ham United FC,Leeds United FC,2,3
2021-22,2022-01-16,Liverpool FC,Brentford FC,3,0
2021-22,2022-01-18,Brighton & Hove Albion FC,Chelsea FC,1,1
2021-22,2022-01-19,Leicester City FC,Tottenham Hotspur FC,2,3
2021-22,2022-01-19,Brentford FC,Manchester United FC,1,3
2021-22,2022-01-21,Watford FC,Norwich City FC,0,3
2021-22,2022-01-22,Everton FC,Aston Villa FC,0,1
2021-22,2022-01-22,Manchester United FC,West Ham United FC,1,0
2021-22,2022-01-22,Leeds United FC,Newcastle United FC,0,1
2021-22,2022-01-22,Brentford FC,Wolverhampton Wanderers FC,1,2
2021-22,2022-01-22,Southampton FC,Manchester City FC,1,1
2021-22,2022-01-23,Leicester City FC,Brighton & Hove Albion FC,1,1
2021-22,2022-01-23,Crystal Palace FC,Liverpool FC,1,3
2021-22,2022-01-23,Arsenal FC,Burnley FC,0,0
2021-22,2022-01-23,Chelsea FC,Tottenham Hotspur FC,2,0
2021-22,2022-02-05,Burnley FC,Watford FC,0,0
2021-22,2022-02-08,Newcastle United FC,Everton FC,3,1
2021-22,2022-02-08,West Ham United FC,Watford FC,1,0
2021-22,2022-02-08,Burnley FC,Manchester United FC,1,1
2021-22,2022-02-09,Manchester City FC,Brentford FC,2,0
2021-22,2022-02-09,Tottenham Hotspur FC,Southampton FC,2,3
2021-22,2022-02-09,Norwich City FC,Crystal Palace FC,1,1
2021-22,2022-02-09,Aston Villa FC,Leeds United FC,3,3
2021-22,2022-02-10,Liverpool FC,Leicester City FC,2,0
2021-22,2022-02-10,Wolverhampton Wanderers FC,Arsenal FC,0,1
2021-22,2022-02-12,Manchester United FC,Southampton FC,1,1
2021-22,2022-02-12,Watford FC,Brighton & Hove Albion FC,0,2
2021-22,2022-02-12,Everton FC,Leeds United FC,3,0
2021-22,2022-02-12,Brentford FC,Crystal Palace FC,0,0
2021-22,2022-02-12,Norwich City FC,Manchester City FC,0,4
2021-22,2022-02-13,Tottenham Hotspur FC,Wolverhampton Wanderers FC,0,2
2021-22,2022-02-13,Newcastle United FC,Aston Villa FC,1,0
2021-22,2022-02-13,Burnley FC,Liverpool FC,0,1
2021-22,2022-02-13,Leicester City FC,West Ham United FC,2,2
2021-22,2022-02-15,Manchester United FC,Brighton & Hove Albion FC,2,0
2021-22,2022-02-19,West Ham United FC,Newcastle United FC,1,1
2021-22,2022-02-19,Southampton FC,Everton FC,2,0
2021-22,2022-02-19,Liverpool FC,Norwich City FC,3,1
2021-22,2022-02-19,Crystal Palace FC,Chelsea FC,0,1
2021-22,2022-02-19,Brighton & Hove Albion FC,Burnley FC,0,3
2021-22,2022-02-19,Aston Villa FC,Watford FC,0,1
2021-22,2022-02-19,Arsenal FC,Brentford FC,2,1
2021-22,2022-02-19,Manchester City FC,Tottenham Hotspur FC,2,3
2021-22,2022-02-20,Leeds United FC,Manchester United FC,2,4
2021-22,2022-02-20,Wolverhampton Wanderers FC,Leicester City FC,2,1
2021-22,2022-02-23,Watford FC,Crystal Palace FC,1,4
2021-22,2022-02-23,Burnley FC,Tottenham Hotspur FC,1,0
2021-22,2022-02-23,Liverpool FC,Leeds United FC,6,0
2021-22,2022-02-24,Arsenal FC,Wolverhampton Wanderers FC,2,1
2021-22,2022-02-25,Southampton FC,Norwich City FC,2,0
2021-22,2022-02-26,Leeds United FC,Tottenham Hotspur FC,0,4
2021-22,2022-02-26,Manchester United FC,Watford FC,0,0
2021-22,2022-02-26,Crystal Palace FC,Burnley FC,1,1
2021-22,2022-02-26,Brentford FC,Newcastle United FC,0,2
2021-22,2022-02-26,Brighton & Hove Albion FC,Aston Villa FC,0,2
2021-22,2022-02-26,Everton FC,Manchester City FC,0,1
2021-22,2022-02-27,West Ham United FC,Wolverhampton Wanderers FC,1,0
2021-22,2022-03-01,Burnley FC,Leicester City FC,0,2
2021-22,2022-03-05,Leicester City FC,Leeds United FC,1,0
2021-22,2022-03-05,Wolverhampton Wanderers FC,Crystal Palace FC,0,2
2021-22,2022-03-05,Norwich City FC,Brentford FC,1,3
2021-22,2022-03-05,Newcastle United FC,Brighton & Hove Albion FC,2,1
2021-22,2022-03-05,Burnley FC,Chelsea FC,0,4
2021-22,2022-03-05,Aston Villa FC,Southampton FC,4,0
2021-22,2022-03-05,Liverpool FC,West Ham United FC,1,0
2021-22,2022-03-06,Watford FC,Arsenal FC,2,3
2021-22,2022-03-06,Manchester City FC,Manchester United FC,4,1
2021-22,2022-03-07,Tottenham Hotspur FC,Everton FC,5,0
2021-22,2022-03-10,Wolverhampton Wanderers FC,Watford FC,4,0
2021-22,2022-03-10,Norwich City FC,Chelsea FC,1,3
2021-22,2022-03-10,Southampton FC,Newcastle United FC,1,2
2021-22,2022-03-10,Leeds United FC,Aston Villa FC,0,3
2021-22,2022-03-12,Brighton & Hove Albion FC,Liverpool FC,0,2
2021-22,2022-03-12,Brentford FC,Burnley FC,2,0
2021-22,2022-03-12,Manchester United FC,Tottenham Hotspur FC,3,2
2021-22,2022-03-13,West Ham United FC,Aston Villa FC,2,1
2021-22,2022-03-13,Southampton FC,Watford FC,1,2
2021-22,2022-03-13,Leeds United FC,Norwich City FC,2,1
2021-22,2022-03-13,Everton FC,Wolverhampton Wanderers FC,0,1
2021-22,2022-03-13,Chelsea FC,Newcastle United FC,1,0
2021-22,2022-03-13,Arsenal FC,Leicester City FC,2,0
2021-22,2022-03-14,Crystal Palace FC,Manchester City FC,0,0
2021-22,2022-03-16,Brighton & Hove Albion FC,Tottenham Hotspur FC,0,2
2021-22,2022-03-16,Arsenal FC,Liverpool FC,0,2
2021-22,2022-03-17,Everton FC,Newcastle United FC,1,0
2021-22,2022-03-18,Wolverhampton Wanderers FC,Leeds United FC,2,3
2021-22,2022-03-19,Aston Villa FC,Arsenal FC,0,1
2021-22,2022-03-20,Leicester City FC,Brentford FC,2,1
2021-22,2022-03-20,Tottenham Hotspur FC,West Ham United FC,3,1
2021-22,2022-04-02,Liverpool FC,Watford FC,2,0
2021-22,2022-04-02,Brighton & Hove Albion FC,Norwich City FC,0,0
2021-22,2022-04-02,Burnley FC,Manchester City FC,0,2
2021-22,2022-04-02,Chelsea FC,Brentford FC,1,4
2021-22,2022-04-02,Leeds United FC,Southampton FC,1,1
2021-22,2022-04-02,Wolverhampton Wanderers FC,Aston Villa FC,2,1
2021-22,2022-04-02,Manchester United FC,Leicester City FC,1,1
2021-22,2022-04-03,West Ham United FC,Everton FC,2,1
2021-22,2022-04-03,Tottenham Hotspur FC,Newcastle United FC,5,1
2021-22,2022-04-04,Crystal Palace FC,Arsenal FC,3,0
2021-22,2022-04-06,Burnley FC,Everton FC,3,2
2021-22,2022-04-08,Newcastle United FC,Wolverhampton Wanderers FC,1,0
2021-22,2022-04-09,Everton FC,Manchester United FC,1,0
2021-22,2022-04-09,Arsenal FC,Brighton & Hove Albion FC,1,2
2021-22,2022-04-09,Southampton FC,Chelsea FC,0,6
2021-22,2022-04-09,Watford FC,Leeds United FC,0,3
2021-22,2022-04-09,Aston Villa FC,Tottenham Hotspur FC,0,4
2021-22,2022-04-10,Brentford FC,West Ham United FC,2,0
2021-22,2022-04-10,Leicester City FC,Crystal Palace FC,2,1
2021-22,2022-04-10,Norwich City FC,Burnley FC,2,0
2021-22,2022-04-10,Manchester City FC,Liverpool FC,2,2
2021-22,2022-04-16,Tottenham Hotspur FC,Brighton & Hove Albion FC,0,1
2021-22,2022-04-16,Manchester United FC,Norwich City FC,3,2
2021-22,2022-04-16,Southampton FC,Arsenal FC,1,0
2021-22,2022-04-16,Watford FC,Brentford FC,1,2
2021-22,2022-04-17,Newcastle United FC,Leicester City FC,2,1
2021-22,2022-04-17,West Ham United FC,Burnley FC,1,1
2021-22,2022-04-19,Liverpool FC,Manchester United FC,4,0
2021-22,2022-04-20,Everton FC,Leicester City FC,1,1
2021-22,2022-04-20,Newcastle United FC,Crystal Palace FC,1,0
2021-22,2022-04-20,Chelsea FC,Arsenal FC,2,4
2021-22,2022-04-20,Manchester City FC,Brighton & Hove Albion FC,3,0
2021-22,2022-04-21,Burnley FC,Southampton FC,2,0
2021-22,2022-04-23,Arsenal FC,Manchester United FC,3,1
2021-22,2022-04-23,Leicester City FC,Aston Villa FC,0,0
2021-22,2022-04-23,Manchester City FC,Watford FC,5,1
2021-22,2022-04-23,Norwich City FC,Newcastle United FC,0,3
2021-22,2022-04-23,Brentford FC,Tottenham Hotspur FC,0,0
2021-22,2022-04-24,Brighton & Hove Albion FC,Southampton FC,2,2
2021-22,2022-04-24,Burnley FC,Wolverhampton Wanderers FC,1,0
2021-22,2022-04-24,Chelsea FC,West Ham United FC,1,0
2021-22,2022-04-24,Liverpool FC,Everton FC,2,0
2021-22,2022-04-25,Crystal Palace FC,Leeds United FC,0,0
2021-22,2022-04-28,Manchester United FC,Chelsea FC,1,1
2021-22,2022-04-30,Newcastle United FC,Liverpool FC,0,1
2021-22,2022-04-30,Aston Villa FC,Norwich City FC,2,0
2021-22,2022-04-30,Southampton FC,Crystal Palace FC,1,2
2021-22,2022-04-30,Watford FC,Burnley FC,1,2
2021-22,2022-04-30,Wolverhampton Wanderers FC,Brighton & Hove Albion FC,0,3
2021-22,2022-04-30,Leeds United FC,Manchester City FC,0,4
2021-22,2022-05-01,Everton FC,Chelsea FC,1,0
2021-22,2022-05-01,Tottenham Hotspur FC,Leicester City FC,3,1
2021-22,2022-05-01,West Ham United FC,Arsenal FC,1,2
2021-22,2022-05-02,Manchester United FC,Brentford FC,3,0
2021-22,2022-05-07,Brentford FC,Southampton FC,3,0
2021-22,2022-05-07,Burnley FC,Aston Villa FC,1,3
2021-22,2022-05-07,Chelsea FC,Wolverhampton Wanderers FC,2,2
2021-22,2022-05-07,Crystal Palace FC,Watford FC,1,0
2021-22,2022-05-07,Brighton & Hove Albion FC,Manchester United FC,4,0
2021-22,2022-05-07,Liverpool FC,Tottenham Hotspur FC,1,1
2021-22,2022-05-08,Arsenal FC,Leeds United FC,2,1
2021-22,2022-05-08,Leicester City FC,Everton FC,1,2
2021-22,2022-05-08,Norwich City FC,West Ham United FC,0,4
2021-22,2022-05-08,Manchester City FC,Newcastle United FC,5,0
2021-22,2022-05-10,Aston Villa FC,Liverpool FC,1,2
2021-22,2022-05-11,Leeds United FC,Chelsea FC,0,3
2021-22,2022-05-11,Watford FC,Everton FC,0,0
2021-22,2022-05-11,Leicester City FC,Norwich City FC,3,0
2021-22,2022-05-11,Wolverhampton Wanderers FC,Manchester City FC,1,5
2021-22,2022-05-12,Tottenham Hotspur FC,Arsenal FC,3,0
2021-22,2022-05-15,Tottenham Hotspur FC,Burnley FC,1,0
2021-22,2022-05-15,Aston Villa FC,Crystal Palace FC,1,1
2021-22,2022-05-15,Leeds United FC,Brighton & Hove Albion FC,1,1
2021-22,2022-05-15,Watford FC,Leicester City FC,1,5
2021-22,2022-05-15,West Ham United FC,Manchester City FC,2,2
2021-22,2022-05-15,Wolverhampton Wanderers FC,Norwich City FC,1,1
2021-22,2022-05-15,Everton FC,Brentford FC,2,3
2021-22,2022-05-16,Newcastle United FC,Arsenal FC,2,0
2021-22,2022-05-17,Southampton FC,Liverpool FC,1,2
2021-22,2022-05-19,Everton FC,Crystal Palace FC,3,2
2021-22,2022-05-19,Aston Villa FC,Burnley FC,1,1
2021-22,2022-05-19,Chelsea FC,Leicester City FC,1,1
2021-22,2022-05-22,Norwich City FC,Tottenham Hotspur FC,0,5
2021-22,2022-05-22,Manchester City FC,Aston Villa FC,3,2
2021-22,2022-05-22,Liverpool FC,Wolverhampton Wanderers FC,3,1
2021-22,2022-05-22,Leicester City FC,Southampton FC,4,1
2021-22,2022-05-22,Crystal Palace FC,Manchester United FC,1,0
2021-22,2022-05-22,Chelsea FC,Watford FC,2,1
2021-22,2022-05-22,Burnley FC,Newcastle United FC,1,2
2021-22,2022-05-22,Brighton & Hove Albion FC,West Ham United FC,3,1
2021-22,2022-05-22,Brentford FC,Leeds United FC,1,2
2021-22,2022-05-22,Arsenal FC,Everton FC,5,1
2022-23,2022-08-05,Crystal Palace FC,Arsenal FC,0,2
2022-23,2022-08-06,Fulham FC,Liverpool FC,2,2
2022-23,2022-08-06,Tottenham Hotspur FC,Southampton FC,4,1
2022-23,2022-08-06,Newcastle United FC,Nottingham Forest FC,2,0
2022-23,2022-08-06,Leeds United FC,Wolverhampton Wanderers FC,2,1
2022-23,2022-08-06,AFC Bournemouth,Aston Villa FC,2,0
2022-23,2022-08-06,Everton FC,Chelsea FC,0,1
2022-23,2022-08-07,Manchester United FC,Brighton & Hove Albion FC,1,2
2022-23,2022-08-07,Leicester City FC,Brentford FC,2,2
2022-23,2022-08-07,West Ham United FC,Manchester City FC,0,2
2022-23,2022-08-13,Aston Villa FC,Everton FC,2,1
2022-23,2022-08-13,Wolverhampton Wanderers FC,Fulham FC,0,0
2022-23,2022-08-13,Southampton FC,Leeds United FC,2,2
2022-23,2022-08-13,Manchester City FC,AFC Bournemouth,4,0
2022-23,2022-08-13,Brighton & Hove Albion FC,Newcastle United FC,0,0
2022-23,2022-08-13,Arsenal FC,Leicester City FC,4,2
2022-23,2022-08-13,Brentford FC,Manchester United FC,4,0
2022-23,2022-08-14,Nottingham Forest FC,West Ham United FC,1,0
2022-23,2022-08-14,Chelsea FC,Tottenham Hotspur FC,2,2
2022-23,2022-08-15,Liverpool FC,Crystal Palace FC,1,1
2022-23,2022-08-20,Tottenham Hotspur FC,Wolverhampton Wanderers FC,1,0
2022-23,2022-08-20,Leicester City FC,Southampton FC,1,2
2022-23,2022-08-20,Fulham FC,Brentford FC,3,2
2022-23,2022-08-20,Everton FC,Nottingham Forest FC,1,1
2022-23,2022-08-20,Crystal Palace FC,Aston Villa FC,3,1
2022-23,2022-08-20,AFC Bournemouth,Arsenal FC,0,3
2022-23,2022-08-21,West Ham United FC,Brighton & Hove Albion FC,0,2
2022-23,2022-08-21,Leeds United FC,Chelsea FC,3,0
2022-23,2022-08-21,Newcastle United FC,Manchester City FC,3,3
2022-23,2022-08-22,Manchester United FC,Liverpool FC,2,1
2022-23,2022-08-27,Southampton FC,Manchester United FC,0,1
2022-23,2022-08-27,Manchester City FC,Crystal Palace FC,4,2
2022-23,2022-08-27,Liverpool FC,AFC Bournemouth,9,0
2022-23,2022-08-27,Chelsea FC,Leicester City FC,2,1
2022-23,2022-08-27,Brighton & Hove Albion FC,Leeds United FC,1,0
2022-23,2022-08-27,Brentford FC,Everton FC,1,1
2022-23,2022-08-27,Arsenal FC,Fulham FC,2,1
2022-23,2022-08-28,Wolverhampton Wanderers FC,Newcastle United FC,1,1
2022-23,2022-08-28,Aston Villa FC,West Ham United FC,0,1
2022-23,2022-08-28,Nottingham Forest FC,Tottenham Hotspur FC,0,2
2022-23,2022-08-30,Crystal Palace FC,Brentford FC,1,1
2022-23,2022-08-30,Fulham FC,Brighton & Hove Albion FC,2,1
2022-23,2022-08-30,Southampton FC,Chelsea FC,2,1
2022-23,2022-08-30,Leeds United FC,Everton FC,1,1
2022-23,2022-08-31,Manchester City FC,Nottingham Forest FC,6,0
2022-23,2022-08-31,AFC Bournemouth,Wolverhampton Wanderers FC,0,0
2022-23,2022-08-31,Arsenal FC,Aston Villa FC,2,1
2022-23,2022-08-31,West Ham United FC,Tottenham Hotspur FC,1,1
2022-23,2022-08-31,Liverpool FC,Newcastle United FC,2,1
2022-23,2022-09-01,Leicester City FC,Manchester United FC,0,1
2022-23,2022-09-03,Everton FC,Liverpool FC,0,0
2022-23,2022-09-03,Wolverhampton Wanderers FC,Southampton FC,1,0
2022-23,2022-09-03,Tottenham Hotspur FC,Fulham FC,2,1
2022-23,2022-09-03,Nottingham Forest FC,AFC Bournemouth,2,3
2022-23,2022-09-03,Newcastle United FC,Crystal Palace FC,0,0
2022-23,2022-09-03,Chelsea FC,West Ham United FC,2,1
2022-23,2022-09-03,Brentford FC,Leeds United FC,5,2
2022-23,2022-09-03,Aston Villa FC,Manchester City FC,1,1
2022-23,2022-09-04,Brighton & Hove Albion FC,Leicester City FC,5,2
2022-23,2022-09-04,Manchester United FC,Arsenal FC,3,1
2022-23,2022-09-16,Nottingham Forest FC,Fulham FC,2,3
2022-23,2022-09-16,Aston Villa FC,Southampton FC,1,0
2022-23,2022-09-17,Wolverhampton Wanderers FC,Manchester City FC,0,3
2022-23,2022-09-17,Newcastle United FC,AFC Bournemouth,1,1
2022-23,2022-09-17,Tottenham Hotspur FC,Leicester City FC,6,2
2022-23,2022-09-18,Brentford FC,Arsenal FC,0,3
2022-23,2022-09-18,Everton FC,West Ham United FC,1,0
2022-23,2022-10-01,Arsenal FC,Tottenham Hotspur FC,3,1
2022-23,2022-10-01,Southampton FC,Everton FC,1,2
2022-23,2022-10-01,Liverpool FC,Brighton & Hove Albion FC,3,3
2022-23,2022-10-01,Fulham FC,Newcastle United FC,1,4
2022-23,2022-10-01,Crystal Palace FC,Chelsea FC,1,2
2022-23,2022-10-01,AFC Bournemouth,Brentford FC,0,0
2022-23,2022-10-01,West Ham United FC,Wolverhampton Wanderers FC,2,0
2022-23,2022-10-02,Manchester City FC,Manchester United FC,6,3
2022-23,2022-10-02,Leeds United FC,Aston Villa FC,0,0
2022-23,2022-10-03,Leicester City FC,Nottingham Forest FC,4,0
2022-23,2022-10-08,Newcastle United FC,Brentford FC,5,1
2022-23,2022-10-08,Manchester City FC,Southampton FC,4,0
2022-23,2022-10-08,Chelsea FC,Wolverhampton Wanderers FC,3,0
2022-23,2022-10-08,AFC Bournemouth,Leicester City FC,2,1
2022-23,2022-10-08,Brighton & Hove Albion FC,Tottenham Hotspur FC,0,1
2022-23,2022-10-09,West Ham United FC,Fulham FC,3,1
2022-23,2022-10-09,Crystal Palace FC,Leeds United FC,2,1
2022-23,2022-10-09,Arsenal FC,Liverpool FC,3,2
2022-23,2022-10-09,Everton FC,Manchester United FC,1,2
2022-23,2022-10-10,Nottingham Forest FC,Aston Villa FC,1,1
2022-23,2022-10-14,Brentford FC,Brighton & Hove Albion FC,2,0
2022-23,2022-10-15,Leicester City FC,Crystal Palace FC,0,0
2022-23,2022-10-15,Wolverhampton Wanderers FC,Nottingham Forest FC,1,0
2022-23,2022-10-15,Fulham FC,AFC Bournemouth,2,2
2022-23,2022-10-15,Tottenham Hotspur FC,Everton FC,2,0
2022-23,2022-10-16,Southampton FC,West Ham United FC,1,1
2022-23,2022-10-16,Manchester United FC,Newcastle United FC,0,0
2022-23,2022-10-16,Leeds United FC,Arsenal FC,0,1
2022-23,2022-10-16,Aston Villa FC,Chelsea FC,0,2
2022-23,2022-10-16,Liverpool FC,Manchester City FC,1,0
2022-23,2022-10-18,Brighton & Hove Albion FC,Nottingham Forest FC,0,0
2022-23,2022-10-18,Crystal Palace FC,Wolverhampton Wanderers FC,2,1
2022-23,2022-10-19,Liverpool FC,West Ham United FC,1,0
2022-23,2022-10-19,Newcastle United FC,Everton FC,1,0
2022-23,2022-10-19,Brentford FC,Chelsea FC,0,0
2022-23,2022-10-19,AFC Bournemouth,Southampton FC,0,1
2022-23,2022-10-19,Manchester United FC,Tottenham Hotspur FC,2,0
2022-23,2022-10-20,Fulham FC,Aston Villa FC,3,0
2022-23,2022-10-20,Leicester City FC,Leeds United FC,2,0
2022-23,2022-10-22,Nottingham Forest FC,Liverpool FC,1,0
2022-23,2022-10-22,Manchester City FC,Brighton & Hove Albion FC,3,1
2022-23,2022-10-22,Everton FC,Crystal Palace FC,3,0
2022-23,2022-10-22,Chelsea FC,Manchester United FC,1,1
2022-23,2022-10-23,Southampton FC,Arsenal FC,1,1
2022-23,2022-10-23,Leeds United FC,Fulham FC,2,3
2022-23,2022-10-23,Aston Villa FC,Brentford FC,4,0
2022-23,2022-10-23,Wolverhampton Wanderers FC,Leicester City FC,0,4
2022-23,2022-10-23,Tottenham Hotspur FC,Newcastle United FC,1,2
2022-23,2022-10-24,West Ham United FC,AFC Bournemouth,2,0
2022-23,2022-10-29,Leicester City FC,Manchester City FC,0,1
2022-23,2022-10-29,Newcastle United FC,Aston Villa FC,4,0
2022-23,2022-10-29,Crystal Palace FC,Southampton FC,1,0
2022-23,2022-10-29,Brighton & Hove Albion FC,Chelsea FC,4,1
2022-23,2022-10-29,Brentford FC,Wolverhampton Wanderers FC,1,1
2022-23,2022-10-29,AFC Bournemouth,Tottenham Hotspur FC,2,3
2022-23,2022-10-29,Fulham FC,Everton FC,0,0
2022-23,2022-10-29,Liverpool FC,Leeds United FC,1,2
2022-23,2022-10-30,Arsenal FC,Nottingham Forest FC,5,0
2022-23,2022-10-30,Manchester United FC,West Ham United FC,1,0
2022-23,2022-11-05,Wolverhampton Wanderers FC,Brighton & Hove Albion FC,2,3
2022-23,2022-11-05,Nottingham Forest FC,Brentford FC,2,2
2022-23,2022-11-05,Manchester City FC,Fulham FC,2,1
2022-23,2022-11-05,Leeds United FC,AFC Bournemouth,4,3
2022-23,2022-11-05,Everton FC,Leicester City FC,0,2
2022-23,2022-11-06,Chelsea FC,Arsenal FC,0,1
2022-23,2022-11-06,West Ham United FC,Crystal Palace FC,1,2
2022-23,2022-11-06,Southampton FC,Newcastle United FC,1,4
2022-23,2022-11-06,Aston Villa FC,Manchester United FC,3,1
2022-23,2022-11-06,Tottenham Hotspur FC,Liverpool FC,1,2
2022-23,2022-11-12,Manchester City FC,Brentford FC,1,2
2022-23,2022-11-12,West Ham United FC,Leicester City FC,0,2
2022-23,2022-11-12,Tottenham Hotspur FC,Leeds United FC,4,3
2022-23,2022-11-12,Nottingham Forest FC,Crystal Palace FC,1,0
2022-23,2022-11-12,Liverpool FC,Southampton FC,3,1
2022-23,2022-11-12,AFC Bournemouth,Everton FC,3,0
2022-23,2022-11-12,Newcastle United FC,Chelsea FC,1,0
2022-23,2022-11-12,Wolverhampton Wanderers FC,Arsenal FC,0,2
2022-23,2022-11-13,Brighton & Hove Albion FC,Aston Villa FC,1,2
2022-23,2022-11-13,Fulham FC,Manchester United FC,1,2
2022-23,2022-12-26,Brentford FC,Tottenham Hotspur FC,2,2
2022-23,2022-12-26,Southampton FC,Brighton & Hove Albion FC,1,3
2022-23,2022-12-26,Leicester City FC,Newcastle United FC,0,3
2022-23,2022-12-26,Everton FC,Wolverhampton Wanderers FC,1,2
2022-23,2022-12-26,Crystal Palace FC,Fulham FC,0,3
2022-23,2022-12-26,Aston Villa FC,Liverpool FC,1,3
2022-23,2022-12-26,Arsenal FC,West Ham United FC,3,1
2022-23,2022-12-27,Chelsea FC,AFC Bournemouth,2,0
2022-23,2022-12-27,Manchester United FC,Nottingham Forest FC,3,0
2022-23,2022-12-28,Leeds United FC,Manchester City FC,1,3
2022-23,2022-12-30,West Ham United FC,Brentford FC,0,2
2022-23,2022-12-30,Liverpool FC,Leicester City FC,2,1
2022-23,2022-12-31,Wolverhampton Wanderers FC,Manchester United FC,0,1
2022-23,2022-12-31,Newcastle United FC,Leeds United FC,0,0
2022-23,2022-12-31,Manchester City FC,Everton FC,1,1
2022-23,2022-12-31,Fulham FC,Southampton FC,2,1
2022-23,2022-12-31,AFC Bournemouth,Crystal Palace FC,0,2
2022-23,2022-12-31,Brighton & Hove Albion FC,Arsenal FC,2,4
2022-23,2023-01-01,Tottenham Hotspur FC,Aston Villa FC,0,2
2022-23,2023-01-01,Nottingham Forest FC,Chelsea FC,1,1
2022-23,2023-01-02,Brentford FC,Liverpool FC,3,1
2022-23,2023-01-03,Leicester City FC,Fulham FC,0,1
2022-23,2023-01-03,Everton FC,Brighton & Hove Albion FC,1,4
2022-23,2023-01-03,Arsenal FC,Newcastle United FC,0,0
2022-23,2023-01-03,Manchester United FC,AFC Bournemouth,3,0
2022-23,2023-01-04,Southampton FC,Nottingham Forest FC,0,1
2022-23,2023-01-04,Leeds United FC,West Ham United FC,2,2
2022-23,2023-01-04,Crystal Palace FC,Tottenham Hotspur FC,0,4
2022-23,2023-01-04,Aston Villa FC,Wolverhampton Wanderers FC,1,1
2022-23,2023-01-05,Chelsea FC,Manchester City FC,0,1
2022-23,2023-01-12,Fulham FC,Chelsea FC,2,1
2022-23,2023-01-13,Aston Villa FC,Leeds United FC,2,1
2022-23,2023-01-14,Manchester United FC,Manchester City FC,2,1
2022-23,2023-01-14,Wolverhampton Wanderers FC,West Ham United FC,1,0
2022-23,2023-01-14,Nottingham Forest FC,Leicester City FC,2,0
2022-23,2023-01-14,Everton FC,Southampton FC,1,2
2022-23,2023-01-14,Brighton & Hove Albion FC,Liverpool FC,3,0
2022-23,2023-01-14,Brentford FC,AFC Bournemouth,2,0
2022-23,2023-01-15,Newcastle United FC,Fulham FC,1,0
2022-23,2023-01-15,Chelsea FC,Crystal Palace FC,1,0
2022-23,2023-01-15,Tottenham Hotspur FC,Arsenal FC,0,2
2022-23,2023-01-18,Crystal Palace FC,Manchester United FC,1,1
2022-23,2023-01-19,Manchester City FC,Tottenham Hotspur FC,4,2
2022-23,2023-01-21,Liverpool FC,Chelsea FC,0,0
2022-23,2023-01-21,West Ham United FC,Everton FC,2,0
2022-23,2023-01-21,Southampton FC,Aston Villa FC,0,1
2022-23,2023-01-21,Leicester City FC,Brighton & Hove Albion FC,2,2
2022-23,2023-01-21,AFC Bournemouth,Nottingham Forest FC,1,1
2022-23,2023-01-21,Crystal Palace FC,Newcastle United FC,0,0
2022-23,2023-01-22,Manchester City FC,Wolverhampton Wanderers FC,3,0
2022-23,2023-01-22,Leeds United FC,Brentford FC,0,0
2022-23,2023-01-22,Arsenal FC,Manchester United FC,3,2
2022-23,2023-01-23,Fulham FC,Tottenham Hotspur FC,0,1
2022-23,2023-02-03,Chelsea FC,Fulham FC,0,0
2022-23,2023-02-04,Everton FC,Arsenal FC,1,0
2022-23,2023-02-04,Wolverhampton Wanderers FC,Liverpool FC,3,0
2022-23,2023-02-04,Manchester United FC,Crystal Palace FC,2,1
2022-23,2023-02-04,Brighton & Hove Albion FC,AFC Bournemouth,1,0
2022-23,2023-02-04,Brentford FC,Southampton FC,3,0
2022-23,2023-02-04,Aston Villa FC,Leicester City FC,2,4
2022-23,2023-02-04,Newcastle United FC,West Ham United FC,1,1
2022-23,2023-02-05,Nottingham Forest FC,Leeds United FC,1,0
2022-23,2023-02-05,Tottenham Hotspur FC,Manchester City FC,1,0
2022-23,2023-02-08,Manchester United FC,Leeds United FC,2,2
2022-23,2023-02-11,West Ham United FC,Chelsea FC,1,1
2022-23,2023-02-11,Southampton FC,Wolverhampton Wanderers FC,1,2
2022-23,2023-02-11,Leicester City FC,Tottenham Hotspur FC,4,1
2022-23,2023-02-11,Fulham FC,Nottingham Forest FC,2,0
2022-23,2023-02-11,Crystal Palace FC,Brighton & Hove Albion FC,1,1
2022-23,2023-02-11,Arsenal FC,Brentford FC,1,1
2022-23,2023-02-11,AFC Bournemouth,Newcastle United FC,1,1
2022-23,2023-02-12,Leeds United FC,Manchester United FC,0,2
2022-23,2023-02-12,Manchester City FC,Aston Villa FC,3,1
2022-23,2023-02-13,Liverpool FC,Everton FC,2,0
2022-23,2023-02-15,Arsenal FC,Manchester City FC,1,3
2022-23,2023-02-18,Aston Villa FC,Arsenal FC,2,4
2022-23,2023-02-18,Wolverhampton Wanderers FC,AFC Bournemouth,0,1
2022-23,2023-02-18,Nottingham Forest FC,Manchester City FC,1,1
2022-23,2023-02-18,Everton FC,Leeds United FC,1,0
2022-23,2023-02-18,Chelsea FC,Southampton FC,0,1
2022-23,2023-02-18,Brighton & Hove Albion FC,Fulham FC,0,1
2022-23,2023-02-18,Brentford FC,Crystal Palace FC,1,1
2022-23,2023-02-18,Newcastle United FC,Liverpool FC,0,2
2022-23,2023-02-19,Manchester United FC,Leicester City FC,3,0
2022-23,2023-02-19,Tottenham Hotspur FC,West Ham United FC,2,0
2022-23,2023-02-24,Fulham FC,Wolverhampton Wanderers FC,1,1
2022-23,2023-02-25,West Ham United FC,Nottingham Forest FC,4,0
2022-23,2023-02-25,Leicester City FC,Arsenal FC,0,1
2022-23,2023-02-25,Leeds United FC,Southampton FC,1,0
2022-23,2023-02-25,Everton FC,Aston Villa FC,0,2
2022-23,2023-02-25,AFC Bournemouth,Manchester City FC,1,4
2022-23,2023-02-25,Crystal Palace FC,Liverpool FC,0,0
2022-23,2023-02-26,Tottenham Hotspur FC,Chelsea FC,2,0
2022-23,2023-03-01,Arsenal FC,Everton FC,4,0
2022-23,2023-03-01,Liverpool FC,Wolverhampton Wanderers FC,2,0
2022-23,2023-03-04,Manchester City FC,Newcastle United FC,2,0
2022-23,2023-03-04,Wolverhampton Wanderers FC,Tottenham Hotspur FC,1,0
2022-23,2023-03-04,Chelsea FC,Leeds United FC,1,0
2022-23,2023-03-04,Brighton & Hove Albion FC,West Ham United FC,4,0
2022-23,2023-03-04,Aston Villa FC,Crystal Palace FC,1,0
2022-23,2023-03-04,Arsenal FC,AFC Bournemouth,3,2
2022-23,2023-03-04,Southampton FC,Leicester City FC,1,0
2022-23,2023-03-05,Nottingham Forest FC,Everton FC,2,2
2022-23,2023-03-05,Liverpool FC,Manchester United FC,7,0
2022-23,2023-03-06,Brentford FC,Fulham FC,3,2
2022-23,2023-03-11,AFC Bournemouth,Liverpool FC,1,0
2022-23,2023-03-11,Tottenham Hotspur FC,Nottingham Forest FC,3,1
2022-23,2023-03-11,Leicester City FC,Chelsea FC,1,3
2022-23,2023-03-11,Leeds United FC,Brighton & Hove Albion FC,2,2
2022-23,2023-03-11,Everton FC,Brentford FC,1,0
2022-23,2023-03-11,Crystal Palace FC,Manchester City FC,0,1
2022-23,2023-03-12,West Ham United FC,Aston Villa FC,1,1
2022-23,2023-03-12,Manchester United FC,Southampton FC,0,0
2022-23,2023-03-12,Fulham FC,Arsenal FC,0,3
2022-23,2023-03-12,Newcastle United FC,Wolverhampton Wanderers FC,2,1
2022-23,2023-03-15,Brighton & Hove Albion FC,Crystal Palace FC,1,0
2022-23,2023-03-15,Southampton FC,Brentford FC,0,2
2022-23,2023-03-17,Nottingham Forest FC,Newcastle United FC,1,2
2022-23,2023-03-18,Wolverhampton Wanderers FC,Leeds United FC,2,4
2022-23,2023-03-18,Southampton FC,Tottenham Hotspur FC,3,3
2022-23,2023-03-18,Brentford FC,Leicester City FC,1,1
2022-23,2023-03-18,Aston Villa FC,AFC Bournemouth,3,0
2022-23,2023-03-18,Chelsea FC,Everton FC,2,2
2022-23,2023-03-19,Arsenal FC,Crystal Palace FC,4,1
2022-23,2023-04-01,Manchester City FC,Liverpool FC,4,1
2022-23,2023-04-01,Nottingham Forest FC,Wolverhampton Wanderers FC,1,1
2022-23,2023-04-01,Crystal Palace FC,Leicester City FC,2,1
2022-23,2023-04-01,Brighton & Hove Albion FC,Brentford FC,3,3
2022-23,2023-04-01,AFC Bournemouth,Fulham FC,2,1
2022-23,2023-04-01,Arsenal FC,Leeds United FC,4,1
2022-23,2023-04-01,Chelsea FC,Aston Villa FC,0,2
2022-23,2023-04-02,West Ham United FC,Southampton FC,1,0
2022-23,2023-04-02,Newcastle United FC,Manchester United FC,2,0
2022-23,2023-04-03,Everton FC,Tottenham Hotspur FC,1,1
2022-23,2023-04-04,Leicester City FC,Aston Villa FC,1,2
2022-23,2023-04-04,Leeds United FC,Nottingham Forest FC,2,1
2022-23,2023-04-04,AFC Bournemouth,Brighton & Hove Albion FC,0,2
2022-23,2023-04-04,Chelsea FC,Liverpool FC,0,0
2022-23,2023-04-05,West Ham United FC,Newcastle United FC,1,5
2022-23,2023-04-05,Manchester United FC,Brentford FC,1,0
2022-23,2023-04-08,Manchester United FC,Everton FC,2,0
2022-23,2023-04-08,Wolverhampton Wanderers FC,Chelsea FC,1,0
2022-23,2023-04-08,Tottenham Hotspur FC,Brighton & Hove Albion FC,2,1
2022-23,2023-04-08,Leicester City FC,AFC Bournemouth,0,1
2022-23,2023-04-08,Fulham FC,West Ham United FC,0,1
2022-23,2023-04-08,Brentford FC,Newcastle United FC,1,2
2022-23,2023-04-08,Aston Villa FC,Nottingham Forest FC,2,0
2022-23,2023-04-08,Southampton FC,Manchester City FC,1,4
2022-23,2023-04-09,Leeds United FC,Crystal Palace FC,1,5
2022-23,2023-04-09,Liverpool FC,Arsenal FC,2,2
2022-23,2023-04-15,Aston Villa FC,Newcastle United FC,3,0
2022-23,2023-04-15,Wolverhampton Wanderers FC,Brentford FC,2,0
2022-23,2023-04-15,Southampton FC,Crystal Palace FC,0,2
2022-23,2023-04-15,Everton FC,Fulham FC,1,3
2022-23,2023-04-15,Chelsea FC,Brighton & Hove Albion FC,1,2
2022-23,2023-04-15,Tottenham Hotspur FC,AFC Bournemouth,2,3
2022-23,2023-04-15,Manchester City FC,Leicester City FC,3,1
2022-23,2023-04-16,West Ham United FC,Arsenal FC,2,2
2022-23,2023-04-16,Nottingham Forest FC,Manchester United FC,0,2
2022-23,2023-04-17,Leeds United FC,Liverpool FC,1,6
2022-23,2023-04-21,Arsenal FC,Southampton FC,3,3
2022-23,2023-04-22,Fulham FC,Leeds United FC,2,1
2022-23,2023-04-22,Liverpool FC,Nottingham Forest FC,3,2
2022-23,2023-04-22,Leicester City FC,Wolverhampton Wanderers FC,2,1
2022-23,2023-04-22,Crystal Palace FC,Everton FC,0,0
2022-23,2023-04-22,Brentford FC,Aston Villa FC,1,1
2022-23,2023-04-23,Newcastle United FC,Tottenham Hotspur FC,6,1
2022-23,2023-04-23,AFC Bournemouth,West Ham United FC,0,4
2022-23,2023-04-25,Wolverhampton Wanderers FC,Crystal Palace FC,2,0
2022-23,2023-04-25,Aston Villa FC,Fulham FC,1,0
2022-23,2023-04-25,Leeds United FC,Leicester City FC,1,1
2022-23,2023-04-26,Nottingham Forest FC,Brighton & Hove Albion FC,3,1
2022-23,2023-04-26,Chelsea FC,Brentford FC,0,2
2022-23,2023-04-26,West Ham United FC,Liverpool FC,1,2
2022-23,2023-04-26,Manchester City FC,Arsenal FC,4,1
2022-23,2023-04-27,Southampton FC,AFC Bournemouth,0,1
2022-23,2023-04-27,Everton FC,Newcastle United FC,1,4
2022-23,2023-04-27,Tottenham Hotspur FC,Manchester United FC,2,2
2022-23,2023-04-29,Crystal Palace FC,West Ham United FC,4,3
2022-23,2023-04-29,Brighton & Hove Albion FC,Wolverhampton Wanderers FC,6,0
2022-23,2023-04-29,Brentford FC,Nottingham Forest FC,2,1
2022-23,2023-04-30,Newcastle United FC,Southampton FC,3,1
2022-23,2023-04-30,Manchester United FC,Aston Villa FC,1,0
2022-23,2023-04-30,Fulham FC,Manchester City FC,1,2
2022-23,2023-04-30,AFC Bournemouth,Leeds United FC,4,1
2022-23,2023-04-30,Liverpool FC,Tottenham Hotspur FC,4,3
2022-23,2023-05-01,Leicester City FC,Everton FC,2,2
2022-23,2023-05-02,Arsenal FC,Chelsea FC,3,1
2022-23,2023-05-03,Manchester City FC,West Ham United FC,3,0
2022-23,2023-05-03,Liverpool FC,Fulham FC,1,0
2022-23,2023-05-04,Brighton & Hove Albion FC,Manchester United FC,1,0
2022-23,2023-05-06,Wolverhampton Wanderers FC,Aston Villa FC,1,0
2022-23,2023-05-06,Tottenham Hotspur FC,Crystal Palace FC,1,0
2022-23,2023-05-06,Manchester City FC,Leeds United FC,2,1
2022-23,2023-05-06,AFC Bournemouth,Chelsea FC,1,3
2022-23,2023-05-06,Liverpool FC,Brentford FC,1,0
2022-23,2023-05-07,Newcastle United FC,Arsenal FC,0,2
2022-23,2023-05-07,West Ham United FC,Manchester United FC,1,0
2022-23,2023-05-08,Fulham FC,Leicester City FC,5,3
2022-23,2023-05-08,Brighton & Hove Albion FC,Everton FC,1,5
2022-23,2023-05-08,Nottingham Forest FC,Southampton FC,4,3
2022-23,2023-05-13,Leeds United FC,Newcastle United FC,2,2
2022-23,2023-05-13,Southampton FC,Fulham FC,0,2
2022-23,2023-05-13,Manchester United FC,Wolverhampton Wanderers FC,2,0
2022-23,2023-05-13,Crystal Palace FC,AFC Bournemouth,2,0
2022-23,2023-05-13,Chelsea FC,Nottingham Forest FC,2,2
2022-23,2023-05-13,Aston Villa FC,Tottenham Hotspur FC,2,1
2022-23,2023-05-14,Everton FC,Manchester City FC,0,3
2022-23,2023-05-14,Brentford FC,West Ham United FC,2,0
2022-23,2023-05-14,Arsenal FC,Brighton & Hove Albion FC,0,3
2022-23,2023-05-15,Leicester City FC,Liverpool FC,0,3
2022-23,2023-05-18,Newcastle United FC,Brighton & Hove Albion FC,4,1
2022-23,2023-05-20,Tottenham Hotspur FC,Brentford FC,1,3
2022-23,2023-05-20,Wolverhampton Wanderers FC,Everton FC,1,1
2022-23,2023-05-20,Liverpool FC,Aston Villa FC,1,1
2022-23,2023-05-20,Fulham FC,Crystal Palace FC,2,2
2022-23,2023-05-20,AFC Bournemouth,Manchester United FC,0,1
2022-23,2023-05-20,Nottingham Forest FC,Arsenal FC,1,0
2022-23,2023-05-21,West Ham United FC,Leeds United FC,3,1
2022-23,2023-05-21,Brighton & Hove Albion FC,Southampton FC,3,1
2022-23,2023-05-21,Manchester City FC,Chelsea FC,1,0
2022-23,2023-05-22,Newcastle United FC,Leicester City FC,0,0
2022-23,2023-05-24,Brighton & Hove Albion FC,Manchester City FC,1,1
2022-23,2023-05-25,Manchester United FC,Chelsea FC,4,1
2022-23,2023-05-28,Southampton FC,Liverpool FC,4,4
2022-23,2023-05-28,Manchester United FC,Fulham FC,2,1
2022-23,2023-05-28,Leicester City FC,West Ham United FC,2,1
2022-23,2023-05-28,Leeds United FC,Tottenham Hotspur FC,1,4
2022-23,2023-05-28,Everton FC,AFC Bournemouth,1,0
2022-23,2023-05-28,Crystal Palace FC,Nottingham Forest FC,1,1
2022-23,2023-05-28,Chelsea FC,Newcastle United FC,1,1
2022-23,2023-05-28,Brentford FC,Manchester City FC,1,0
2022-23,2023-05-28,Aston Villa FC,Brighton & Hove Albion FC,2,1
2022-23,2023-05-28,Arsenal FC,Wolverhampton Wanderers FC,5,0
2023-24,2023-08-11,Burnley FC,Manchester City FC,0,3
2023-24,2023-08-12,Arsenal FC,Nottingham Forest FC,2,1
2023-24,2023-08-12,AFC Bournemouth,West Ham United FC,1,1
2023-24,2023-08-12,Brighton & Hove Albion FC,Luton Town FC,4,1
2023-24,2023-08-12,Everton FC,Fulham FC,0,1
2023-24,2023-08-12,Sheffield United FC,Crystal Palace FC,0,1
2023-24,2023-08-12,Newcastle United FC,Aston Villa FC,5,1
2023-24,2023-08-13,Brentford FC,Tottenham Hotspur FC,2,2
2023-24,2023-08-13,Chelsea FC,Liverpool FC,1,1
2023-24,2023-08-14,Manchester United FC,Wolverhampton Wanderers FC,1,0
2023-24,2023-08-18,Nottingham Forest FC,Sheffield United FC,2,1
2023-24,2023-08-19,Fulham FC,Brentford FC,0,3
2023-24,2023-08-19,Liverpool FC,AFC Bournemouth,3,1
2023-24,2023-08-19,Wolverhampton Wanderers FC,Brighton & Hove Albion FC,1,4
2023-24,2023-08-19,Tottenham Hotspur FC,Manchester United FC,2,0
2023-24,2023-08-19,Manchester City FC,Newcastle United FC,1,0
2023-24,2023-08-20,Aston Villa FC,Everton FC,4,0
2023-24,2023-08-20,West Ham United FC,Chelsea FC,3,1
2023-24,2023-08-21,Crystal Palace FC,Arsenal FC,0,1
2023-24,2023-08-25,Chelsea FC,Luton Town FC,3,0
2023-24,2023-08-26,AFC Bournemouth,Tottenham Hotspur FC,0,2
2023-24,2023-08-26,Everton FC,Wolverhampton Wanderers FC,0,1
2023-24,2023-08-26,Manchester United FC,Nottingham Forest FC,3,2
2023-24,2023-08-26,Arsenal FC,Fulham FC,2,2
2023-24,2023-08-26,Brentford FC,Crystal Palace FC,1,1
2023-24,2023-08-26,Brighton & Hove Albion FC,West Ham United FC,1,3
2023-24,2023-08-27,Sheffield United FC,Manchester City FC,1,2
2023-24,2023-08-27,Burnley FC,Aston Villa FC,1,3
2023-24,2023-08-27,Newcastle United FC,Liverpool FC,1,2
2023-24,2023-09-01,Luton Town FC,West Ham United FC,1,2
2023-24,2023-09-02,Sheffield United FC,Everton FC,2,2
2023-24,2023-09-02,Brentford FC,AFC Bournemouth,2,2
2023-24,2023-09-02,Burnley FC,Tottenham Hotspur FC,2,5
2023-24,2023-09-02,Chelsea FC,Nottingham Forest FC,0,1
2023-24,2023-09-02,Manchester City FC,Fulham FC,5,1
2023-24,2023-09-02,Brighton & Hove Albion FC,Newcastle United FC,3,1
2023-24,2023-09-03,Crystal Palace FC,Wolverhampton Wanderers FC,3,2
2023-24,2023-09-03,Liverpool FC,Aston Villa FC,3,0
2023-24,2023-09-03,Arsenal FC,Manchester United FC,3,1
2023-24,2023-09-16,Wolverhampton Wanderers FC,Liverpool FC,1,3
2023-24,2023-09-16,Aston Villa FC,Crystal Palace FC,3,1
2023-24,2023-09-16,Fulham FC,Luton Town FC,1,0
2023-24,2023-09-16,Manchester United FC,Brighton & Hove Albion FC,1,3
2023-24,2023-09-16,Tottenham Hotspur FC,Sheffield United FC,2,1
2023-24,2023-09-16,West Ham United FC,Manchester City FC,1,3
2023-24,2023-09-16,Newcastle United FC,Brentford FC,1,0
2023-24,2023-09-17,AFC Bournemouth,Chelsea FC,0,0
2023-24,2023-09-17,Everton FC,Arsenal FC,0,1
2023-24,2023-09-18,Nottingham Forest FC,Burnley FC,1,1
2023-24,2023-09-23,Crystal Palace FC,Fulham FC,0,0
2023-24,2023-09-23,Luton Town FC,Wolverhampton Wanderers FC,1,1
2023-24,2023-09-23,Manchester City FC,Nottingham Forest FC,2,0
2023-24,2023-09-23,Brentford FC,Everton FC,1,3
2023-24,2023-09-23,Burnley FC,Manchester United FC,0,1
2023-24,2023-09-24,Arsenal FC,Tottenham Hotspur FC,2,2
2023-24,2023-09-24,Brighton & Hove Albion FC,AFC Bournemouth,3,1
2023-24,2023-09-24,Chelsea FC,Aston Villa FC,0,1
2023-24,2023-09-24,Liverpool FC,West Ham United FC,3,1
2023-24,2023-09-24,Sheffield United FC,Newcastle United FC,0,8
2023-24,2023-09-30,Aston Villa FC,Brighton & Hove Albion FC,6,1
2023-24,2023-09-30,AFC Bournemouth,Arsenal FC,0,4
2023-24,2023-09-30,Everton FC,Luton Town FC,1,2
2023-24,2023-09-30,Manchester United FC,Crystal Palace FC,0,1
2023-24,2023-09-30,Newcastle United FC,Burnley FC,2,0
2023-24,2023-09-30,West Ham United FC,Sheffield United FC,2,0
2023-24,2023-09-30,Wolverhampton Wanderers FC,Manchester City FC,2,1
2023-24,2023-09-30,Tottenham Hotspur FC,Liverpool FC,2,1
2023-24,2023-10-01,Nottingham Forest FC,Brentford FC,1,1
2023-24,2023-10-02,Fulham FC,Chelsea FC,0,2
2023-24,2023-10-03,Luton Town FC,Burnley FC,1,2
2023-24,2023-10-07,Luton Town FC,Tottenham Hotspur FC,0,1
2023-24,2023-10-07,Burnley FC,Chelsea FC,1,4
2023-24,2023-10-07,Everton FC,AFC Bournemouth,3,0
2023-24,2023-10-07,Fulham FC,Sheffield United FC,3,1
2023-24,2023-10-07,Manchester United FC,Brentford FC,2,1
2023-24,2023-10-07,Crystal Palace FC,Nottingham Forest FC,0,0
2023-24,2023-10-08,Brighton & Hove Albion FC,Liverpool FC,2,2
2023-24,2023-10-08,West Ham United FC,Newcastle United FC,2,2
2023-24,2023-10-08,Wolverhampton Wanderers FC,Aston Villa FC,1,1
2023-24,2023-10-08,Arsenal FC,Manchester City FC,1,0
2023-24,2023-10-21,Liverpool FC,Everton FC,2,0
2023-24,2023-10-21,AFC Bournemouth,Wolverhampton Wanderers FC,1,2
2023-24,2023-10-21,Brentford FC,Burnley FC,3,0
2023-24,2023-10-21,Manchester City FC,Brighton & Hove Albion FC,2,1
2023-24,2023-10-21,Newcastle United FC,Crystal Palace FC,4,0
2023-24,2023-10-21,Nottingham Forest FC,Luton Town FC,2,2
2023-24,2023-10-21,Chelsea FC,Arsenal FC,2,2
2023-24,2023-10-21,Sheffield United FC,Manchester United FC,1,2
2023-24,2023-10-22,Aston Villa FC,West Ham United FC,4,1
2023-24,2023-10-23,Tottenham Hotspur FC,Fulham FC,2,0
2023-24,2023-10-27,Crystal Palace FC,Tottenham Hotspur FC,1,2
2023-24,2023-10-28,Chelsea FC,Brentford FC,0,2
2023-24,2023-10-28,AFC Bournemouth,Burnley FC,2,1
2023-24,2023-10-28,Arsenal FC,Sheffield United FC,5,0
2023-24,2023-10-28,Wolverhampton Wanderers FC,Newcastle United FC,2,2
2023-24,2023-10-29,West Ham United FC,Everton FC,0,1
2023-24,2023-10-29,Aston Villa FC,Luton Town FC,3,1
2023-24,2023-10-29,Brighton & Hove Albion FC,Fulham FC,1,1
2023-24,2023-10-29,Liverpool FC,Nottingham Forest FC,3,0
2023-24,2023-10-29,Manchester United FC,Manchester City FC,0,3
2023-24,2023-11-04,Fulham FC,Manchester United FC,0,1
2023-24,2023-11-04,Brentford FC,West Ham United FC,3,2
2023-24,2023-11-04,Burnley FC,Crystal Palace FC,0,2
2023-24,2023-11-04,Everton FC,Brighton & Hove Albion FC,1,1
2023-24,2023-11-04,Manchester City FC,AFC Bournemouth,6,1
2023-24,2023-11-04,Sheffield United FC,Wolverhampton Wanderers FC,2,1
2023-24,2023-11-04,Newcastle United FC,Arsenal FC,1,0
2023-24,2023-11-05,Nottingham Forest FC,Aston Villa FC,2,0
2023-24,2023-11-05,Luton Town FC,Liverpool FC,1,1
2023-24,2023-11-06,Tottenham Hotspur FC,Chelsea FC,1,4
2023-24,2023-11-11,Wolverhampton Wanderers FC,Tottenham Hotspur FC,2,1
2023-24,2023-11-11,Arsenal FC,Burnley FC,3,1
2023-24,2023-11-11,Crystal Palace FC,Everton FC,2,3
2023-24,2023-11-11,Manchester United FC,Luton Town FC,1,0
2023-24,2023-11-11,AFC Bournemouth,Newcastle United FC,2,0
2023-24,2023-11-12,Aston Villa FC,Fulham FC,3,1
2023-24,2023-11-12,Brighton & Hove Albion FC,Sheffield United FC,1,1
2023-24,2023-11-12,Liverpool FC,Brentford FC,3,0
2023-24,2023-11-12,West Ham United FC,Nottingham Forest FC,3,2
2023-24,2023-11-12,Chelsea FC,Manchester City FC,4,4
2023-24,2023-11-25,Manchester City FC,Liverpool FC,1,1
2023-24,2023-11-25,Burnley FC,West Ham United FC,1,2
2023-24,2023-11-25,Luton Town FC,Crystal Palace FC,2,1
2023-24,2023-11-25,Newcastle United FC,Chelsea FC,4,1
2023-24,2023-11-25,Nottingham Forest FC,Brighton & Hove Albion FC,2,3
2023-24,2023-11-25,Sheffield United FC,AFC Bournemouth,1,3
2023-24,2023-11-25,Brentford FC,Arsenal FC,0,1
2023-24,2023-11-26,Tottenham Hotspur FC,Aston Villa FC,1,2
2023-24,2023-11-26,Everton FC,Manchester United FC,0,3
2023-24,2023-11-27,Fulham FC,Wolverhampton Wanderers FC,3,2
2023-24,2023-12-02,Arsenal FC,Wolverhampton Wanderers FC,2,1
2023-24,2023-12-02,Brentford FC,Luton Town FC,3,1
2023-24,2023-12-02,Burnley FC,Sheffield United FC,5,0
2023-24,2023-12-02,Nottingham Forest FC,Everton FC,0,1
2023-24,2023-12-02,Newcastle United FC,Manchester United FC,1,0
2023-24,2023-12-03,AFC Bournemouth,Aston Villa FC,2,2
2023-24,2023-12-03,Chelsea FC,Brighton & Hove Albion FC,3,2
2023-24,2023-12-03,Liverpool FC,Fulham FC,4,3
2023-24,2023-12-03,West Ham United FC,Crystal Palace FC,1,1
2023-24,2023-12-03,Manchester City FC,Tottenham Hotspur FC,3,3
2023-24,2023-12-05,Wolverhampton Wanderers FC,Burnley FC,1,0
2023-24,2023-12-05,Luton Town FC,Arsenal FC,3,4
2023-24,2023-12-06,Brighton & Hove Albion FC,Brentford FC,2,1
2023-24,2023-12-06,Fulham FC,Nottingham Forest FC,5,0
2023-24,2023-12-06,Sheffield United FC,Liverpool FC,0,2
2023-24,2023-12-06,Crystal Palace FC,AFC Bournemouth,0,2
2023-24,2023-12-06,Aston Villa FC,Manchester City FC,1,0
2023-24,2023-12-06,Manchester United FC,Chelsea FC,2,1
2023-24,2023-12-07,Everton FC,Newcastle United FC,3,0
2023-24,2023-12-07,Tottenham Hotspur FC,West Ham United FC,1,2
2023-24,2023-12-09,Crystal Palace FC,Liverpool FC,1,2
2023-24,2023-12-09,Brighton & Hove Albion FC,Burnley FC,1,1
2023-24,2023-12-09,Manchester United FC,AFC Bournemouth,0,3
2023-24,2023-12-09,Sheffield United FC,Brentford FC,1,0
2023-24,2023-12-09,Wolverhampton Wanderers FC,Nottingham Forest FC,1,1
2023-24,2023-12-09,Aston Villa FC,Arsenal FC,1,0
2023-24,2023-12-10,Everton FC,Chelsea FC,2,0
2023-24,2023-12-10,Fulham FC,West Ham United FC,5,0
2023-24,2023-12-10,Luton Town FC,Manchester City FC,1,2
2023-24,2023-12-10,Tottenham Hotspur FC,Newcastle United FC,4,1
2023-24,2023-12-15,Nottingham Forest FC,Tottenham Hotspur FC,0,2
2023-24,2023-12-16,Chelsea FC,Sheffield United FC,2,0
2023-24,2023-12-16,Manchester City FC,Crystal Palace FC,2,2
2023-24,2023-12-16,Newcastle United FC,Fulham FC,3,0
2023-24,2023-12-16,Burnley FC,Everton FC,0,2
2023-24,2023-12-17,Arsenal FC,Brighton & Hove Albion FC,2,0
2023-24,2023-12-17,Brentford FC,Aston Villa FC,1,2
2023-24,2023-12-17,West Ham United FC,Wolverhampton Wanderers FC,3,0
2023-24,2023-12-17,Liverpool FC,Manchester United FC,0,0
2023-24,2023-12-21,Crystal Palace FC,Brighton & Hove Albion FC,1,1
2023-24,2023-12-22,Aston Villa FC,Sheffield United FC,1,1
2023-24,2023-12-23,West Ham United FC,Manchester United FC,2,0
2023-24,2023-12-23,Fulham FC,Burnley FC,0,2
2023-24,2023-12-23,Luton Town FC,Newcastle United FC,1,0
2023-24,2023-12-23,Nottingham Forest FC,AFC Bournemouth,2,3
2023-24,2023-12-23,Tottenham Hotspur FC,Everton FC,2,1
2023-24,2023-12-23,Liverpool FC,Arsenal FC,1,1
2023-24,2023-12-24,Wolverhampton Wanderers FC,Chelsea FC,2,1
2023-24,2023-12-26,Newcastle United FC,Nottingham Forest FC,1,3
2023-24,2023-12-26,AFC Bournemouth,Fulham FC,3,0
2023-24,2023-12-26,Sheffield United FC,Luton Town FC,2,3
2023-24,2023-12-26,Burnley FC,Liverpool FC,0,2
2023-24,2023-12-26,Manchester United FC,Aston Villa FC,3,2
2023-24,2023-12-27,Brentford FC,Wolverhampton Wanderers FC,1,4
2023-24,2023-12-27,Chelsea FC,Crystal Palace FC,2,1
2023-24,2023-12-27,Everton FC,Manchester City FC,1,3
2023-24,2023-12-28,Brighton & Hove Albion FC,Tottenham Hotspur FC,4,2
2023-24,2023-12-28,Arsenal FC,West Ham United FC,0,2
2023-24,2023-12-30,Luton Town FC,Chelsea FC,2,3
2023-24,2023-12-30,Aston Villa FC,Burnley FC,3,2
2023-24,2023-12-30,Crystal Palace FC,Brentford FC,3,1
2023-24,2023-12-30,Manchester City FC,Sheffield United FC,2,0
2023-24,2023-12-30,Wolverhampton Wanderers FC,Everton FC,3,0
2023-24,2023-12-30,Nottingham Forest FC,Manchester United FC,2,1
2023-24,2023-12-31,Fulham FC,Arsenal FC,2,1
2023-24,2023-12-31,Tottenham Hotspur FC,AFC Bournemouth,3,1
2023-24,2024-01-01,Liverpool FC,Newcastle United FC,4,2
2023-24,2024-01-02,West Ham United FC,Brighton & Hove Albion FC,0,0
2023-24,2024-01-12,Burnley FC,Luton Town FC,1,1
2023-24,2024-01-13,Chelsea FC,Fulham FC,1,0
2023-24,2024-01-13,Newcastle United FC,Manchester City FC,2,3
2023-24,2024-01-14,Everton FC,Aston Villa FC,0,0
2023-24,2024-01-14,Manchester United FC,Tottenham Hotspur FC,2,2
2023-24,2024-01-20,Arsenal FC,Crystal Palace FC,5,0
2023-24,2024-01-20,Brentford FC,Nottingham Forest FC,3,2
2023-24,2024-01-21,Sheffield United FC,West Ham United FC,2,2
2023-24,2024-01-21,AFC Bournemouth,Liverpool FC,0,4
2023-24,2024-01-22,Brighton & Hove Albion FC,Wolverhampton Wanderers FC,0,0
2023-24,2024-01-30,Nottingham Forest FC,Arsenal FC,1,2
2023-24,2024-01-30,Luton Town FC,Brighton & Hove Albion FC,4,0
2023-24,2024-01-30,Fulham FC,Everton FC,0,0
2023-24,2024-01-30,Crystal Palace FC,Sheffield United FC,3,2
2023-24,2024-01-30,Aston Villa FC,Newcastle United FC,1,3
2023-24,2024-01-31,Tottenham Hotspur FC,Brentford FC,3,2
2023-24,2024-01-31,Manchester City FC,Burnley FC,3,1
2023-24,2024-01-31,Liverpool FC,Chelsea FC,4,1
2023-24,2024-02-01,West Ham United FC,AFC Bournemouth,1,1
2023-24,2024-02-01,Wolverhampton Wanderers FC,Manchester United FC,3,4
2023-24,2024-02-03,Everton FC,Tottenham Hotspur FC,2,2
2023-24,2024-02-03,Brighton & Hove Albion FC,Crystal Palace FC,4,1
2023-24,2024-02-03,Burnley FC,Fulham FC,2,2
2023-24,2024-02-03,Newcastle United FC,Luton Town FC,4,4
2023-24,2024-02-03,Sheffield United FC,Aston Villa FC,0,5
2023-24,2024-02-04,AFC Bournemouth,Nottingham Forest FC,1,1
2023-24,2024-02-04,Chelsea FC,Wolverhampton Wanderers FC,2,4
2023-24,2024-02-04,Manchester United FC,West Ham United FC,3,0
2023-24,2024-02-04,Arsenal FC,Liverpool FC,3,1
2023-24,2024-02-05,Brentford FC,Manchester City FC,1,3
2023-24,2024-02-10,Manchester City FC,Everton FC,2,0
2023-24,2024-02-10,Fulham FC,AFC Bournemouth,3,1
2023-24,2024-02-10,Liverpool FC,Burnley FC,3,1
2023-24,2024-02-10,Luton Town FC,Sheffield United FC,1,3
2023-24,2024-02-10,Tottenham Hotspur FC,Brighton & Hove Albion FC,2,1
2023-24,2024-02-10,Wolverhampton Wanderers FC,Brentford FC,0,2
2023-24,2024-02-10,Nottingham Forest FC,Newcastle United FC,2,3
2023-24,2024-02-11,West Ham United FC,Arsenal FC,0,6
2023-24,2024-02-11,Aston Villa FC,Manchester United FC,1,2
2023-24,2024-02-12,Crystal Palace FC,Chelsea FC,1,3
2023-24,2024-02-17,Brentford FC,Liverpool FC,1,4
2023-24,2024-02-17,Burnley FC,Arsenal FC,0,5
2023-24,2024-02-17,Fulham FC,Aston Villa FC,1,2
2023-24,2024-02-17,Newcastle United FC,AFC Bournemouth,2,2
2023-24,2024-02-17,Nottingham Forest FC,West Ham United FC,2,0
2023-24,2024-02-17,Tottenham Hotspur FC,Wolverhampton Wanderers FC,1,2
2023-24,2024-02-17,Manchester City FC,Chelsea FC,1,1
2023-24,2024-02-18,Sheffield United FC,Brighton & Hove Albion FC,0,5
2023-24,2024-02-18,Luton Town FC,Manchester United FC,1,2
2023-24,2024-02-19,Everton FC,Crystal Palace FC,1,1
2023-24,2024-02-20,Manchester City FC,Brentford FC,1,0
2023-24,2024-02-21,Liverpool FC,Luton Town FC,4,1
2023-24,2024-02-24,Aston Villa FC,Nottingham Forest FC,4,2
2023-24,2024-02-24,Brighton & Hove Albion FC,Everton FC,1,1
2023-24,2024-02-24,Crystal Palace FC,Burnley FC,3,0
2023-24,2024-02-24,Manchester United FC,Fulham FC,1,2
2023-24,2024-02-24,AFC Bournemouth,Manchester City FC,0,1
2023-24,2024-02-24,Arsenal FC,Newcastle United FC,4,1
2023-24,2024-02-25,Wolverhampton Wanderers FC,Sheffield United FC,1,0
2023-24,2024-02-26,West Ham United FC,Brentford FC,4,2
2023-24,2024-03-02,Brentford FC,Chelsea FC,2,2
2023-24,2024-03-02,Everton FC,West Ham United FC,1,3
2023-24,2024-03-02,Fulham FC,Brighton & Hove Albion FC,3,0
2023-24,2024-03-02,Newcastle United FC,Wolverhampton Wanderers FC,3,0
2023-24,2024-03-02,Nottingham Forest FC,Liverpool FC,0,1
2023-24,2024-03-02,Tottenham Hotspur FC,Crystal Palace FC,3,1
2023-24,2024-03-02,Luton Town FC,Aston Villa FC,2,3
2023-24,2024-03-03,Burnley FC,AFC Bournemouth,0,2
2023-24,2024-03-03,Manchester City FC,Manchester United FC,3,1
2023-24,2024-03-04,Sheffield United FC,Arsenal FC,0,6
2023-24,2024-03-09,Manchester United FC,Everton FC,2,0
2023-24,2024-03-09,AFC Bournemouth,Sheffield United FC,2,2
2023-24,2024-03-09,Crystal Palace FC,Luton Town FC,1,1
2023-24,2024-03-09,Wolverhampton Wanderers FC,Fulham FC,2,1
2023-24,2024-03-09,Arsenal FC,Brentford FC,2,1
2023-24,2024-03-10,Aston Villa FC,Tottenham Hotspur FC,0,4
2023-24,2024-03-10,Brighton & Hove Albion FC,Nottingham Forest FC,1,0
2023-24,2024-03-10,West Ham United FC,Burnley FC,2,2
2023-24,2024-03-10,Liverpool FC,Manchester City FC,1,1
2023-24,2024-03-11,Chelsea FC,Newcastle United FC,3,2
2023-24,2024-03-13,AFC Bournemouth,Luton Town FC,4,3
2023-24,2024-03-16,Burnley FC,Brentford FC,2,1
2023-24,2024-03-16,Luton Town FC,Nottingham Forest FC,1,1
2023-24,2024-03-16,Fulham FC,Tottenham Hotspur FC,3,0
2023-24,2024-03-17,West Ham United FC,Aston Villa FC,1,1
2023-24,2024-03-30,Newcastle United FC,West Ham United FC,4,3
2023-24,2024-03-30,AFC Bournemouth,Everton FC,2,1
2023-24,2024-03-30,Chelsea FC,Burnley FC,2,2
2023-24,2024-03-30,Nottingham Forest FC,Crystal Palace FC,1,1
2023-24,2024-03-30,Sheffield United FC,Fulham FC,3,3
2023-24,2024-03-30,Tottenham Hotspur FC,Luton Town FC,2,1
2023-24,2024-03-30,Aston Villa FC,Wolverhampton Wanderers FC,2,0
2023-24,2024-03-30,Brentford FC,Manchester United FC,1,1
2023-24,2024-03-31,Liverpool FC,Brighton & Hove Albion FC,2,1
2023-24,2024-03-31,Manchester City FC,Arsenal FC,0,0
2023-24,2024-04-02,Nottingham Forest FC,Fulham FC,3,1
2023-24,2024-04-02,Newcastle United FC,Everton FC,1,1
2023-24,2024-04-02,AFC Bournemouth,Crystal Palace FC,1,0
2023-24,2024-04-02,Burnley FC,Wolverhampton Wanderers FC,1,1
2023-24,2024-04-02,West Ham United FC,Tottenham Hotspur FC,1,1
2023-24,2024-04-03,Arsenal FC,Luton Town FC,2,0
2023-24,2024-04-03,Brentford FC,Brighton & Hove Albion FC,0,0
2023-24,2024-04-03,Manchester City FC,Aston Villa FC,4,1
2023-24,2024-04-04,Liverpool FC,Sheffield United FC,3,1
2023-24,2024-04-04,Chelsea FC,Manchester United FC,4,3
2023-24,2024-04-06,Crystal Palace FC,Manchester City FC,2,4
2023-24,2024-04-06,Aston Villa FC,Brentford FC,3,3
2023-24,2024-04-06,Everton FC,Burnley FC,1,0
2023-24,2024-04-06,Fulham FC,Newcastle United FC,0,1
2023-24,2024-04-06,Luton Town FC,AFC Bournemouth,2,1
2023-24,2024-04-06,Wolverhampton Wanderers FC,West Ham United FC,1,2
2023-24,2024-04-06,Brighton & Hove Albion FC,Arsenal FC,0,3
2023-24,2024-04-07,Manchester United FC,Liverpool FC,2,2
2023-24,2024-04-07,Sheffield United FC,Chelsea FC,2,2
2023-24,2024-04-07,Tottenham Hotspur FC,Nottingham Forest FC,3,1
2023-24,2024-04-13,Newcastle United FC,Tottenham Hotspur FC,4,0
2023-24,2024-04-13,Brentford FC,Sheffield United FC,2,0
2023-24,2024-04-13,Burnley FC,Brighton & Hove Albion FC,1,1
2023-24,2024-04-13,Manchester City FC,Luton Town FC,5,1
2023-24,2024-04-13,Nottingham Forest FC,Wolverhampton Wanderers FC,2,2
2023-24,2024-04-13,AFC Bournemouth,Manchester United FC,2,2
2023-24,2024-04-14,Liverpool FC,Crystal Palace FC,0,1
2023-24,2024-04-14,West Ham United FC,Fulham FC,0,2
2023-24,2024-04-14,Arsenal FC,Aston Villa FC,0,2
2023-24,2024-04-15,Chelsea FC,Everton FC,6,0
2023-24,2024-04-20,Luton Town FC,Brentford FC,1,5
2023-24,2024-04-20,Sheffield United FC,Burnley FC,1,4
2023-24,2024-04-20,Wolverhampton Wanderers FC,Arsenal FC,0,2
2023-24,2024-04-21,Everton FC,Nottingham Forest FC,2,0
2023-24,2024-04-21,Aston Villa FC,AFC Bournemouth,3,1
2023-24,2024-04-21,Crystal Palace FC,West Ham United FC,5,2
2023-24,2024-04-21,Fulham FC,Liverpool FC,1,3
2023-24,2024-04-23,Arsenal FC,Chelsea FC,5,0
2023-24,2024-04-24,Wolverhampton Wanderers FC,AFC Bournemouth,0,1
2023-24,2024-04-24,Crystal Palace FC,Newcastle United FC,2,0
2023-24,2024-04-24,Everton FC,Liverpool FC,2,0
2023-24,2024-04-24,Manchester United FC,Sheffield United FC,4,2
2023-24,2024-04-25,Brighton & Hove Albion FC,Manchester City FC,0,4
2023-24,2024-04-27,West Ham United FC,Liverpool FC,2,2
2023-24,2024-04-27,Fulham FC,Crystal Palace FC,1,1
2023-24,2024-04-27,Manchester United FC,Burnley FC,1,1
2023-24,2024-04-27,Newcastle United FC,Sheffield United FC,5,1
2023-24,2024-04-27,Wolverhampton Wanderers FC,Luton Town FC,2,1
2023-24,2024-04-27,Everton FC,Brentford FC,1,0
2023-24,2024-04-27,Aston Villa FC,Chelsea FC,2,2
2023-24,2024-04-28,AFC Bournemouth,Brighton & Hove Albion FC,3,0
2023-24,2024-04-28,Tottenham Hotspur FC,Arsenal FC,2,3
2023-24,2024-04-28,Nottingham Forest FC,Manchester City FC,0,2
2023-24,2024-05-02,Chelsea FC,Tottenham Hotspur FC,2,0
2023-24,2024-05-03,Luton Town FC,Everton FC,1,1
2023-24,2024-05-04,Arsenal FC,AFC Bournemouth,3,0
2023-24,2024-05-04,Brentford FC,Fulham FC,0,0
2023-24,2024-05-04,Burnley FC,Newcastle United FC,1,4
2023-24,2024-05-04,Sheffield United FC,Nottingham Forest FC,1,3
2023-24,2024-05-04,Manchester City FC,Wolverhampton Wanderers FC,5,1
2023-24,2024-05-05,Brighton & Hove Albion FC,Aston Villa FC,1,0
2023-24,2024-05-05,Chelsea FC,West Ham United FC,5,0
2023-24,2024-05-05,Liverpool FC,Tottenham Hotspur FC,4,2
2023-24,2024-05-06,Crystal Palace FC,Manchester United FC,4,0
2023-24,2024-05-11,Fulham FC,Manchester City FC,0,4
2023-24,2024-05-11,AFC Bournemouth,Brentford FC,1,2
2023-24,2024-05-11,Everton FC,Sheffield United FC,1,0
2023-24,2024-05-11,Newcastle United FC,Brighton & Hove Albion FC,1,1
2023-24,2024-05-11,Tottenham Hotspur FC,Burnley FC,2,1
2023-24,2024-05-11,West Ham United FC,Luton Town FC,3,1
2023-24,2024-05-11,Wolverhampton Wanderers FC,Crystal Palace FC,1,3
2023-24,2024-05-11,Nottingham Forest FC,Chelsea FC,2,3
2023-24,2024-05-12,Manchester United FC,Arsenal FC,0,1
2023-24,2024-05-13,Aston Villa FC,Liverpool FC,3,3
2023-24,2024-05-14,Tottenham Hotspur FC,Manchester City FC,0,2
2023-24,2024-05-15,Brighton & Hove Albion FC,Chelsea FC,1,2
2023-24,2024-05-15,Manchester United FC,Newcastle United FC,3,2
2023-24,2024-05-19,Arsenal FC,Everton FC,2,1
2023-24,2024-05-19,Brentford FC,Newcastle United FC,2,4
2023-24,2024-05-19,Brighton & Hove Albion FC,Manchester United FC,0,2
2023-24,2024-05-19,Burnley FC,Nottingham Forest FC,1,2
2023-24,2024-05-19,Chelsea FC,AFC Bournemouth,2,1
2023-24,2024-05-19,Crystal Palace FC,Aston Villa FC,5,0
2023-24,2024-05-19,Liverpool FC,Wolverhampton Wanderers FC,2,0
2023-24,2024-05-19,Luton Town FC,Fulham FC,2,4
2023-24,2024-05-19,Manchester City FC,West Ham United FC,3,1
2023-24,2024-05-19,Sheffield United FC,Tottenham Hotspur FC,0,3
2024-25,2024-08-16,Manchester United FC,Fulham FC,1,0
2024-25,2024-08-17,Ipswich Town FC,Liverpool FC,0,2
2024-25,2024-08-17,Arsenal FC,Wolverhampton Wanderers FC,2,0
2024-25,2024-08-17,Everton FC,Brighton & Hove Albion FC,0,3
2024-25,2024-08-17,Newcastle United FC,Southampton FC,1,0
2024-25,2024-08-17,Nottingham Forest FC,AFC Bournemouth,1,1
2024-25,2024-08-17,West Ham United FC,Aston Villa FC,1,2
2024-25,2024-08-18,Brentford FC,Crystal Palace FC,2,1
2024-25,2024-08-18,Chelsea FC,Manchester City FC,0,2
2024-25,2024-08-19,Leicester City FC,Tottenham Hotspur FC,1,1
2024-25,2024-08-24,Brighton & Hove Albion FC,Manchester United FC,2,1
2024-25,2024-08-24,Crystal Palace FC,West Ham United FC,0,2
2024-25,2024-08-24,Fulham FC,Leicester City FC,2,1
2024-25,2024-08-24,Manchester City FC,Ipswich Town FC,4,1
2024-25,2024-08-24,Southampton FC,Nottingham Forest FC,0,1
2024-25,2024-08-24,Tottenham Hotspur FC,Everton FC,4,0
2024-25,2024-08-24,Aston Villa FC,Arsenal FC,0,2
2024-25,2024-08-25,AFC Bournemouth,Newcastle United FC,1,1
2024-25,2024-08-25,Wolverhampton Wanderers FC,Chelsea FC,2,6
2024-25,2024-08-25,Liverpool FC,Brentford FC,2,0
2024-25,2024-08-31,Arsenal FC,Brighton & Hove Albion FC,1,1
2024-25,2024-08-31,Brentford FC,Southampton FC,3,1
2024-25,2024-08-31,Everton FC,AFC Bournemouth,2,3
2024-25,2024-08-31,Ipswich Town FC,Fulham FC,1,1
2024-25,2024-08-31,Leicester City FC,Aston Villa FC,1,2
2024-25,2024-08-31,Nottingham Forest FC,Wolverhampton Wanderers FC,1,1
2024-25,2024-08-31,West Ham United FC,Manchester City FC,1,3
2024-25,2024-09-01,Chelsea FC,Crystal Palace FC,1,1
2024-25,2024-09-01,Newcastle United FC,Tottenham Hotspur FC,2,1
2024-25,2024-09-01,Manchester United FC,Liverpool FC,0,3
2024-25,2024-09-14,Southampton FC,Manchester United FC,0,3
2024-25,2024-09-14,Brighton & Hove Albion FC,Ipswich Town FC,0,0
2024-25,2024-09-14,Crystal Palace FC,Leicester City FC,2,2
2024-25,2024-09-14,Fulham FC,West Ham United FC,1,1
2024-25,2024-09-14,Liverpool FC,Nottingham Forest FC,0,1
2024-25,2024-09-14,Manchester City FC,Brentford FC,2,1
2024-25,2024-09-14,Aston Villa FC,Everton FC,3,2
2024-25,2024-09-14,AFC Bournemouth,Chelsea FC,0,1
2024-25,2024-09-15,Tottenham Hotspur FC,Arsenal FC,0,1
2024-25,2024-09-15,Wolverhampton Wanderers FC,Newcastle United FC,1,2
2024-25,2024-09-21,West Ham United FC,Chelsea FC,0,3
2024-25,2024-09-21,Aston Villa FC,Wolverhampton Wanderers FC,3,1
2024-25,2024-09-21,Fulham FC,Newcastle United FC,3,1
2024-25,2024-09-21,Leicester City FC,Everton FC,1,1
2024-25,2024-09-21,Liverpool FC,AFC Bournemouth,3,0
2024-25,2024-09-21,Southampton FC,Ipswich Town FC,1,1
2024-25,2024-09-21,Tottenham Hotspur FC,Brentford FC,3,1
2024-25,2024-09-21,Crystal Palace FC,Manchester United FC,0,0
2024-25,2024-09-22,Brighton & Hove Albion FC,Nottingham Forest FC,2,2
2024-25,2024-09-22,Manchester City FC,Arsenal FC,2,2
2024-25,2024-09-28,Newcastle United FC,Manchester City FC,1,1
2024-25,2024-09-28,Arsenal FC,Leicester City FC,4,2
2024-25,2024-09-28,Brentford FC,West Ham United FC,1,1
2024-25,2024-09-28,Chelsea FC,Brighton & Hove Albion FC,4,2
2024-25,2024-09-28,Everton FC,Crystal Palace FC,2,1
2024-25,2024-09-28,Nottingham Forest FC,Fulham FC,0,1
2024-25,2024-09-28,Wolverhampton Wanderers FC,Liverpool FC,1,2
2024-25,2024-09-29,Ipswich Town FC,Aston Villa FC,2,2
2024-25,2024-09-29,Manchester United FC,Tottenham Hotspur FC,0,3
2024-25,2024-09-30,AFC Bournemouth,Southampton FC,3,1
2024-25,2024-10-05,Crystal Palace FC,Liverpool FC,0,1
2024-25,2024-10-05,Arsenal FC,Southampton FC,3,1
2024-25,2024-10-05,Brentford FC,Wolverhampton Wanderers FC,5,3
2024-25,2024-10-05,Leicester City FC,AFC Bournemouth,1,0
2024-25,2024-10-05,Manchester City FC,Fulham FC,3,2
2024-25,2024-10-05,West Ham United FC,Ipswich Town FC,4,1
2024-25,2024-10-05,Everton FC,Newcastle United FC,0,0
2024-25,2024-10-06,Aston Villa FC,Manchester United FC,0,0
2024-25,2024-10-06,Chelsea FC,Nottingham Forest FC,1,1
2024-25,2024-10-06,Brighton & Hove Albion FC,Tottenham Hotspur FC,3,2
2024-25,2024-10-19,Tottenham Hotspur FC,West Ham United FC,4,1
2024-25,2024-10-19,Fulham FC,Aston Villa FC,1,3
2024-25,2024-10-19,Ipswich Town FC,Everton FC,0,2
2024-25,2024-10-19,Manchester United FC,Brentford FC,2,1
2024-25,2024-10-19,Newcastle United FC,Brighton & Hove Albion FC,0,1
2024-25,2024-10-19,Southampton FC,Leicester City FC,2,3
2024-25,2024-10-19,AFC Bournemouth,Arsenal FC,2,0
2024-25,2024-10-20,Wolverhampton Wanderers FC,Manchester City FC,1,2
2024-25,2024-10-20,Liverpool FC,Chelsea FC,2,1
2024-25,2024-10-21,Nottingham Forest FC,Crystal Palace FC,1,0
2024-25,2024-10-25,Leicester City FC,Nottingham Forest FC,1,3
2024-25,2024-10-26,Aston Villa FC,AFC Bournemouth,1,1
2024-25,2024-10-26,Brentford FC,Ipswich Town FC,4,3
2024-25,2024-10-26,Brighton & Hove Albion FC,Wolverhampton Wanderers FC,2,2
2024-25,2024-10-26,Manchester City FC,Southampton FC,1,0
2024-25,2024-10-26,Everton FC,Fulham FC,1,1
2024-25,2024-10-27,Chelsea FC,Newcastle United FC,2,1
2024-25,2024-10-27,Crystal Palace FC,Tottenham Hotspur FC,1,0
2024-25,2024-10-27,West Ham United FC,Manchester United FC,2,1
2024-25,2024-10-27,Arsenal FC,Liverpool FC,2,2
2024-25,2024-11-02,Newcastle United FC,Arsenal FC,1,0
2024-25,2024-11-02,AFC Bournemouth,Manchester City FC,2,1
2024-25,2024-11-02,Ipswich Town FC,Leicester City FC,1,1
2024-25,2024-11-02,Liverpool FC,Brighton & Hove Albion FC,2,1
2024-25,2024-11-02,Nottingham Forest FC,West Ham United FC,3,0
2024-25,2024-11-02,Southampton FC,Everton FC,1,0
2024-25,2024-11-02,Wolverhampton Wanderers FC,Crystal Palace FC,2,2
2024-25,2024-11-03,Tottenham Hotspur FC,Aston Villa FC,4,1
2024-25,2024-11-03,Manchester United FC,Chelsea FC,1,1
2024-25,2024-11-04,Fulham FC,Brentford FC,2,1
2024-25,2024-11-09,Brentford FC,AFC Bournemouth,3,2
2024-25,2024-11-09,Crystal Palace FC,Fulham FC,0,2
2024-25,2024-11-09,West Ham United FC,Everton FC,0,0
2024-25,2024-11-09,Wolverhampton Wanderers FC,Southampton FC,2,0
2024-25,2024-11-09,Brighton & Hove Albion FC,Manchester City FC,2,1
2024-25,2024-11-09,Liverpool FC,Aston Villa FC,2,0
2024-25,2024-11-10,Manchester United FC,Leicester City FC,3,0
2024-25,2024-11-10,Nottingham Forest FC,Newcastle United FC,1,3
2024-25,2024-11-10,Tottenham Hotspur FC,Ipswich Town FC,1,2
2024-25,2024-11-10,Chelsea FC,Arsenal FC,1,1
2024-25,2024-11-23,Leicester City FC,Chelsea FC,1,2
2024-25,2024-11-23,AFC Bournemouth,Brighton & Hove Albion FC,1,2
2024-25,2024-11-23,Arsenal FC,Nottingham Forest FC,3,0
2024-25,2024-11-23,Aston Villa FC,Crystal Palace FC,2,2
2024-25,2024-11-23,Everton FC,Brentford FC,0,0
2024-25,2024-11-23,Fulham FC,Wolverhampton Wanderers FC,1,4
2024-25,2024-11-23,Manchester City FC,Tottenham Hotspur FC,0,4
2024-25,2024-11-24,Southampton FC,Liverpool FC,2,3
2024-25,2024-11-24,Ipswich Town FC,Manchester United FC,1,1
2024-25,2024-11-25,Newcastle United FC,West Ham United FC,0,2
2024-25,2024-11-29,Brighton & Hove Albion FC,Southampton FC,1,1
2024-25,2024-11-30,Brentford FC,Leicester City FC,4,1
2024-25,2024-11-30,Crystal Palace FC,Newcastle United FC,1,1
2024-25,2024-11-30,Nottingham Forest FC,Ipswich Town FC,1,0
2024-25,2024-11-30,Wolverhampton Wanderers FC,AFC Bournemouth,2,4
2024-25,2024-11-30,West Ham United FC,Arsenal FC,2,5
2024-25,2024-12-01,Chelsea FC,Aston Villa FC,3,0
2024-25,2024-12-01,Manchester United FC,Everton FC,4,0
2024-25,2024-12-01,Tottenham Hotspur FC,Fulham FC,1,1
2024-25,2024-12-01,Liverpool FC,Manchester City FC,2,0
2024-25,2024-12-03,Ipswich Town FC,Crystal Palace FC,0,1
2024-25,2024-12-03,Leicester City FC,West Ham United FC,3,1
2024-25,2024-12-04,Everton FC,Wolverhampton Wanderers FC,4,0
2024-25,2024-12-04,Manchester City FC,Nottingham Forest FC,3,0
2024-25,2024-12-04,Newcastle United FC,Liverpool FC,3,3
2024-25,2024-12-04,Southampton FC,Chelsea FC,1,5
2024-25,2024-12-04,Arsenal FC,Manchester United FC,2,0
2024-25,2024-12-04,Aston Villa FC,Brentford FC,3,1
2024-25,2024-12-05,Fulham FC,Brighton & Hove Albion FC,3,1
2024-25,2024-12-05,AFC Bournemouth,Tottenham Hotspur FC,1,0
2024-25,2024-12-07,Aston Villa FC,Southampton FC,1,0
2024-25,2024-12-07,Brentford FC,Newcastle United FC,4,2
2024-25,2024-12-07,Crystal Palace FC,Manchester City FC,2,2
2024-25,2024-12-07,Manchester United FC,Nottingham Forest FC,2,3
2024-25,2024-12-08,Fulham FC,Arsenal FC,1,1
2024-25,2024-12-08,Ipswich Town FC,AFC Bournemouth,1,2
2024-25,2024-12-08,Leicester City FC,Brighton & Hove Albion FC,2,2
2024-25,2024-12-08,Tottenham Hotspur FC,Chelsea FC,3,4
2024-25,2024-12-09,West Ham United FC,Wolverhampton Wanderers FC,2,1
2024-25,2024-12-14,Arsenal FC,Everton FC,0,0
2024-25,2024-12-14,Liverpool FC,Fulham FC,2,2
2024-25,2024-12-14,Newcastle United FC,Leicester City FC,4,0
2024-25,2024-12-14,Wolverhampton Wanderers FC,Ipswich Town FC,1,2
2024-25,2024-12-14,Nottingham Forest FC,Aston Villa FC,2,1
2024-25,2024-12-15,Brighton & Hove Albion FC,Crystal Palace FC,1,3
2024-25,2024-12-15,Manchester City FC,Manchester United FC,1,2
2024-25,2024-12-15,Chelsea FC,Brentford FC,2,1
2024-25,2024-12-15,Southampton FC,Tottenham Hotspur FC,0,5
2024-25,2024-12-16,AFC Bournemouth,West Ham United FC,1,1
2024-25,2024-12-21,Aston Villa FC,Manchester City FC,2,1
2024-25,2024-12-21,Brentford FC,Nottingham Forest FC,0,2
2024-25,2024-12-21,Ipswich Town FC,Newcastle United FC,0,4
2024-25,2024-12-21,West Ham United FC,Brighton & Hove Albion FC,1,1
2024-25,2024-12-21,Crystal Palace FC,Arsenal FC,1,5
2024-25,2024-12-22,Everton FC,Chelsea FC,0,0
2024-25,2024-12-22,Fulham FC,Southampton FC,0,0
2024-25,2024-12-22,Leicester City FC,Wolverhampton Wanderers FC,0,3
2024-25,2024-12-22,Manchester United FC,AFC Bournemouth,0,3
2024-25,2024-12-22,Tottenham Hotspur FC,Liverpool FC,3,6
2024-25,2024-12-26,Manchester City FC,Everton FC,1,1
2024-25,2024-12-26,AFC Bournemouth,Crystal Palace FC,0,0
2024-25,2024-12-26,Chelsea FC,Fulham FC,1,2
2024-25,2024-12-26,Newcastle United FC,Aston Villa FC,3,0
2024-25,2024-12-26,Nottingham Forest FC,Tottenham Hotspur FC,1,0
2024-25,2024-12-26,Southampton FC,West Ham United FC,0,1
2024-25,2024-12-26,Wolverhampton Wanderers FC,Manchester United FC,2,0
2024-25,2024-12-26,Liverpool FC,Leicester City FC,3,1
2024-25,2024-12-27,Brighton & Hove Albion FC,Brentford FC,0,0
2024-25,2024-12-27,Arsenal FC,Ipswich Town FC,1,0
2024-25,2024-12-29,Leicester City FC,Manchester City FC,0,2
2024-25,2024-12-29,Crystal Palace FC,Southampton FC,2,1
2024-25,2024-12-29,Everton FC,Nottingham Forest FC,0,2
2024-25,2024-12-29,Fulham FC,AFC Bournemouth,2,2
2024-25,2024-12-29,Tottenham Hotspur FC,Wolverhampton Wanderers FC,2,2
2024-25,2024-12-29,West Ham United FC,Liverpool FC,0,5
2024-25,2024-12-30,Aston Villa FC,Brighton & Hove Albion FC,2,2
2024-25,2024-12-30,Ipswich Town FC,Chelsea FC,2,0
2024-25,2024-12-30,Manchester United FC,Newcastle United FC,0,2
2024-25,2025-01-01,Brentford FC,Arsenal FC,1,3
2024-25,2025-01-04,Tottenham Hotspur FC,Newcastle United FC,1,2
2024-25,2025-01-04,Southampton FC,Brentford FC,0,5
2024-25,2025-01-04,Crystal Palace FC,Chelsea FC,1,1
2024-25,2025-01-04,AFC Bournemouth,Everton FC,1,0
2024-25,2025-01-04,Aston Villa FC,Leicester City FC,2,1
2024-25,2025-01-04,Manchester City FC,West Ham United FC,4,1
2024-25,2025-01-04,Brighton & Hove Albion FC,Arsenal FC,1,1
2024-25,2025-01-05,Fulham FC,Ipswich Town FC,2,2
2024-25,2025-01-05,Liverpool FC,Manchester United FC,2,2
2024-25,2025-01-06,Wolverhampton Wanderers FC,Nottingham Forest FC,0,3
2024-25,2025-01-14,West Ham United FC,Fulham FC,3,2
2024-25,2025-01-14,Brentford FC,Manchester City FC,2,2
2024-25,2025-01-14,Chelsea FC,AFC Bournemouth,2,2
2024-25,2025-01-14,Nottingham Forest FC,Liverpool FC,1,1
2024-25,2025-01-15,Everton FC,Aston Villa FC,0,1
2024-25,2025-01-15,Leicester City FC,Crystal Palace FC,0,2
2024-25,2025-01-15,Newcastle United FC,Wolverhampton Wanderers FC,3,0
2024-25,2025-01-15,Arsenal FC,Tottenham Hotspur FC,2,1
2024-25,2025-01-16,Ipswich Town FC,Brighton & Hove Albion FC,0,2
2024-25,2025-01-16,Manchester United FC,Southampton FC,3,1
2024-25,2025-01-18,Newcastle United FC,AFC Bournemouth,1,4
2024-25,2025-01-18,West Ham United FC,Crystal Palace FC,0,2
2024-25,2025-01-18,Leicester City FC,Fulham FC,0,2
2024-25,2025-01-18,Brentford FC,Liverpool FC,0,2
2024-25,2025-01-18,Arsenal FC,Aston Villa FC,2,2
2024-25,2025-01-19,Manchester United FC,Brighton & Hove Albion FC,1,3
2024-25,2025-01-19,Nottingham Forest FC,Southampton FC,3,2
2024-25,2025-01-19,Everton FC,Tottenham Hotspur FC,3,2
2024-25,2025-01-19,Ipswich Town FC,Manchester City FC,0,6
2024-25,2025-01-20,Chelsea FC,Wolverhampton Wanderers FC,3,1
2024-25,2025-01-25,Liverpool FC,Ipswich Town FC,4,1
2024-25,2025-01-25,Wolverhampton Wanderers FC,Arsenal FC,0,1
2024-25,2025-01-25,Brighton & Hove Albion FC,Everton FC,0,1
2024-25,2025-01-25,Southampton FC,Newcastle United FC,1,3
2024-25,2025-01-25,AFC Bournemouth,Nottingham Forest FC,5,0
2024-25,2025-01-25,Manchester City FC,Chelsea FC,3,1
2024-25,2025-01-26,Crystal Palace FC,Brentford FC,1,2
2024-25,2025-01-26,Tottenham Hotspur FC,Leicester City FC,1,2
2024-25,2025-01-26,Aston Villa FC,West Ham United FC,1,1
2024-25,2025-01-26,Fulham FC,Manchester United FC,0,1
2024-25,2025-02-01,Nottingham Forest FC,Brighton & Hove Albion FC,7,0
2024-25,2025-02-01,Newcastle United FC,Fulham FC,1,2
2024-25,2025-02-01,Everton FC,Leicester City FC,4,0
2024-25,2025-02-01,AFC Bournemouth,Liverpool FC,0,2
2024-25,2025-02-01,Ipswich Town FC,Southampton FC,1,2
2024-25,2025-02-01,Wolverhampton Wanderers FC,Aston Villa FC,2,0
2024-25,2025-02-02,Manchester United FC,Crystal Palace FC,0,2
2024-25,2025-02-02,Brentford FC,Tottenham Hotspur FC,0,2
2024-25,2025-02-02,Arsenal FC,Manchester City FC,5,1
2024-25,2025-02-03,Chelsea FC,West Ham United FC,2,1
2024-25,2025-02-12,Everton FC,Liverpool FC,2,2
2024-25,2025-02-14,Brighton & Hove Albion FC,Chelsea FC,3,0
2024-25,2025-02-15,Leicester City FC,Arsenal FC,0,2
2024-25,2025-02-15,Southampton FC,AFC Bournemouth,1,3
2024-25,2025-02-15,West Ham United FC,Brentford FC,0,1
2024-25,2025-02-15,Aston Villa FC,Ipswich Town FC,1,1
2024-25,2025-02-15,Manchester City FC,Newcastle United FC,4,0
2024-25,2025-02-15,Fulham FC,Nottingham Forest FC,2,1
2024-25,2025-02-15,Crystal Palace FC,Everton FC,1,2
2024-25,2025-02-16,Liverpool FC,Wolverhampton Wanderers FC,2,1
2024-25,2025-02-16,Tottenham Hotspur FC,Manchester United FC,1,0
2024-25,2025-02-19,Aston Villa FC,Liverpool FC,2,2
2024-25,2025-02-21,Leicester City FC,Brentford FC,0,4
2024-25,2025-02-22,Everton FC,Manchester United FC,2,2
2024-25,2025-02-22,Ipswich Town FC,Tottenham Hotspur FC,1,4
2024-25,2025-02-22,Fulham FC,Crystal Palace FC,0,2
2024-25,2025-02-22,Arsenal FC,West Ham United FC,0,1
2024-25,2025-02-22,AFC Bournemouth,Wolverhampton Wanderers FC,0,1
2024-25,2025-02-22,Southampton FC,Brighton & Hove Albion FC,0,4
2024-25,2025-02-22,Aston Villa FC,Chelsea FC,2,1
2024-25,2025-02-23,Newcastle United FC,Nottingham Forest FC,4,3
2024-25,2025-02-23,Manchester City FC,Liverpool FC,0,2
2024-25,2025-02-25,Brighton & Hove Albion FC,AFC Bournemouth,2,1
2024-25,2025-02-25,Crystal Palace FC,Aston Villa FC,4,1
2024-25,2025-02-25,Wolverhampton Wanderers FC,Fulham FC,1,2
2024-25,2025-02-25,Chelsea FC,Southampton FC,4,0
2024-25,2025-02-26,Nottingham Forest FC,Arsenal FC,0,0
2024-25,2025-02-26,Brentford FC,Everton FC,1,1
2024-25,2025-02-26,Tottenham Hotspur FC,Manchester City FC,0,1
2024-25,2025-02-26,Manchester United FC,Ipswich Town FC,3,2
2024-25,2025-02-26,Liverpool FC,Newcastle United FC,2,0
2024-25,2025-02-27,West Ham United FC,Leicester City FC,2,0
2024-25,2025-03-08,Nottingham Forest FC,Manchester City FC,1,0
2024-25,2025-03-08,Brighton & Hove Albion FC,Fulham FC,2,1
2024-25,2025-03-08,Crystal Palace FC,Ipswich Town FC,1,0
2024-25,2025-03-08,Liverpool FC,Southampton FC,3,1
2024-25,2025-03-08,Brentford FC,Aston Villa FC,0,1
2024-25,2025-03-08,Wolverhampton Wanderers FC,Everton FC,1,1
2024-25,2025-03-09,Tottenham Hotspur FC,AFC Bournemouth,2,2
2024-25,2025-03-09,Chelsea FC,Leicester City FC,1,0
2024-25,2025-03-09,Manchester United FC,Arsenal FC,1,1
2024-25,2025-03-10,West Ham United FC,Newcastle United FC,0,1
2024-25,2025-03-15,Everton FC,West Ham United FC,1,1
2024-25,2025-03-15,Ipswich Town FC,Nottingham Forest FC,2,4
2024-25,2025-03-15,Manchester City FC,Brighton & Hove Albion FC,2,2
2024-25,2025-03-15,Southampton FC,Wolverhampton Wanderers FC,1,2
2024-25,2025-03-15,AFC Bournemouth,Brentford FC,1,2
2024-25,2025-03-16,Arsenal FC,Chelsea FC,1,0
2024-25,2025-03-16,Fulham FC,Tottenham Hotspur FC,2,0
2024-25,2025-03-16,Leicester City FC,Manchester United FC,0,3
2024-25,2025-04-01,Arsenal FC,Fulham FC,2,1
2024-25,2025-04-01,Wolverhampton Wanderers FC,West Ham United FC,1,0
2024-25,2025-04-01,Nottingham Forest FC,Manchester United FC,1,0
2024-25,2025-04-02,AFC Bournemouth,Ipswich Town FC,1,2
2024-25,2025-04-02,Brighton & Hove Albion FC,Aston Villa FC,0,3
2024-25,2025-04-02,Manchester City FC,Leicester City FC,2,0
2024-25,2025-04-02,Newcastle United FC,Brentford FC,2,1
2024-25,2025-04-02,Southampton FC,Crystal Palace FC,1,1
2024-25,2025-04-02,Liverpool FC,Everton FC,1,0
2024-25,2025-04-03,Chelsea FC,Tottenham Hotspur FC,1,0
2024-25,2025-04-05,Everton FC,Arsenal FC,1,1
2024-25,2025-04-05,Crystal Palace FC,Brighton & Hove Albion FC,2,1
2024-25,2025-04-05,Ipswich Town FC,Wolverhampton Wanderers FC,1,2
2024-25,2025-04-05,West Ham United FC,AFC Bournemouth,2,2
2024-25,2025-04-05,Aston Villa FC,Nottingham Forest FC,2,1
2024-25,2025-04-06,Brentford FC,Chelsea FC,0,0
2024-25,2025-04-06,Fulham FC,Liverpool FC,3,2
2024-25,2025-04-06,Tottenham Hotspur FC,Southampton FC,3,1
2024-25,2025-04-06,Manchester United FC,Manchester City FC,0,0
2024-25,2025-04-07,Leicester City FC,Newcastle United FC,0,3
2024-25,2025-04-12,Manchester City FC,Crystal Palace FC,5,2
2024-25,2025-04-12,Brighton & Hove Albion FC,Leicester City FC,2,2
2024-25,2025-04-12,Nottingham Forest FC,Everton FC,0,1
2024-25,2025-04-12,Southampton FC,Aston Villa FC,0,3
2024-25,2025-04-12,Arsenal FC,Brentford FC,1,1
2024-25,2025-04-13,Chelsea FC,Ipswich Town FC,2,2
2024-25,2025-04-13,Liverpool FC,West Ham United FC,2,1
2024-25,2025-04-13,Wolverhampton Wanderers FC,Tottenham Hotspur FC,4,2
2024-25,2025-04-13,Newcastle United FC,Manchester United FC,4,1
2024-25,2025-04-14,AFC Bournemouth,Fulham FC,1,0
2024-25,2025-04-16,Newcastle United FC,Crystal Palace FC,5,0
2024-25,2025-04-19,Brentford FC,Brighton & Hove Albion FC,4,2
2024-25,2025-04-19,Crystal Palace FC,AFC Bournemouth,0,0
2024-25,2025-04-19,Everton FC,Manchester City FC,0,2
2024-25,2025-04-19,West Ham United FC,Southampton FC,1,1
2024-25,2025-04-19,Aston Villa FC,Newcastle United FC,4,1
2024-25,2025-04-20,Fulham FC,Chelsea FC,1,2
2024-25,2025-04-20,Ipswich Town FC,Arsenal FC,0,4
2024-25,2025-04-20,Manchester United FC,Wolverhampton Wanderers FC,0,1
2024-25,2025-04-20,Leicester City FC,Liverpool FC,0,1
2024-25,2025-04-21,Tottenham Hotspur FC,Nottingham Forest FC,1,2
2024-25,2025-04-22,Manchester City FC,Aston Villa FC,2,1
2024-25,2025-04-23,Arsenal FC,Crystal Palace FC,2,2
2024-25,2025-04-26,Chelsea FC,Everton FC,1,0
2024-25,2025-04-26,Brighton & Hove Albion FC,West Ham United FC,3,2
2024-25,2025-04-26,Newcastle United FC,Ipswich Town FC,3,0
2024-25,2025-04-26,Southampton FC,Fulham FC,1,2
2024-25,2025-04-26,Wolverhampton Wanderers FC,Leicester City FC,3,0
2024-25,2025-04-27,AFC Bournemouth,Manchester United FC,1,1
2024-25,2025-04-27,Liverpool FC,Tottenham Hotspur FC,5,1
2024-25,2025-05-01,Nottingham Forest FC,Brentford FC,0,2
2024-25,2025-05-02,Manchester City FC,Wolverhampton Wanderers FC,1,0
2024-25,2025-05-03,Aston Villa FC,Fulham FC,1,0
2024-25,2025-05-03,Everton FC,Ipswich Town FC,2,2
2024-25,2025-05-03,Leicester City FC,Southampton FC,2,0
2024-25,2025-05-03,Arsenal FC,AFC Bournemouth,1,2
2024-25,2025-05-04,Brentford FC,Manchester United FC,4,3
2024-25,2025-05-04,Brighton & Hove Albion FC,Newcastle United FC,1,1
2024-25,2025-05-04,West Ham United FC,Tottenham Hotspur FC,1,1
2024-25,2025-05-04,Chelsea FC,Liverpool FC,3,1
2024-25,2025-05-05,Crystal Palace FC,Nottingham Forest FC,1,1
2024-25,2025-05-10,Fulham FC,Everton FC,1,3
2024-25,2025-05-10,Ipswich Town FC,Brentford FC,0,1
2024-25,2025-05-10,Southampton FC,Manchester City FC,0,0
2024-25,2025-05-10,Wolverhampton Wanderers FC,Brighton & Hove Albion FC,0,2
2024-25,2025-05-10,AFC Bournemouth,Aston Villa FC,0,1
2024-25,2025-05-11,Newcastle United FC,Chelsea FC,2,0
2024-25,2025-05-11,Manchester United FC,West Ham United FC,0,2
2024-25,2025-05-11,Nottingham Forest FC,Leicester City FC,2,2
2024-25,2025-05-11,Tottenham Hotspur FC,Crystal Palace FC,0,2
2024-25,2025-05-11,Liverpool FC,Arsenal FC,2,2
2024-25,2025-05-16,Aston Villa FC,Tottenham Hotspur FC,2,0
2024-25,2025-05-16,Chelsea FC,Manchester United FC,1,0
2024-25,2025-05-18,Everton FC,Southampton FC,2,0
2024-25,2025-05-18,West Ham United FC,Nottingham Forest FC,1,2
2024-25,2025-05-18,Brentford FC,Fulham FC,2,3
2024-25,2025-05-18,Leicester City FC,Ipswich Town FC,2,0
2024-25,2025-05-18,Arsenal FC,Newcastle United FC,1,0
2024-25,2025-05-19,Brighton & Hove Albion FC,Liverpool FC,3,2
2024-25,2025-05-20,Crystal Palace FC,Wolverhampton Wanderers FC,4,2
2024-25,2025-05-20,Manchester City FC,AFC Bournemouth,3,1
2024-25,2025-05-25,AFC Bournemouth,Leicester City FC,2,0
2024-25,2025-05-25,Fulham FC,Manchester City FC,0,2
2024-25,2025-05-25,Ipswich Town FC,West Ham United FC,1,3
2024-25,2025-05-25,Liverpool FC,Crystal Palace FC,1,1
2024-25,2025-05-25,Manchester United FC,Aston Villa FC,2,0
2024-25,2025-05-25,Newcastle United FC,Everton FC,0,1
2024-25,2025-05-25,Nottingham Forest FC,Chelsea FC,0,1
2024-25,2025-05-25,Southampton FC,Arsenal FC,1,2
2024-25,2025-05-25,Tottenham Hotspur FC,Brighton & Hove Albion FC,1,4
2024-25,2025-05-25,Wolverhampton Wanderers FC,Brentford FC,1,1
