,name,lastName,uri,imageUri,worthChange,age,source,industry,gender,country,timestamp,headquarters,state,realTimeWorth,realTimeRank,realTimePosition,squareImage,position,rank,worth,title,government,pay,managementAssets
0,A. Jayson Adair,Adair,a-jayson-adair,no-pic,6.331,53.0,Damaged cars,Automotive,M,United States,1681550402483,TX,Texas,1463.592,2042.0,2042.0,https://specials-images.forbesimg.com/imageserve/5fb529400560bf6784deea95/416x416.jpg?background=000000&cropX1=887&cropX2=1362&cropY1=707&cropY2=1183,,,,,,,
1,Abhay Soi,Soi,abhay-soi,no-pic,0.0,49.0,Healthcare,Healthcare,M,India,1681550402483,,,1256.29,2296.0,2296.0,https://specials-images.forbesimg.com/imageserve/612e3dde1434aca16b4d05fb/416x416.jpg?background=000000&cropX1=150&cropX2=827&cropY1=0&cropY2=678,,,,,,,
2,Abigail Bennett,Bennett,abigail-bennett,no-pic-female,7.437,42.0,Liquor,Food & Beverage,F,United States,1681550402483,NY,New York,1147.066,2447.0,2447.0,,,,,,,,
3,Adam Neumann,Neumann,adam-neumann,adam-neumann,-1.692,44.0,WeWork ,Real Estate,M,Israel,1681550402483,FL,Florida,2206.64,1434.0,1434.0,https://specials-images.forbesimg.com/imageserve/640f9728b347b28105216409/416x416.jpg?background=000000&cropX1=0&cropX2=1017&cropY1=150&cropY2=1168,,,,,,,
4,Adriaan Mol,Mol,adriaan-mol,no-pic,0.0,39.0,Fintech,Technology,M,Netherlands,1681550402483,,,1772.0,1742.0,1742.0,,,,,,,,
5,Adrian Paval,Paval,adrian-paval,no-pic,0.0,54.0,Retail,Fashion & Retail,M,Romania,1681550402483,,,1165.488,2432.0,2432.0,,,,,,,,
6,Alan Miller & family,Miller,alan-miller-1,no-pic,-2.279,85.0,Healthcare services,Healthcare,M,United States,1681550402483,PA,Pennsylvania,1322.556,2203.0,2203.0,,,,,,,,
7,Alan Wilson,Wilson,alan-wilson,no-pic,13.529,82.0,Retailing,Fashion & Retail,M,Australia,1681550402483,,,1800.476,1716.0,1716.0,,,,,,,,
8,Albert Avdolyan,Avdolyan,albert-avdolyan,no-pic,0.0,52.0,"Oil, mining",Energy,M,Russia,1681550402483,,,2200.145,1438.0,1438.0,,,,,,,,
9,Alberto Bombassei,Bombassei,alberto-bombassei,alberto-bombassei,37.542,82.0,Automotive brakes,Automotive,M,Italy,1681550402483,,,2967.037,1035.0,1035.0,,,,,,,,
10,Alberto Prada,Prada,alberto-prada,no-pic,129.184,69.0,Luxury goods,Fashion & Retail,M,Italy,1681550402483,,,2467.942,1285.0,1285.0,,,,,,,,
11,Alejandro Bailleres Gual & family,Bailleres Gual,alejandro-bailleres-gual,no-pic,-0.138,62.0,Diversified,Diversified,M,Mexico,1681550402482,,,7810.743,288.0,288.0,https://specials-images.forbesimg.com/imageserve/62443652a45fa465e7b19281/416x416.jpg?background=000000&cropX1=1765&cropX2=2862&cropY1=434&cropY2=1530,,,,,,,
12,Ales Zavoral,Zavoral,ales-zavoral,no-pic,0.0,46.0,E-commerce,Fashion & Retail,M,Czech Republic,1681550402483,,,2200.237,1437.0,1437.0,,,,,,,,
13,Alex Beard,Beard,alex-beard,alex-beard,14.155,55.0,"Mining, commodities",Metals & Mining,M,United Kingdom,1681550402483,,,2214.959,1428.0,1428.0,//specials-images.forbesimg.com/imageserve/5c7278914bbe6f51818abdca/416x416.jpg?background=000000&cropX1=1150&cropX2=4556&cropY1=15&cropY2=3419,,,,,,,
14,Alex Birkenstock,Birkenstock,alex-birkenstock,no-pic,0.0,54.0,Shoes,Fashion & Retail,M,Germany,1681550402483,,,1652.452,1848.0,1848.0,,,,,,,,
15,Alex Shevchenko,Shevchenko,alex-shevchenko,no-pic,0.0,43.0,Software,Technology,M,Canada,1681550402483,,British Columbia,2243.0,1401.0,1401.0,https://specials-images.forbesimg.com/imageserve/61a552d47ccd1331f306c32e/416x416.jpg?background=000000&cropX1=798&cropX2=2775&cropY1=171&cropY2=2146,,,,,,,
16,Alexander Gerko,Gerko,alexander-gerko,no-pic,0.0,43.0,Trading,Finance & Investments,M,United Kingdom,1681550402482,,,5220.818,532.0,532.0,,,,,,,,
17,Alexander Sixt,Sixt,alexander-sixt,no-pic,-17.0,43.0,Car rentals,Automotive,M,Germany,1681550402483,,,1166.021,2428.0,2428.0,https://specials-images.forbesimg.com/imageserve/624dda4ada6528aa708fb28a/416x416.jpg?background=000000&cropX1=3&cropX2=769&cropY1=67&cropY2=833,,,,,,,
18,Alexander Tedja,Tedja,alexander-tedja,alexander-tedja,17.944,77.0,real estate,Real Estate,M,Indonesia,1681550402483,,,1114.828,2486.0,2486.0,https://specials-images.forbesimg.com/imageserve/61b1225c4c0e96bec2c07bcd/416x416.jpg?background=000000&cropX1=223&cropX2=957&cropY1=0&cropY2=734,,,,,,,
19,Alexis Lê-Quôc,Lê-Quôc,alexis-le-quoc,no-pic,-12.632,48.0,Cloud computing,Technology,M,United States,1681550402483,NY,New York,1728.973,1783.0,1783.0,//specials-images.forbesimg.com/imageserve/5ebd9e4a59928a0006430948/416x416.jpg?background=000000&cropX1=669&cropX2=3182&cropY1=420&cropY2=2931,,,,,,,
20,Alfred West Jr,West,alfred-west-jr,no-pic,0.358,80.0,Money management,Finance & Investments,M,United States,1681550402483,PA,Pennsylvania,1382.602,2130.0,2130.0,,,,,,,,
21,Ali Erdemoglu,Erdemoglu,ali-erdemoglu,no-pic,-24.144,63.0,Carpet,Manufacturing,M,Turkey,1681550402482,,,4549.147,632.0,632.0,https://specials-images.forbesimg.com/imageserve/606b3801fb2da6f71fd2b915/416x416.jpg?background=000000&cropX1=0&cropX2=958&cropY1=0&cropY2=958,,,,,,,
22,Ali Ghodsi,Ghodsi,ali-ghodsi,no-pic,0.0,44.0,Data analytics,Technology,M,Sweden,1681550402483,CA,California,1400.0,2108.0,2108.0,,,,,,,,
23,Ali Metin Kazanci,Kazanci,ali-metin-kazanci,ali-metin-kazanci,1.754,88.0,Energy,Energy,M,Turkey,1681550402483,,,1082.354,2528.0,2528.0,,,,,,,,
24,Aloke Lohia,Lohia,aloke-lohia,aloke-lohia,0.0,64.0,Petrochemicals,Manufacturing,M,India,1681550402483,,,1963.697,1595.0,1595.0,//specials-images.forbesimg.com/imageserve/5e782b2cd8e1ae0007b73ae9/416x416.jpg?background=000000&cropX1=379&cropX2=3247&cropY1=82&cropY2=2947,,,,,,,
25,Amnon Shashua,Shashua,amnon-shashua,no-pic,0.0,62.0,Automotive technology,Automotive,M,Israel,1681550402483,,,1547.0,1948.0,1948.0,https://specials-images.forbesimg.com/imageserve/6231fa33d87b512598bf3797/416x416.jpg?background=000000&cropX1=677&cropX2=3185&cropY1=0&cropY2=2506,,,,,,,
26,Amy Adams Strunk,Adams Strunk,amy-adams-strunk,no-pic-female,-0.038,67.0,Tennessee Titans,Sports,F,United States,1681550402483,TN,Tennessee,1650.932,1851.0,1851.0,https://specials-images.forbesimg.com/imageserve/6422072e6869dc7af6557890/416x416.jpg?background=000000&cropX1=0&cropX2=1524&cropY1=125&cropY2=1649,,,,,,,
27,Anand Deshpande,Deshpande,anand-deshpande,no-pic,0.0,60.0,Technology,Technology,M,India,1681550402483,,,1245.304,2306.0,2306.0,https://specials-images.forbesimg.com/imageserve/612f916cbe677dcb7715be56/416x416.jpg?background=000000&cropX1=324&cropX2=1974&cropY1=103&cropY2=1754,,,,,,,
28,Anand Surana,Surana,anand-surana,no-pic,0.0,52.0,Pharmaceuticals,Healthcare,M,India,1681550402483,,,1448.861,2066.0,2066.0,,,,,,,,
29,Anant Asavabhokhin,Asavabhokhin,anant-asavabhokhin-1,no-pic,0.0,72.0,Real estate,Real Estate,M,Thailand,1681550402483,,,1345.377,2175.0,2175.0,,,,,,,,
30,Andrei Krivenko,Krivenko,andrei-krivenko,no-pic,0.0,47.0,Retail,Food & Beverage,M,Russia,1681550402483,,,2086.238,1510.0,1510.0,,,,,,,,
31,Andrei Molchanov,Molchanov,andrei-molchanov,andrei-molchanov,0.0,51.0,Construction materials,Construction & Engineering,M,Russia,1681550402483,,,1002.792,2637.0,2637.0,//specials-images.forbesimg.com/imageserve/5a8092b7a7ea4316901339f7/416x416.jpg?background=000000&cropX1=155&cropX2=1168&cropY1=263&cropY2=1276,,,,,,,
32,Andrew Cherng,Cherng,andrew-cherng-1,no-pic,-2.197,75.0,Fast food,Food & Beverage,M,United States,1681550402483,NV,Nevada,2452.509,1295.0,1295.0,,,,,,,,
33,Annalisa Doris,Doris,annalisa-doris,no-pic-female,9.925,52.0,Financial services,Finance & Investments,F,Italy,1681550402483,,,1341.351,2181.0,2181.0,,,,,,,,
34,Anne Marie See Pastor,Pastor,anne-marie-see-pastor,no-pic-female,3.805,,Finance,Finance & Investments,F,Peru,1681550402483,,,1500.87,1992.0,1992.0,,,,,,,,
35,Anne Werninghaus,Werninghaus,anne-werninghaus,no-pic-female,-21.578,37.0,Industrial machinery,Manufacturing,F,Brazil,1681550402483,,,1410.692,2102.0,2102.0,,,,,,,,
36,Annette Lerner & family,Lerner,annette-lerner,no-pic-female,0.0,93.0,Real estate,Real Estate,F,United States,1681550402482,MD,Maryland,6548.532,402.0,402.0,https://specials-images.forbesimg.com/imageserve/641dfd4725ae8c113d580d50/416x416.jpg?background=000000&cropX1=17&cropX2=315&cropY1=119&cropY2=417,,,,,,,
37,Anthony Casalena,Casalena,anthony-casalena,no-pic,-12.532,40.0,Software ,Technology,M,United States,1681550402483,MD,Maryland,1621.581,1872.0,1872.0,https://specials-images.forbesimg.com/imageserve/6245cd7da7f40c120d1e176f/416x416.jpg?background=000000&cropX1=999&cropX2=1993&cropY1=56&cropY2=1050,,,,,,,
38,Anthony Hall,Hall,anthony-hall,no-pic,-9.172,67.0,Technology ,Technology,M,Australia,1681550402483,,,1297.039,2234.0,2234.0,,,,,,,,
39,Anu Aga,Aga,anu-aga,anu-aga,0.0,80.0,Engineering,Construction & Engineering,F,India,1681550402483,,,2092.697,1504.0,1504.0,//specials-images.forbesimg.com/imageserve/5a7f0b2fa7ea43169013281b/416x416.jpg?background=000000&cropX1=3&cropX2=174&cropY1=2&cropY2=173,,,,,,,
40,Anurang Jain,Jain,anurang-jain-1,no-pic,0.0,61.0,Auto parts,Manufacturing,M,India,1681550402483,,,1327.841,2200.0,2200.0,//specials-images.forbesimg.com/imageserve/5d9f6c7c793bd50006ea487c/416x416.jpg?background=000000&cropX1=1786&cropX2=3590&cropY1=924&cropY2=2727,,,,,,,
41,Apoorva Mehta,Mehta,apoorva-mehta,apoorva-mehta,0.0,36.0,Grocery delivery service,Technology,M,Canada,1681550402483,CA,California,1000.0,2644.0,2645.0,https://specials-images.forbesimg.com/imageserve/619e64a07cab8383e9dadb64/416x416.jpg?background=000000&cropX1=0&cropX2=1538&cropY1=339&cropY2=1878,,,,,,,
42,Art Levinson,Levinson,art-levinson,no-pic,4.26,73.0,"Genentech, Apple",Diversified,M,United States,1681550402483,CA,California,1404.506,2105.0,2105.0,https://specials-images.forbesimg.com/imageserve/6245ce21c2533739d81e1771/416x416.jpg?background=000000&cropX1=4&cropX2=2192&cropY1=159&cropY2=2348,,,,,,,
43,Artem Khachatryan,Khachatryan,artem-khachatryan,no-pic,0.0,48.0,Retail,Fashion & Retail,M,Russia,1681550402483,,,2085.156,1512.0,1512.0,,,,,,,,
44,Arthur Dantchik,Dantchik,arthur-dantchik,no-pic,0.0,65.0,"Trading, investments",Finance & Investments,M,United States,1681550402482,PA,Pennsylvania,7221.0,330.0,330.0,,,,,,,,
45,Arun Bharat Ram,Bharat Ram,arun-bharat-ram,no-pic,0.0,82.0,Chemicals,Manufacturing,M,India,1681550402483,,,3385.726,894.0,894.0,https://specials-images.forbesimg.com/imageserve/615b1e38fc9eb8d15779c049/416x416.jpg?background=000000&cropX1=315&cropX2=1943&cropY1=295&cropY2=1922,,,,,,,
46,Arvind Lal,Lal,arvind-lal,no-pic,0.0,73.0,Medical diagnostics,Healthcare,M,India,1681550402483,,,1137.029,2459.0,2459.0,https://specials-images.forbesimg.com/imageserve/615b2e721e985ac48d218a18/416x416.jpg?background=000000&cropX1=349&cropX2=1232&cropY1=123&cropY2=1006,,,,,,,
47,Ashok Kajaria,Kajaria,ashok-kajaria,no-pic,0.0,75.0,Tiles,Manufacturing,M,India,1681550402483,,,1048.342,2581.0,2581.0,,,,,,,,
48,Ashwin Desai,Desai,ashwin-desai,no-pic,0.0,71.0,Specialty chemicals,Manufacturing,M,India,1681550402483,,,1240.295,2311.0,2311.0,https://specials-images.forbesimg.com/imageserve/62b1d178be94666612ed0e9e/416x416.jpg?background=000000&cropX1=555&cropX2=2301&cropY1=908&cropY2=2656,,,,,,,
49,Atul Ruia,Ruia,atul-ruia,no-pic,0.0,52.0,Real estate,Real Estate,M,India,1681550402483,,,1229.196,2333.0,2333.0,https://specials-images.forbesimg.com/imageserve/642b2b9c66cd59b1e6e1c15b/416x416.jpg?background=000000&cropX1=419&cropX2=1209&cropY1=152&cropY2=941,,,,,,,
50,August Troendle,Troendle,august-troendle,no-pic,-20.874,67.0,Pharmaceutical services,Healthcare,M,United States,1681550402483,OH,Ohio,1707.556,1802.0,1802.0,,,,,,,,
51,Augusto Perfetti,Perfetti,augusto-perfetti,no-pic,0.0,,Candy,Food & Beverage,M,Italy,1681550402483,,,2394.801,1332.0,1332.0,,,,,,,,
52,Autry Stephens,Stephens,autry-stephens,autry-stephens,0.0,85.0,Oil,Energy,M,United States,1681550402482,TX,Texas,9954.0,193.0,193.0,https://specials-images.forbesimg.com/imageserve/632cc12375656f84e344b120/416x416.jpg?background=000000&cropX1=931&cropX2=2365&cropY1=366&cropY2=1801,,,,,,,
53,Bai Baokun,Bai,bai-baokun,no-pic,-1.75,,Hardware,Manufacturing,M,China,1681550402483,,Guangdong,1503.611,1986.0,1986.0,,,,,,,,
54,Bai Houshan,Bai,bai-houshan,no-pic,41.282,59.0,Lithium battery,Energy,M,China,1681550402483,,Zhejiang,1207.332,2361.0,2361.0,,,,,,,,
55,Balkrishan Goenka,Goenka,balkrishan-goenka,balkrishan-goenka,0.0,56.0,Textiles,Manufacturing,M,India,1681550402483,,,1350.387,2167.0,2167.0,//specials-images.forbesimg.com/imageserve/55f8ca6be4b0ffa7afe49fbf/416x416.jpg?background=000000&cropX1=2&cropX2=744&cropY1=2&cropY2=745,,,,,,,
56,Bambang Sutantio,Sutantio,bambang-sutantio,no-pic,4.211,64.0,Dairy & consumer products,Food & Beverage,M,Indonesia,1681550402483,,,2005.704,1561.0,1561.0,https://specials-images.forbesimg.com/imageserve/638e265f8f8c006b8cea2e89/416x416.jpg?background=000000&cropX1=206&cropX2=812&cropY1=14&cropY2=620,,,,,,,
57,Bang Si-hyuk,Bang,bang-si-hyuk,no-pic,138.798,50.0,Entertainment ,Media & Entertainment,M,South Korea,1681550402483,,,2449.618,1297.0,1297.0,https://specials-images.forbesimg.com/imageserve/5f88b0081d565a475c59267c/416x416.jpg?background=000000&cropX1=180&cropX2=889&cropY1=11&cropY2=720,,,,,,,
58,Barbara Benetton,Benetton,barbara-benetton,no-pic-female,3.465,53.0,"Fashion retail, investments",Fashion & Retail,F,Italy,1681550402483,,,1541.525,1953.0,1953.0,,,,,,,,
59,Barbara Tyson,Tyson,barbara-tyson,no-pic-female,-27.022,74.0,Food processing,Food & Beverage,F,United States,1681550402483,AR,Arkansas,2227.008,1411.0,1411.0,https://specials-images.forbesimg.com/imageserve/632cc3fd3b3068af937d2c21/416x416.jpg?background=000000&cropX1=0&cropX2=750&cropY1=71&cropY2=821,,,,,,,
60,Beate Heister,Heister,beate-heister,no-pic-female,0.0,,Supermarkets,Fashion & Retail,F,Germany,1681550402482,,,15903.376,110.0,110.0,,,,,,,,
61,Beatriz Davila de Santo Domingo,Davila de Santo Domingo,beatriz-davila-de-santo-domingo,no-pic-female,7.942,84.0,Beer,Food & Beverage,F,Colombia,1681550402483,,,3759.822,785.0,785.0,,,,,,,,
62,Ben Francis,Francis,ben-francis-1,no-pic,0.0,30.0,Fitness clothing,Fashion & Retail,M,United Kingdom,1681550402483,,,1292.018,2242.0,2242.0,,,,,,,,
63,Ben Silbermann,Silbermann,ben-silbermann,ben-silbermann,6.434,40.0,Social media,Media & Entertainment,M,United States,1681550402483,CA,California,1703.716,1804.0,1804.0,//specials-images.forbesimg.com/imageserve/5a9046cf4bbe6f0fa8265d45/416x416.jpg?background=000000&cropX1=150&cropX2=1533&cropY1=42&cropY2=1425,,,,,,,
64,Benjamin Otto,Otto,benjamin-otto,no-pic,0.0,,Retail,Fashion & Retail,M,Germany,1681550402483,,,2917.587,1061.0,1061.0,,,,,,,,
65,Bennett Rosenthal,Rosenthal,bennett-rosenthal,no-pic,-19.612,59.0,Finance,Finance & Investments,M,United States,1681550402483,CA,California,1295.351,2238.0,2238.0,https://specials-images.forbesimg.com/imageserve/63e52bf1231cb675e5db7366/416x416.jpg?background=000000&cropX1=574&cropX2=2198&cropY1=231&cropY2=1854,,,,,,,
66,Benoit Dageville,Dageville,benoit-dageville,no-pic,5.979,56.0,Software,Technology,M,United States,1681550402483,CA,California,1131.299,2465.0,2465.0,,,,,,,,
67,Bent Jensen,Jensen,bent-jensen,bent-jensen,0.0,71.0,electric systems,Manufacturing,M,Denmark,1681550402483,,,1001.63,2639.0,2639.0,,,,,,,,
68,Bernd Freier,Freier,bernd-freier,bernd-freier,0.0,66.0,Fashion retail,Fashion & Retail,M,Germany,1681550402483,,,1167.152,2426.0,2426.0,//specials-images.forbesimg.com/imageserve/5a7e0cae31358e4955ad0dd1/416x416.jpg?background=000000&cropX1=763&cropX2=2623&cropY1=133&cropY2=1992,,,,,,,
69,Bianca Rinehart,Rinehart,bianca-rinehart,no-pic-female,0.0,46.0,Mining,Metals & Mining,F,Australia,1681550402483,,,2000.406,1566.0,1566.0,//specials-images.forbesimg.com/imageserve/5a7a4b8da7ea43169012d8be/416x416.jpg?background=000000&cropX1=0&cropX2=1605&cropY1=271&cropY2=1877,,,,,,,
70,Bill Malhotra,Malhotra,bill-malhotra,no-pic,0.0,73.0,Real estate,Real Estate,M,Canada,1681550402483,,Ontario,1917.265,1629.0,1629.0,https://specials-images.forbesimg.com/imageserve/60664c552c01d690bf3ddff7/416x416.jpg?background=000000&cropX1=0&cropX2=1500&cropY1=93&cropY2=1593,,,,,,,
71,Blairo Maggi,Maggi,blairo-maggi,blairo-maggi,0.0,66.0,Agribusiness,Food & Beverage,M,Brazil,1681550402483,,,1382.348,2132.0,2132.0,,,,,,,,
72,Bo Wu,Wu,bo-wu,no-pic,0.0,68.0,Machinery,Manufacturing,M,China,1681550402483,,Jiangsu,1570.053,1926.0,1926.0,,,,,,,,
73,Brad Keywell,Keywell,brad-keywell,brad-keywell,0.0,53.0,"Software, investments",Technology,M,United States,1681550402483,IL,Illinois,1092.0,2513.0,2513.0,,,,,,,,
74,Bruce Cheng,Cheng,bruce-cheng,bruce-cheng,97.755,86.0,Electronics,Technology,M,Taiwan,1681550402483,,,2341.482,1357.0,1357.0,//specials-images.forbesimg.com/imageserve/5e1e4ee9735f8c000799df1d/416x416.jpg?background=000000&cropX1=510&cropX2=1775&cropY1=299&cropY2=1564,,,,,,,
75,Bruce Mathieson,Mathieson,bruce-mathieson,bruce-mathieson,-0.098,79.0,Hotels,Real Estate,M,Australia,1681550402483,,,1593.839,1899.0,1899.0,//specials-images.forbesimg.com/imageserve/56a03ee7e4b0ed854f52942a/416x416.jpg?background=000000&cropX1=0&cropX2=744&cropY1=197&cropY2=941,,,,,,,
76,Bruce Wilson,Wilson,bruce-wilson,no-pic,13.529,76.0,Retailing,Fashion & Retail,M,Australia,1681550402483,,,1800.476,1716.0,1717.0,,,,,,,,
77,Byron Trott,Trott,byron-trott,no-pic,126.672,64.0,Investments,Finance & Investments,M,United States,1681550402483,IL,Illinois,2626.672,1212.0,1212.0,https://specials-images.forbesimg.com/imageserve/641873d005a18d695fd8a87c/416x416.jpg?background=000000&cropX1=0&cropX2=844&cropY1=78&cropY2=923,,,,,,,
78,Cai Huabo,Cai,cai-huabo,no-pic,-77.553,47.0,Electronics,Technology,M,China,1681550402483,,Jiangxi,2482.708,1274.0,1274.0,,,,,,,,
79,Cai Jianyong,Cai,cai-jianyong,no-pic,2.281,52.0,Nickel,Metals & Mining,M,China,1681550402483,,Zhejiang,1291.386,2244.0,2244.0,,,,,,,,
80,Cai Mingtong,Cai,cai-mingtong,no-pic,-5.851,71.0,Electronic components,Technology,M,China,1681550402483,,Fujian,1259.923,2290.0,2290.0,,,,,,,,
81,Cameron Adams,Adams,cameron-adams,no-pic,0.0,43.0,Software,Technology,M,Australia,1681550402483,,,1809.0,1710.0,1710.0,https://specials-images.forbesimg.com/imageserve/63ea7154b1bfdd47b1d77e9c/416x416.jpg?background=000000&cropX1=0&cropX2=1080&cropY1=0&cropY2=1080,,,,,,,
82,Cameron Winklevoss,Winklevoss,cameron-winklevoss,no-pic,0.0,41.0,Cryptocurrency,Finance & Investments,M,United States,1681550402483,NY,New York,1458.272,2059.0,2059.0,https://specials-images.forbesimg.com/imageserve/6063c068b8ad72d9041e7cda/416x416.jpg?background=000000&cropX1=40&cropX2=691&cropY1=190&cropY2=840,,,,,,,
83,Cao Jianwei,Cao,cao-jianwei,no-pic,60.479,44.0,Semiconductors,Manufacturing,M,China,1681550402483,,Zhejiang,2152.34,1473.0,1473.0,,,,,,,,
84,Cao Kejian,Cao,cao-kejian,cao-kejian,24.971,61.0,Air compressors,Manufacturing,M,China,1681550402483,,Zhejiang,1341.149,2183.0,2183.0,//specials-images.forbesimg.com/imageserve/49e29e276e6cce1a013720fcdb4c4bcc/416x416.jpg?background=000000&cropX1=0&cropX2=742&cropY1=127&cropY2=870,,,,,,,
85,Cao Renxian,Cao,cao-renxian,no-pic,132.809,54.0,Photovoltaic equipment ,Energy,M,China,1681550402482,,Anhui,6905.756,359.0,359.0,,,,,,,,
86,Cargill MacMillan III,MacMillan,cargill-macmillan-iii,no-pic,0.0,63.0,Cargill,Food & Beverage,M,United States,1681550402483,CO,Colorado,1239.732,2312.0,2312.0,,,,,,,,
87,Carl DeSantis,DeSantis,carl-desantis,no-pic,-8.254,83.0,Energy drink,Food & Beverage,M,United States,1681550402483,FL,Florida,1802.651,1715.0,1715.0,https://specials-images.forbesimg.com/imageserve/606627f9a4219ee3c89db3b9/416x416.jpg?background=000000&cropX1=377&cropX2=1349&cropY1=605&cropY2=1577,,,,,,,
88,Carmen Daurella Aguilera,Daurella Aguilera,carmen-daurella-aguilera,no-pic-female,-1.861,,Coca-Cola bottler,Food & Beverage,F,Spain,1681550402483,,,1193.392,2391.0,2391.0,,,,,,,,
89,Carmen Thyssen,Thyssen,carmen-thyssen,no-pic-female,0.0,79.0,"Investments, art",Manufacturing,F,Spain,1681550402483,,,1488.5,2019.0,2019.0,,,,,,,,
90,Carsten Koerl,Koerl,carsten-koerl,no-pic,0.0,58.0,Sports data,Sports,M,Germany,1681550402483,,,1090.735,2517.0,2517.0,https://specials-images.forbesimg.com/imageserve/624600d3f81acecef88590d2/416x416.jpg?background=000000&cropX1=0&cropX2=600&cropY1=0&cropY2=600,,,,,,,
91,Carsten Maschmeyer,Maschmeyer,carsten-maschmeyer,no-pic,6.386,63.0,Finance services,Finance & Investments,M,Germany,1681550402483,,,1336.236,2188.0,2188.0,,,,,,,,
92,Catheline Perier D'Ieteren,D'Ieteren,catheline-perier-dieteren,no-pic-female,-29.145,78.0,"Auto parts, distribution",Automotive,F,Belgium,1681550402483,,,3046.584,1007.0,1007.0,,,,,,,,
93,Chang Jianming & family,Chang,chang-jianming,no-pic,-30.539,58.0,Industrial equipment,Manufacturing,M,China,1681550402483,,Shanghai,1281.954,2258.0,2258.0,,,,,,,,
94,Chang Jing,Chang,chang-jing-1,no-pic,-15.847,40.0,Technology ,Technology,M,China,1681550402483,,Beijing,1052.55,2575.0,2575.0,,,,,,,,
95,Chang Kuo-Hua,Chang,chang-kuo-hua,no-pic,22.957,68.0,"Shipping, airlines",Logistics,M,Taiwan,1681550402483,,,1553.792,1943.0,1943.0,https://specials-images.forbesimg.com/imageserve/63a0c85f19ae5f47238ceb34/416x416.jpg?background=000000&cropX1=1336&cropX2=2486&cropY1=105&cropY2=1254,,,,,,,
96,Chang Kuo-Ming,Chang,chang-kuo-ming,no-pic,11.54,,Transportation,Logistics,M,Taiwan,1681550402483,,,1033.774,2601.0,2601.0,,,,,,,,
97,Changpeng Zhao,Zhao,changpeng-zhao,no-pic,0.0,45.0,Cryptocurrency exchange,Finance & Investments,M,Canada,1681550402482,,,10487.685,179.0,179.0,https://specials-images.forbesimg.com/imageserve/61115ac5b4c5d23845419c4e/416x416.jpg?background=000000&cropX1=0&cropX2=911&cropY1=0&cropY2=911,,,,,,,
98,Charles Butt,Butt,charles-butt,charles-butt,0.0,85.0,Supermarkets,Fashion & Retail,M,United States,1681550402482,TX,Texas,7460.1,312.0,312.0,https://specials-images.forbesimg.com/imageserve/633f36069877ef2945de06ab/416x416.jpg?background=000000&cropX1=101&cropX2=966&cropY1=22&cropY2=886,,,,,,,
99,Charlwin Mao,Mao,charlwin-mao,no-pic,0.0,,E-commerce,Fashion & Retail,M,China,1681550402483,,Shanghai,1300.0,2228.0,2228.0,,,,,,,,
100,Chatchai Kaewbootta,Kaewbootta,chatchai-kaewbootta,chatchai-kaewbootta,0.0,71.0,Auto loans,Finance & Investments,M,Thailand,1681550402483,,,1189.952,2396.0,2396.0,//specials-images.forbesimg.com/imageserve/55650247e4b0bacdbd75563b/416x416.jpg?background=000000&cropX1=32&cropX2=744&cropY1=68&cropY2=780,,,,,,,
101,Chen Baohua,Chen,chen-baohua,no-pic,-9.046,61.0,Pharmaceutical,Healthcare,M,China,1681550402483,,Zhejiang,1143.619,2451.0,2451.0,,,,,,,,
102,Chen Kaichen,Chen,chen-kaichen,no-pic,2.207,,Household chemicals,Manufacturing,M,China,1681550402483,,Guangdong,1709.969,1801.0,1801.0,,,,,,,,
103,Chen Qiongxiang,Chen,chen-qiongxiang,no-pic-female,41.452,,Batteries,Energy,F,China,1681550402483,,Fujian,1873.407,1657.0,1657.0,,,,,,,,
104,Chen Shibin,Chen,chen-shibin-1,no-pic,32.611,56.0,Quartz products,Manufacturing,M,China,1681550402483,,Jiangsu,3354.902,905.0,905.0,,,,,,,,
105,Chen Tianshi,Chen,chen-tianshi,no-pic,122.317,38.0,Semiconductors,Technology,M,China,1681550402483,,Beijing,3407.393,886.0,886.0,,,,,,,,
106,Chen Xianbao & family,Chen,chen-xianbao,no-pic,-10.555,63.0,Food,Food & Beverage,M,China,1681550402483,,Anhui,1197.761,2378.0,2378.0,,,,,,,,
107,Chen Xuehua,Chen,chen-xuehua,no-pic,39.917,62.0,Minerals processing,Metals & Mining,M,China,1681550402483,,Zhejiang,1330.569,2191.0,2191.0,,,,,,,,
108,Chen Xueling,Chen,chen-xueling,no-pic-female,-0.199,55.0,Stationery,Manufacturing,F,China,1681550402483,,Guangdong,1047.856,2582.0,2582.0,,,,,,,,
109,Chen Yin,Chen,chen-yin,no-pic,10.757,50.0,Power tools,Manufacturing,M,China,1681550402483,,,1052.663,2574.0,2574.0,,,,,,,,
110,Chen Zhiping,Chen,chen-zhiping,no-pic,-45.627,47.0,E-cigarettes,Manufacturing,M,China,1681550402483,,Guangdong,2578.455,1230.0,1230.0,https://specials-images.forbesimg.com/imageserve/6182c460dd603796f4e9678c/416x416.jpg?background=000000&cropX1=293&cropX2=683&cropY1=8&cropY2=398,,,,,,,
111,Ching Bor Tung,Tung,ching-bor-tung,no-pic,32.772,60.0,Manufacturing ,Manufacturing,M,China,1681550402483,,Guangdong,1193.842,2388.0,2388.0,,,,,,,,
112,Chirayu Amin,Amin,chirayu-amin,chirayu-amin,0.0,76.0,Pharmaceuticals,Healthcare,M,India,1681550402483,,,1328.129,2198.0,2198.0,https://specials-images.forbesimg.com/imageserve/606f4c997d5828540a5645bf/416x416.jpg?background=000000&cropX1=560&cropX2=1152&cropY1=201&cropY2=793,,,,,,,
113,Cho Jung-ho,Cho,cho-jung-ho,cho-jung-ho,-100.028,64.0,Finance,Finance & Investments,M,South Korea,1681550402483,,,3479.071,860.0,860.0,https://specials-images.forbesimg.com/imageserve/60b1254d310af4072bd1fb5d/416x416.jpg?background=000000&cropX1=135&cropX2=1128&cropY1=247&cropY2=1239,,,,,,,
114,Cho Jyh-jer,Cho,cho-jyh-jer,no-pic,-2.599,,Semiconductors,Technology,M,Taiwan,1681550402483,,,1121.554,2478.0,2478.0,https://specials-images.forbesimg.com/imageserve/63a0c99719ae5f47238ceb38/416x416.jpg?background=000000&cropX1=3&cropX2=692&cropY1=80&cropY2=769,,,,,,,
115,Cho Young-sik,Cho,cho-young-sik,no-pic,29.996,61.0,diagnostics,Healthcare,M,South Korea,1681550402483,,,1043.282,2588.0,2588.0,https://specials-images.forbesimg.com/imageserve/625f1ea9ec9442845e971d92/416x416.jpg?background=000000&cropX1=2034&cropX2=3757&cropY1=557&cropY2=2279,,,,,,,
116,Chris Ellison,Ellison,chris-ellison,no-pic,16.734,65.0,Mining,Metals & Mining,M,Australia,1681550402483,,,1322.229,2204.0,2204.0,https://specials-images.forbesimg.com/imageserve/63ea79def85c6fe5f9d77ebd/416x416.jpg?background=000000&cropX1=147&cropX2=1003&cropY1=35&cropY2=891,,,,,,,
117,Chris Xu,Xu,chris-xu,no-pic,0.0,39.0,E-commerce,Fashion & Retail,M,China,1681550402482,,Guangdong,10500.0,177.0,177.0,,,,,,,,
118,Christian Angermayer,Angermayer,christian-angermayer,no-pic,14.24,44.0,Investments,Finance & Investments,M,Germany,1681550402483,,,1068.97,2548.0,2548.0,https://specials-images.forbesimg.com/imageserve/632b17a7848400c32b7d2c23/416x416.jpg?background=000000&cropX1=631&cropX2=1664&cropY1=20&cropY2=1053,,,,,,,
119,Christian Birkenstock,Birkenstock,christian-birkenstock,no-pic,0.0,50.0,Shoes,Fashion & Retail,M,Germany,1681550402483,,,1652.452,1848.0,1849.0,,,,,,,,
120,Christine Knauf,Knauf,christine-knauf,no-pic-female,0.0,,Building materials,Manufacturing,F,Germany,1681550402483,,,1266.019,2280.0,2280.0,,,,,,,,
121,Chu Jian,Chu,chu-jian-1,no-pic,30.644,60.0,Manufacturing,Manufacturing,M,China,1681550402483,,Zhejiang,1477.783,2030.0,2030.0,,,,,,,,
122,Chung Yong-ji,Chung,chung-yong-ji,no-pic,-77.899,53.0,Biotech,Healthcare,M,South Korea,1681550402483,,,1193.807,2389.0,2389.0,,,,,,,,
123,Chung Yong-jin,Chung,chung-yong-jin,chung-yong-jin,-10.141,54.0,Retail,Fashion & Retail,M,South Korea,1681550402483,,,1214.409,2352.0,2352.0,//specials-images.forbesimg.com/imageserve/5e77b1a2d8e1ae0007b732d5/416x416.jpg?background=000000&cropX1=3&cropX2=714&cropY1=16&cropY2=727,,,,,,,
124,Claudio Del Vecchio,Del Vecchio,claudio-del-vecchio,no-pic,29.933,66.0,Eyeglasses,Fashion & Retail,M,Italy,1681550402483,NY,New York,3960.43,734.0,734.0,https://specials-images.forbesimg.com/imageserve/642b2d3d240725d2a7eb479e/416x416.jpg?background=000000&cropX1=310&cropX2=1086&cropY1=145&cropY2=922,,,,,,,
125,Clelia Haji-Ioannou,Haji-Ioannou,clelia-haji-ioannou,no-pic-female,-0.816,52.0,EasyJet,Service,F,Cyprus,1681550402483,,,1012.37,2631.0,2631.0,,,,,,,,
126,Clemente Del Vecchio,Del Vecchio,clemente-del-vecchio,no-pic,29.933,18.0,Eyeglases,Fashion & Retail,M,Italy,1681550402483,,,3953.232,737.0,737.0,,,,,,,,
127,Cliff Obrecht,Obrecht,cliff-obrecht,no-pic,0.0,37.0,Software,Technology,M,Australia,1681550402483,,,3618.0,824.0,824.0,https://specials-images.forbesimg.com/imageserve/624430fcba07b141424ab6ab/416x416.jpg?background=000000&cropX1=543&cropX2=1057&cropY1=149&cropY2=663,,,,,,,
128,Conni Jonsson,Jonsson,conni-jonsson,no-pic,32.722,62.0,Asset management ,Finance & Investments,M,Sweden,1681550402483,,,1373.34,2145.0,2145.0,,,,,,,,
129,Cristina Green,Green,cristina-green,no-pic-female,0.0,,Fashion retail,Fashion & Retail,F,United Kingdom,1681550402483,,,1090.893,2515.0,2515.0,,,,,,,,
130,Daniel Feffer,Feffer,daniel-feffer,no-pic,-19.709,63.0,Pulp and paper,Manufacturing,M,Brazil,1681550402483,,,1085.193,2520.0,2520.0,https://specials-images.forbesimg.com/imageserve/6050f48ca1ab099ed6e290cc/416x416.jpg?background=000000&cropX1=0&cropX2=800&cropY1=0&cropY2=800,,,,,,,
131,Daniel Hirschfeld,Hirschfeld,daniel-hirschfeld,no-pic,11.178,81.0,Fashion retail,Fashion & Retail,M,United States,1681550402483,NE,Nebraska,1366.52,2151.0,2151.0,,,,,,,,
132,Daniel Sundheim,Sundheim,daniel-sundheim,no-pic,0.0,46.0,Hedge funds,Finance & Investments,M,United States,1681550402483,NY,New York,2949.0,1047.0,1047.0,https://specials-images.forbesimg.com/imageserve/6063814730d15bbcd7ce7e1c/416x416.jpg?background=000000&cropX1=0&cropX2=1361&cropY1=435&cropY2=1797,,,,,,,
133,Danielle Bellon & family,Bellon,danielle-bellon,no-pic-female,-65.728,83.0,Food services,Service,F,France,1681550402482,,,4941.744,573.0,573.0,,,,,,,,
134,Danilo Iervolino,Iervolino,danilo-iervolino,no-pic,-0.302,45.0,Online universities,Technology,M,Italy,1681550402483,,,1054.664,2572.0,2572.0,https://specials-images.forbesimg.com/imageserve/642b38c3a587d8f00ebbf2c7/416x416.jpg?background=000000&cropX1=0&cropX2=1824&cropY1=477&cropY2=2302,,,,,,,
135,Danna Azrieli,Azrieli,danna-azrieli,no-pic-female,0.0,55.0,Real estate,Real Estate,F,Israel,1681550402483,,,1192.498,2392.0,2392.0,,,,,,,,
136,David Baszucki,Baszucki,david-baszucki,no-pic,0.0,60.0,Online games,Media & Entertainment,M,United States,1681550402483,CA,California,2986.164,1028.0,1028.0,https://specials-images.forbesimg.com/imageserve/615e05efefba96ce189bcce9/416x416.jpg?background=000000&cropX1=881&cropX2=2461&cropY1=69&cropY2=1648,,,,,,,
137,David Blitzer,Blitzer,david-blitzer,no-pic,0.0,53.0,Sports,Sports,M,United States,1681550402483,NY,New York,1934.3,1615.0,1615.0,,,,,,,,
138,David Feffer,Feffer,david-feffer,no-pic,-20.56,66.0,Pulp and paper,Manufacturing,M,Brazil,1681550402483,,,1130.402,2467.0,2467.0,https://specials-images.forbesimg.com/imageserve/6050f48ca1ab099ed6e290cc/416x416.jpg?background=000000&cropX1=0&cropX2=800&cropY1=0&cropY2=800,,,,,,,
139,David Fong,Fong,david-fong-1,no-pic,0.0,65.0,Real estate,Real Estate,M,Hong Kong,1681550402483,,,1948.1,1605.0,1605.0,,,,,,,,
140,David Hoffmann,Hoffmann,david-hoffmann,no-pic,0.0,70.0,"Executive search, investments",Diversified,M,United States,1681550402483,FL,Florida,1567.0,1931.0,1931.0,https://specials-images.forbesimg.com/imageserve/62505a9511733e99ab4ebda7/416x416.jpg?background=000000&cropX1=417&cropX2=2278&cropY1=175&cropY2=2034,,,,,,,
141,David Kaplan,Kaplan,david-kaplan,no-pic,-19.65,55.0,Finance,Finance & Investments,M,United States,1681550402483,CA,California,1291.912,2243.0,2243.0,,,,,,,,
142,David McMurtry,McMurtry,david-mcmurtry,no-pic,-5.94,82.0,Manufacturing,Manufacturing,M,United Kingdom,1681550402483,,,1352.304,2165.0,2165.0,//specials-images.forbesimg.com/imageserve/58acd150a7ea431f3219eb6e/416x416.jpg?background=000000&cropX1=35&cropX2=724&cropY1=129&cropY2=819,,,,,,,
143,David Mindus,Mindus,david-mindus,no-pic,59.011,51.0,Real estate,Real Estate,M,Sweden,1681550402483,,,1922.679,1625.0,1625.0,,,,,,,,
144,David Penaloza Alanis,Penaloza Alanis,david-penaloza-alanis,no-pic,-4.026,49.0,Toll roads,Construction & Engineering,M,Mexico,1681550402483,,,1560.238,1936.0,1936.0,,,,,,,,
145,David Tran & family,Tran,david-tran,no-pic,0.0,77.0,Hot sauce,Food & Beverage,M,United States,1681550402483,CA,California,1021.381,2617.0,2617.0,https://specials-images.forbesimg.com/imageserve/642b30d3cffac6c2c35a2d8e/416x416.jpg?background=000000&cropX1=1278&cropX2=2002&cropY1=52&cropY2=776,,,,,,,
146,David Velez & family,Velez,david-velez,no-pic,-9.92,41.0,Fintech,Finance & Investments,M,Colombia,1681550402482,,,4622.725,615.0,615.0,https://specials-images.forbesimg.com/imageserve/60638457e39799801c5746a7/416x416.jpg?background=000000&cropX1=20&cropX2=1334&cropY1=129&cropY2=1443,,,,,,,
147,Dean Solon,Solon,dean-solon,no-pic,-8.472,58.0,Solar systems,Energy,M,United States,1681550402483,TN,Tennessee,1124.367,2474.0,2474.0,,,,,,,,
148,Deepak Mehta,Mehta,deepak-mehta,no-pic,0.0,66.0,Chemicals,Manufacturing,M,India,1681550402483,,,1414.128,2100.0,2100.0,https://specials-images.forbesimg.com/imageserve/602d7f59393a1065d8a2046a/416x416.jpg?background=000000&cropX1=499&cropX2=2549&cropY1=153&cropY2=2204,,,,,,,
149,Deng Weiming & family,Deng,deng-weiming,no-pic,67.634,54.0,Battery components,Manufacturing,M,China,1681550402483,,Hunan,2497.547,1266.0,1266.0,,,,,,,,
150,Denis Shtengelov,Shtengelov,denis-shtengelov,no-pic,0.0,50.0,"Food, retail",Food & Beverage,M,Russia,1681550402483,,,1317.567,2208.0,2208.0,,,,,,,,
151,Devi Shetty,Shetty,devi-shetty,no-pic,0.0,70.0,Healthcare,Healthcare,M,India,1681550402483,,,1260.066,2289.0,2289.0,https://specials-images.forbesimg.com/imageserve/6245ee2bcaf9d69fc6dcafbb/416x416.jpg?background=000000&cropX1=1665&cropX2=3236&cropY1=99&cropY2=1669,,,,,,,
152,Dewi Kam,Kam,dewi-kam,no-pic-female,11.298,72.0,Coal,Energy,F,Indonesia,1681550402482,,,4680.427,604.0,604.0,,,,,,,,
153,Dhruv Sawhney,Sawhney,dhruv-sawhney,no-pic,0.0,78.0,"Engineering, sugar",Construction & Engineering,M,India,1681550402483,,,1187.188,2402.0,2402.0,https://specials-images.forbesimg.com/imageserve/6245f103580ccff7731e179d/416x416.jpg?background=000000&cropX1=357&cropX2=1404&cropY1=42&cropY2=1089,,,,,,,
154,Diana Teh Li Shing,Shing,diana-teh-li-shing,no-pic-female,0.0,,Banking,Finance & Investments,F,Malaysia,1681550402483,,,1329.322,2194.0,2194.0,,,,,,,,
155,Dilip Surana,Surana,dilip-surana,no-pic,0.0,57.0,Pharmaceuticals,Healthcare,M,India,1681550402483,,,1448.861,2066.0,2067.0,,,,,,,,
156,Ding Shui Po,Ding,ding-shui-po,no-pic,1.118,52.0,"Sneakers, sportswear",Fashion & Retail,M,China,1681550402483,,Fujian,1348.757,2171.0,2171.0,,,,,,,,
157,Dmitry Mazepin,Mazepin,dmitry-mazepin,dmitry-mazepin,0.0,54.0,Chemicals,Manufacturing,M,Russia,1681550402483,,,2836.076,1103.0,1103.0,,,,,,,,
158,Dmitry Nikolaev,Nikolaev,dmitry-nikolaev,no-pic,0.0,56.0,Coal,Energy,M,Russia,1681550402483,,,1076.415,2540.0,2540.0,,,,,,,,
159,Donald Horton & family,Horton,donald-horton,no-pic,7.754,73.0,Homebuilding,Real Estate,M,United States,1681550402483,TX,Texas,3035.044,1012.0,1012.0,https://specials-images.forbesimg.com/imageserve/60464ead584901b00b3ef273/416x416.jpg?background=000000&cropX1=182&cropX2=1486&cropY1=83&cropY2=1387,,,,,,,
160,Dong Jinggui,Dong,dong-jinggui,no-pic,57.049,,Electric scooters,Automotive,M,China,1681550402483,,Jiangsu,3675.234,809.0,809.0,,,,,,,,
161,Doug Meijer & family,Meijer,doug-meijer,no-pic,0.0,69.0,Supermarkets,Fashion & Retail,M,United States,1681550402482,MI,Michigan,4565.151,628.0,628.0,,,,,,,,
162,Dragos Paval,Paval,dragos-paval,no-pic,0.0,56.0,Retail,Fashion & Retail,M,Romania,1681550402483,,,1745.471,1770.0,1770.0,,,,,,,,
163,Drorit Wertheim,Wertheim,drorit-wertheim,no-pic-female,0.0,67.0,Coca Cola Israel,Food & Beverage,F,Israel,1681550402483,,,1161.934,2435.0,2435.0,,,,,,,,
164,Du Jiangtao & family,Du,du-jiangtao,du-jiangtao,8.678,53.0,Chemicals,Manufacturing,M,China,1681550402483,,Beijing,2826.453,1109.0,1109.0,//specials-images.forbesimg.com/imageserve/562029ede4b0ffa7afe5eb62/416x416.jpg?background=000000&cropX1=0&cropX2=744&cropY1=58&cropY2=802,,,,,,,
165,Du Yulin & family,Du,du-yulin,no-pic,15.793,50.0,Software,Technology,M,China,1681550402483,,Guangdong,1256.27,2297.0,2297.0,,,,,,,,
166,Dwight Schar,Schar,dwight-schar,dwight-schar,2.786,81.0,"Homebuilding, NFL team",Construction & Engineering,M,United States,1681550402483,FL,Florida,1927.221,1619.0,1619.0,,,,,,,,
167,Eddy Sugianto,Sugianto,eddy-sugianto,no-pic,17.314,77.0,Coal,Metals & Mining,M,Indonesia,1681550402483,,,1290.914,2246.0,2246.0,https://specials-images.forbesimg.com/imageserve/638e271060e1ba131255d450/416x416.jpg?background=000000&cropX1=50&cropX2=346&cropY1=58&cropY2=354,,,,,,,
168,Eduard Kucera,Kucera,eduard-kucera,no-pic,-2.706,70.0,Software,Technology,M,Czech Republic,1681550402483,,,1367.296,2149.0,2149.0,,,,,,,,
169,Eduardo Costantini,Costantini,eduardo-costantini,no-pic,3.417,76.0,Real estate,Real Estate,M,Argentina,1681550402483,,,1226.223,2336.0,2336.0,//specials-images.forbesimg.com/imageserve/5a7a257ba7ea43169012d53c/416x416.jpg?background=000000&cropX1=766&cropX2=3435&cropY1=0&cropY2=2667,,,,,,,
170,Eduardo Eurnekian,Eurnekian,eduardo-eurnekian,eduardo-eurnekian,-8.281,90.0,"Airports, investments",Diversified,M,Argentina,1681550402483,,,1991.916,1575.0,1575.0,//specials-images.forbesimg.com/imageserve/5e73d11607adf00006db9515/416x416.jpg?background=000000&cropX1=2263&cropX2=5806&cropY1=0&cropY2=3540,,,,,,,
171,Edward Lampert,Lampert,edward-lampert,edward-lampert,16.154,60.0,Sears,Finance & Investments,M,United States,1681550402483,FL,Florida,1865.47,1666.0,1666.0,//specials-images.forbesimg.com/imageserve/8cf1228c1a15189e60fb6041f47333eb/416x416.jpg?background=000000&cropX1=82&cropX2=744&cropY1=95&cropY2=757,,,,,,,
172,Edward Stack,Stack,edward-stack,edward-stack,17.459,68.0,Dick's Sporting Goods,Fashion & Retail,M,United States,1681550402483,PA,Pennsylvania,2051.311,1535.0,1535.0,//specials-images.forbesimg.com/imageserve/58c1999531358e1a35acb543/416x416.jpg?background=000000&cropX1=155&cropX2=575&cropY1=32&cropY2=453,,,,,,,
173,Edwin Soeryadjaya,Soeryadjaya,edwin-soeryadjaya-1,no-pic,-0.572,73.0,"Coal, investments",Energy,M,Indonesia,1681550402483,,,1153.276,2442.0,2442.0,,,,,,,,
174,Edythe Broad & family,Broad,edythe-broad,no-pic-female,0.0,87.0,"Homebuilding, insurance",Diversified,F,United States,1681550402482,CA,California,6852.125,369.0,369.0,https://specials-images.forbesimg.com/imageserve/62446cad7e919f74474ab6ab/416x416.jpg?background=000000&cropX1=1453&cropX2=2550&cropY1=403&cropY2=1499,,,,,,,
175,Egor Kulkov,Kulkov,egor-kulkov,no-pic,0.0,51.0,Pharmaceuticals,Healthcare,M,Russia,1681550402483,,,3048.899,1005.0,1005.0,,,,,,,,
176,Eleanor Butt Crook & family,Crook,eleanor-butt-crook,no-pic-female,0.0,90.0,Supermarkets,Fashion & Retail,F,United States,1681550402483,TX,Texas,2805.3,1117.0,1117.0,,,,,,,,
177,Elisabeth DeLuca,DeLuca,elisabeth-deluca,no-pic-female,0.0,75.0,Subway,Food & Beverage,F,United States,1681550402482,,,4012.0,721.0,721.0,,,,,,,,
178,Elizabeth Holmes,Holmes,elizabeth-holmes,elizabeth-holmes,,39.0,blood testing,Healthcare,F,United States,1681550402483,CA,California,0.0,2655.0,2655.0,https://specials-images.forbesimg.com/imageserve/f73972b9d28df45e961ffa27a62cdff5/416x416.jpg?background=000000&cropX1=0&cropX2=744&cropY1=150&cropY2=894,,,,,,,
179,Elizabeth Uihlein,Uihlein,elizabeth-uihlein,no-pic-female,0.0,77.0,Packaging materials,Manufacturing,F,United States,1681550402483,IL,Illinois,3808.848,775.0,775.0,https://specials-images.forbesimg.com/imageserve/62f15573abbc8f597b1d9c78/416x416.jpg?background=000000&cropX1=0&cropX2=623&cropY1=0&cropY2=623,,,,,,,
180,Erich Wesjohann & family,Wesjohann,erich-wesjohann,no-pic,0.0,77.0,Poultry genetics,Food & Beverage,M,Germany,1681550402482,,,5523.641,492.0,492.0,,,,,,,,
181,Eugene Wu,Wu,eugene-wu,eugene-wu,8.532,77.0,Finance,Finance & Investments,M,Taiwan,1681550402483,,,1185.797,2403.0,2403.0,//specials-images.forbesimg.com/imageserve/5e1e4e5bda6d380006299ad2/416x416.jpg?background=000000&cropX1=8&cropX2=718&cropY1=46&cropY2=757,,,,,,,
182,Falguni Nayar,Nayar,falguni-nayar,no-pic-female,0.0,60.0,Retailing,Fashion & Retail,F,India,1681550402483,,,2359.102,1348.0,1348.0,https://specials-images.forbesimg.com/imageserve/624433b350f24c36ffc7b3b0/416x416.jpg?background=000000&cropX1=0&cropX2=1390&cropY1=248&cropY2=1639,,,,,,,
183,Fan Daidi,Fan,fan-daidi,no-pic-female,-99.293,57.0,Skincare,Fashion & Retail,F,China,1681550402483,,Shaanxi,3409.057,882.0,882.0,,,,,,,,
184,Farhad Ebrahimi,Ebrahimi,farhad-ebrahimi,no-pic,-14.32,84.0,Solar panels,Manufacturing,M,United States,1681550402483,CO,Colorado,1163.459,2434.0,2434.0,,,,,,,,
185,Federico De Nora,De Nora,federico-de-nora,no-pic,0.0,55.0,Electrodes,Manufacturing,M,Italy,1681550402483,,,1546.845,1949.0,1949.0,,,,,,,,
186,Fei Song,Song,fei-song,no-pic,7.86,56.0,Machinery,Manufacturing,M,China,1681550402483,,Shandong,1224.024,2341.0,2341.0,,,,,,,,
187,Feng Yuxia,Feng,feng-yuxia,no-pic-female,-12.683,58.0,Pharmaceuticals,Healthcare,F,China,1681550402483,,Beijing,1019.259,2621.0,2621.0,,,,,,,,
188,Fernando Chico Pardo,Chico Pardo,fernando-chico-pardo,no-pic,-2.233,71.0,Airport management,Service,M,Mexico,1681550402483,,,2660.546,1196.0,1196.0,//specials-images.forbesimg.com/imageserve/5c7850314bbe6f0583123c77/416x416.jpg?background=000000&cropX1=154&cropX2=858&cropY1=16&cropY2=720,,,,,,,
189,Francesco Saputo,Saputo,francesco-saputo,no-pic,20.654,,Cheese,Food & Beverage,M,Canada,1681550402483,,Quebec,1296.723,2235.0,2235.0,,,,,,,,
190,Francine von Finck & family,von Finck,francine-von-finck,no-pic-female,-9.771,,Investments,Finance & Investments,F,Germany,1681550402482,,,8525.869,251.0,251.0,,,,,,,,
191,Francois Feuillet & family,Feuillet,francois-feuillet,no-pic,-3.704,74.0,"Motorhomes, RVs",Automotive,M,France,1681550402483,,,1844.259,1687.0,1687.0,//specials-images.forbesimg.com/imageserve/5a7deeb3a7ea431690131b81/416x416.jpg?background=000000&cropX1=551&cropX2=1315&cropY1=491&cropY2=1255,,,,,,,
192,Frank Slootman,Slootman,frank-slootman,no-pic,5.925,64.0,Software,Technology,M,United States,1681550402483,CA,California,1541.53,1952.0,1952.0,https://specials-images.forbesimg.com/imageserve/60638834dbd41e0a844ae7fe/416x416.jpg?background=000000&cropX1=540&cropX2=1356&cropY1=146&cropY2=962,,,,,,,
193,Franziska Wuerbser,Wuerbser,franziska-wuerbser,no-pic-female,3.96,35.0,Kitchen appliances,Manufacturing,F,Germany,1681550402483,,,1177.336,2416.0,2416.0,,,,,,,,
194,Fred Ehrsam,Ehrsam,fred-ehrsam,no-pic,10.8,34.0,cryptocurrency exchange,Finance & Investments,M,United States,1681550402483,FL,Florida,1118.529,2482.0,2482.0,https://specials-images.forbesimg.com/imageserve/6063888ca33337dd9e276465/416x416.jpg?background=000000&cropX1=465&cropX2=1482&cropY1=141&cropY2=1158,,,,,,,
195,Fredrik Österberg,Österberg,fredrik-osterberg,no-pic,-11.023,52.0,Gambling products,Gambling & Casinos,M,Sweden,1681550402483,,,1725.215,1787.0,1787.0,,,,,,,,
196,Fritz Draexlmaier,Draexlmaier,fritz-draexlmaier,fritz-draexlmaier,0.0,,Auto parts ,Automotive,M,Germany,1681550402483,,,1986.728,1579.0,1579.0,//specials-images.forbesimg.com/imageserve/5c703c114bbe6f79679f0521/416x416.jpg?background=000000&cropX1=221&cropX2=1235&cropY1=99&cropY2=1112,,,,,,,
197,Fu Mingkang & family,Fu,fu-mingkang,no-pic,6.181,60.0,Manufacturing,Manufacturing,M,China,1681550402483,,Zhejiang,1367.289,2150.0,2150.0,,,,,,,,
198,Fumio Kaneko,Kaneko,fumio-kaneko,no-pic,0.928,66.0,Waste management,Service,M,Japan,1681550402483,,,1071.548,2543.0,2543.0,https://specials-images.forbesimg.com/imageserve/63e65cb99073392361f721e9/416x416.jpg?background=000000&cropX1=451&cropX2=1438&cropY1=202&cropY2=1190,,,,,,,
199,G. Gnanalingam,Gnanalingam,g-gnanalingam,g-gnanalingam,3.485,78.0,Ports,Logistics,M,Malaysia,1681550402483,,,1501.57,1990.0,1990.0,//specials-images.forbesimg.com/imageserve/56cbaf11e4b062f6b59a42eb/416x416.jpg?background=000000&cropX1=0&cropX2=744&cropY1=69&cropY2=813,,,,,,,
200,G. M. Rao,Rao,g-m-rao,g-m-rao,0.0,72.0,Infrastructure,Logistics,M,India,1681550402483,,,1417.348,2096.0,2096.0,//specials-images.forbesimg.com/imageserve/5e768ac5d8e1ae0007b722de/416x416.jpg?background=000000&cropX1=287&cropX2=2431&cropY1=24&cropY2=2169,,,,,,,
201,Gabriel Escarrer,Escarrer,gabriel-escarrer,gabriel-escarrer,6.616,88.0,Hotels,Service,M,Spain,1681550402483,,,1058.796,2565.0,2565.0,//specials-images.forbesimg.com/imageserve/5c7216b931358e35dd26fe36/416x416.jpg?background=000000&cropX1=129&cropX2=486&cropY1=3&cropY2=360,,,,,,,
202,Gabriella Meister,Meister,gabriella-meister,no-pic-female,3.957,,Appliances,Manufacturing,F,Germany,1681550402483,,,1199.126,2376.0,2376.0,,,,,,,,
203,Gan Zhongru,Gan,gan-zhongru,no-pic,-8.172,74.0,Pharmaceuticals,Healthcare,M,China,1681550402483,,Beijing,1210.558,2356.0,2356.0,,,,,,,,
204,Gang Chen,Chen,gang-chen-1,no-pic,8.989,55.0,Solar energy,Energy,M,China,1681550402483,,Guangdong,1014.467,2626.0,2626.0,,,,,,,,
205,Gao Jifan & family,Gao,gao-jifan,no-pic,-24.733,58.0,Solar equipment,Energy,M,China,1681550402482,,Jiangsu,5538.821,490.0,490.0,https://specials-images.forbesimg.com/imageserve/6182cc393bf7c3b9cf3d1ca0/416x416.jpg?background=000000&cropX1=377&cropX2=2937&cropY1=63&cropY2=2621,,,,,,,
206,Gao Yunfeng,Gao,gao-yunfeng,no-pic,7.272,56.0,Industrial lasers,Manufacturing,M,China,1681550402483,,Guangdong,1030.48,2604.0,2604.0,//specials-images.forbesimg.com/imageserve/5a8df770a7ea431690141002/416x416.jpg?background=000000&cropX1=187&cropX2=1715&cropY1=102&cropY2=1630,,,,,,,
207,Gary Friedman,Friedman,gary-friedman,no-pic,-8.008,65.0,Furniture retail,Fashion & Retail,M,United States,1681550402483,CA,California,1083.853,2525.0,2525.0,https://specials-images.forbesimg.com/imageserve/606d0cc8cfcbcccb1a94db8e/416x416.jpg?background=000000&cropX1=0&cropX2=1455&cropY1=69&cropY2=1525,,,,,,,
208,Gary Lauder,Lauder,gary-lauder,no-pic,9.018,60.0,Estée Lauder,Fashion & Retail,M,United States,1681550402483,CA,California,1343.769,2179.0,2179.0,//specials-images.forbesimg.com/imageserve/5d94f4d967dd830006a28754/416x416.jpg?background=000000&cropX1=0&cropX2=1994&cropY1=236&cropY2=2229,,,,,,,
209,Genhuo Shao,Shao,genhuo-shao,genhuo-shao,-8.27,57.0,Agribusiness,Food & Beverage,M,China,1681550402483,,Beijing,1734.197,1780.0,1780.0,,,,,,,,
210,Geoffrey Palmer,Palmer,geoffrey-palmer,no-pic,0.0,72.0,Real estate,Real Estate,M,United States,1681550402483,CA,California,3172.856,960.0,960.0,,,,,,,,
211,George Kurtz,Kurtz,george-kurtz,no-pic,-4.306,52.0,Security software,Technology,M,United States,1681550402483,AZ,Arizona,2009.797,1558.0,1558.0,//specials-images.forbesimg.com/imageserve/5e5eec877d6f2600068e9a81/416x416.jpg?background=000000&cropX1=1192&cropX2=3840&cropY1=2641&cropY2=5291,,,,,,,
212,George Pastor,Pastor,george-pastor,no-pic,3.805,,Finance,Finance & Investments,M,Peru,1681550402483,,,1500.87,1992.0,1993.0,,,,,,,,
213,George Pedersen & family,Pedersen,george-pedersen,no-pic,0.0,87.0,Defense contractor,Manufacturing,M,United States,1681550402483,VA,Virginia,1264.78,2284.0,2284.0,,,,,,,,
214,George Sakellaris,Sakellaris,george-sakellaris,no-pic,-24.297,76.0,Energy services,Energy,M,United States,1681550402483,MA,Massachusetts,995.664,2649.0,2649.0,https://specials-images.forbesimg.com/imageserve/62446d6cb06800cfb4c7b3b0/416x416.jpg?background=000000&cropX1=459&cropX2=1220&cropY1=532&cropY2=1293,,,,,,,
215,Georgi Domuschiev,Domuschiev,georgi-domuschiev,no-pic,0.0,50.0,"Animal health, investments",Diversified,M,Bulgaria,1681550402483,,,2179.368,1454.0,1454.0,,,,,,,,
216,Ghan Djoe Hiang,Hiang,ghan-djoe-hiang,no-pic-female,2.857,79.0,Coal,Energy,F,Indonesia,1681550402483,,,1061.69,2559.0,2559.0,,,,,,,,
217,Giammaria Giuliani,Giuliani,giammaria-giuliani,no-pic,-4.237,45.0,Pharmaceuticals,Healthcare,M,Switzerland,1681550402483,,,1663.893,1842.0,1842.0,https://specials-images.forbesimg.com/imageserve/62470f3eae3d060f6feac76b/416x416.jpg?background=000000&cropX1=258&cropX2=1088&cropY1=30&cropY2=860,,,,,,,
218,Gianfelice Rocca,Rocca,gianfelice-rocca-1,no-pic,-15.391,75.0,Pipe Manufacturing,Metals & Mining,M,Italy,1681550402483,,,2611.485,1218.0,1218.0,,,,,,,,
219,Ginia Rinehart,Rinehart,ginia-rinehart,no-pic-female,0.0,36.0,Mining,Metals & Mining,F,Australia,1681550402483,,,2013.941,1556.0,1556.0,//specials-images.forbesimg.com/imageserve/5a7a536931358e4955acc865/416x416.jpg?background=000000&cropX1=1187&cropX2=2359&cropY1=97&cropY2=1269,,,,,,,
220,Giovanni Arvedi,Arvedi,giovanni-arvedi,no-pic,0.0,85.0,Steel,Metals & Mining,M,Italy,1681550402483,,,1769.748,1746.0,1746.0,,,,,,,,
221,Giuliana Caprotti,Caprotti,giuliana-caprotti,no-pic-female,0.0,82.0,Supermarkets,Food & Beverage,F,Italy,1681550402483,,,1177.496,2414.0,2414.0,,,,,,,,
222,Giuseppe Crippa & family,Crippa,giuseppe-crippa,no-pic,-9.991,87.0,Microchip testing,Manufacturing,M,Italy,1681550402483,,,3556.06,841.0,841.0,,,,,,,,
223,Gopikishan Damani,Damani,gopikishan-damani,no-pic,0.0,65.0,"Retail, investments",Fashion & Retail,M,India,1681550402482,,,6177.544,422.0,422.0,,,,,,,,
224,Gregg Hymowitz,Hymowitz,gregg-hymowitz,no-pic,0.0,57.0,Asset management,Finance & Investments,M,United States,1681550402483,NY,New York,1315.187,2211.0,2211.0,https://specials-images.forbesimg.com/imageserve/642d772ac7d56fd13e392965/416x416.jpg?background=000000&cropX1=0&cropX2=862&cropY1=196&cropY2=1059,,,,,,,
225,Guan Yihong,Guan,guan-yihong,no-pic,4.517,,Restaurant,Food & Beverage,M,China,1681550402483,,Guangdong,1408.126,2103.0,2103.0,,,,,,,,
226,Guilherme Benchimol,Benchimol,guilherme-benchimol-1,no-pic,-1.254,46.0,financial services,Finance & Investments,M,Brazil,1681550402483,,,1209.807,2358.0,2358.0,//specials-images.forbesimg.com/imageserve/5e74281a10380d0006bdac5e/416x416.jpg?background=000000&cropX1=394&cropX2=2816&cropY1=0&cropY2=2421,,,,,,,
227,Guillaume Pousaz,Pousaz,guillaume-pousaz,no-pic,0.0,41.0,Fintech,Finance & Investments,M,Switzerland,1681550402482,,,7164.3,335.0,335.0,https://specials-images.forbesimg.com/imageserve/6063905ac98d8bbfdbce7e1c/416x416.jpg?background=000000&cropX1=40&cropX2=2632&cropY1=467&cropY2=3058,,,,,,,
228,Guo Zhenyu & family,Guo,guo-zhenyu,no-pic,-42.468,59.0,Cosmetics,Fashion & Retail,M,Canada,1681550402483,,Yunan,1959.642,1597.0,1597.0,,,,,,,,
229,Gurbachan Singh Dhingra,Dhingra,gurbachan-singh-dhingra,no-pic,0.0,73.0,Paints,Manufacturing,M,India,1681550402483,,,3105.704,983.0,983.0,,,,,,,,
230,G.V. Prasad,Prasad,gv-prasad,no-pic,0.0,62.0,Pharmaceuticals,Healthcare,M,India,1681550402483,,,1197.711,2379.0,2379.0,,,,,,,,
231,Hajime Satomi,Satomi,hajime-satomi,hajime-satomi,20.983,81.0,"Video games, pachinko",Gambling & Casinos,M,Japan,1681550402483,,,1428.089,2085.0,2085.0,//specials-images.forbesimg.com/imageserve/5ea6e850b137de0007981d6e/416x416.jpg?background=000000&cropX1=421&cropX2=2501&cropY1=0&cropY2=2080,,,,,,,
232,Hal Steinbrenner,Steinbrenner,hal-steinbrenner,no-pic,0.0,54.0,Sports,Sports,M,United States,1681550402483,FL,Florida,1281.8,2259.0,2259.0,,,,,,,,
233,Hamad bin Jassim bin Jaber Al Thani,Al Thani,hamad-bin-jassim-bin-jaber-al-thani,no-pic,30.291,63.0,Investments,Finance & Investments,M,Qatar,1681550402483,,,1181.781,2406.0,2406.0,//specials-images.forbesimg.com/imageserve/5a8071fc31358e4955ad284c/416x416.jpg?background=000000&cropX1=0&cropX2=720&cropY1=62&cropY2=782,,,,,,,
234,Hank Meijer & family,Meijer,hank-meijer,no-pic,0.0,71.0,Supermarkets,Fashion & Retail,M,United States,1681550402482,MI,Michigan,4565.151,628.0,629.0,https://specials-images.forbesimg.com/imageserve/632ccf1a95e9c928ac7d2c20/416x416.jpg?background=000000&cropX1=1207&cropX2=2065&cropY1=226&cropY2=1084,,,,,,,
235,Harald Tschira,Tschira,harald-tschira,no-pic,0.0,48.0,Software,Technology,M,Germany,1681550402483,,,3299.823,923.0,923.0,,,,,,,,
236,Hari Bhartia,Bhartia,hari-bhartia,no-pic,0.0,66.0,Diversified,Diversified,M,India,1681550402483,,,1221.947,2346.0,2346.0,,,,,,,,
237,Haryanto Tjiptodihardjo,Tjiptodihardjo,haryanto-tjiptodihardjo,no-pic,52.266,59.0,Manufacturing,Manufacturing,M,Indonesia,1681550402483,,,1100.656,2501.0,2501.0,https://specials-images.forbesimg.com/imageserve/638e27dc70b0a050c9570670/416x416.jpg?background=000000&cropX1=150&cropX2=968&cropY1=17&cropY2=835,,,,,,,
238,Hayes Barnard,Barnard,hayes-barnard,no-pic,0.0,51.0,Fintech,Finance & Investments,M,United States,1681550402483,TX,Texas,3734.0,792.0,792.0,https://specials-images.forbesimg.com/imageserve/632ccf967cdb1c63da44b120/416x416.jpg?background=000000&cropX1=537&cropX2=3331&cropY1=211&cropY2=3005,,,,,,,
239,He Zhenggang,He,he-zhenggang,no-pic,10.118,69.0,Chemicals,Manufacturing,M,China,1681550402483,,Sichuan,1579.654,1914.0,1914.0,,,,,,,,
240,He Zhiping,He,he-zhiping,he-zhiping,-15.713,59.0,Investments,Finance & Investments,M,China,1681550402483,,Guangdong,1231.545,2328.0,2328.0,//specials-images.forbesimg.com/imageserve/589cfc9a4bbe6f0e55866ac0/416x416.jpg?background=000000&cropX1=2&cropX2=744&cropY1=0&cropY2=743,,,,,,,
241,He Zuxun,He,he-zuxun,no-pic,-2.173,57.0,Pig breeding,Food & Beverage,M,China,1681550402483,,Yunan,1134.342,2461.0,2461.0,,,,,,,,
242,Heikki Herlin,Herlin,heikki-herlin,no-pic,18.744,36.0,"Elevators, escalators",Manufacturing,M,Finland,1681550402483,,,1310.822,2214.0,2214.0,,,,,,,,
243,Hermanto Tanoko,Tanoko,hermanto-tanoko,no-pic,-2.925,60.0,Paints,Manufacturing,M,Indonesia,1681550402483,,,1952.625,1600.0,1600.0,https://specials-images.forbesimg.com/imageserve/6411c710cd09f13b35bbfef5/416x416.jpg?background=000000&cropX1=155&cropX2=1623&cropY1=374&cropY2=1843,,,,,,,
244,Hideyuki Busujima,Busujima,hideyuki-busujima,no-pic,4.59,70.0,Pachinko machines,Gambling & Casinos,M,Japan,1681550402483,,,1058.334,2566.0,2566.0,,,,,,,,
245,Hiroshi Ishibashi,Ishibashi,hiroshi-ishibashi,hiroshi-ishibashi,-1.269,76.0,Tires,Automotive,M,Japan,1681550402483,,,1109.164,2493.0,2493.0,//specials-images.forbesimg.com/imageserve/551ad26fe4b0ffa93fd26764/416x416.jpg?background=000000&cropX1=0&cropX2=744&cropY1=48&cropY2=792,,,,,,,
246,Hong Feng,Hong,hong-feng,no-pic,3.373,46.0,Smartphones,Technology,M,China,1681550402483,,Beijing,1057.671,2568.0,2568.0,,,,,,,,
247,Hong Ra-hee,Hong,hong-ra-hee,hong-ra-hee,-70.286,77.0,Samsung,Technology,F,South Korea,1681550402482,,,5159.385,539.0,539.0,https://specials-images.forbesimg.com/imageserve/60b1218c43df2efd65e1625c/416x416.jpg?background=000000&cropX1=26&cropX2=744&cropY1=55&cropY2=774,,,,,,,
248,Hong Seok-joh,Hong,hong-seok-joh,hong-seok-joh,1.262,70.0,Convenience stores,Fashion & Retail,M,South Korea,1681550402483,,,1025.564,2614.0,2614.0,//specials-images.forbesimg.com/imageserve/5d247a904c687b00085c1e8c/416x416.jpg?background=000000&cropX1=5&cropX2=588&cropY1=33&cropY2=616,,,,,,,
249,Hope Welker,Welker,hope-welker,no-pic-female,0.0,37.0,Mining,Metals & Mining,F,Australia,1681550402483,NY,New York,2000.406,1566.0,1567.0,,,,,,,,
250,Horst Paulmann & family,Paulmann,horst-paulmann,horst-paulmann,19.921,88.0,Retail,Fashion & Retail,M,Chile,1681550402483,,,3745.987,790.0,790.0,//specials-images.forbesimg.com/imageserve/56c659a5e4b062f6b59a0fbe/416x416.jpg?background=000000&cropX1=77&cropX2=591&cropY1=2&cropY2=516,,,,,,,
251,Horst Wortmann,Wortmann,horst-wortmann,horst-wortmann,0.0,81.0,Footwear,Fashion & Retail,M,Germany,1681550402483,,,1172.117,2422.0,2422.0,//specials-images.forbesimg.com/imageserve/5a7e182aa7ea431690132282/416x416.jpg?background=000000&cropX1=99&cropX2=859&cropY1=82&cropY2=841,,,,,,,
252,Howard Butt III & family,Butt,howard-butt-iii,no-pic,0.0,71.0,Supermarkets,Fashion & Retail,M,United States,1681550402483,TX,Texas,1943.5,1609.0,1609.0,,,,,,,,
253,Hua Li,Li,hua-li-1,no-pic,-12.112,45.0,Financial services,Finance & Investments,M,China,1681550402483,,Guangdong,2412.875,1316.0,1316.0,,,,,,,,
254,Hua Shen,Shen,hua-shen,no-pic,82.462,60.0,Semiconductors,Technology,M,United States,1681550402483,,Zhejiang,2089.494,1507.0,1507.0,,,,,,,,
255,Huang Dawen,Huang,huang-dawen,no-pic,13.872,62.0,Silicon,Manufacturing,M,Hong Kong,1681550402483,,,1993.139,1574.0,1574.0,,,,,,,,
256,Huang Jinxiang & family,Huang,huang-jinxiang,no-pic,4.35,58.0,Chemicals,Manufacturing,M,China,1681550402483,,Anhui,1300.927,2225.0,2225.0,,,,,,,,
257,Huang Min,Huang,huang-min-1,no-pic,2.718,49.0,Machinery,Manufacturing,M,China,1681550402483,,Jiangsu,1588.994,1903.0,1903.0,,,,,,,,
258,Huang Shan,Huang,huang-shan-1,no-pic,30.118,52.0,Software,Technology,M,China,1681550402483,,Guangdong,1488.261,2020.0,2020.0,,,,,,,,
259,Huang Shanbing & family,Huang,huang-shanbing,no-pic,28.059,66.0,semiconductors,Technology,M,China,1681550402483,,Jiangsu,1030.194,2605.0,2605.0,,,,,,,,
260,Hubert Burda,Burda,hubert-burda,hubert-burda,547.355,83.0,Publishing,Media & Entertainment,M,Germany,1681550402482,,,4800.29,586.0,586.0,//specials-images.forbesimg.com/imageserve/5e762819c7b02d000666c83b/416x416.jpg?background=000000&cropX1=390&cropX2=2935&cropY1=10&cropY2=2554,,,,,,,
261,Hugo Ribeiro & family,Ribeiro,hugo-ribeiro,no-pic,0.0,,Agribusiness,Food & Beverage,M,Brazil,1681550402483,,,1244.636,2307.0,2307.0,,,,,,,,
262,Ian Livingstone,Livingstone,ian-livingstone,no-pic,-1.932,60.0,Real estate,Real Estate,M,United Kingdom,1681550402482,,,4598.731,623.0,623.0,,,,,,,,
263,Ibrahim Erdemoglu,Erdemoglu,ibrahim-erdemoglu,no-pic,-27.635,60.0,Carpet,Manufacturing,M,Turkey,1681550402482,,,5206.934,534.0,534.0,https://specials-images.forbesimg.com/imageserve/606b3650f3d3aac7237361fd/416x416.jpg?background=000000&cropX1=0&cropX2=1080&cropY1=0&cropY2=1080,,,,,,,
264,Igor Rotenberg,Rotenberg,igor-rotenberg,no-pic,0.0,49.0,"Investments, real estate",Diversified,M,Russia,1681550402483,,,1342.726,2180.0,2180.0,,,,,,,,
265,Ilson Mateus & family,Mateus,ilson-mateus,no-pic,-45.968,60.0,Supermarkets,Fashion & Retail,M,Brazil,1681550402483,,,1689.023,1818.0,1818.0,,,,,,,,
266,Inder Jaisinghani,Jaisinghani,inder-jaisinghani-1,no-pic,0.0,70.0,Cables & wires,Manufacturing,M,India,1681550402483,,,1048.895,2578.0,2578.0,,,,,,,,
267,Ion Stoica,Stoica,ion-stoica,no-pic,0.0,58.0,Data analytics,Technology,M,Romania,1681550402483,CA,California,1200.0,2371.0,2371.0,https://specials-images.forbesimg.com/imageserve/62446f63f7439ef0e04ab6ad/416x416.jpg?background=000000&cropX1=0&cropX2=1249&cropY1=0&cropY2=1249,,,,,,,
268,Ipek Kirac,Kirac,ipek-kirac,no-pic-female,-4.644,38.0,Diversified,Diversified,F,Turkey,1681550402483,,,2728.404,1162.0,1162.0,https://specials-images.forbesimg.com/imageserve/606b34b786f364150d7361ff/416x416.jpg?background=000000&cropX1=85&cropX2=575&cropY1=1&cropY2=491,,,,,,,
269,Irving Grousbeck & family,Grousbeck,irving-grousbeck,no-pic,0.0,88.0,"Telecommunication, sports",Sports,M,United States,1681550402483,CA,California,1600.0,1888.0,1888.0,,,,,,,,
270,Isabella Seràgnoli,Seràgnoli,isabella-seragnoli,no-pic-female,0.0,77.0,Packaging,Manufacturing,F,Italy,1681550402483,,,3289.245,927.0,927.0,https://specials-images.forbesimg.com/imageserve/624435b6cab900de00b1927f/416x416.jpg?background=000000&cropX1=214&cropX2=2164&cropY1=47&cropY2=1997,,,,,,,
271,Itamar Locks & family,Locks,itamar-locks,no-pic,0.0,68.0,Agribusiness,Food & Beverage,M,Brazil,1681550402483,,,1382.514,2131.0,2131.0,,,,,,,,
272,Ivan Streshinsky,Streshinsky,ivan-streshinsky,no-pic,0.0,53.0,"Metals, telecom",Diversified,M,Russia,1681550402483,,,1041.418,2590.0,2590.0,,,,,,,,
273,J. Wayne Weaver,Weaver,j-wayne-weaver,j-wayne-weaver,0.385,87.0,Shoes,Diversified,M,United States,1681550402483,FL,Florida,1158.64,2438.0,2438.0,,,,,,,,
274,Jacques Saadé Jr,Saadé,jacques-saade-jr,no-pic,0.0,51.0,Shipping,Logistics,M,France,1681550402482,,,9826.544,196.0,196.0,,,,,,,,
275,Jahm Najafi,Najafi,jahm-najafi,no-pic,0.0,60.0,Investments,Finance & Investments,M,United States,1681550402483,AZ,Arizona,1296.0,2237.0,2237.0,,,,,,,,
276,James Scapa,Scapa,james-scapa,no-pic,-10.641,66.0,Software,Technology,M,United States,1681550402483,CA,California,1460.677,2054.0,2054.0,https://specials-images.forbesimg.com/imageserve/606c7439b17c51af5331e4a1/416x416.jpg?background=000000&cropX1=0&cropX2=1500&cropY1=54&cropY2=1554,,,,,,,
277,James Truchard,Truchard,james-truchard,no-pic,0.862,79.0,software,Technology,M,United States,1681550402483,TX,Texas,1081.452,2532.0,2532.0,//specials-images.forbesimg.com/imageserve/5a90a9434bbe6f0fa8266b0b/416x416.jpg?background=000000&cropX1=0&cropX2=1500&cropY1=54&cropY2=1554,,,,,,,
278,Jared Isaacman,Isaacman,jared-isaacman,no-pic,-78.489,40.0,Payment processing,Technology,M,United States,1681550402483,PA,Pennsylvania,2159.375,1467.0,1467.0,https://specials-images.forbesimg.com/imageserve/6063b12e9516a6a4ea4ae7fe/416x416.jpg?background=000000&cropX1=1211&cropX2=2821&cropY1=218&cropY2=1828,,,,,,,
279,Jay Hennick,Hennick,jay-hennick,no-pic,12.05,66.0,Real estate finance,Finance & Investments,M,Canada,1681550402483,,Ontario,1739.774,1773.0,1773.0,https://specials-images.forbesimg.com/imageserve/624c91b2c2127c0d374992a3/416x416.jpg?background=000000&cropX1=380&cropX2=1006&cropY1=220&cropY2=846,,,,,,,
280,Jayme Garfinkel & family,Garfinkel,jayme-garfinkel,jayme-garfinkel,13.288,77.0,Insurance,Finance & Investments,M,Brazil,1681550402483,,,1731.045,1782.0,1782.0,//specials-images.forbesimg.com/imageserve/5a7b7e7fa7ea43169012eeaa/416x416.jpg?background=000000&cropX1=0&cropX2=2740&cropY1=22&cropY2=2760,,,,,,,
281,Jed McCaleb,McCaleb,jed-mccaleb,no-pic,0.0,48.0,Cryptocurrency,Finance & Investments,M,United States,1681550402483,CA,California,2448.524,1298.0,1298.0,https://specials-images.forbesimg.com/imageserve/6063b1f8f9247ba4694ae7fc/416x416.jpg?background=000000&cropX1=875&cropX2=2345&cropY1=525&cropY2=1995,,,,,,,
282,Jeff T. Green,Green,jeff-t-green,no-pic,-28.962,46.0,Digital advertising ,Media & Entertainment,M,United States,1681550402483,CA,California,3480.702,858.0,858.0,//specials-images.forbesimg.com/imageserve/5c7441a54bbe6f4bc9ec8e13/416x416.jpg?background=000000&cropX1=899&cropX2=3070&cropY1=236&cropY2=2406,,,,,,,
283,Jeff Tangney,Tangney,jeff-tangney,no-pic,-22.379,50.0,Healthcare IT,Healthcare,M,United States,1681550402483,CA,California,1782.325,1734.0,1734.0,https://specials-images.forbesimg.com/imageserve/614b5bc237f918cba2f46262/416x416.jpg?background=000000&cropX1=790&cropX2=3825&cropY1=316&cropY2=3351,,,,,,,
284,Jeff Yass,Yass,jeff-yass,no-pic,0.0,64.0,"Trading, investments",Finance & Investments,M,United States,1681550402482,PA,Pennsylvania,28504.0,50.0,50.0,https://specials-images.forbesimg.com/imageserve/60649a21472ae5b09dad20b1/416x416.jpg?background=000000&cropX1=3&cropX2=819&cropY1=0&cropY2=816,,,,,,,
285,Jeffrey Lorberbaum,Lorberbaum,jeffrey-lorberbaum,jeffrey-lorberbaum,-5.71,68.0,Flooring,Manufacturing,M,United States,1681550402483,TN,Tennessee,1132.795,2464.0,2464.0,http://specials-images.forbesimg.com/imageserve/a5191b847bd677e5f6bd8591568872c4/416x416.jpg?background=000000&cropX1=0&cropX2=744&cropY1=300&cropY2=1044,,,,,,,
286,Jeffrey Michael & family,Michael,jeffrey-michael,no-pic,-0.206,66.0,Data management,Technology,M,United States,1681550402483,MN,Minnesota,1356.877,2158.0,2158.0,,,,,,,,
287,Jeffrey Soffer,Soffer,jeffrey-soffer,no-pic,0.0,55.0,Real estate,Real Estate,M,United States,1681550402483,FL,Florida,2152.0,1474.0,1474.0,,,,,,,,
288,Jennifer Steinbrenner Swindal,Steinbrenner Swindal,jennifer-steinbrenner-swindal,no-pic-female,0.0,63.0,Sports,Sports,F,United States,1681550402483,FL,Florida,1281.8,2259.0,2260.0,,,,,,,,
289,Jenny Lindén Urnes,Lindén Urnes,jenny-linden-urnes,no-pic-female,0.0,52.0,Powdered metal,Manufacturing,F,Sweden,1681550402483,,,1439.378,2075.0,2075.0,,,,,,,,
290,Jens von Bahr,von Bahr,jens-von-bahr,no-pic,-10.384,52.0,Gambling products,Gambling & Casinos,M,Sweden,1681550402483,,,1637.94,1859.0,1859.0,,,,,,,,
291,Jessica Steinbrenner,Steinbrenner,jessica-steinbrenner,no-pic-female,0.0,59.0,Sports,Sports,F,United States,1681550402483,FL,Florida,1281.8,2259.0,2261.0,,,,,,,,
292,Jian Jun,Jian,jian-jun,no-pic-female,-69.689,59.0,Biomedical products,Healthcare,F,China,1681550402482,,Beijing,6711.955,384.0,384.0,https://specials-images.forbesimg.com/imageserve/6182cb8d8dbd3d9d6be96790/416x416.jpg?background=000000&cropX1=292&cropX2=1158&cropY1=144&cropY2=1011,,,,,,,
293,Jiang Guiting & family,Jiang,jiang-guiting,no-pic,8.712,64.0,Manufacturing,Manufacturing,M,China,1681550402483,,Shandong,1158.573,2439.0,2439.0,,,,,,,,
294,Jianyi Wang,Wang,jianyi-wang,jianyi-wang,0.0,60.0,Fiber optic cables,Technology,M,China,1681550402483,,Zhejiang,1469.647,2037.0,2037.0,,,,,,,,
295,Jim McKelvey,McKelvey,jim-mckelvey,no-pic,-6.464,57.0,Mobile payments,Technology,M,United States,1681550402483,MO,Missouri,1487.527,2021.0,2021.0,//specials-images.forbesimg.com/imageserve/5e628c87e1e61700075908cd/416x416.jpg?background=000000&cropX1=814&cropX2=2327&cropY1=137&cropY2=1649,,,,,,,
296,Jimmy Buffett,Buffett,jimmy-buffett,jimmy-buffett,0.0,76.0,"Entertainment, Margaritaville",Media & Entertainment,M,United States,1681550402483,FL,Florida,1021.34,2618.0,2618.0,https://specials-images.forbesimg.com/imageserve/642b3621641e50b0dfdeb170/416x416.jpg?background=000000&cropX1=0&cropX2=3393&cropY1=250&cropY2=3642,,,,,,,
297,Jimmy Rane,Rane,jimmy-rane,no-pic,0.0,76.0,Lumber,Manufacturing,M,United States,1681550402483,AL,Alabama,1200.0,2371.0,2372.0,https://specials-images.forbesimg.com/imageserve/642b3721484fb27401e1c15d/416x416.jpg?background=000000&cropX1=138&cropX2=1920&cropY1=910&cropY2=2693,,,,,,,
298,Jin Baofang,Jin,jin-baofang,no-pic,-113.062,70.0,Solar panels,Energy,M,China,1681550402482,,Hebei,8940.041,233.0,233.0,https://specials-images.forbesimg.com/imageserve/636e8acb5c71cc10dc611980/416x416.jpg?background=000000&cropX1=486&cropX2=1069&cropY1=257&cropY2=839,,,,,,,
299,Jin Lei & family,Jin,jin-lei,no-pic,-16.276,68.0,Medical equipment,Healthcare,M,China,1681550402483,,Beijing,1750.391,1764.0,1764.0,,,,,,,,
300,Jin Xin,Jin,jin-xin,no-pic,-13.04,56.0,Manufacturing,Manufacturing,M,China,1681550402483,,Liaoning,1172.067,2423.0,2423.0,,,,,,,,
301,Jinlong Ke & family,Ke,jinlong-ke,no-pic,-12.643,,retailing,Healthcare,M,China,1681550402483,,Guangdong,1004.697,2635.0,2635.0,,,,,,,,
302,Jinsheng Ren & family,Ren,jinsheng-ren,no-pic,-19.605,60.0,Pharmaceutical,Healthcare,M,China,1681550402483,,Jiangsu,1764.805,1752.0,1752.0,,,,,,,,
303,Joe Kiani,Kiani,joe-kiani,no-pic,-21.71,58.0,Medical devices,Healthcare,M,United States,1681550402483,CA,California,1344.923,2177.0,2177.0,https://specials-images.forbesimg.com/imageserve/633af4e593bd2afa8793dbad/416x416.jpg?background=000000&cropX1=922&cropX2=2480&cropY1=544&cropY2=2103,,,,,,,
304,Joe Lau,Lau,joe-lau,no-pic,0.0,33.0,"Blockchain, technology ",Technology,M,United States,1681550402483,CA,California,1800.0,1720.0,1721.0,,,,,,,,
305,Joe Rogers Jr,Rogers,joe-rogers-jr,no-pic,0.0,76.0,Waffle House,Food & Beverage,M,United States,1681550402483,GA,Georgia,1671.0,1838.0,1838.0,https://specials-images.forbesimg.com/imageserve/6050f48ca1ab099ed6e290cc/416x416.jpg?background=000000&cropX1=0&cropX2=800&cropY1=0&cropY2=800,,,,,,,
306,Joel Greenberg,Greenberg,joel-greenberg,no-pic,0.0,65.0,"Trading, investments ",Finance & Investments,M,United States,1681550402483,PA,Pennsylvania,1295.0,2239.0,2239.0,,,,,,,,
307,Johan Johannson,Johannson,johan-johannson,no-pic,0.0,56.0,Grocery stores,Fashion & Retail,M,Norway,1681550402483,,,1050.451,2576.0,2576.0,//specials-images.forbesimg.com/imageserve/5c716605a7ea431000434497/416x416.jpg?background=000000&cropX1=429&cropX2=3125&cropY1=1423&cropY2=4117,,,,,,,
308,John Christodoulou,Christodoulou,john-christodoulou,no-pic,0.0,57.0,Real estate,Real Estate,M,United Kingdom,1681550402483,,,1084.311,2521.0,2521.0,,,,,,,,
309,John Elkann,Elkann,john-elkann,no-pic,0.0,47.0,"FIAT, investments",Finance & Investments,M,Italy,1681550402483,,,1766.741,1749.0,1749.0,https://specials-images.forbesimg.com/imageserve/6063b30b31a03958fe4ae7fd/416x416.jpg?background=000000&cropX1=728&cropX2=2375&cropY1=66&cropY2=1711,,,,,,,
310,John Goff,Goff,john-goff,no-pic,-0.27,67.0,Real estate,Real Estate,M,United States,1681550402483,TX,Texas,1737.891,1778.0,1778.0,//specials-images.forbesimg.com/imageserve/5bbbca304bbe6f67d2e8d975/416x416.jpg?background=000000&cropX1=2398&cropX2=4138&cropY1=1287&cropY2=3028,,,,,,,
311,John Hancock,Hancock,john-hancock,no-pic,0.177,47.0,Mining,Metals & Mining,M,Australia,1681550402483,,,2036.623,1544.0,1544.0,//specials-images.forbesimg.com/imageserve/5a7a58834bbe6f2652f4d5f8/416x416.jpg?background=000000&cropX1=1719&cropX2=3114&cropY1=133&cropY2=1529,,,,,,,
312,John MacMillan,MacMillan,john-macmillan-1,no-pic,0.0,73.0,Cargill,Food & Beverage,M,United States,1681550402483,MN,Minnesota,1239.732,2312.0,2313.0,,,,,,,,
313,John Ocampo,Ocampo,john-ocampo,no-pic,-15.946,64.0,Semiconductors,Technology,M,United States,1681550402483,CA,California,1399.603,2110.0,2110.0,,,,,,,,
314,John Oyler,Oyler,john-oyler,no-pic,-8.961,55.0,Biotech,Healthcare,M,United States,1681550402483,NV,Nevada,1578.03,1917.0,1917.0,https://specials-images.forbesimg.com/imageserve/619bbff6cb70e844f99de1e8/416x416.jpg?background=000000&cropX1=330&cropX2=2730&cropY1=0&cropY2=2400,,,,,,,
315,John Ruiz,Ruiz,john-ruiz,no-pic,12.6,56.0,Healthcare services,Service,M,United States,1681550402483,FL,Florida,1272.621,2274.0,2274.0,,,,,,,,
316,John Wilson,Wilson,john-wilson,no-pic,13.529,85.0,Retailing,Fashion & Retail,M,Australia,1681550402483,,,1800.476,1716.0,1718.0,,,,,,,,
317,Jonathan Oringer,Oringer,jonathan-oringer,jonathan-oringer,-9.146,48.0,Stock photos,Technology,M,United States,1681550402483,FL,Florida,1274.897,2271.0,2271.0,,,,,,,,
318,Jorge Mas,Mas,jorge-mas,no-pic,-16.49,60.0,Construction,Construction & Engineering,M,United States,1681550402483,FL,Florida,1097.759,2507.0,2507.0,,,,,,,,
319,Jose Ermirio de Moraes Neto,Ermirio de Moraes Neto,jose-ermirio-de-moraes-neto,no-pic,0.0,70.0,Diversified,Diversified,M,Brazil,1681550402483,,,1277.91,2267.0,2267.0,,,,,,,,
320,Jose Isaac Peres & family,Peres,jose-isaac-peres,jose-isaac-peres,0.627,82.0,Shopping malls,Real Estate,M,Brazil,1681550402483,,,1266.023,2279.0,2279.0,//specials-images.forbesimg.com/imageserve/5c6cd98431358e1c187f11bc/416x416.jpg?background=000000&cropX1=40&cropX2=466&cropY1=0&cropY2=426,,,,,,,
321,Jose Maria Aristrain,Aristrain,jose-maria-aristrain,no-pic,-1.614,60.0,Steel,Metals & Mining,M,Spain,1681550402483,,,1230.949,2329.0,2329.0,//specials-images.forbesimg.com/imageserve/5c72190b31358e35dd26fe49/416x416.jpg?background=000000&cropX1=2&cropX2=414&cropY1=1&cropY2=413,,,,,,,
322,Jose Roberto Ermirio de Moraes,Ermirio de Moraes,jose-roberto-ermirio-de-moraes,no-pic,0.0,65.0,Diversified,Diversified,M,Brazil,1681550402483,,,1277.91,2267.0,2268.0,,,,,,,,
323,Joseph Bae,Bae,joseph-bae,no-pic,-1.65,51.0,Private equity,Finance & Investments,M,United States,1681550402483,NY,New York,1095.614,2508.0,2508.0,https://specials-images.forbesimg.com/imageserve/61966ca25030ca16c72f4fd4/416x416.jpg?background=000000&cropX1=463&cropX2=3006&cropY1=126&cropY2=2666,,,,,,,
324,Joseph Steinberg,Steinberg,joseph-steinberg,no-pic,-1.645,79.0,Investments,Finance & Investments,M,United States,1681550402483,NY,New York,1013.704,2627.0,2627.0,,,,,,,,
325,Josh Kushner,Kushner,josh-kushner,no-pic,0.0,37.0,Venture capital  ,Finance & Investments,M,United States,1681550402483,NY,New York,3611.5,826.0,826.0,https://specials-images.forbesimg.com/imageserve/62447060ba1232d299b19281/416x416.jpg?background=000000&cropX1=361&cropX2=1072&cropY1=134&cropY2=845,,,,,,,
326,Joy Alukkas,Alukkas,joy-alukkas,joy-alukkas,0.0,66.0,Jewelry,Fashion & Retail,M,India,1681550402483,,,2841.209,1099.0,1099.0,https://specials-images.forbesimg.com/imageserve/6345d4d63173b375764d802e/416x416.jpg?background=000000&cropX1=0&cropX2=622&cropY1=0&cropY2=622,,,,,,,
327,Juan Domingo Beckmann Legorreta & family,Beckmann Legorreta,juan-domingo-beckmann-legorreta,no-pic,-92.194,55.0,Tequila,Food & Beverage,M,Mexico,1681550402482,,,4521.587,633.0,633.0,https://specials-images.forbesimg.com/imageserve/624439ba862ca3a399859094/416x416.jpg?background=000000&cropX1=651&cropX2=1461&cropY1=111&cropY2=921,,,,,,,
328,Julia Thiele-Schuerhoff,Thiele-Schuerhoff,julia-thiele-schuerhoff,no-pic-female,21.473,51.0,"Brakes, investments",Manufacturing,F,Germany,1681550402483,,,2598.035,1225.0,1225.0,,,,,,,,
329,Junjin Wang,Wang,junjin-wang,no-pic,3.293,54.0,Airline,Service,M,China,1681550402483,,Shanghai,1385.503,2125.0,2125.0,//specials-images.forbesimg.com/imageserve/5c6f1ef5a7ea431000431945/416x416.jpg?background=000000&cropX1=10&cropX2=2488&cropY1=85&cropY2=2564,,,,,,,
330,Jupally Rameshwar Rao,Rameshwar Rao,jupally-rameshwar-rao,no-pic,0.0,67.0,Real estate,Real Estate,M,India,1681550402483,,,1352.948,2162.0,2162.0,,,,,,,,
331,Jurgen Wirtgen,Wirtgen,jurgen-wirtgen,no-pic,0.0,57.0,Construction Vehicles,Construction & Engineering,M,Germany,1681550402483,,,2682.28,1186.0,1186.0,,,,,,,,
332,Justin Ishbia,Ishbia,justin-ishbia,no-pic,24.183,45.0,Private equity,Finance & Investments,M,United States,1681550402483,IL,Illinois,2565.381,1236.0,1236.0,,,,,,,,
333,Justin Yuan,Yuan,justin-yuan,no-pic,0.0,,Online games,Media & Entertainment,M,China,1681550402483,,,1500.0,1997.0,2000.0,,,,,,,,
334,Kagemasa Kozuki,Kozuki,kagemasa-kozuki,kagemasa-kozuki,3.435,82.0,Video games,Technology,M,Japan,1681550402483,,,1377.737,2137.0,2137.0,//specials-images.forbesimg.com/imageserve/5ea86de37129e8000668ce81/416x416.jpg?background=000000&cropX1=1&cropX2=300&cropY1=31&cropY2=330,,,,,,,
335,Kai Wu,Wu,kai-wu,no-pic,43.755,55.0,Batteries,Energy,M,China,1681550402483,,Fujian,2224.597,1414.0,1414.0,,,,,,,,
336,Kailashchandra Nuwal,Nuwal,kailashchandra-nuwal,no-pic,0.0,65.0,Industrial explosives,Manufacturing,M,India,1681550402483,,,1237.406,2318.0,2318.0,,,,,,,,
337,Kamal Ghaffarian,Ghaffarian,kamal-ghaffarian,no-pic,-14.002,64.0,"Space, energy",Energy,M,United States,1681550402483,FL,Florida,2962.681,1038.0,1038.0,,,,,,,,
338,Kangbao Ke & family,Ke,kangbao-ke,no-pic,-14.327,60.0,Retailing,Healthcare,M,China,1681550402483,,Guangdong,1184.087,2404.0,2404.0,,,,,,,,
339,Kanye West,West,kanye-west,kanye-west,0.0,45.0,"music, sneakers",Fashion & Retail,M,United States,1681550402483,CA,California,400.0,2653.0,2653.0,//specials-images.forbesimg.com/imageserve/5ed00f17d4a99d0006d2e738/416x416.jpg?background=000000&cropX1=154&cropX2=4820&cropY1=651&cropY2=5314,,,,,,,
340,Kapeng Zhang,Zhang,kapeng-zhang,no-pic,2.973,58.0,Building materials,Construction & Engineering,M,China,1681550402483,,Zhejiang,1028.316,2608.0,2608.0,,,,,,,,
341,Karen Virginia Beckmann Legoretta,Beckmann Legoretta,karen-virginia-beckmann-legoretta,no-pic-female,-64.536,,Tequila,Food & Beverage,F,Mexico,1681550402483,,,3165.096,962.0,962.0,,,,,,,,
342,Karin Sartorius-Herbst,Sartorius-Herbst,karin-sartorius-herbst,no-pic-female,-8.078,,Biopharmaceuticals,Healthcare,F,Germany,1681550402483,,,3603.947,827.0,827.0,,,,,,,,
343,Karl Knauf,Knauf,karl-knauf,no-pic,0.0,,Building materials,Manufacturing,M,Germany,1681550402483,,,1266.019,2280.0,2281.0,,,,,,,,
344,Karthik Sarma,Sarma,karthik-sarma,no-pic,0.0,48.0,Hedge fund,Finance & Investments,M,India,1681550402483,NY,New York,2895.0,1075.0,1075.0,,,,,,,,
345,Ke Yunfeng & family,Ke,ke-yunfeng,no-pic,-16.525,56.0,Retailing,Healthcare,M,China,1681550402483,,Guangdong,1216.798,2350.0,2350.0,,,,,,,,
346,Keiichi Shibahara,Shibahara,keiichi-shibahara,no-pic,-8.024,58.0,Healthcare,Healthcare,M,Japan,1681550402483,,,1753.842,1759.0,1759.0,https://specials-images.forbesimg.com/imageserve/6116a6cc9223f7d18606b5a3/416x416.jpg?background=000000&cropX1=109&cropX2=2382&cropY1=431&cropY2=2705,,,,,,,
347,Keiko Erikawa,Erikawa,keiko-erikawa,no-pic-female,12.53,74.0,Video games,Media & Entertainment,F,Japan,1681550402483,,,1348.699,2172.0,2172.0,,,,,,,,
348,Keith Dunleavy & family,Dunleavy,keith-dunleavy,no-pic,0.0,53.0,Health IT,Healthcare,M,United States,1681550402483,MD,Maryland,1674.0,1832.0,1832.0,,,,,,,,
349,Kenneth Dart,Dart,kenneth-dart,no-pic,61.773,67.0,Investments,Finance & Investments,M,Belize,1681550402483,,,3370.149,899.0,899.0,,,,,,,,
350,Kenneth Lo,Lo,kenneth-lo,kenneth-lo,2.922,84.0,textiles,Fashion & Retail,M,United Kingdom,1681550402483,,,1070.954,2544.0,2544.0,//specials-images.forbesimg.com/imageserve/5c5b67e94bbe6f0688f2bbaa/416x416.jpg?background=000000&cropX1=0&cropX2=3257&cropY1=7&cropY2=3262,,,,,,,
351,Kenzo Tsujimoto,Tsujimoto,kenzo-tsujimoto,no-pic,9.25,82.0,Video games ,Media & Entertainment,M,Japan,1681550402483,,,1108.095,2495.0,2495.0,https://specials-images.forbesimg.com/imageserve/602549ea6d958ff3b4a5f7f7/416x416.jpg?background=000000&cropX1=880&cropX2=3974&cropY1=567&cropY2=3659,,,,,,,
352,Kevin David Lehmann,Lehmann,kevin-david-lehmann,no-pic,0.0,20.0,Drugstores,Fashion & Retail,M,Germany,1681550402483,,,2395.571,1330.0,1330.0,,,,,,,,
353,Kie Chie Wong,Wong,kie-chie-wong,no-pic,18.021,75.0,Investments,Metals & Mining,M,Malaysia,1681550402483,,,1895.359,1643.0,1643.0,,,,,,,,
354,Kiki Barki,Barki,kiki-barki,kiki-barki,-23.743,83.0,Coal,Energy,M,Indonesia,1681550402483,,,1307.622,2217.0,2217.0,https://specials-images.forbesimg.com/imageserve/61b11f6448cf6d0407d56fb4/416x416.jpg?background=000000&cropX1=192&cropX2=572&cropY1=147&cropY2=527,,,,,,,
355,Kim Chang-soo,Kim,kim-chang-soo,no-pic,-26.106,62.0,Apparel ,Fashion & Retail,M,South Korea,1681550402483,,,1698.654,1808.0,1808.0,https://specials-images.forbesimg.com/imageserve/60b127b0f805bb08765f6bbe/416x416.jpg?background=000000&cropX1=0&cropX2=546&cropY1=51&cropY2=597,,,,,,,
356,Kim Jae-young,Kim,kim-jae-young,no-pic,4.113,49.0,Online games,Media & Entertainment,M,South Korea,1681550402483,,,1611.377,1882.0,1882.0,,,,,,,,
357,Kim Jun-ki,Kim,kim-jun-ki,kim-jun-ki,-6.293,78.0,Diversified,Diversified,M,South Korea,1681550402483,,,1623.911,1870.0,1870.0,//specials-images.forbesimg.com/imageserve/5e77b38bc7b02d000666dbb1/416x416.jpg?background=000000&cropX1=1005&cropX2=2302&cropY1=4&cropY2=1302,,,,,,,
358,Kim Jung-min,Kim,kim-jung-min,no-pic-female,36.757,21.0,Online gaming,Media & Entertainment,F,South Korea,1681550402483,,,1811.119,1708.0,1708.0,,,,,,,,
359,Kim Jung-youn,Kim,kim-jung-youn,no-pic-female,36.757,19.0,Online gaming,Media & Entertainment,F,South Korea,1681550402483,,,1811.119,1708.0,1709.0,,,,,,,,
360,Kim Kardashian,Kardashian,kim-kardashian,kim-kardashian,0.0,42.0,"Shapewear, cosmetics, reality TV",Fashion & Retail,F,United States,1681550402483,CA,California,1200.7,2369.0,2369.0,//specials-images.forbesimg.com/imageserve/5ed57844b14861000600bc5d/416x416.jpg?background=000000&cropX1=0&cropX2=1080&cropY1=0&cropY2=1080,,,,,,,
361,Kiril Domuschiev,Domuschiev,kiril-domuschiev,no-pic,0.0,53.0,"Animal health, investments",Diversified,M,Bulgaria,1681550402483,,,2179.368,1454.0,1455.0,,,,,,,,
362,Kishin RK,RK,kishin-rk,no-pic,0.0,39.0,"Real estate, hotels",Real Estate,M,Singapore,1681550402483,,,1504.235,1984.0,1984.0,,,,,,,,
363,Kochouseph Chittilappilly,Chittilappilly,kochouseph-chittilappilly,no-pic,0.0,72.0,Electrical appliances,Manufacturing,M,India,1681550402483,,,1073.164,2542.0,2542.0,//specials-images.forbesimg.com/imageserve/5a7f2e6631358e4955ad1a04/416x416.jpg?background=000000&cropX1=0&cropX2=600&cropY1=17&cropY2=617,,,,,,,
364,Konstantin Sixt,Sixt,konstantin-sixt,no-pic,-17.0,40.0,Car rentals,Automotive,M,Germany,1681550402483,,,1166.021,2428.0,2429.0,https://specials-images.forbesimg.com/imageserve/624ddb0919514045f9ea5453/416x416.jpg?background=000000&cropX1=24&cropX2=787&cropY1=93&cropY2=857,,,,,,,
365,Koo Bon-neung,Koo,koo-bon-neung,koo-bon-neung,-2.975,74.0,Electronics,Manufacturing,M,South Korea,1681550402483,,,1042.717,2589.0,2589.0,https://specials-images.forbesimg.com/imageserve/60b1270858b3b0bc0386c057/416x416.jpg?background=000000&cropX1=58&cropX2=718&cropY1=26&cropY2=687,,,,,,,
366,Koo Bon-sik,Koo,koo-bon-sik,koo-bon-sik,-4.838,64.0,LG,Technology,M,South Korea,1681550402483,,,1094.969,2510.0,2510.0,//specials-images.forbesimg.com/imageserve/5d247af934a5c400084ac9fd/416x416.jpg?background=000000&cropX1=3&cropX2=266&cropY1=4&cropY2=267,,,,,,,
367,Koon Poh Ming,Koon,koon-poh-ming,no-pic,6.426,66.0,aluminum,Metals & Mining,M,Malaysia,1681550402483,,,1023.612,2615.0,2615.0,//specials-images.forbesimg.com/imageserve/5e5e7ae144b78400068be27e/416x416.jpg?background=000000&cropX1=1838&cropX2=3940&cropY1=461&cropY2=2562,,,,,,,
368,Kristo Käärmann,Käärmann,kristo-kaarmann,no-pic,45.353,42.0,"Payments, banking",Finance & Investments,M,Estonia,1681550402483,,,1361.985,2155.0,2155.0,https://specials-images.forbesimg.com/imageserve/60edcac7e1fc913cd859d7a9/416x416.jpg?background=000000&cropX1=0&cropX2=1080&cropY1=0&cropY2=1080,,,,,,,
369,Kuldip Singh Dhingra,Dhingra,kuldip-singh-dhingra,no-pic,0.0,75.0,Paints,Manufacturing,M,India,1681550402483,,,3105.704,983.0,984.0,,,,,,,,
370,Kwee Liong Keng,Kwee,kwee-liong-keng,no-pic,0.0,77.0,Real estate,Real Estate,M,Singapore,1681550402483,,,1463.249,2044.0,2044.0,,,,,,,,
371,Kwee Liong Phing,Kwee,kwee-liong-phing,no-pic,0.0,65.0,Real estate,Real Estate,M,Singapore,1681550402483,,,1463.249,2044.0,2045.0,,,,,,,,
372,Kwee Liong Seen,Kwee,kwee-liong-seen,no-pic,0.0,70.0,Real estate,Real Estate,M,Singapore,1681550402483,,,1463.249,2044.0,2046.0,,,,,,,,
373,Kwee Liong Tek,Kwee,kwee-liong-tek,no-pic,0.0,76.0,Real estate,Real Estate,M,Singapore,1681550402483,,,1463.249,2044.0,2047.0,,,,,,,,
374,Kwek Leng Keow,Kwek,kwek-leng-keow,no-pic,0.0,71.0,Diversified,Diversified,M,Singapore,1681550402483,,,1376.286,2138.0,2138.0,,,,,,,,
375,Lance Gokongwei,Gokongwei,lance-gokongwei,no-pic,-18.844,55.0,Diversified,Diversified,M,Philippines,1681550402483,,,1305.215,2221.0,2221.0,https://specials-images.forbesimg.com/imageserve/612e437b805eb06fad491868/416x416.jpg?background=000000&cropX1=0&cropX2=1768&cropY1=0&cropY2=1768,,,,,,,
376,Larry Tanenbaum,Tanenbaum,larry-tanenbaum,no-pic,0.0,77.0,Sports,Sports,M,Canada,1681550402483,,Ontario,1950.9,1603.0,1603.0,,,,,,,,
377,Lars Wingefors,Wingefors,lars-wingefors,no-pic,-9.247,46.0,Video games,Media & Entertainment,M,Sweden,1681550402483,,,1025.787,2613.0,2613.0,https://specials-images.forbesimg.com/imageserve/6063b53a7df57550dfcc2f00/416x416.jpg?background=000000&cropX1=206&cropX2=2110&cropY1=37&cropY2=1940,,,,,,,
378,Laurent Junique,Junique,laurent-junique,no-pic,-53.176,57.0,Call centers,Technology,M,France,1681550402483,,,974.488,2652.0,2652.0,https://specials-images.forbesimg.com/imageserve/631763aa3a3fe8c8e5c89c1c/416x416.jpg?background=000000&cropX1=45&cropX2=1893&cropY1=55&cropY2=1903,,,,,,,
379,LeBron James,James,lebron-james,lebron-james,0.0,38.0,Basketball,Sports,M,United States,1681550402483,CA,California,1048.5,2580.0,2580.0,https://specials-images.forbesimg.com/imageserve/627bd461f515d825a6c88a15/416x416.jpg?background=000000&cropX1=859&cropX2=3016&cropY1=75&cropY2=2230,,,,,,,
380,Lee Jay-hyun,Lee,lee-jay-hyun,lee-jay-hyun,-11.682,63.0,"food products, entertainment",Diversified,M,South Korea,1681550402483,,,1103.706,2498.0,2498.0,//specials-images.forbesimg.com/imageserve/5e77b5e7c7b02d000666dc31/416x416.jpg?background=000000&cropX1=81&cropX2=1168&cropY1=95&cropY2=1183,,,,,,,
381,Lee Sang-ryul,Lee,lee-sang-ryul,no-pic,3.986,61.0,chemicals,Manufacturing,M,South Korea,1681550402483,,,1029.808,2606.0,2606.0,https://specials-images.forbesimg.com/imageserve/625f2669c2c459e1e0971d92/416x416.jpg?background=000000&cropX1=639&cropX2=2725&cropY1=0&cropY2=2084,,,,,,,
382,Lee Su-jin,Lee,lee-su-jin,no-pic,0.0,45.0,Hospitality,Technology,M,South Korea,1681550402483,,,1247.508,2304.0,2304.0,,,,,,,,
383,Lee Yeow Chor,Lee,lee-yeow-chor,no-pic,-5.496,56.0,"Palm oil, property",Real Estate,M,Malaysia,1681550402483,,,2909.571,1065.0,1065.0,,,,,,,,
384,Lee Yeow Seng,Lee,lee-yeow-seng,no-pic,-1.589,45.0,"Palm oil, property",Real Estate,M,Malaysia,1681550402483,,,1710.256,1800.0,1800.0,,,,,,,,
385,Lei Zhang,Zhang,lei-zhang,no-pic,0.0,50.0,Investments,Finance & Investments,M,China,1681550402483,,,2960.0,1041.0,1041.0,,,,,,,,
386,Leonardo Maria Del Vecchio,Del Vecchio,leonardo-maria-del-vecchio,no-pic,29.933,27.0,Eyeglasses,Fashion & Retail,M,Italy,1681550402483,,,3953.232,737.0,738.0,https://specials-images.forbesimg.com/imageserve/642b2dec3f6bbdcb48e1c15d/416x416.jpg?background=000000&cropX1=798&cropX2=3319&cropY1=169&cropY2=2689,,,,,,,
387,Leonid Radvinsky,Radvinsky,leonid-radvinsky,no-pic,0.0,40.0,E-commerce,Technology,M,United States,1681550402483,FL,Florida,2139.5,1482.0,1482.0,,,,,,,,
388,Lev Kvetnoi,Kvetnoi,lev-kvetnoi,lev-kvetnoi,0.0,57.0,Cement,Finance & Investments,M,Russia,1681550402483,,,1047.562,2583.0,2583.0,//specials-images.forbesimg.com/imageserve/b818c0f773d1571f81d985efd190c1ac/416x416.jpg?background=000000&cropX1=1&cropX2=600&cropY1=1&cropY2=600,,,,,,,
389,Li Denghai,Li,li-denghai,li-denghai,0.0,73.0,Seed production,Food & Beverage,M,China,1681550402483,,Shandong,1224.913,2337.0,2337.0,//specials-images.forbesimg.com/imageserve/5a7cc6564bbe6f2652f50ad8/416x416.jpg?background=000000&cropX1=12&cropX2=2064&cropY1=229&cropY2=2282,,,,,,,
390,Li Guoqing,Li,li-guoqing,no-pic,-17.391,53.0,Petro Fibre,Manufacturing,M,China,1681550402483,,Zhejiang,1414.396,2099.0,2099.0,,,,,,,,
391,Li Jianli,Li,li-jianli,no-pic,-23.927,50.0,Lithium-ion battery cap ,Manufacturing,M,China,1681550402483,,Guangdong,1552.161,1944.0,1944.0,,,,,,,,
392,Li Jianquan & family,Li,li-jianquan,no-pic,-38.458,66.0,Consumer products,Healthcare,M,Hong Kong,1681550402483,,Guangdong,2802.776,1121.0,1121.0,,,,,,,,
393,Li Jinyang,Li,li-jinyang,no-pic-female,3.406,,Mining ,Metals & Mining,F,China,1681550402483,,Inner Mongolia,1462.474,2050.0,2050.0,,,,,,,,
394,Li Qiong,Li,li-qiong,no-pic-female,-42.323,45.0,online games,Media & Entertainment,F,China,1681550402483,,Beijing,1791.737,1728.0,1728.0,,,,,,,,
395,Li Ruiqiang,Li,li-ruiqiang,no-pic,79.436,43.0,Medical services,Healthcare,M,China,1681550402483,,Beijing,1489.42,2017.0,2017.0,https://specials-images.forbesimg.com/imageserve/62460758c5a64d336d42f669/416x416.jpg?background=000000&cropX1=174&cropX2=450&cropY1=6&cropY2=282,,,,,,,
396,Li Shui-po,Li,li-shui-po,no-pic,183.867,66.0,Stainless steel products,Manufacturing,M,Taiwan,1681550402483,,Jiangsu,1539.116,1955.0,1955.0,,,,,,,,
397,Li Wanqiang,Li,li-wanqiang,no-pic,3.349,45.0,Smartphones,Technology,M,China,1681550402483,,Beijing,1068.234,2551.0,2551.0,,,,,,,,
398,Li Xiang,Li,li-xiang-1,no-pic,60.486,41.0,Electric vehicles ,Automotive,M,China,1681550402482,,Beijing,4369.224,658.0,658.0,https://specials-images.forbesimg.com/imageserve/6063c138da160c7d05790c54/416x416.jpg?background=000000&cropX1=768&cropX2=2297&cropY1=69&cropY2=1599,,,,,,,
399,Li Yongqing,Li,li-yongqing,no-pic,-17.554,58.0,Petro Firbe,Manufacturing,M,China,1681550402483,,Zhejiang,1497.386,2011.0,2011.0,,,,,,,,
400,Li Zhigang,Li,li-zhigang,no-pic,12.911,46.0,Machinery,Manufacturing,M,China,1681550402483,,Hubei,1155.814,2440.0,2440.0,,,,,,,,
401,Liang Qin & family,Liang,liang-qin,no-pic-female,24.076,51.0,Semiconductor devices,Technology,F,China,1681550402483,,Jiangsu,1598.944,1892.0,1892.0,,,,,,,,
402,Liang Rubo,Liang,liang-rubo-1,no-pic,0.0,40.0,TikTok,Technology,M,China,1681550402483,,,2000.0,1568.0,1568.0,,,,,,,,
403,Lillian Teh Li Ming,Ming,lillian-teh-li-ming,no-pic-female,0.0,,Banking,Finance & Investments,F,Malaysia,1681550402483,,,1329.322,2194.0,2195.0,,,,,,,,
404,Lillyn Teh Li Hua,Hua,lillyn-teh-li-hua,no-pic-female,0.0,,Finance,Finance & Investments,F,Malaysia,1681550402483,,,1329.322,2194.0,2196.0,,,,,,,,
405,Lim Hariyanto Wijaya Sarwono,Lim,lim-hariyanto-wijaya-sarwono,lim-hariyanto-wijaya-sarwono,114.741,94.0,"Palm oil, nickel mining",Metals & Mining,M,Indonesia,1681550402482,,,6146.489,428.0,428.0,//specials-images.forbesimg.com/imageserve/1d675e162263166f77c91af6452294de/416x416.jpg?background=000000&cropX1=0&cropX2=744&cropY1=44&cropY2=788,,,,,,,
406,Lin Chang Su-O & family,Lin,lin-chang-su-o-1,no-pic-female,0.827,82.0,real estate,Real Estate,F,Taiwan,1681550402483,,,2298.463,1380.0,1380.0,,,,,,,,
407,Lin Lairong & family,Lin,lin-lairong,no-pic,-6.619,54.0,Iron ore mining,Metals & Mining,M,China,1681550402483,,Inner Mongolia,1770.841,1745.0,1745.0,,,,,,,,
408,Lin Muqin & family,Lin,lin-muqin,no-pic,-59.645,59.0,Beverages,Food & Beverage,M,China,1681550402482,,Guangdong,5762.856,461.0,461.0,https://specials-images.forbesimg.com/imageserve/6182ccfed143a6cc30e9678c/416x416.jpg?background=000000&cropX1=513&cropX2=2230&cropY1=0&cropY2=1718,,,,,,,
409,Lina Tombolato,Tombolato,lina-tombolato,no-pic-female,11.443,75.0,Financial services,Finance & Investments,F,Italy,1681550402483,,,1223.757,2342.0,2342.0,https://specials-images.forbesimg.com/imageserve/624608a8e935f6c928bc62e5/416x416.jpg?background=000000&cropX1=73&cropX2=1226&cropY1=600&cropY2=1753,,,,,,,
410,Liora Ofer,Ofer,liora-ofer,no-pic-female,0.0,69.0,Investments,Finance & Investments,F,Israel,1681550402483,,,1575.073,1921.0,1921.0,//specials-images.forbesimg.com/imageserve/58b87439a7ea431f321a7a5f/416x416.jpg?background=000000&cropX1=111&cropX2=681&cropY1=15&cropY2=585,,,,,,,
411,Liu Baolin,Liu,liu-baolin,liu-baolin,-7.158,69.0,Pharmacies,Fashion & Retail,M,China,1681550402483,,Hubei,1026.485,2612.0,2612.0,//specials-images.forbesimg.com/imageserve/0cbb1af7d866aae7ae316d58d6f367e8/416x416.jpg?background=000000&cropX1=81&cropX2=741&cropY1=5&cropY2=666,,,,,,,
412,Liu Chengyu & family,Liu,liu-chengyu,no-pic,15.946,60.0,Power supply equipment,Manufacturing,M,China,1681550402483,,Guangdong,2197.592,1440.0,1440.0,,,,,,,,
413,Liu Fangyi,Liu,liu-fangyi,no-pic,-0.235,,Medical equipment,Healthcare,M,China,1681550402483,,Shanghai,1389.19,2118.0,2118.0,https://specials-images.forbesimg.com/imageserve/600703c5b3e81bc7b68e39c5/416x416.jpg?background=000000&cropX1=269&cropX2=852&cropY1=236&cropY2=819,,,,,,,
414,Liu Xiucai & family,Liu,liu-xiucai,no-pic,2.646,66.0,Chemicals,Manufacturing,M,United States,1681550402483,,Shanghai,1459.197,2058.0,2058.0,,,,,,,,
415,Lloyd Blankfein,Blankfein,lloyd-blankfein,lloyd-blankfein,9.283,68.0,Banking,Finance & Investments,M,United States,1681550402483,NY,New York,1149.451,2446.0,2446.0,http://specials-images.forbesimg.com/imageserve/572263414bbe6f6f9575032b/416x416.jpg?background=000000&cropX1=89&cropX2=728&cropY1=2&cropY2=641,,,,,,,
416,Long Jiang,Jiang,long-jiang,no-pic,7.619,49.0,Manufacturing,Technology,M,China,1681550402483,,Shandong,2668.473,1194.0,1194.0,,,,,,,,
417,Loo Choon Yong,Loo,loo-choon-yong,loo-choon-yong,7.44,74.0,Healthcare,Healthcare,M,Singapore,1681550402483,,,1153.847,2441.0,2441.0,https://specials-images.forbesimg.com/imageserve/611167fd38cc73a2be5a536a/416x416.jpg?background=000000&cropX1=0&cropX2=798&cropY1=0&cropY2=798,,,,,,,
418,Lorinc Meszaros,Meszaros,lorinc-meszaros,no-pic,-1.134,57.0,Diversified,Diversified,M,Hungary,1681550402483,,,1273.241,2273.0,2273.0,//specials-images.forbesimg.com/imageserve/5e76573710380d0006fbb111/416x416.jpg?background=000000&cropX1=96&cropX2=709&cropY1=77&cropY2=690,,,,,,,
419,Lu Weiding,Lu,lu-weiding,no-pic,5.721,52.0,Diversified,Diversified,M,China,1681550402483,,Zhejiang,2616.856,1215.0,1215.0,//specials-images.forbesimg.com/imageserve/5c6eaac4a7ea4310004305fa/416x416.jpg?background=000000&cropX1=854&cropX2=4094&cropY1=464&cropY2=3705,,,,,,,
420,Lu Yiwen,Lu,lu-yiwen,no-pic-female,-5.751,36.0,Jewelry,Fashion & Retail,F,China,1681550402483,,Guangdong,2419.547,1313.0,1313.0,,,,,,,,
421,Lu Zongjun,Lu,lu-zongjun,no-pic,-21.28,59.0,Logistics,Logistics,M,China,1681550402483,,Shanghai,1569.468,1927.0,1927.0,,,,,,,,
422,Luc Tack,Tack,luc-tack,no-pic,0.699,61.0,"Textile, chemicals",Manufacturing,M,Belgium,1681550402483,,,1237.5,2317.0,2317.0,//specials-images.forbesimg.com/imageserve/5e741f3b2a573300068fcb31/416x416.jpg?background=000000&cropX1=22&cropX2=3430&cropY1=0&cropY2=3405,,,,,,,
423,Luca Del Vecchio,Del Vecchio,luca-del-vecchio,no-pic,29.933,21.0,Eyeglasses,Fashion & Retail,M,Italy,1681550402483,,,3953.232,737.0,739.0,,,,,,,,
424,Lucia Maggi & family,Maggi,lucia-maggi,no-pic-female,0.0,90.0,Agribusiness,Diversified,F,Brazil,1681550402483,,,1473.017,2033.0,2033.0,,,,,,,,
425,Luis Frias,Frias,luis-frias,no-pic,20.089,60.0,mobile payments,Technology,M,Brazil,1681550402483,,,1539.561,1954.0,1954.0,//specials-images.forbesimg.com/imageserve/5c6ccc5131358e1c187f1109/416x416.jpg?background=000000&cropX1=69&cropX2=335&cropY1=0&cropY2=266,,,,,,,
426,Luo Yangyong & family,Luo,luo-yangyong-1,no-pic,20.1,47.0,Mining,Metals & Mining,M,China,1681550402483,,Sichuan,1805.195,1711.0,1711.0,,,,,,,,
427,Lv Jianming,Lv,lv-jianming,no-pic,-14.865,58.0,Medical equipment,Healthcare,M,Hong Kong,1681550402483,,Zhejiang,1248.902,2301.0,2301.0,,,,,,,,
428,Lynda Resnick,Resnick,lynda-resnick,lynda-resnick,0.0,80.0,Agriculture,Food & Beverage,F,United States,1681550402482,CA,California,5256.0,524.0,524.0,https://specials-images.forbesimg.com/imageserve/5cf6ee7acd1f12000a2b6f33/416x416.jpg?background=000000&cropX1=0&cropX2=3223&cropY1=0&cropY2=3223,,,,,,,
429,Lyu Yixiong,Lyu,lyu-yixiong,no-pic,9.917,60.0,Cosmetics,Fashion & Retail,M,China,1681550402483,,,1011.631,2633.0,2633.0,,,,,,,,
430,Madhur Bajaj,Bajaj,madhur-bajaj,no-pic,0.0,70.0,Diversified,Diversified,M,India,1681550402483,,,2736.71,1152.0,1152.0,,,,,,,,
431,Maike Oberwelland-Height,Oberwelland-Height,maike-oberwelland-height,no-pic-female,0.0,,Candy,Food & Beverage,F,Germany,1681550402483,,,1879.143,1650.0,1650.0,,,,,,,,
432,Manas Chiaravanond,Chiaravanond,manas-chiaravanond,no-pic,10.057,,Diversified,Diversified,M,Thailand,1681550402483,,,1984.545,1581.0,1581.0,,,,,,,,
433,Manny Stul,Stul,manny-stul,no-pic,0.0,73.0,Toys,Manufacturing,M,Australia,1681550402483,,,1128.849,2473.0,2473.0,//specials-images.forbesimg.com/imageserve/5e73ffbc2a573300068fc971/416x416.jpg?background=000000&cropX1=3003&cropX2=5044&cropY1=518&cropY2=2557,,,,,,,
434,Manohar Lal Agarwal,Agarwal,manohar-lal-agarwal,no-pic,0.0,68.0,Snacks,Food & Beverage,M,India,1681550402483,,,1027.342,2610.0,2610.0,,,,,,,,
435,Marco Squinzi,Squinzi,marco-squinzi,no-pic,0.0,51.0,Chemical products,Construction & Engineering,M,Italy,1681550402483,,,1235.246,2322.0,2322.0,,,,,,,,
436,Maria Angelicoussis,Angelicoussis,maria-angelicoussis,no-pic-female,0.0,41.0,Shipping,Logistics,F,Greece,1681550402482,,,5614.256,482.0,482.0,,,,,,,,
437,Marianna Latsis & family,Latsis,marianna-latsis,no-pic-female,0.0,70.0,"Banking, shipping",Diversified,F,Greece,1681550402483,,,1690.94,1817.0,1817.0,,,,,,,,
438,Marina Budiman,Budiman,marina-budiman,no-pic-female,0.011,61.0,Data centers,Technology,F,Indonesia,1681550402483,,,1159.236,2437.0,2437.0,https://specials-images.forbesimg.com/imageserve/61ae5ff33e1e9250c36c19fd/416x416.jpg?background=000000&cropX1=214&cropX2=1767&cropY1=366&cropY2=1920,,,,,,,
439,Marina Caprotti,Caprotti,marina-caprotti,no-pic-female,0.0,45.0,Supermarkets,Food & Beverage,F,Italy,1681550402483,,,1177.496,2414.0,2415.0,,,,,,,,
440,Marina Prada,Prada,marina-prada,marina-prada,129.184,77.0,Luxury goods,Fashion & Retail,F,Italy,1681550402483,,,2467.942,1285.0,1286.0,//specials-images.forbesimg.com/imageserve/5a7f97da31358e4955ad1e5c/416x416.jpg?background=000000&cropX1=131&cropX2=1695&cropY1=72&cropY2=1636,,,,,,,
441,Mario Germano Giuliani,Giuliani,mario-germano-giuliani,no-pic,-7.089,51.0,Pharmaceuticals,Healthcare,M,Switzerland,1681550402483,,,2119.618,1494.0,1494.0,https://specials-images.forbesimg.com/imageserve/6247104b25fc1694252b15f6/416x416.jpg?background=000000&cropX1=0&cropX2=433&cropY1=13&cropY2=446,,,,,,,
442,Marisa Del Vecchio,Del Vecchio,marisa-del-vecchio,no-pic-female,29.933,64.0,Eyeglasses,Fashion & Retail,F,Italy,1681550402483,,,3953.232,737.0,740.0,,,,,,,,
443,Mark Davis,Davis,mark-davis-1,no-pic,0.0,67.0,Las Vegas Raiders,Sports,M,United States,1681550402483,NV,Nevada,1900.0,1638.0,1638.0,,,,,,,,
444,Mark Dixon,Dixon,mark-dixon,mark-dixon,1.443,63.0,Office real estate ,Real Estate,M,United Kingdom,1681550402483,,,1037.949,2593.0,2593.0,//specials-images.forbesimg.com/imageserve/5e77f60fc7b02d000666e1fc/416x416.jpg?background=000000&cropX1=574&cropX2=2798&cropY1=0&cropY2=2226,,,,,,,
445,Mark Mateschitz,Mateschitz,mark-mateschitz,no-pic,0.0,30.0,Red Bull,Food & Beverage,M,Austria,1681550402482,,,35902.563,37.0,37.0,https://specials-images.forbesimg.com/imageserve/642b2ae09caa113a6ce1c15e/416x416.jpg?background=000000&cropX1=898&cropX2=3376&cropY1=239&cropY2=2714,,,,,,,
446,Mark Meijer & family,Meijer,mark-meijer,no-pic,0.0,65.0,Supermarkets,Fashion & Retail,M,United States,1681550402482,MI,Michigan,4565.151,628.0,630.0,,,,,,,,
447,Martha MacMillan,MacMillan,martha-macmillan,no-pic-female,0.0,71.0,Cargill,Food & Beverage,F,United States,1681550402483,MN,Minnesota,1239.732,2312.0,2314.0,//specials-images.forbesimg.com/imageserve/5a908f9b31358e79a28a1f10/416x416.jpg?background=000000&cropX1=103&cropX2=2410&cropY1=686&cropY2=2992,,,,,,,
448,Martin Knauf,Knauf,martin-knauf,no-pic,0.0,,building materials,Manufacturing,M,Germany,1681550402483,,,1000.884,2642.0,2642.0,,,,,,,,
449,Marvy Finger,Finger,marvy-finger,no-pic,0.0,87.0,Real estate,Real Estate,M,United States,1681550402483,TX,Texas,1300.0,2228.0,2229.0,,,,,,,,
450,Masaaki Arai,Arai,masaaki-arai,no-pic,25.216,57.0,Home sales,Real Estate,M,Japan,1681550402483,,,1852.092,1679.0,1679.0,,,,,,,,
451,Masaru Wasami,Wasami,masaru-wasami,no-pic,26.573,77.0,Logistics,Logistics,M,Japan,1681550402483,,,1043.309,2587.0,2587.0,//specials-images.forbesimg.com/imageserve/5ea6e8ba228117000681aad6/416x416.jpg?background=000000&cropX1=988&cropX2=2856&cropY1=211&cropY2=2078,,,,,,,
452,Masayuki Ishihara,Ishihara,masayuki-ishihara,no-pic,7.294,74.0,Pachinko machines,Gambling & Casinos,M,Japan,1681550402483,,,1065.49,2556.0,2556.0,,,,,,,,
453,Massimo Doris,Doris,massimo-doris,no-pic,9.918,55.0,Financial services,Finance & Investments,M,Italy,1681550402483,,,1340.541,2185.0,2185.0,,,,,,,,
454,Mat Ishbia,Ishbia,mat-ishbia,no-pic,78.75,43.0,Mortgage lender,Finance & Investments,M,United States,1681550402482,MI,Michigan,6308.5,417.0,417.0,https://specials-images.forbesimg.com/imageserve/6063b90cb83e69231f4ae7fc/416x416.jpg?background=000000&cropX1=579&cropX2=1683&cropY1=343&cropY2=1447,,,,,,,
455,Matei Zaharia,Zaharia,matei-zaharia,no-pic,0.0,37.0,Data analytics,Technology,M,Romania,1681550402483,CA,California,1200.0,2371.0,2374.0,https://specials-images.forbesimg.com/imageserve/624472a9a9c3d172066f0b3f/416x416.jpg?background=000000&cropX1=0&cropX2=1297&cropY1=0&cropY2=1296,,,,,,,
456,Mathias Doepfner,Doepfner,mathias-doepfner,no-pic,0.0,60.0,Media,Media & Entertainment,M,Germany,1681550402483,,,1261.18,2288.0,2288.0,,,,,,,,
457,Matthew Prince,Prince,matthew-prince,no-pic,-6.598,48.0,Cybersecurity,Technology,M,United States,1681550402483,UT,Utah,2399.417,1325.0,1325.0,https://specials-images.forbesimg.com/imageserve/6063baa77320394738cc2f00/416x416.jpg?background=000000&cropX1=644&cropX2=2554&cropY1=128&cropY2=2037,,,,,,,
458,Matthew Roszak,Roszak,matthew-roszak,no-pic,0.0,50.0,Cryptocurrency,Finance & Investments,M,United States,1681550402483,IL,Illinois,1383.77,2128.0,2128.0,,,,,,,,
459,Max Lytvyn,Lytvyn,max-lytvyn,no-pic,0.0,43.0,Software,Technology,M,Canada,1681550402483,CA,California,2243.0,1401.0,1402.0,https://specials-images.forbesimg.com/imageserve/61a55248f172a6b1b306c32e/416x416.jpg?background=000000&cropX1=1391&cropX2=4255&cropY1=90&cropY2=2951,,,,,,,
460,Mehmet Sinan Tara,Tara,mehmet-sinan-tara,mehmet-sinan-tara,-11.457,64.0,Construction,Construction & Engineering,M,Turkey,1681550402483,,,1720.351,1795.0,1795.0,//specials-images.forbesimg.com/imageserve/58b7569ba7ea431f321a6ff9/416x416.jpg?background=000000&cropX1=0&cropX2=744&cropY1=39&cropY2=783,,,,,,,
461,Melanie Perkins,Perkins,melanie-perkins,melanie-perkins,0.0,35.0,Software,Technology,F,Australia,1681550402483,,,3618.0,824.0,825.0,https://specials-images.forbesimg.com/imageserve/61a4f746e844c5c50c06c32e/416x416.jpg?background=000000&cropX1=0&cropX2=2221&cropY1=268&cropY2=2491,,,,,,,
462,Melinda French Gates,French Gates,melinda-french-gates,no-pic-female,31.073,58.0,Microsoft,Technology,F,United States,1681550402482,WA,Washington,6441.592,410.0,410.0,//specials-images.forbesimg.com/imageserve/5df3d3c64e291700078306e5/416x416.jpg?background=000000&cropX1=35&cropX2=4124&cropY1=30&cropY2=4119,,,,,,,
463,Meng Qingshan & family,Meng,meng-qingshan,no-pic,6.902,74.0,Chemicals,Manufacturing,M,China,1681550402483,,Hebei,1638.859,1857.0,1857.0,,,,,,,,
464,Michael Arougheti,Arougheti,michael-arougheti,no-pic,-20.752,50.0,Finance,Finance & Investments,M,United States,1681550402483,NY,New York,1329.723,2193.0,2193.0,https://specials-images.forbesimg.com/imageserve/63ea62a63566dd44e5ffa636/416x416.jpg?background=000000&cropX1=127&cropX2=907&cropY1=146&cropY2=927,,,,,,,
465,Michael Heine,Heine,michael-heine,no-pic,14.98,73.0,Financial services,Finance & Investments,M,Australia,1681550402483,,,1151.705,2444.0,2444.0,https://specials-images.forbesimg.com/imageserve/63ea7ef7f85c6fe5f9d77ed0/416x416.jpg?background=000000&cropX1=0&cropX2=941&cropY1=0&cropY2=941,,,,,,,
466,Michael Kum,Kum,michael-kum,michael-kum,0.202,78.0,Hotels,Real Estate,M,Singapore,1681550402483,,,1044.71,2586.0,2586.0,//specials-images.forbesimg.com/imageserve/5d60040968cb0a000917ec5f/416x416.jpg?background=000000&cropX1=0&cropX2=3607&cropY1=271&cropY2=3881,,,,,,,
467,Michael McCain,McCain,michael-mccain-1,no-pic,-3.726,,packaged meats,Food & Beverage,M,Canada,1681550402483,,Ontario,1059.444,2562.0,2562.0,,,,,,,,
468,Michael Polsky,Polsky,michael-polsky,no-pic,0.0,74.0,Electric power,Energy,M,United States,1681550402483,IL,Illinois,1600.0,1888.0,1890.0,,,,,,,,
469,Michael S. Smith,Smith,michael-s-smith,no-pic,0.0,67.0,Liquefied natural gas,Energy,M,United States,1681550402483,FL,Florida,2600.0,1223.0,1224.0,https://specials-images.forbesimg.com/imageserve/632cd101027c0cde00dd5380/416x416.jpg?background=000000&cropX1=683&cropX2=1733&cropY1=647&cropY2=1697,,,,,,,
470,Michael Saylor,Saylor,michael-saylor,no-pic,-16.457,58.0,cryptocurrency,Technology,M,United States,1681550402483,VA,Virginia,1233.981,2324.0,2324.0,https://specials-images.forbesimg.com/imageserve/6063bb1d5a1bcb9685cc2f01/416x416.jpg?background=000000&cropX1=714&cropX2=1954&cropY1=457&cropY2=1696,,,,,,,
471,Michael Spencer,Spencer,michael-spencer,no-pic,0.0,67.0,Stock exchange,Finance & Investments,M,United Kingdom,1681550402483,,,1100.0,2503.0,2504.0,,,,,,,,
472,Michael Xie,Xie,michael-xie,no-pic,-18.462,54.0,Cybersecurity ,Technology,M,United States,1681550402482,CA,California,4037.454,718.0,718.0,//specials-images.forbesimg.com/imageserve/5d94fd7c4223bf0006b7915f/416x416.jpg?background=000000&cropX1=0&cropX2=1247&cropY1=0&cropY2=1247,,,,,,,
473,Michal Strnad,Strnad,michal-strnad,no-pic,0.0,30.0,Defense Contracting,Manufacturing,M,Czech Republic,1681550402483,,,2176.253,1457.0,1457.0,,,,,,,,
474,Michiel Le Roux,Le Roux,michiel-le-roux,no-pic,1.038,73.0,Banking,Finance & Investments,M,South Africa,1681550402483,,,1059.625,2561.0,2561.0,//specials-images.forbesimg.com/imageserve/5a80fc894bbe6f2652f543fb/416x416.jpg?background=000000&cropX1=87&cropX2=542&cropY1=0&cropY2=455,,,,,,,
475,Mike Repole,Repole,mike-repole,no-pic,0.0,55.0,Sports drink,Food & Beverage,M,United States,1681550402483,FL,Florida,1500.0,1997.0,2002.0,https://specials-images.forbesimg.com/imageserve/62447344fb0f582ec6b1927f/416x416.jpg?background=000000&cropX1=327&cropX2=1208&cropY1=276&cropY2=1157,,,,,,,
476,Mike Speiser,Speiser,mike-speiser,no-pic,2.138,52.0,Software,Technology,M,United States,1681550402483,CA,California,1248.679,2302.0,2302.0,https://specials-images.forbesimg.com/imageserve/6075face1f5b0d7f48841d4b/416x416.jpg?background=000000&cropX1=15&cropX2=385&cropY1=3&cropY2=373,,,,,,,
477,Mikhail Lomtadze,Lomtadze,mikhail-lomtadze,no-pic,-51.389,47.0,Fintech,Finance & Investments,M,Georgia,1681550402483,,,3420.95,876.0,876.0,,,,,,,,
478,Min-Liang Tan,Tan,min-liang-tan,min-liang-tan,0.0,45.0,Gaming,Media & Entertainment,M,Singapore,1681550402483,,,1117.054,2485.0,2485.0,//specials-images.forbesimg.com/imageserve/5d6012882dedcb0008e0f1df/416x416.jpg?background=000000&cropX1=1639&cropX2=4821&cropY1=8&cropY2=3187,,,,,,,
479,Miriam Adelson & family,Adelson,miriam-adelson,no-pic-female,311.8,77.0,Casinos,Gambling & Casinos,F,United States,1681550402482,NV,Nevada,35931.454,36.0,36.0,https://specials-images.forbesimg.com/imageserve/605e494f800955d12c9d9142/416x416.jpg?background=000000&cropX1=0&cropX2=1080&cropY1=0&cropY2=1080,,,,,,,
480,Mitchell Jacobson,Jacobson,mitchell-jacobson,mitchell-jacobson,5.77,72.0,Industrial equipment,Service,M,United States,1681550402483,NY,New York,1376.283,2140.0,2140.0,//specials-images.forbesimg.com/imageserve/5a90919da7ea434a0c2721de/416x416.jpg?background=000000&cropX1=1039&cropX2=1975&cropY1=144&cropY2=1081,,,,,,,
481,Mori Arkin,Arkin,mori-arkin,mori-arkin,-5.7,70.0,Pharmaceuticals,Healthcare,M,Israel,1681550402483,,,1459.603,2056.0,2056.0,//specials-images.forbesimg.com/imageserve/8608c40a98b3c1609e133a50d8f0e02b/416x416.jpg?background=000000&cropX1=63&cropX2=640&cropY1=48&cropY2=625,,,,,,,
482,Mrudula Parekh,Parekh,mrudula-parekh,no-pic-female,0.0,75.0,Adhesives,Manufacturing,F,India,1681550402483,,,1720.506,1794.0,1794.0,,,,,,,,
483,M.Satyanarayana Reddy,Reddy,msatyanarayana-reddy,no-pic,0.0,65.0,Pharmaceuticals,Healthcare,M,India,1681550402483,,,1432.366,2078.0,2078.0,https://specials-images.forbesimg.com/imageserve/61f41b48c0dc69d73b9a18bf/416x416.jpg?background=000000&cropX1=330&cropX2=1077&cropY1=384&cropY2=1130,,,,,,,
484,Muhammed Aziz Khan,Khan,muhammed-aziz-khan,no-pic,0.0,68.0,Power,Energy,M,Bangladesh,1681550402483,,,1012.386,2630.0,2630.0,//specials-images.forbesimg.com/imageserve/5d6008b268cb0a000917ecd7/416x416.jpg?background=000000&cropX1=1734&cropX2=2953&cropY1=489&cropY2=1708,,,,,,,
485,N. Murray Edwards,Edwards,n-murray-edwards,n-murray-edwards,11.576,63.0,Oil & gas,Energy,M,Canada,1681550402483,,,2668.408,1195.0,1195.0,https://specials-images.forbesimg.com/imageserve/6050f48ca1ab099ed6e290cc/416x416.jpg?background=000000&cropX1=0&cropX2=800&cropY1=0&cropY2=800,,,,,,,
486,Nadia Thiele,Thiele,nadia-thiele,no-pic-female,53.128,47.0,Investments,Finance & Investments,F,Germany,1681550402482,,,6630.559,395.0,395.0,,,,,,,,
487,Naomi Azrieli,Azrieli,naomi-azrieli,no-pic-female,0.0,57.0,Real estate,Real Estate,F,Canada,1681550402483,,Ontario,1192.498,2392.0,2393.0,,,,,,,,
488,Neide Helena de Moraes,Moraes,neide-helena-de-moraes,no-pic-female,0.0,68.0,Diversified,Diversified,F,Brazil,1681550402483,,,1277.944,2266.0,2266.0,,,,,,,,
489,Nerio Alessandri,Alessandri,nerio-alessandri,no-pic,2.253,62.0,Gym equipment,Manufacturing,M,Italy,1681550402483,,,1555.235,1941.0,1941.0,,,,,,,,
490,Nguyen Dang Quang,Nguyen,nguyen-dang-quang,no-pic,-17.009,59.0,"Consumer products, banking",Food & Beverage,M,Vietnam,1681550402483,,,1207.691,2360.0,2360.0,//specials-images.forbesimg.com/imageserve/5c717876a7ea431000434658/416x416.jpg?background=000000&cropX1=238&cropX2=830&cropY1=0&cropY2=592,,,,,,,
491,Ni Yongpei & family,Ni,ni-yongpei,ni-yongpei,-39.324,71.0,Beverages,Food & Beverage,M,China,1681550402483,,Anhui,2049.272,1537.0,1537.0,https://specials-images.forbesimg.com/imageserve/624432ad291e60a5c7b1927f/416x416.jpg?background=000000&cropX1=460&cropX2=2350&cropY1=155&cropY2=2046,,,,,,,
492,Nicolas D'Ieteren,D'Ieteren,nicolas-dieteren,no-pic,-35.179,48.0,"Auto parts, distribution",Automotive,M,Belgium,1681550402483,,,3651.574,813.0,813.0,,,,,,,,
493,Nicoletta Zampillo,Zampillo,nicoletta-zampillo,no-pic-female,29.933,65.0,Eyeglasses,Fashion & Retail,F,Italy,1681550402483,,,3953.232,737.0,741.0,https://specials-images.forbesimg.com/imageserve/642b2ed4c3eb76d979e1c15c/416x416.jpg?background=000000&cropX1=116&cropX2=1020&cropY1=266&cropY2=1170,,,,,,,
494,Nikhil Kamath,Kamath,nikhil-kamath,no-pic,0.0,36.0,Financial services,Finance & Investments,M,India,1681550402483,,,1129.848,2470.0,2470.0,https://specials-images.forbesimg.com/imageserve/6422ff333a09b807eaa10bb7/416x416.jpg?background=000000&cropX1=1013&cropX2=1662&cropY1=86&cropY2=734,,,,,,,
495,Nikil Viswanathan,Viswanathan,nikil-viswanathan-1,no-pic,0.0,35.0,Blockchain technology,Technology,M,United States,1681550402483,CA,California,1800.0,1720.0,1722.0,https://specials-images.forbesimg.com/imageserve/624473ce0e8748e3e8b1927f/416x416.jpg?background=000000&cropX1=1&cropX2=450&cropY1=1&cropY2=450,,,,,,,
496,Ning Wang & family,Wang,ning-wang-1,no-pic,26.104,36.0,Toys,Media & Entertainment,M,China,1681550402483,,Beijing,1706.139,1803.0,1803.0,https://specials-images.forbesimg.com/imageserve/606c82db99e962b0d731e4a3/416x416.jpg?background=000000&cropX1=585&cropX2=2019&cropY1=265&cropY2=1700,,,,,,,
497,Ning Zhao,Zhao,ning-zhao,no-pic-female,-3.477,56.0,Pharmaceuticals,Healthcare,F,United States,1681550402483,,,1299.418,2231.0,2231.0,,,,,,,,
498,Niraj Bajaj,Bajaj,niraj-bajaj-1,no-pic,0.0,68.0,Diversified,Diversified,M,India,1681550402483,,,2736.71,1152.0,1153.0,,,,,,,,
499,Nirmal Minda,Minda,nirmal-minda,no-pic,0.0,65.0,Auto parts,Automotive,M,India,1681550402483,,,2126.277,1486.0,1486.0,//specials-images.forbesimg.com/imageserve/5a7f3f664bbe6f2652f52fc5/416x416.jpg?background=000000&cropX1=425&cropX2=2191&cropY1=355&cropY2=2122,,,,,,,
500,Nithin Kamath,Kamath,nithin-kamath,no-pic,0.0,43.0,Financial services,Finance & Investments,M,India,1681550402483,,,2700.736,1174.0,1174.0,https://specials-images.forbesimg.com/imageserve/6422fe91604296ffaca10bb6/416x416.jpg?background=000000&cropX1=444&cropX2=1926&cropY1=397&cropY2=1881,,,,,,,
501,Nobutoshi Shimamura,Shimamura,nobutoshi-shimamura,no-pic,-1.888,97.0,Retail,Fashion & Retail,M,Japan,1681550402483,,,1355.556,2160.0,2160.0,,,,,,,,
502,Noubar Afeyan,Afeyan,noubar-afeyan,no-pic,-37.702,60.0,Biotech,Healthcare,M,United States,1681550402483,MA,Massachusetts,1847.171,1685.0,1685.0,https://specials-images.forbesimg.com/imageserve/615b18822324216fa0fe0d69/416x416.jpg?background=000000&cropX1=0&cropX2=1957&cropY1=89&cropY2=2047,,,,,,,
503,Olivier Bouygues,Bouygues,olivier-bouygues,no-pic,29.434,72.0,"Construction, media",Construction & Engineering,M,France,1681550402483,,,2173.546,1459.0,1460.0,,,,,,,,
504,Olivier Pomel,Pomel,olivier-pomel,no-pic,-13.303,46.0,Cloud computing,Technology,M,France,1681550402483,NY,New York,1818.524,1702.0,1702.0,//specials-images.forbesimg.com/imageserve/5ebd9eea24c6230006f7d92f/416x416.jpg?background=000000&cropX1=0&cropX2=5470&cropY1=0&cropY2=5470,,,,,,,
505,Oren Zeev,Zeev,oren-zeev,no-pic,0.0,58.0,Investments,Finance & Investments,M,Israel,1681550402483,CA,California,2200.0,1439.0,1439.0,https://specials-images.forbesimg.com/imageserve/6231f93c0a4839bc3c162440/416x416.jpg?background=000000&cropX1=596&cropX2=2281&cropY1=43&cropY2=1730,,,,,,,
506,Othman Benjelloun & family,Benjelloun,othman-benjelloun,othman-benjelloun,-2.474,90.0,"Banking, insurance",Finance & Investments,M,Morocco,1681550402483,,,1289.147,2250.0,2250.0,//specials-images.forbesimg.com/imageserve/589fd70c31358e1a35ab2cff/416x416.jpg?background=000000&cropX1=95&cropX2=744&cropY1=13&cropY2=662,,,,,,,
507,Otto Toto Sugiri,Sugiri,otto-toto-sugiri,no-pic,0.113,69.0,Data centers,Technology,M,Indonesia,1681550402483,,,2054.754,1532.0,1532.0,https://specials-images.forbesimg.com/imageserve/61ae60d615d0f02296b90539/416x416.jpg?background=000000&cropX1=0&cropX2=1438&cropY1=265&cropY2=1704,,,,,,,
508,Pablo Legorreta,Legorreta,pablo-legorreta,no-pic,-13.756,59.0,Investments,Finance & Investments,M,United States,1681550402483,NY,New York,3424.788,875.0,875.0,//specials-images.forbesimg.com/imageserve/5ee8ce0e971e0400074abb03/416x416.jpg?background=000000&cropX1=759&cropX2=2083&cropY1=146&cropY2=1470,,,,,,,
509,Palmer Luckey,Luckey,palmer-luckey,palmer-luckey,0.919,30.0,Virtual reality,Technology,M,United States,1681550402483,CA,California,1778.521,1738.0,1738.0,https://specials-images.forbesimg.com/imageserve/642b380e8cd52817a9deb166/416x416.jpg?background=000000&cropX1=333&cropX2=1684&cropY1=0&cropY2=1352,,,,,,,
510,Pan Dong,Pan,pan-dong-1,no-pic-female,33.985,58.0,Consumer goods,Fashion & Retail,F,Canada,1681550402483,,,2947.433,1048.0,1048.0,,,,,,,,
511,Pan Longquan,Pan,pan-longquan,no-pic,1.657,58.0,Manufacturing ,Manufacturing,M,China,1681550402483,,Jiangsu,1323.35,2202.0,2202.0,,,,,,,,
512,Pan Shiyi,Pan,pan-shiyi,no-pic,2.117,60.0,Real estate,Real Estate,M,China,1681550402483,,Beijing,1337.291,2187.0,2187.0,,,,,,,,
513,Paola Del Vecchio,Del Vecchio,paola-del-vecchio,no-pic-female,29.933,61.0,Eyeglasses,Fashion & Retail,F,Italy,1681550402483,,,3953.232,737.0,742.0,,,,,,,,
514,Paolo Rocca,Rocca,paolo-rocca,paolo-rocca,-15.391,70.0,Pipe Manufacturing,Metals & Mining,M,Italy,1681550402483,,,2611.811,1217.0,1217.0,,,,,,,,
515,Parker Conrad,Conrad,parker-conrad,parker-conrad,0.0,43.0,Software,Technology,M,United States,1681550402483,CA,California,1800.0,1720.0,1724.0,,,,,,,,
516,Patrizio Vinciarelli,Vinciarelli,patrizio-vinciarelli,no-pic,-29.453,76.0,electronic components,Technology,M,United States,1681550402483,MA,Massachusetts,979.988,2651.0,2651.0,,,,,,,,
517,Paul-Heinz Wesjohann & family,Wesjohann,paul-heinz-wesjohann,no-pic,0.0,79.0,Chicken processing,Food & Beverage,M,Germany,1681550402483,,,2375.166,1344.0,1344.0,,,,,,,,
518,Paul Saville,Saville,paul-saville,no-pic,10.547,67.0,Homebuilder ,Real Estate,M,United States,1681550402483,FL,Florida,1751.494,1763.0,1763.0,,,,,,,,
519,Paul Sciarra,Sciarra,paul-sciarra,paul-sciarra,-2.371,42.0,Pinterest,Technology,M,United States,1681550402483,CA,California,1217.494,2349.0,2349.0,//specials-images.forbesimg.com/imageserve/5ced855acd1f12000a2a940f/416x416.jpg?background=000000&cropX1=458&cropX2=742&cropY1=96&cropY2=380,,,,,,,
520,Pavan Jain,Jain,pavan-jain,no-pic,0.0,71.0,Chemicals,Manufacturing,M,India,1681550402483,,,1741.733,1771.0,1771.0,,,,,,,,
521,Pavel Golubkov,Golubkov,pavel-golubkov,no-pic,0.0,47.0,"Building, development",Real Estate,M,Russia,1681550402483,,,1068.166,2552.0,2552.0,,,,,,,,
522,Pawan Munjal,Munjal,pawan-munjal-1,no-pic,0.0,68.0,Two wheelers,Automotive,M,India,1681550402483,,,1117.441,2484.0,2484.0,,,,,,,,
523,Peggy Cherng,Cherng,peggy-cherng,peggy-cherng,-2.197,75.0,Fast food,Food & Beverage,F,United States,1681550402483,NV,Nevada,2452.509,1295.0,1296.0,//specials-images.forbesimg.com/imageserve/55899bb6e4b017853ecef518/416x416.jpg?background=000000&cropX1=52&cropX2=725&cropY1=60&cropY2=734,,,,,,,
524,Peng Zhao,Zhao,peng-zhao,no-pic,-14.08,52.0,Online recruitment,Service,M,China,1681550402483,,,1210.88,2355.0,2355.0,,,,,,,,
525,Peter-Alexander Wacker,Wacker,peter-alexander-wacker,no-pic,-5.071,71.0,Chemicals,Manufacturing,M,Germany,1681550402483,,,1062.788,2557.0,2557.0,//specials-images.forbesimg.com/imageserve/5a7e374aa7ea4316901323f5/416x416.jpg?background=000000&cropX1=44&cropX2=1173&cropY1=78&cropY2=1208,,,,,,,
526,Peter Jackson,Jackson,peter-jackson,peter-jackson,0.0,61.0,"Movies, digital effects",Media & Entertainment,M,New Zealand,1681550402483,,,1514.28,1976.0,1976.0,https://specials-images.forbesimg.com/imageserve/6244745e2f6e3bb59831a3b8/416x416.jpg?background=000000&cropX1=1343&cropX2=3326&cropY1=29&cropY2=2011,,,,,,,
527,Peter Kelly,Kelly,peter-kelly,no-pic,7.316,65.0,I.T.,Technology,M,United Kingdom,1681550402483,,,1082.488,2527.0,2527.0,,,,,,,,
528,Philip Fayer,Fayer,philip-fayer,no-pic,-38.948,45.0,Online payments,Finance & Investments,M,Canada,1681550402483,,Quebec,1440.53,2073.0,2073.0,,,,,,,,
529,Philip Green,Green,philip-green,no-pic,0.0,,Fashion retail,Fashion & Retail,M,United Kingdom,1681550402483,,,1090.893,2515.0,2516.0,,,,,,,,
530,Philip Ng,Ng,philip-ng,no-pic,-1.769,64.0,Real Estate,Real Estate,M,Singapore,1681550402482,,,7576.509,303.0,303.0,,,,,,,,
531,Phongthep Chiaravanont,Chiaravanont,phongthep-chiaravanont,no-pic,10.116,71.0,Diversified,Diversified,M,Thailand,1681550402483,,,2014.448,1555.0,1555.0,,,,,,,,
532,P.N.C. Menon,Menon,pnc-menon,pnc-menon,0.0,74.0,Real estate,Real Estate,M,Oman,1681550402483,,,1523.267,1967.0,1967.0,https://specials-images.forbesimg.com/imageserve/642ad7d4c48f1e1ba0deb166/416x416.jpg?background=000000&cropX1=386&cropX2=1621&cropY1=270&cropY2=1505,,,,,,,
533,Polys Haji-Ioannou,Haji-Ioannou,polys-haji-ioannou,no-pic,-0.797,63.0,EasyJet,Service,M,Cyprus,1681550402483,,,1134.456,2460.0,2460.0,,,,,,,,
534,Pongsak Viddayakorn,Viddayakorn,pongsak-viddayakorn,pongsak-viddayakorn,-117.88,89.0,Hospitals,Healthcare,M,Thailand,1681550402483,,,1218.181,2348.0,2348.0,//specials-images.forbesimg.com/imageserve/5ad8eea24bbe6f2310f30e4a/416x416.jpg?background=000000&cropX1=666&cropX2=3323&cropY1=1326&cropY2=3985,,,,,,,
535,Pradip Burman,Burman,pradip-burman,no-pic,0.0,80.0,Consumer goods,Food & Beverage,M,India,1681550402483,,,1095.158,2509.0,2509.0,//specials-images.forbesimg.com/imageserve/5c70ac98a7ea431000433d93/416x416.jpg?background=000000&cropX1=1144&cropX2=3684&cropY1=604&cropY2=3145,,,,,,,
536,Prathap Reddy,Reddy,prathap-reddy,prathap-reddy,0.0,91.0,Healthcare,Healthcare,M,India,1681550402483,,,2221.854,1420.0,1420.0,https://specials-images.forbesimg.com/imageserve/615b2f37b4c0fe4b4b79c04a/416x416.jpg?background=000000&cropX1=608&cropX2=1064&cropY1=50&cropY2=506,,,,,,,
537,Prathip Chiravanond,Chiravanond,prathip-chiravanond,no-pic,10.061,74.0,Diversified,Diversified,M,Thailand,1681550402483,,,1971.888,1590.0,1590.0,,,,,,,,
538,Prem Kumar Arora,Arora,prem-kumar-arora,no-pic,0.0,84.0,Pharmaceuticals,Healthcare,M,India,1681550402483,,,1151.312,2445.0,2445.0,,,,,,,,
539,Qi Xiangdong,Qi,qi-xiangdong,qi-xiangdong,-21.563,52.0,Software,Technology,M,China,1681550402483,,Beijing,2272.572,1386.0,1386.0,,,,,,,,
540,Qian Jinghong,Qian,qian-jinghong,no-pic-female,20.853,50.0,Electric scooters,Automotive,F,China,1681550402483,,Jiangsu,1557.165,1940.0,1940.0,,,,,,,,
541,Qin Long,Qin,qin-long,no-pic,-14.352,57.0,Tire,Manufacturing,M,China,1681550402483,,Shandong,1330.1,2192.0,2192.0,,,,,,,,
542,Qingfeng Liu,Liu,qingfeng-liu,no-pic,1.628,50.0,software,Technology,M,China,1681550402483,,Anhui,1034.403,2599.0,2599.0,,,,,,,,
543,Qiu Minxiu,Qiu,qiu-minxiu,no-pic-female,74.039,77.0,Semiconductors,Technology,F,China,1681550402483,,Zhejiang,2613.282,1216.0,1216.0,,,,,,,,
544,Qu Miranda,Qu,qu-miranda,no-pic-female,0.0,38.0,E-commerce ,Fashion & Retail,F,China,1681550402483,,Shanghai,1300.0,2228.0,2230.0,https://specials-images.forbesimg.com/imageserve/624431ed08a2b9f7f36f0b15/416x416.jpg?background=000000&cropX1=1326&cropX2=2777&cropY1=583&cropY2=2034,,,,,,,
545,R. Marcelo Claure,Claure,r-marcelo-claure,no-pic,0.0,52.0,Cell phone distribution,Telecom,M,United States,1681550402483,FL,Florida,1269.167,2278.0,2278.0,https://specials-images.forbesimg.com/imageserve/642b31844c2a557af7e1c15e/416x416.jpg?background=000000&cropX1=717&cropX2=2728&cropY1=38&cropY2=2047,,,,,,,
546,Radhakishan Damani,Damani,radhakishan-damani-1,no-pic,0.0,68.0,"Retail, investments",Fashion & Retail,M,India,1681550402482,,,15759.541,113.0,113.0,,,,,,,,
547,Rafaela Aponte-Diamant,Aponte-Diamant,rafaela-aponte-diamant,no-pic-female,1.205,78.0,Shipping,Logistics,F,Switzerland,1681550402482,,,31285.736,43.0,44.0,,,,,,,,
548,Rafique Malik,Malik,rafique-malik,no-pic,0.0,72.0,Footwear,Fashion & Retail,M,India,1681550402483,,,2005.453,1562.0,1562.0,https://specials-images.forbesimg.com/imageserve/6345d78a699e08969fde06a9/416x416.jpg?background=000000&cropX1=132&cropX2=1189&cropY1=101&cropY2=1158,,,,,,,
549,Rahul Bhatia,Bhatia,rahul-bhatia-1,no-pic,0.0,63.0,Aviation,Service,M,India,1681550402483,,,3803.005,778.0,778.0,,,,,,,,
550,Rahul Gautam,Gautam,rahul-gautam,no-pic,0.0,70.0,Mattresses,Fashion & Retail,M,India,1681550402483,,,1058.904,2564.0,2564.0,,,,,,,,
551,Raj Kumar,Kumar,raj-kumar,raj-kumar,0.0,68.0,"Real estate, hotels",Real Estate,M,Singapore,1681550402483,,,1504.235,1984.0,1985.0,,,,,,,,
552,Raj Sardana,Sardana,raj-sardana,no-pic,0.0,63.0,Technology services,Technology,M,United States,1681550402483,GA,Georgia,2684.0,1184.0,1184.0,https://specials-images.forbesimg.com/imageserve/642b267eb88adb6d23bbf2c5/416x416.jpg?background=000000&cropX1=0&cropX2=2400&cropY1=163&cropY2=2563,,,,,,,
553,Rajan Mittal,Mittal,rajan-mittal,no-pic,0.0,63.0,Telecom,Telecom,M,India,1681550402482,,,3982.985,728.0,728.0,,,,,,,,
554,Rajan Raheja & family,Raheja,rajan-raheja,rajan-raheja,0.0,68.0,Diversified,Diversified,M,India,1681550402483,,,2426.414,1307.0,1307.0,//specials-images.forbesimg.com/imageserve/58a2210fa7ea431f32196fe6/416x416.jpg?background=000000&cropX1=3&cropX2=724&cropY1=169&cropY2=891,,,,,,,
555,Rajeev Juneja,Juneja,rajeev-juneja,no-pic,0.0,57.0,Phamaceuticals,Healthcare,M,India,1681550402483,,,1455.433,2062.0,2062.0,https://specials-images.forbesimg.com/imageserve/62461568f808eb5adebc62ef/416x416.jpg?background=000000&cropX1=0&cropX2=365&cropY1=5&cropY2=370,,,,,,,
556,Rajesh Sharma,Sharma,rajesh-sharma,no-pic,0.0,53.0,Finance,Finance & Investments,M,India,1681550402483,,,1035.375,2598.0,2598.0,,,,,,,,
557,Rajinder Gupta,Gupta,rajinder-gupta,no-pic,0.0,64.0,"Textiles, paper",Manufacturing,M,India,1681550402483,,,1427.061,2086.0,2086.0,https://specials-images.forbesimg.com/imageserve/61f0289ff6b80fb81846d1ec/416x416.jpg?background=000000&cropX1=0&cropX2=1206&cropY1=30&cropY2=1236,,,,,,,
558,Rajiv Bajaj,Bajaj,rajiv-bajaj,no-pic,0.0,56.0,Diversified,Diversified,M,India,1681550402483,,,3704.276,799.0,799.0,,,,,,,,
559,Rajiv Jain,Jain,rajiv-jain,no-pic,0.0,55.0,Finance,Finance & Investments,M,United States,1681550402483,FL,Florida,1978.794,1585.0,1585.0,https://specials-images.forbesimg.com/imageserve/642b32a7807669e540e1c15d/416x416.jpg?background=000000&cropX1=1080&cropX2=2463&cropY1=354&cropY2=1736,,,,,,,
560,Rajju Shroff,Shroff,rajju-shroff,no-pic,0.0,89.0,Agrochemicals,Manufacturing,M,India,1681550402483,,,1747.41,1768.0,1768.0,https://specials-images.forbesimg.com/imageserve/5f7b7588fd01e01e5885e95f/416x416.jpg?background=000000&cropX1=69&cropX2=454&cropY1=114&cropY2=499,,,,,,,
561,Rakesh Mittal,Mittal,rakesh-mittal,no-pic,0.0,67.0,Telecom,Telecom,M,India,1681550402482,,,3982.985,728.0,729.0,,,,,,,,
562,Ramesh Juneja,Juneja,ramesh-juneja-1,no-pic,0.0,67.0,Pharmaceuticals,Healthcare,M,India,1681550402483,,,1463.471,2043.0,2043.0,,,,,,,,
563,Rameshchandra Jain,Jain,rameshchandra-jain,no-pic,0.0,74.0,Textiles,Manufacturing,M,India,1681550402483,,,1376.04,2141.0,2141.0,,,,,,,,
564,Ramzi Musallam,Musallam,ramzi-musallam,no-pic,0.0,54.0,Private equity,Finance & Investments,M,United States,1681550402482,NY,New York,7893.0,282.0,282.0,https://specials-images.forbesimg.com/imageserve/615b166a9b77bd1cec6b1a5d/416x416.jpg?background=000000&cropX1=0&cropX2=1601&cropY1=185&cropY2=1787,,,,,,,
565,Randal Nardone,Nardone,randal-nardone,no-pic,-8.383,67.0,"Investments, energy",Finance & Investments,M,United States,1681550402483,NY,New York,1298.978,2232.0,2232.0,,,,,,,,
566,Rao Wei & family,Rao,rao-wei,no-pic,-30.602,58.0,Pharmaceuticals,Healthcare,M,China,1681550402483,,Guangdong,1166.25,2427.0,2427.0,,,,,,,,
567,Ravi Modi,Modi,ravi-modi,no-pic,0.0,46.0,Readymade garments,Fashion & Retail,M,India,1681550402483,,,3287.45,928.0,928.0,https://specials-images.forbesimg.com/imageserve/621501760c37e349ef2ce242/416x416.jpg?background=000000&cropX1=787&cropX2=1519&cropY1=544&cropY2=1277,,,,,,,
568,Réal Plourde,Plourde,real-plourde,no-pic,3.624,,Convenience stores,Fashion & Retail,M,Canada,1681550402483,,Quebec,1141.818,2455.0,2455.0,,,,,,,,
569,Reinold Geiger,Geiger,reinold-geiger,reinold-geiger,4.089,75.0,Beauty products,Fashion & Retail,M,Austria,1681550402483,,,1518.674,1972.0,1972.0,//specials-images.forbesimg.com/imageserve/5e741c9807adf00006db9df9/416x416.jpg?background=000000&cropX1=287&cropX2=563&cropY1=98&cropY2=374,,,,,,,
570,Rekha Jhunjhunwala,Jhunjhunwala,rekha-jhunjhunwala,no-pic-female,0.0,59.0,Investments,Finance & Investments,F,India,1681550402482,,,5338.429,513.0,513.0,https://specials-images.forbesimg.com/imageserve/6345c4f0c025434c3cd6631c/416x416.jpg?background=000000&cropX1=243&cropX2=1417&cropY1=0&cropY2=1174,,,,,,,
571,Renata Kellnerova & family,Kellnerova,renata-kellnerova,no-pic-female,-1.273,55.0,"Finance, telecommunications",Finance & Investments,F,Czech Republic,1681550402482,,,17070.27,103.0,103.0,,,,,,,,
572,Renu Munjal,Munjal,renu-munjal,no-pic-female,0.0,68.0,Two wheelers,Automotive,F,India,1681550402483,,,1056.524,2571.0,2571.0,,,,,,,,
573,R.G. Chandramogan,Chandramogan,rg-chandramogan,no-pic,0.0,74.0,Dairy,Food & Beverage,M,India,1681550402483,,,1691.429,1816.0,1816.0,//specials-images.forbesimg.com/imageserve/5a8f033d4bbe6f0fa82645d1/416x416.jpg?background=000000&cropX1=178&cropX2=3434&cropY1=600&cropY2=3859,,,,,,,
574,Riaz Valani,Valani,riaz-valani,no-pic,0.0,46.0,E-cigarettes ,Finance & Investments,M,United States,1681550402483,CA,California,1777.0,1739.0,1739.0,,,,,,,,
575,Richard Chang,Chang,richard-chang,richard-chang,13.591,76.0,"Real estate, electronics",Real Estate,M,Taiwan,1681550402483,,,1327.949,2199.0,2199.0,//specials-images.forbesimg.com/imageserve/139f1ffa4917e7932adae4f11adbc9d5/416x416.jpg?background=000000&cropX1=8&cropX2=744&cropY1=73&cropY2=809,,,,,,,
576,Richard Desmond,Desmond,richard-desmond,richard-desmond,0.0,71.0,Publishing,Media & Entertainment,M,United Kingdom,1681550402483,,,1220.243,2347.0,2347.0,//specials-images.forbesimg.com/imageserve/5e77f879d8e1ae0007b73924/416x416.jpg?background=000000&cropX1=1184&cropX2=3287&cropY1=12&cropY2=2117,,,,,,,
577,Richard Fortin,Fortin,richard-fortin,no-pic,5.49,74.0,Convinience stores,Fashion & Retail,M,Canada,1681550402483,,Quebec,1738.368,1777.0,1777.0,,,,,,,,
578,Richard Hayne,Hayne,richard-hayne,richard-hayne,-2.351,75.0,Urban Outfitters,Fashion & Retail,M,United States,1681550402483,PA,Pennsylvania,1204.393,2363.0,2363.0,//specials-images.forbesimg.com/imageserve/b741e71d3d0dfc959f5bb38b566cebd6/416x416.jpg?background=000000&cropX1=39&cropX2=712&cropY1=92&cropY2=766,,,,,,,
579,Richard Kurtz,Kurtz,richard-kurtz,no-pic,0.0,82.0,Real estate,Real Estate,M,United States,1681550402483,FL,Florida,1000.0,2644.0,2647.0,https://specials-images.forbesimg.com/imageserve/642b3306d31937d9a1deb16a/416x416.jpg?background=000000&cropX1=377&cropX2=1774&cropY1=39&cropY2=1435,,,,,,,
580,Richard Livingstone,Livingstone,richard-livingstone,no-pic,-1.932,58.0,Real estate,Real Estate,M,United Kingdom,1681550402482,,,4598.731,623.0,624.0,,,,,,,,
581,Richard Saghian,Saghian,richard-saghian,no-pic,0.0,41.0,Fast fashion,Fashion & Retail,M,United States,1681550402483,CA,California,2053.0,1533.0,1533.0,https://specials-images.forbesimg.com/imageserve/624617808401e733d6503f2b/416x416.jpg?background=000000&cropX1=0&cropX2=1996&cropY1=26&cropY2=2023,,,,,,,
582,Richard Uihlein,Uihlein,richard-uihlein,no-pic,0.0,77.0,Packaging materials,Manufacturing,M,United States,1681550402483,IL,Illinois,3808.848,775.0,776.0,,,,,,,,
583,Rick Cohen & family,Cohen & family,rick-cohen-family,no-pic,265.32,70.0,Warehouse automation,Technology,M,United States,1681550402482,NH,New Hampshire,13708.24,131.0,131.0,https://specials-images.forbesimg.com/imageserve/632cd1f8e06f3f48e97d2c34/416x416.jpg?background=000000&cropX1=1133&cropX2=2085&cropY1=255&cropY2=1207,,,,,,,
584,Rihanna,Rihanna,rihanna,rihanna,0.0,35.0,"Music, cosmetics",Fashion & Retail,F,Barbados,1681550402483,CA,California,1387.0,2124.0,2124.0,//specials-images.forbesimg.com/imageserve/5ed6604bdd5d320006caf816/416x416.jpg?background=000000&cropX1=697&cropX2=1566&cropY1=8&cropY2=878,,,,,,,
585,Robert Clark,Clark,robert-clark,no-pic,0.0,64.0,Construction,Construction & Engineering,M,United States,1681550402483,MO,Missouri,1631.1,1863.0,1863.0,https://specials-images.forbesimg.com/imageserve/627e6acbf00db40f51b036cc/416x416.jpg?background=000000&cropX1=456&cropX2=1516&cropY1=175&cropY2=1236,,,,,,,
586,Robert Faith,Faith,robert-faith,no-pic,0.0,59.0,Real estate management,Real Estate,M,United States,1681550402482,SC,South Carolina,5248.33,526.0,526.0,https://specials-images.forbesimg.com/imageserve/632cd2f970d274435a7d2c21/416x416.jpg?background=000000&cropX1=191&cropX2=648&cropY1=8&cropY2=465,,,,,,,
587,Robert Fisher,Fisher,robert-fisher,robert-fisher,-0.374,69.0,Gap,Fashion & Retail,M,United States,1681550402483,CA,California,1068.262,2550.0,2550.0,//specials-images.forbesimg.com/imageserve/5a8ee5d44bbe6f2652f636d5/416x416.jpg?background=000000&cropX1=560&cropX2=1285&cropY1=288&cropY2=1013,,,,,,,
588,Robert Friedland,Friedland,robert-friedland,robert-friedland,-21.36,72.0,Mining,Metals & Mining,M,United States,1681550402483,,,2894.426,1076.0,1076.0,https://specials-images.forbesimg.com/imageserve/6317625a06f37fe36ebcd8fe/416x416.jpg?background=000000&cropX1=805&cropX2=2279&cropY1=480&cropY2=1953,,,,,,,
589,Robert Hale Jr,Hale,robert-hale-jr,no-pic,0.0,56.0,Telecom,Telecom,M,United States,1681550402482,MA,Massachusetts,4958.0,569.0,569.0,,,,,,,,
590,Robert Knauf,Knauf,robert-knauf,no-pic,0.0,,building materials,Manufacturing,M,Germany,1681550402483,,,1001.989,2638.0,2638.0,,,,,,,,
591,Robert Langer,Langer,robert-langer,no-pic,-39.805,74.0,Biotech,Healthcare,M,United States,1681550402483,MA,Massachusetts,1813.278,1705.0,1705.0,https://specials-images.forbesimg.com/imageserve/5fb45e5305f341877321222b/416x416.jpg?background=000000&cropX1=1466&cropX2=5237&cropY1=0&cropY2=3768,,,,,,,
592,Robert Miller,Miller,robert-miller,robert-miller,0.0,89.0,Retail,Fashion & Retail,M,United Kingdom,1681550402483,,,1885.922,1646.0,1646.0,//specials-images.forbesimg.com/imageserve/5e77f8f7c7b02d000666e220/416x416.jpg?background=000000&cropX1=934&cropX2=3406&cropY1=441&cropY2=2915,,,,,,,
593,Robert Ng,Ng,robert-ng,no-pic,-1.314,71.0,Real estate,Real Estate,M,Singapore,1681550402482,,,7402.446,321.0,321.0,,,,,,,,
594,"Robert ""Woody"" Johnson",Johnson,robert-woody-johnson,no-pic,-2.484,76.0,"Johnson & Johnson, sports",Sports,M,United States,1681550402483,FL,Florida,3650.728,814.0,814.0,,,,,,,,
595,Rocco Basilico,Basilico,rocco-basilico-1,no-pic,29.933,33.0,Eyeglasses,Fashion & Retail,M,Italy,1681550402483,CA,California,3957.714,735.0,735.0,https://specials-images.forbesimg.com/imageserve/642b2f7be1a7be2823eb4792/416x416.jpg?background=000000&cropX1=265&cropX2=1424&cropY1=129&cropY2=1288,,,,,,,
596,Roger Wang,Wang,roger-wang,roger-wang,-22.311,74.0,Retail,Fashion & Retail,M,United States,1681550402483,,Jiangsu,2541.049,1247.0,1247.0,https://specials-images.forbesimg.com/imageserve/55faac1de4b0ffa7afe4aeac/416x416.jpg?background=000000&cropX1=0&cropX2=744&cropY1=16&cropY2=760,,,,,,,
597,Rohiqa Cyrus Mistry,Mistry,rohiqa-cyrus-mistry,no-pic-female,0.0,55.0,Diversified,Diversified,F,India,1681550402482,,,6892.999,360.0,360.0,,,,,,,,
598,Roman Avdeev,Avdeev,roman-avdeev,roman-avdeev,0.0,55.0,"Banking, development",Finance & Investments,M,Russia,1681550402483,,,1344.587,2178.0,2178.0,//specials-images.forbesimg.com/imageserve/5a80b12331358e4955ad2bcf/416x416.jpg?background=000000&cropX1=657&cropX2=2828&cropY1=92&cropY2=2265,,,,,,,
599,Roy Carroll II,Carroll,roy-carroll-ii,no-pic,0.0,60.0,Real estate,Real Estate,M,United States,1681550402483,NC,North Carolina,2929.76,1056.0,1056.0,,,,,,,,
600,Ruben Feffer,Feffer,ruben-feffer,no-pic,-19.368,,Pulp and paper,Manufacturing,M,Brazil,1681550402483,,,1078.535,2538.0,2538.0,,,,,,,,
601,Ruben Vardanyan & family,Vardanyan,ruben-vardanyan,no-pic,0.0,54.0,Investment banking,Finance & Investments,M,Armenia,1681550402483,,,1175.044,2418.0,2418.0,,,,,,,,
602,Rubens Menin Teixeira de Souza,Menin Teixeira de Souza,rubens-menin-teixeira-de-souza,no-pic,-5.676,67.0,"home building, banking",Diversified,M,Brazil,1681550402483,,,1340.818,2184.0,2184.0,//specials-images.forbesimg.com/imageserve/5e7438db07adf00006db9f90/416x416.jpg?background=000000&cropX1=183&cropX2=2793&cropY1=46&cropY2=2656,,,,,,,
603,Rubens Ometto Silveira Mello,Ometto Silveira Mello,rubens-ometto-silveira-mello,rubens-ometto-silveira-mello,4.447,73.0,"Sugar, ethanol",Energy,M,Brazil,1681550402483,,,1853.107,1678.0,1678.0,//specials-images.forbesimg.com/imageserve/5a7b99144bbe6f2652f4f1ec/416x416.jpg?background=000000&cropX1=2137&cropX2=5492&cropY1=24&cropY2=3377,,,,,,,
604,Ryan Breslow,Breslow,ryan-breslow,no-pic,0.0,28.0,E-commerce software,Technology,M,United States,1681550402483,FL,Florida,1100.0,2503.0,2505.0,https://specials-images.forbesimg.com/imageserve/62448daa890c47c150b1927f/416x416.jpg?background=000000&cropX1=0&cropX2=1925&cropY1=297&cropY2=2223,,,,,,,
605,Ryan Cohen,Cohen,ryan-cohen,no-pic,-0.545,37.0,Investments,Finance & Investments,M,Canada,1681550402483,FL,Florida,3390.834,891.0,891.0,https://specials-images.forbesimg.com/imageserve/6172ddde65b91ec9015adc7f/416x416.jpg?background=000000&cropX1=521&cropX2=1842&cropY1=175&cropY2=1496,,,,,,,
606,Saban Cemil Kazanci,Kazanci,saban-cemil-kazanci,no-pic,3.643,62.0,Energy,Energy,M,Turkey,1681550402483,,,2338.386,1358.0,1358.0,,,,,,,,
607,Safra Catz,Catz,safra-catz,safra-catz,1.809,61.0,Software,Technology,F,United States,1681550402483,CA,California,1678.475,1827.0,1827.0,//specials-images.forbesimg.com/imageserve/59f23ffc4bbe6f37dda12bca/416x416.jpg?background=000000&cropX1=1131&cropX2=3371&cropY1=428&cropY2=2667,,,,,,,
608,Said Gutseriev,Gutseriev,said-gutseriev,no-pic,0.0,34.0,"Retail, investments",Energy,M,Russia,1681550402483,,,1066.188,2555.0,2555.0,//specials-images.forbesimg.com/imageserve/5c71cd14a7ea431000434c1d/416x416.jpg?background=000000&cropX1=737&cropX2=3308&cropY1=29&cropY2=2599,,,,,,,
609,Sam Bankman-Fried,Bankman-Fried,sam-bankman-fried,no-pic,0.0,31.0,cryptocurrency exchange,Finance & Investments,M,United States,1681550402483,,,4.0,2654.0,2654.0,https://specials-images.forbesimg.com/imageserve/615b149110bfa4447ff49baa/416x416.jpg?background=000000&cropX1=41&cropX2=2398&cropY1=333&cropY2=2691,,,,,,,
610,Sam Hupert,Hupert,sam-hupert,no-pic,-9.182,68.0,Technology,Technology,M,Australia,1681550402483,,,1230.941,2330.0,2330.0,,,,,,,,
611,Sam Tarascio,Tarascio,sam-tarascio,sam-tarascio,-0.034,78.0,Real estate,Real Estate,M,Australia,1681550402483,,,1174.135,2420.0,2420.0,//specials-images.forbesimg.com/imageserve/5c6cb0494bbe6f3a74231cbe/416x416.jpg?background=000000&cropX1=380&cropX2=2718&cropY1=0&cropY2=2336,,,,,,,
612,Samuel Chen,Chen,samuel-chen,no-pic,-33.593,73.0,Investments,Finance & Investments,M,Taiwan,1681550402483,,,2308.84,1376.0,1376.0,,,,,,,,
613,Sanjay Agarwal,Agarwal,sanjay-agarwal,no-pic,0.0,52.0,Banking,Finance & Investments,M,India,1681550402483,,,1262.162,2285.0,2285.0,https://specials-images.forbesimg.com/imageserve/603d155ee1bade0139e7000c/416x416.jpg?background=000000&cropX1=119&cropX2=1036&cropY1=33&cropY2=951,,,,,,,
614,Sanjiv Bajaj,Bajaj,sanjiv-bajaj,no-pic,0.0,53.0,Diversified,Diversified,M,India,1681550402483,,,3704.276,799.0,800.0,,,,,,,,
615,Sara Blakely,Blakely,sara-blakely,sara-blakely,0.0,52.0,Spanx,Fashion & Retail,F,United States,1681550402483,GA,Georgia,1053.926,2573.0,2573.0,//specials-images.forbesimg.com/imageserve/5ceedf889736330008aa67c8/416x416.jpg?background=000000&cropX1=759&cropX2=2600&cropY1=472&cropY2=2314,,,,,,,
616,Saroj Rani Gupta,Gupta,saroj-rani-gupta,no-pic-female,0.0,72.0,Steel tubes,Manufacturing,F,India,1681550402483,,,1224.377,2340.0,2340.0,,,,,,,,
617,Sasson Dayan & family,Dayan,sasson-dayan,no-pic,0.0,83.0,Banking,Finance & Investments,M,Brazil,1681550402483,,,1510.28,1982.0,1982.0,,,,,,,,
618,Sathien Setthasit,Setthasit,sathien-setthasit,sathien-setthasit,0.0,68.0,Energy drinks,Food & Beverage,M,Thailand,1681550402483,,,1522.634,1969.0,1969.0,https://specials-images.forbesimg.com/imageserve/60d9f3e0e7651c6f086c2abf/416x416.jpg?background=000000&cropX1=962&cropX2=3320&cropY1=209&cropY2=2566,,,,,,,
619,Satish Reddy,Reddy,satish-reddy,no-pic,0.0,55.0,Pharmaceuticals,Healthcare,M,India,1681550402483,,,1431.195,2080.0,2080.0,,,,,,,,
620,Satyanarayan Nuwal,Nuwal,satyanarayan-nuwal-1,no-pic,0.0,70.0,Industrial explosives,Manufacturing,M,India,1681550402483,,,1855.526,1674.0,1674.0,https://specials-images.forbesimg.com/imageserve/6231f3400bf3ecf0f411ddb9/416x416.jpg?background=000000&cropX1=808&cropX2=2537&cropY1=610&cropY2=2340,,,,,,,
621,Scott Nuttall,Nuttall,scott-nuttall,no-pic,-1.818,50.0,Private equity,Finance & Investments,M,United States,1681550402483,NY,New York,1191.938,2395.0,2395.0,https://specials-images.forbesimg.com/imageserve/61966d280698c531342f4fd4/416x416.jpg?background=000000&cropX1=366&cropX2=2617&cropY1=97&cropY2=2347,,,,,,,
622,Scott Shleifer,Shleifer,scott-shleifer,scott-shleifer,0.0,45.0,Private equity,Finance & Investments,M,United States,1681550402483,NY,New York,3522.7,848.0,848.0,//specials-images.forbesimg.com/imageserve/5c9cfd2ca7ea43206f1395e7/416x416.jpg?background=000000&cropX1=119&cropX2=1072&cropY1=188&cropY2=1141,,,,,,,
623,Scott Watterson,Watterson,scott-watterson,no-pic,0.0,67.0,Fitness equipment,Technology,M,United States,1681550402483,UT,Utah,1574.45,1922.0,1922.0,https://specials-images.forbesimg.com/imageserve/614b5f37d16c7d2a9de0321a/416x416.jpg?background=000000&cropX1=0&cropX2=2726&cropY1=0&cropY2=2726,,,,,,,
624,Sebastian Glaser,Glaser,sebastian-glaser,no-pic,0.0,,Sensor technology,Technology,M,Germany,1681550402483,,,2897.702,1073.0,1073.0,,,,,,,,
625,Sehat Sutardja,Sutardja,sehat-sutardja,no-pic,-0.889,61.0,Semiconductors,Technology,M,United States,1681550402483,NV,Nevada,1130.848,2466.0,2466.0,,,,,,,,
626,Seifeddin Rustamov,Rustamov,seifeddin-rustamov,no-pic,0.0,60.0,Chemicals,Manufacturing,M,Russia,1681550402483,VA,Virginia,1253.491,2299.0,2299.0,,,,,,,,
627,Sekar Vembu,Vembu,sekar-vembu,no-pic,0.0,51.0,Business software,Technology,M,India,1681550402483,,,1591.302,1901.0,1901.0,,,,,,,,
628,Sergei Sudarikov,Sudarikov,sergei-sudarikov,no-pic,0.0,51.0,"Finance, development",Finance & Investments,M,Russia,1681550402483,,,1002.888,2636.0,2636.0,,,,,,,,
629,Sergey Dmitriev,Dmitriev,sergey-dmitriev,no-pic,0.0,57.0,Software,Technology,M,Cyprus,1681550402483,,,2508.0,1262.0,1262.0,,,,,,,,
630,Sergey Lomakin,Lomakin,sergey-lomakin,no-pic,0.0,49.0,Retail,Fashion & Retail,M,Russia,1681550402483,,,2094.366,1501.0,1501.0,,,,,,,,
631,Sergio Stevanato & family,Stevanato,sergio-stevanato,no-pic,-142.97,80.0,Medical packaging,Healthcare,M,Italy,1681550402482,,,6443.757,409.0,409.0,https://specials-images.forbesimg.com/imageserve/5f4ff56c92007ee297ba0c26/416x416.jpg?background=000000&cropX1=0&cropX2=915&cropY1=83&cropY2=999,,,,,,,
632,Shang Xiaobo & family,Shang,shang-xiaobo,no-pic,7.431,49.0,Manufacturing,Manufacturing,M,China,1681550402483,,Anhui,1598.577,1893.0,1893.0,,,,,,,,
633,Shao Jianxiong,Shao,shao-jianxiong,no-pic,110.16,,Photovoltaics,Energy,M,China,1681550402483,,Zhejiang,1752.341,1760.0,1760.0,,,,,,,,
634,Shapoor Mistry,Mistry,shapoor-mistry-1,no-pic,0.0,58.0,Diversified,Diversified,M,Ireland,1681550402482,,,6892.999,360.0,361.0,,,,,,,,
635,Sharon Azrieli,Azrieli,sharon-azrieli,no-pic-female,0.0,62.0,Real estate,Real Estate,F,Canada,1681550402483,,Quebec,1192.498,2392.0,2394.0,,,,,,,,
636,Shekhar Bajaj,Bajaj,shekhar-bajaj,no-pic,0.0,74.0,Diversified,Diversified,M,India,1681550402483,,,2736.71,1152.0,1154.0,,,,,,,,
637,Sheldon Lavin,Lavin,sheldon-lavin,no-pic,0.0,90.0,Meat processing,Food & Beverage,M,United States,1681550402483,IL,Illinois,3134.5,974.0,974.0,,,,,,,,
638,Shi Yifeng,Shi,shi-yifeng,no-pic,-22.51,49.0,Medical cosmetics,Healthcare,M,China,1681550402483,,Beijing,2166.12,1464.0,1464.0,,,,,,,,
639,Shilong Zhang & family,Zhang,shilong-zhang,no-pic,13.53,57.0,Semiconductor,Technology,M,China,1681550402483,,Beijing,2221.661,1421.0,1421.0,,,,,,,,
640,Shirley Kao,Kao,shirley-kao,no-pic-female,-7.591,66.0,Food & beverage retailing,Food & Beverage,F,Taiwan,1681550402483,,,1261.571,2286.0,2286.0,https://specials-images.forbesimg.com/imageserve/63a0cc0849b4b4d012f31903/416x416.jpg?background=000000&cropX1=392&cropX2=899&cropY1=200&cropY2=708,,,,,,,
641,Shiv Kishan Agrawal,Agrawal,shiv-kishan-agrawal,no-pic,0.0,82.0,Snacks,Food & Beverage,M,India,1681550402483,,,1465.277,2040.0,2040.0,,,,,,,,
642,Shlomo Kramer,Kramer,shlomo-kramer,no-pic,0.0,57.0,"Software, investments",Technology,M,Israel,1681550402483,,,2002.0,1564.0,1564.0,,,,,,,,
643,Shuifu Wang,Wang,shuifu-wang,no-pic,-44.813,68.0,Manufacturing,Manufacturing,M,China,1681550402483,,Zhejiang,1515.022,1975.0,1975.0,,,,,,,,
644,Shyam Bhartia,Bhartia,shyam-bhartia,no-pic,0.0,70.0,"Pharmaceuticals, food",Healthcare,M,India,1681550402483,,,1223.312,2343.0,2343.0,,,,,,,,
645,Simona Giorgetta,Giorgetta,simona-giorgetta,no-pic-female,0.0,45.0,Chemical products,Construction & Engineering,F,Italy,1681550402483,,,1311.645,2213.0,2213.0,,,,,,,,
646,Sjamsul Nursalim,Nursalim,sjamsul-nursalim,sjamsul-nursalim,25.124,81.0,"Tires, retail",Automotive,M,Indonesia,1681550402483,,,1080.76,2533.0,2533.0,https://specials-images.forbesimg.com/imageserve/61b1264227c4ce2a25d56fb6/416x416.jpg?background=000000&cropX1=306&cropX2=1296&cropY1=0&cropY2=989,,,,,,,
647,Soegiarto Adikoesoemo,Adikoesoemo,soegiarto-adikoesoemo,soegiarto-adikoesoemo,16.55,85.0,Chemicals,Logistics,M,Indonesia,1681550402483,,,1489.019,2018.0,2018.0,https://specials-images.forbesimg.com/imageserve/61b126ce2b09f25babd56fb4/416x416.jpg?background=000000&cropX1=163&cropX2=646&cropY1=100&cropY2=583,,,,,,,
648,Somsri Lamsam,Lamsam,somsri-lamsam,no-pic,0.0,,Diversified,Diversified,M,Thailand,1681550402483,,,1951.76,1602.0,1602.0,,,,,,,,
649,Somurai Jaruphnit,Jaruphnit,somurai-jaruphnit,no-pic-female,0.0,,Diversified,Diversified,F,Thailand,1681550402483,,,3903.02,753.0,753.0,,,,,,,,
650,Spiro Latsis & family,Latsis,spiro-latsis,spiro-latsis,3.318,76.0,"Banking, shipping",Diversified,M,Greece,1681550402483,,,1583.851,1908.0,1908.0,//specials-images.forbesimg.com/imageserve/56ca07f8e4b062f6b59a2de6/416x416.jpg?background=000000&cropX1=2&cropX2=703&cropY1=35&cropY2=736,,,,,,,
651,Stefan Pierer,Pierer,stefan-pierer,stefan-pierer,11.597,66.0,Automotive,Automotive,M,Austria,1681550402483,,,1561.9,1933.0,1933.0,//specials-images.forbesimg.com/imageserve/5a7c6e22a7ea43169012fdf4/416x416.jpg?background=000000&cropX1=139&cropX2=911&cropY1=117&cropY2=890,,,,,,,
652,Stefan Soloviev,Soloviev,stefan-soloviev,no-pic,0.0,47.0,Real estate,Real Estate,M,United States,1681550402483,NY,New York,2278.871,1385.0,1385.0,,,,,,,,
653,Stefan Wirtgen,Wirtgen,stefan-wirtgen,no-pic,0.0,52.0,Construction Vehicles,Construction & Engineering,M,Germany,1681550402483,,,2682.28,1186.0,1187.0,,,,,,,,
654,Stelios Haji-Ioannou,Haji-Ioannou,stelios-haji-ioannou,stelios-haji-ioannou,-0.563,56.0,EasyJet,Service,M,Cyprus,1681550402483,,,1057.521,2569.0,2569.0,//specials-images.forbesimg.com/imageserve/5e75873cc7b02d000666c33e/416x416.jpg?background=000000&cropX1=598&cropX2=1754&cropY1=820&cropY2=1975,,,,,,,
655,Stephan Schnabel,Schnabel,stephan-schnabel,no-pic,0.0,48.0,Chemicals,Manufacturing,M,Germany,1681550402483,,,1296.223,2236.0,2236.0,https://specials-images.forbesimg.com/imageserve/62461a2664b55a43ca42f667/416x416.jpg?background=000000&cropX1=85&cropX2=395&cropY1=0&cropY2=310,,,,,,,
656,Stéphane Bancel,Bancel,stephane-bancel,no-pic,-88.905,50.0,"Biotech, vaccines",Healthcare,M,France,1681550402482,MA,Massachusetts,4841.607,582.0,582.0,//specials-images.forbesimg.com/imageserve/5ea8930bc331c8000647d057/416x416.jpg?background=000000&cropX1=1959&cropX2=4539&cropY1=286&cropY2=2863,,,,,,,
657,Stephane Bonvin,Bonvin,stephane-bonvin,no-pic,-6.682,56.0,Real estate,Real Estate,M,Switzerland,1681550402483,,,1132.947,2463.0,2463.0,https://specials-images.forbesimg.com/imageserve/62461ad38c909b2414503f2b/416x416.jpg?background=000000&cropX1=545&cropX2=1466&cropY1=22&cropY2=943,,,,,,,
658,Stephen Butt & family,Butt,stephen-butt,no-pic,0.0,67.0,Supermarkets,Fashion & Retail,M,United States,1681550402483,,,1943.5,1609.0,1610.0,,,,,,,,
659,Stephen Deckoff,Deckoff,stephen-deckoff,no-pic,0.0,57.0,Private equity,Finance & Investments,M,United States,1681550402483,,U.S. Virgin Islands,2980.26,1031.0,1031.0,https://specials-images.forbesimg.com/imageserve/632e0d6bbffd29114444b11f/416x416.jpg?background=000000&cropX1=95&cropX2=785&cropY1=57&cropY2=747,,,,,,,
660,Steven Meng Yang & family,Yang,steven-meng-yang,no-pic,-4.699,40.0,Electronics,Technology,M,China,1681550402483,,Hunan,1831.382,1697.0,1697.0,,,,,,,,
661,Stewart Butterfield,Butterfield,stewart-butterfield,no-pic,1.929,50.0,Messaging software,Technology,M,Canada,1681550402483,CO,Colorado,1361.427,2156.0,2156.0,//specials-images.forbesimg.com/imageserve/5d9f4d1867dd830006a3215e/416x416.jpg?background=000000&cropX1=462&cropX2=2277&cropY1=490&cropY2=2306,,,,,,,
662,Stewart Resnick,Resnick,stewart-resnick,no-pic,0.0,86.0,Agriculture,Food & Beverage,M,United States,1681550402482,CA,California,5256.0,524.0,525.0,https://specials-images.forbesimg.com/imageserve/632e103b0aaac77b3cdd5384/416x416.jpg?background=000000&cropX1=612&cropX2=1742&cropY1=2420&cropY2=3551,,,,,,,
663,Su Qingcan,Su,su-qingcan,no-pic,6.831,54.0,Healthcare,Healthcare,M,China,1681550402483,,Fujian,3419.936,877.0,877.0,,,,,,,,
664,Suman Munjal,Munjal,suman-munjal,no-pic,0.0,70.0,Motorcycles,Automotive,M,India,1681550402483,,,1060.273,2560.0,2560.0,,,,,,,,
665,Summerfield Johnston Jr,Johnston,summerfield-johnston-jr,summerfield-johnston-jr,-1.76,90.0,Coca-Cola,Food & Beverage,M,United States,1681550402483,TN,Tennessee,1058.08,2567.0,2567.0,,,,,,,,
666,Sun Hongjun,Sun,sun-hongjun,no-pic,30.365,49.0,Semiconductors,Technology,M,China,1681550402483,,Shanghai,1300.84,2226.0,2226.0,,,,,,,,
667,Sun Weijie,Sun,sun-weijie-1,no-pic,-0.284,59.0,Oilfield equipment,Manufacturing,M,China,1681550402483,,Shandong,1045.371,2584.0,2584.0,,,,,,,,
668,Sunil Mittal,Mittal,sunil-mittal-1,no-pic,0.0,65.0,Telecom,Telecom,M,India,1681550402482,,,6092.347,430.0,430.0,,,,,,,,
669,Sunjay Kapur,Kapur,sunjay-kapur,no-pic,0.0,51.0,Auto parts,Automotive,M,United States,1681550402483,,,1092.77,2511.0,2511.0,https://specials-images.forbesimg.com/imageserve/61e9d9ba3e4ba79c42f8177a/416x416.jpg?background=000000&cropX1=137&cropX2=2008&cropY1=170&cropY2=2043,,,,,,,
670,Suresh Krishna,Krishna,suresh-krishna,no-pic,0.0,86.0,Auto parts,Automotive,M,India,1681550402483,,,1245.464,2305.0,2305.0,https://specials-images.forbesimg.com/imageserve/62165cc332842f97504b2488/416x416.jpg?background=000000&cropX1=0&cropX2=1080&cropY1=0&cropY2=1080,,,,,,,
671,Surjit Kumar Gupta,Gupta,surjit-kumar-gupta,no-pic,0.0,81.0,Electrical equipment,Manufacturing,M,India,1681550402483,,,1850.892,1680.0,1680.0,//specials-images.forbesimg.com/imageserve/5c709e694bbe6f65d4665b58/416x416.jpg?background=000000&cropX1=3&cropX2=218&cropY1=12&cropY2=227,,,,,,,
672,Susan Carol Holland,Holland,susan-carol-holland,no-pic-female,-50.392,66.0,Hearing aids,Manufacturing,F,Italy,1681550402483,,,3471.552,865.0,865.0,,,,,,,,
673,Sven Hagströmer,Hagströmer,sven-hagstromer,no-pic,8.599,79.0,Financial services,Finance & Investments,M,Sweden,1681550402483,,,1080.581,2534.0,2534.0,https://specials-images.forbesimg.com/imageserve/62461beb9d55ff8e47503f2c/416x416.jpg?background=000000&cropX1=0&cropX2=262&cropY1=0&cropY2=262,,,,,,,
674,Syed Mokhtar AlBukhary,AlBukhary,syed-mokhtar-albukhary,syed-mokhtar-albukhary,-3.618,71.0,"Engineering, automotive",Construction & Engineering,M,Malaysia,1681550402483,,,1606.427,1883.0,1883.0,//specials-images.forbesimg.com/imageserve/5e5fd978e1e617000758d5f3/416x416.jpg?background=000000&cropX1=304&cropX2=1210&cropY1=208&cropY2=1114,,,,,,,
675,Tadako Nakatani,Nakatani,tadako-nakatani,no-pic-female,24.713,,Medical diagnostic equipment,Healthcare,F,Japan,1681550402483,,,1424.047,2091.0,2091.0,,,,,,,,
676,Tan Lili,Tan,tan-lili,no-pic-female,-12.256,,Feed,Food & Beverage,F,China,1681550402483,,Guangdong,1349.05,2169.0,2169.0,,,,,,,,
677,Tan Yu Yeh,Tan,tan-yu-yeh,no-pic,-5.922,52.0,Retail,Fashion & Retail,M,Malaysia,1681550402483,,,1084.157,2522.0,2522.0,,,,,,,,
678,Tang Aoqi & family,Tang,tang-aoqi,no-pic,12.652,78.0,Auto parts,Automotive,M,China,1681550402483,,Jiangsu,1110.451,2490.0,2490.0,,,,,,,,
679,Tang Binsen,Tang,tang-binsen,no-pic,0.0,40.0,Beverages,Food & Beverage,M,China,1681550402483,,Beijing,1500.0,1997.0,2003.0,,,,,,,,
680,Tang Rui,Tang,tang-rui,no-pic,0.0,,Semiconductors,Technology,M,China,1681550402483,,Shanghai,1500.0,1997.0,2004.0,,,,,,,,
681,Tang Xiao'ou,Tang,tang-xiaoou,no-pic,8.798,55.0,Software,Technology,M,Hong Kong,1681550402483,,,2577.881,1232.0,1232.0,https://specials-images.forbesimg.com/imageserve/620d2bac1a785fad5adcaff2/416x416.jpg?background=000000&cropX1=0&cropX2=1735&cropY1=268&cropY2=2005,,,,,,,
682,Tanya Saadé Zeenny,Saadé Zeenny,tanya-saade-zeenny,no-pic-female,0.0,55.0,Shipping,Logistics,F,France,1681550402482,,,9826.544,196.0,198.0,,,,,,,,
683,Tao Cheng,Tao,tao-cheng,no-pic,32.298,48.0,Manufacturing ,Manufacturing,M,China,1681550402483,,,1092.639,2512.0,2512.0,,,,,,,,
684,Tench Coxe,Coxe,tench-coxe,no-pic,16.032,65.0,Venture capital,Finance & Investments,M,United States,1681550402483,CA,California,1803.916,1714.0,1714.0,,,,,,,,
685,Thomas von Koch,von Koch,thomas-von-koch,no-pic,26.688,57.0,Asset management,Finance & Investments,M,Sweden,1681550402483,,,1194.484,2386.0,2386.0,,,,,,,,
686,Thongma Vijitpongpun,Vijitpongpun,thongma-vijitpongpun,thongma-vijitpongpun,0.0,65.0,Real estate,Real Estate,M,Thailand,1681550402483,,,1187.464,2399.0,2399.0,//specials-images.forbesimg.com/imageserve/5af9bd6031358e612fb8f036/416x416.jpg?background=000000&cropX1=130&cropX2=760&cropY1=258&cropY2=887,,,,,,,
687,Tianqiao Chen,Chen,tianqiao-chen,tianqiao-chen,-2.127,49.0,Online games,Technology,M,China,1681550402483,CA,California,1013.198,2629.0,2629.0,//specials-images.forbesimg.com/imageserve/5e74f5d12a573300068fdc94/416x416.jpg?background=000000&cropX1=1469&cropX2=2338&cropY1=611&cropY2=1479,,,,,,,
688,Tiger Woods,Woods,tiger-woods,tiger-woods,0.0,47.0,Golf,Sports,M,United States,1681550402483,FL,Florida,1067.0,2554.0,2554.0,https://specials-images.forbesimg.com/imageserve/627bed95471ba72af4c88a13/416x416.jpg?background=000000&cropX1=1467&cropX2=2459&cropY1=128&cropY2=1119,,,,,,,
689,Tim Cook,Cook,tim-cook,tim-cook,-1.171,62.0,Apple,Technology,M,United States,1681550402483,CA,California,1847.808,1684.0,1684.0,,,,,,,,
690,Timm Oberwelland,Oberwelland,timm-oberwelland,no-pic,0.0,,Candy,Food & Beverage,M,Germany,1681550402483,,,2819.266,1113.0,1113.0,,,,,,,,
691,Timothy Dunn & family,Dunn,timothy-dunn,no-pic,0.0,67.0,Energy,Energy,M,United States,1681550402483,TX,Texas,1284.0,2256.0,2256.0,,,,,,,,
692,Timothy Springer,Springer,timothy-springer,no-pic,-54.608,75.0,Biotech,Healthcare,M,United States,1681550402483,MA,Massachusetts,2281.121,1384.0,1384.0,https://specials-images.forbesimg.com/imageserve/6063bff2da160c7d05790c50/416x416.jpg?background=000000&cropX1=425&cropX2=3067&cropY1=0&cropY2=2643,,,,,,,
693,Timur Turlov,Turlov,timur-turlov,no-pic,-25.443,35.0,Stock brokerage,Finance & Investments,M,Kazakhstan,1681550402483,,,3184.73,957.0,957.0,https://specials-images.forbesimg.com/imageserve/61152cdd55eb0bfda1c8d58a/416x416.jpg?background=000000&cropX1=659&cropX2=1568&cropY1=81&cropY2=991,,,,,,,
694,Tingdong Yang,Yang,tingdong-yang,no-pic,-8.762,62.0,Brewery,Food & Beverage,M,China,1681550402483,,Jiangsu,1469.35,2038.0,2038.0,//specials-images.forbesimg.com/imageserve/5c6f2064a7ea431000431998/416x416.jpg?background=000000&cropX1=335&cropX2=2336&cropY1=190&cropY2=2192,,,,,,,
695,Todd Boehly,Boehly,todd-boehly,no-pic,0.0,49.0,Finance,Finance & Investments,M,United States,1681550402482,CT,Connecticut,5337.024,514.0,514.0,https://specials-images.forbesimg.com/imageserve/6241bde084706ec354bb0673/416x416.jpg?background=000000&cropX1=984&cropX2=3742&cropY1=96&cropY2=2852,,,,,,,
696,Tom Ford,Ford,tom-ford-1,no-pic,0.0,61.0,Fashion,Fashion & Retail,M,United States,1681550402483,CA,California,2224.0,1415.0,1415.0,https://specials-images.forbesimg.com/imageserve/642b3388641e50b0dfdeb166/416x416.jpg?background=000000&cropX1=0&cropX2=1535&cropY1=72&cropY2=1608,,,,,,,
697,Tom Werner,Werner,tom-werner-1,no-pic,0.0,73.0,Sports teams,Sports,M,United States,1681550402483,CA,California,1723.2,1790.0,1790.0,https://specials-images.forbesimg.com/imageserve/62448edf1c86e6cb5831a3b8/416x416.jpg?background=000000&cropX1=1150&cropX2=2332&cropY1=69&cropY2=1250,,,,,,,
698,Tope Awotona,Awotona,tope-awotona,no-pic,0.0,41.0,Software,Technology,M,United States,1681550402483,GA,Georgia,1200.0,2371.0,2375.0,https://specials-images.forbesimg.com/imageserve/62449077d0f3d5647c31a3b8/416x416.jpg?background=000000&cropX1=0&cropX2=1677&cropY1=262&cropY2=1941,,,,,,,
699,Toto Wolff,Wolff,toto-wolff,no-pic,0.598,51.0,Sports,Sports,M,Austria,1681550402483,,,1048.754,2579.0,2579.0,https://specials-images.forbesimg.com/imageserve/642c344503d1b87a1be1c15b/416x416.jpg?background=000000&cropX1=1035&cropX2=2344&cropY1=146&cropY2=1455,,,,,,,
700,Tran Dinh Long,Tran Dinh,tran-dinh-long,no-pic,17.658,62.0,Steel,Manufacturing,M,Vietnam,1681550402483,,,1750.314,1765.0,1765.0,,,,,,,,
701,Travis Boersma,Boersma,travis-boersma,no-pic,-23.948,52.0,Coffee,Food & Beverage,M,United States,1681550402483,OR,Oregon,2146.409,1477.0,1477.0,https://specials-images.forbesimg.com/imageserve/61eecba2254eff31bc4cef6b/416x416.jpg?background=000000&cropX1=593&cropX2=1351&cropY1=224&cropY2=983,,,,,,,
702,Trudy Cathy White,Cathy White,trudy-cathy-white,no-pic-female,0.0,67.0,Chick-fil-A,Food & Beverage,F,United States,1681550402482,GA,Georgia,6628.0,396.0,398.0,,,,,,,,
703,Tsai Ming-kai,Tsai,tsai-ming-kai,tsai-ming-kai,-5.377,73.0,Semiconductors,Technology,M,Taiwan,1681550402483,,,2401.789,1323.0,1323.0,https://specials-images.forbesimg.com/imageserve/6091c61237664457e5a65df5/416x416.jpg?background=000000&cropX1=4&cropX2=318&cropY1=0&cropY2=314,,,,,,,
704,Tsao Ter-fung,Tsao,tsao-ter-fung,no-pic,-0.441,76.0,Food,Food & Beverage,M,Taiwan,1681550402483,,,1139.962,2457.0,2457.0,https://specials-images.forbesimg.com/imageserve/6050f48ca1ab099ed6e290cc/416x416.jpg?background=000000&cropX1=0&cropX2=800&cropY1=0&cropY2=800,,,,,,,
705,Tseng Sing-ai,Tseng,tseng-sing-ai,no-pic-female,0.0,,Petrochemicals,Manufacturing,F,Taiwan,1681550402483,,,1639.575,1856.0,1856.0,,,,,,,,
706,Tung Ching Sai,Tung,tung-ching-sai,no-pic,38.478,58.0,Manufacturing ,Manufacturing,M,China,1681550402483,,Guangdong,1193.571,2390.0,2390.0,,,,,,,,
707,Tyler Perry,Perry,tyler-perry,tyler-perry,0.0,53.0,"Movies, television",Media & Entertainment,M,United States,1681550402483,GA,Georgia,1001.0,2640.0,2640.0,//specials-images.forbesimg.com/imageserve/5ecc520236d6f40008dcdd7d/416x416.jpg?background=000000&cropX1=622&cropX2=3127&cropY1=5&cropY2=2509,,,,,,,
708,Tyler Winklevoss,Winklevoss,tyler-winklevoss,no-pic,0.0,41.0,Cryptocurrency,Finance & Investments,M,United States,1681550402483,NY,New York,1458.231,2060.0,2060.0,https://specials-images.forbesimg.com/imageserve/60637fc2b4b5991e325d5b97/416x416.jpg?background=000000&cropX1=151&cropX2=709&cropY1=67&cropY2=625,,,,,,,
709,Udo Tschira,Tschira,udo-tschira,no-pic,0.0,53.0,Software,Technology,M,Germany,1681550402483,,,3299.823,923.0,924.0,,,,,,,,
710,Ugur Sahin,Sahin,ugur-sahin,no-pic,0.391,57.0,Biotechnology,Healthcare,M,Germany,1681550402482,,,5097.153,553.0,553.0,https://specials-images.forbesimg.com/imageserve/5faaad52aa84d3f884e5b879/416x416.jpg?background=000000&cropX1=765&cropX2=3079&cropY1=689&cropY2=3002,,,,,,,
711,Ulrich Mommert & family,Mommert,ulrich-mommert,no-pic,0.0,82.0,Lighting,Automotive,M,Austria,1681550402483,,,1215.201,2351.0,2351.0,,,,,,,,
712,Ulrike Baro,Baro,ulrike-baro,no-pic-female,-6.216,,Biopharmaceuticals,Healthcare,F,Germany,1681550402483,,,2773.921,1133.0,1133.0,,,,,,,,
713,Ulrike Meister,Meister,ulrike-meister,no-pic-female,3.983,56.0,Appliances,Manufacturing,F,Germany,1681550402483,,,1194.34,2387.0,2387.0,,,,,,,,
714,V. Prem Watsa,Watsa,v-prem-watsa,v-prem-watsa,96.626,72.0,"Insurance, investments",Finance & Investments,M,Canada,1681550402483,,Ontario,1112.718,2488.0,2488.0,//specials-images.forbesimg.com/imageserve/5c6daf1731358e35dd26a412/416x416.jpg?background=000000&cropX1=986&cropX2=2987&cropY1=0&cropY2=2000,,,,,,,
715,Vadim Novinsky,Novinsky,vadim-novinsky,vadim-novinsky,-6.42,59.0,Steel,Metals & Mining,M,Ukraine,1681550402483,,,1383.703,2129.0,2129.0,//specials-images.forbesimg.com/imageserve/5c7266e44bbe6f51818abcba/416x416.jpg?background=000000&cropX1=192&cropX2=2252&cropY1=27&cropY2=2087,,,,,,,
716,Valentin Kipyatkov,Kipyatkov,valentin-kipyatkov,no-pic,0.0,46.0,Software,Technology,M,Cyprus,1681550402483,,,1792.0,1727.0,1727.0,,,,,,,,
717,Venu Srinivasan,Srinivasan,venu-srinivasan-1,no-pic,0.0,70.0,Two-wheelers,Automotive,M,India,1681550402483,,,2230.833,1409.0,1409.0,https://specials-images.forbesimg.com/imageserve/6206b0dceadff53dd4d9ed04/416x416.jpg?background=000000&cropX1=48&cropX2=1595&cropY1=0&cropY2=1546,,,,,,,
718,Vera Rechulski Santo Domingo,Rechulski Santo Domingo,vera-rechulski-santo-domingo,no-pic-female,2.329,74.0,Beer,Food & Beverage,F,Brazil,1681550402483,,,1101.038,2500.0,2500.0,,,,,,,,
719,Veronica Squinzi,Squinzi,veronica-squinzi,no-pic-female,0.0,51.0,Chemical products,Construction & Engineering,F,Italy,1681550402483,,,1235.246,2322.0,2323.0,,,,,,,,
720,Vicky Safra & family,Safra,vicky-safra,no-pic-female,0.0,70.0,Banking,Finance & Investments,F,Brazil,1681550402482,,,17170.749,102.0,102.0,,,,,,,,
721,Vinod Adani,Adani,vinod-adani,no-pic,0.0,74.0,"Infrastructure, commodities",Diversified,M,Cyprus,1681550402482,,,10052.464,189.0,189.0,,,,,,,,
722,Vinod Saraf,Saraf,vinod-saraf,no-pic,0.0,70.0,Chemicals,Manufacturing,M,India,1681550402483,,,1922.975,1624.0,1624.0,https://specials-images.forbesimg.com/imageserve/5f7b7155a2e7e6ce8c99bc10/416x416.jpg?background=000000&cropX1=265&cropX2=631&cropY1=72&cropY2=438,,,,,,,
723,Vitaly Orlov,Orlov,vitaly-orlov,no-pic,0.0,58.0,Fisheries,Food & Beverage,M,Russia,1681550402483,,,1200.657,2370.0,2370.0,,,,,,,,
724,Vivek Jain,Jain,vivek-jain,no-pic,0.0,67.0,Chemicals,Manufacturing,M,India,1681550402483,,,2821.879,1112.0,1112.0,https://specials-images.forbesimg.com/imageserve/63481468607e9c9680de06ab/416x416.jpg?background=000000&cropX1=194&cropX2=655&cropY1=77&cropY2=538,,,,,,,
725,Vladimir Litvinenko & family,Litvinenko,vladimir-litvinenko,no-pic,0.0,67.0,Chemical industry,Manufacturing,M,Russia,1681550402483,,,3070.704,995.0,995.0,,,,,,,,
726,Vyacheslav Kim,Kim,vyacheslav-kim,no-pic,-48.881,53.0,Fintech ,Finance & Investments,M,Kazakhstan,1681550402483,,,3408.514,883.0,883.0,,,,,,,,
727,Walter Frey,Frey,walter-frey,walter-frey,0.0,79.0,Car dealerships,Automotive,M,Switzerland,1681550402483,,,3443.739,873.0,873.0,,,,,,,,
728,Wang Fuji,Wang,wang-fuji,no-pic,-2.714,,Pharmaceuticals,Healthcare,M,China,1681550402483,,Fujian,1118.544,2481.0,2481.0,,,,,,,,
729,Wang Han,Wang,wang-han,no-pic,5.439,35.0,Airline,Diversified,M,China,1681550402483,,Shanghai,1179.656,2410.0,2410.0,,,,,,,,
730,Wang Jian,Wang,wang-jian-1,wang-jian-1,0.144,69.0,healthcare services,Technology,M,China,1681550402483,,Guangdong,1079.038,2537.0,2537.0,//specials-images.forbesimg.com/imageserve/5c6f09eca7ea4310004315d1/416x416.jpg?background=000000&cropX1=1277&cropX2=4153&cropY1=6&cropY2=2880,,,,,,,
731,Wang Jianguo,Wang,wang-jianguo-1,no-pic,4.896,63.0,Retail,Fashion & Retail,M,China,1681550402483,,Jiangsu,1203.884,2366.0,2366.0,,,,,,,,
732,Wang Junlin,Wang,wang-junlin,no-pic,0.0,60.0,Liquor,Food & Beverage,M,China,1681550402483,,Sichuan,3681.392,806.0,806.0,,,,,,,,
733,Wang Junshi & family,Wang,wang-junshi,no-pic,-11.818,74.0,Solar inverters,Manufacturing,M,China,1681550402483,,Zhejiang,3632.741,820.0,820.0,,,,,,,,
734,Wang Mingwang,Wang,wang-mingwang,no-pic,17.688,55.0,Electronics components,Manufacturing,M,China,1681550402483,,Guangdong,1270.247,2276.0,2276.0,,,,,,,,
735,Wang Minwen,Wang,wang-minwen,no-pic,103.914,59.0,Semiconductor,Technology,M,China,1681550402483,,Beijing,1966.699,1593.0,1593.0,,,,,,,,
736,Wang Shih-Chung,Wang,wang-shih-chung,no-pic,11.269,61.0,Pneumatic equipments,Manufacturing,M,Taiwan,1681550402483,,,1372.423,2146.0,2146.0,,,,,,,,
737,Wang Xiaoshen,Wang,wang-xiaoshen,no-pic,66.21,54.0,Lithium,Manufacturing,M,China,1681550402483,,Xinjiang,1229.044,2334.0,2334.0,,,,,,,,
738,Wang Zelong,Wang,wang-zelong,no-pic,52.751,26.0,Chemicals,Metals & Mining,M,China,1681550402483,,Henan,1396.838,2113.0,2113.0,,,,,,,,
739,Wang Zhenghua,Wang,wang-zhenghua,wang-zhenghua,-44.711,78.0,Budget airline,Service,M,China,1681550402483,,Shanghai,2262.735,1389.0,1389.0,//specials-images.forbesimg.com/imageserve/5c6f1f60a7ea431000431960/416x416.jpg?background=000000&cropX1=574&cropX2=1888&cropY1=20&cropY2=1333,,,,,,,
740,Wayne Rothbaum,Rothbaum,wayne-rothbaum,no-pic,-3.598,55.0,Biotech investing,Healthcare,M,United States,1681550402483,FL,Florida,2702.044,1173.0,1173.0,,,,,,,,
741,Wei Lidong & family,Wei,wei-lidong,no-pic,12.266,47.0,Software,Technology,M,China,1681550402483,,Shanghai,1856.362,1673.0,1673.0,,,,,,,,
742,Weijian Shan,Shan,weijian-shan,no-pic,0.0,69.0,private equity,Finance & Investments,M,Hong Kong,1681550402483,,,1000.0,2644.0,2648.0,,,,,,,,
743,Weili Dai,Dai,weili-dai,weili-dai,-0.602,61.0,Semiconductors,Technology,F,United States,1681550402483,NV,Nevada,1100.324,2502.0,2502.0,https://specials-images.forbesimg.com/imageserve/5f7795846ea7a40aa16a3686/416x416.jpg?background=000000&cropX1=738&cropX2=2200&cropY1=0&cropY2=1462,,,,,,,
744,Weng Xianding,Weng,weng-xianding,no-pic,-39.846,61.0,Medical devices,Healthcare,M,China,1681550402483,,Guangdong,1525.005,1965.0,1965.0,,,,,,,,
745,Werner O. Weber,Weber,werner-o-weber,no-pic,4.919,84.0,Electronic components,Manufacturing,M,Switzerland,1681550402483,,,1457.882,2061.0,2061.0,,,,,,,,
746,Wijono Tanoko,Tanoko,wijono-tanoko,no-pic,0.0,70.0,Paints,Manufacturing,M,Indonesia,1681550402483,,,1016.345,2623.0,2623.0,https://specials-images.forbesimg.com/imageserve/6411c5ef60ef7dcca69888c2/416x416.jpg?background=000000&cropX1=551&cropX2=1125&cropY1=821&cropY2=1395,,,,,,,
747,Will Adderley,Adderley,will-adderley,no-pic,21.545,51.0,Home furnishings,Fashion & Retail,M,United Kingdom,1681550402483,,,1739.564,1774.0,1774.0,,,,,,,,
748,William Boyd & family,Boyd,william-boyd,no-pic,10.917,91.0,"Casinos, banking",Gambling & Casinos,M,United States,1681550402483,NV,Nevada,2154.167,1471.0,1471.0,https://specials-images.forbesimg.com/imageserve/620bc515bc7a6c2b688590b4/416x416.jpg?background=000000&cropX1=362&cropX2=2092&cropY1=86&cropY2=1816,,,,,,,
749,William Foley II,Foley,william-foley-ii,no-pic,-6.229,78.0,Financial services,Finance & Investments,M,United States,1681550402483,NV,Nevada,1584.064,1906.0,1906.0,,,,,,,,
750,William Franke,Franke,william-franke,no-pic,-20.851,86.0,Low-cost airlines,Diversified,M,United States,1681550402483,TX,Texas,1908.887,1631.0,1631.0,https://specials-images.forbesimg.com/imageserve/62446aa0f98fefa9bd4ab6ab/416x416.jpg?background=000000&cropX1=0&cropX2=802&cropY1=0&cropY2=802,,,,,,,
751,William Heinecke,Heinecke,william-heinecke,william-heinecke,0.0,73.0,Hotels,Real Estate,M,Thailand,1681550402483,,,1631.193,1862.0,1862.0,https://specials-images.forbesimg.com/imageserve/5e780fe0c7b02d000666e373/416x416.jpg?background=000000&cropX1=65&cropX2=861&cropY1=149&cropY2=945,,,,,,,
752,William Li,Li,william-li,no-pic,25.279,48.0,Electric vehicles,Automotive,M,China,1681550402483,,Beijing,1496.449,2013.0,2013.0,//specials-images.forbesimg.com/imageserve/5a86c00e31358e4955ad9b06/416x416.jpg?background=000000&cropX1=446&cropX2=2439&cropY1=9&cropY2=2000,,,,,,,
753,William MacMillan,MacMillan,william-macmillan,no-pic,0.0,68.0,Cargill,Food & Beverage,M,United States,1681550402483,CO,Colorado,1239.732,2312.0,2315.0,,,,,,,,
754,William Teh Lee Pang,Pang,william-teh-lee-pang,no-pic,0.0,,Banking,Finance & Investments,M,Malaysia,1681550402483,,,1329.322,2194.0,2197.0,,,,,,,,
755,Willis Johnson,Johnson,willis-johnson,no-pic,11.618,75.0,Damaged cars,Automotive,M,United States,1681550402483,TN,Tennessee,2431.899,1303.0,1303.0,https://specials-images.forbesimg.com/imageserve/5fb52b8651290292eff9b3a4/416x416.jpg?background=000000&cropX1=1641&cropX2=3326&cropY1=237&cropY2=1921,,,,,,,
756,Wu Chaoqun,Wu,wu-chaoqun,no-pic,12.935,53.0,Chemicals,Manufacturing,M,China,1681550402483,,Sichuan,1333.92,2189.0,2189.0,,,,,,,,
757,Wu Li-gann,Wu,wu-li-gann,no-pic,-9.005,82.0,Electronic components,Manufacturing,M,Taiwan,1681550402483,,,1481.887,2025.0,2025.0,https://specials-images.forbesimg.com/imageserve/63a0cf3319ae5f47238ceb60/416x416.jpg?background=000000&cropX1=539&cropX2=1152&cropY1=240&cropY2=853,,,,,,,
758,Wu Xiangdong,Wu,wu-xiangdong,no-pic,-7.31,54.0,Consumer ,Food & Beverage,M,China,1681550402483,,,1013.634,2628.0,2628.0,,,,,,,,
759,Wu Xiaoge,Wu,wu-xiaoge,no-pic-female,34.006,50.0,Battery components ,Manufacturing,F,China,1681550402483,,Sichuan,1253.595,2298.0,2298.0,,,,,,,,
760,Wu Ying,Wu,wu-ying,no-pic,6.929,58.0,Materials,Manufacturing,M,China,1681550402483,,Shaanxi,1737.867,1779.0,1779.0,,,,,,,,
761,Wu Yingming,Wu,wu-yingming,no-pic,34.093,56.0,Batteries,Energy,M,China,1681550402483,,Fujian,1772.995,1741.0,1741.0,,,,,,,,
762,Wu Yonghua,Wu,wu-yonghua,no-pic,22.884,52.0,Apparel,Fashion & Retail,M,China,1681550402483,,Fujian,1274.51,2272.0,2272.0,,,,,,,,
763,Xia Zuoquan,Xia,xia-zuoquan,xia-zuoquan,38.942,61.0,"Automobiles, batteries",Automotive,M,China,1681550402483,,Guangdong,3653.543,811.0,811.0,//specials-images.forbesimg.com/imageserve/43cf0251db56b4feefcd4ddd877d09ed/416x416.jpg?background=000000&cropX1=3&cropX2=744&cropY1=31&cropY2=772,,,,,,,
764,Xiao Yongming & family,Xiao,xiao-yongming,no-pic,39.569,58.0,Fertilizer,Diversified,M,China,1681550402483,,Beijing,3339.177,912.0,912.0,,,,,,,,
765,Xie Bingkun & family,Xie,xie-bingkun,no-pic,16.958,56.0,Pearlescent pigments,Fashion & Retail,M,China,1681550402483,,Fujian,2189.293,1447.0,1447.0,,,,,,,,
766,Xie Bingzheng & family,Xie,xie-bingzheng,no-pic,-17.287,54.0,Apparel,Fashion & Retail,M,China,1681550402483,,Guangdong,1014.871,2625.0,2625.0,,,,,,,,
767,Xie Weitong,Xie,xie-weitong,no-pic,0.0,66.0,Cobalt,Metals & Mining,M,Taiwan,1681550402483,,,2542.882,1246.0,1246.0,,,,,,,,
768,Xinghai Zhang & family,Zhang,xinghai-zhang,no-pic,20.935,60.0,Machinery,Manufacturing,M,China,1681550402483,,Chongqing,1301.623,2224.0,2224.0,//specials-images.forbesimg.com/imageserve/5a7d23ac4bbe6f2652f51271/416x416.jpg?background=000000&cropX1=4&cropX2=1645&cropY1=43&cropY2=1684,,,,,,,
769,Xingjiang Gao,Gao,xingjiang-gao,no-pic,174.09,59.0,Steel,Manufacturing,M,China,1681550402483,,Zhejiang,2201.931,1435.0,1435.0,,,,,,,,
770,Xiong Xiaochuan,Xiong,xiong-xiaochuan,no-pic,90.607,57.0,Medical devices,Healthcare,M,China,1681550402483,,Guangdong,1350.177,2168.0,2168.0,,,,,,,,
771,Xiuguo Tang,Tang,xiuguo-tang,xiuguo-tang,-0.192,59.0,Manufacturing,Manufacturing,M,China,1681550402483,,Hunan,1196.061,2382.0,2382.0,,,,,,,,
772,Xu Bingzhong,Xu,xu-bingzhong,no-pic,-26.325,49.0,Bars,Food & Beverage,M,China,1681550402483,,Guangdong,1298.729,2233.0,2233.0,,,,,,,,
773,Xu Guozhong & family,Xu,xu-guozhong,no-pic,-5.708,59.0,Motors,Manufacturing,M,China,1681550402483,,Jiangsu,1300.768,2227.0,2227.0,,,,,,,,
774,Xu Jiangnan,Xu,xu-jiangnan,no-pic,0.0,61.0,Vitamins ,Healthcare,M,China,1681550402483,,Jiangxi,1204.092,2365.0,2365.0,,,,,,,,
775,Xu Jin,Xu,xu-jin,no-pic,-23.596,58.0,Wine,Food & Beverage,M,China,1681550402483,,Anhui,1038.302,2592.0,2592.0,,,,,,,,
776,Xu Jinfu,Xu,xu-jinfu,no-pic,87.378,59.0,Chemicals,Manufacturing,M,China,1681550402482,,Guangdong,4486.947,635.0,635.0,,,,,,,,
777,Xu Shaochun,Xu,xu-shaochun,no-pic,19.563,60.0,Software,Technology,M,China,1681550402483,,Guangdong,1258.886,2294.0,2294.0,,,,,,,,
778,Xu Shijun & family,Xu,xu-shijun,no-pic,-20.923,60.0,Manufacturing,Manufacturing,M,China,1681550402483,,Jiangsu,1170.038,2424.0,2424.0,,,,,,,,
779,Xu Yuejuan,Xu,xu-yuejuan,no-pic-female,-17.336,61.0,Petro Fibre,Manufacturing,F,China,1681550402483,,Zhejiang,1412.566,2101.0,2101.0,,,,,,,,
780,Xu Zhenhua,Xu,xu-zhenhua,no-pic,0.0,,Online games,Media & Entertainment,M,China,1681550402483,,Shanghai,1500.0,1997.0,2006.0,,,,,,,,
781,Xu Ziquan & family,Xu,xu-ziquan,no-pic,-12.242,64.0,software,Technology,M,China,1681550402483,,Beijing,1037.445,2594.0,2594.0,,,,,,,,
782,Xue Jiping,Xue,xue-jiping,no-pic,-13.075,72.0,Cable,Telecom,M,China,1681550402483,,Jiangsu,1201.928,2368.0,2368.0,,,,,,,,
783,Xue Min,Xue,xue-min,no-pic,-12.805,66.0,Healthcare,Healthcare,M,China,1681550402482,,Hubei,4611.198,618.0,618.0,,,,,,,,
784,Yadu Hari Dalmia & family,Dalmia,yadu-hari-dalmia,no-pic,0.0,75.0,Cement,Manufacturing,M,India,1681550402483,,,2779.637,1130.0,1130.0,https://specials-images.forbesimg.com/imageserve/615b1f1a66f988bcda75d1f6/416x416.jpg?background=000000&cropX1=0&cropX2=1009&cropY1=31&cropY2=1039,,,,,,,
785,Yang Jianliang & family,Yang,yang-jianliang,no-pic,8.922,53.0,Machinery,Manufacturing,M,China,1681550402483,,Jiangsu,2252.411,1397.0,1397.0,,,,,,,,
786,Yang Weidong & family,Yang,yang-weidong-1,no-pic,7.232,54.0,Chemicals,Manufacturing,M,China,1681550402483,,Zhejiang,2395.194,1331.0,1331.0,,,,,,,,
787,Yang Xuegang,Yang,yang-xuegang,no-pic,23.864,58.0,Coking,Manufacturing,M,China,1681550402483,,Beijing,1646.63,1853.0,1853.0,,,,,,,,
788,Yang Yunyun,Yang,yang-yunyun,no-pic-female,-17.401,46.0,Retail,Fashion & Retail,F,China,1681550402483,,,1070.515,2546.0,2546.0,,,,,,,,
789,Yanqiao Ye,Ye,yanqiao-ye,no-pic,-7.15,53.0,Soy sauce,Food & Beverage,M,China,1681550402483,,Guangdong,1083.971,2524.0,2524.0,,,,,,,,
790,Yao Hsiao Tung,Yao,yao-hsiao-tung,yao-hsiao-tung,0.0,83.0,Manufacturing,Manufacturing,M,Singapore,1681550402483,,,1110.148,2492.0,2492.0,//specials-images.forbesimg.com/imageserve/5d6011f395808800097db391/416x416.jpg?background=000000&cropX1=2086&cropX2=3572&cropY1=234&cropY2=1718,,,,,,,
791,Ye Fan & family,Ye,ye-fan,no-pic,-34.019,52.0,Auto dealerships,Automotive,M,China,1681550402483,,Guangdong,1570.989,1925.0,1925.0,,,,,,,,
792,Ye Guofu,Ye,ye-guofu,no-pic,-35.883,45.0,Retail,Fashion & Retail,M,China,1681550402483,,Guangdong,2207.469,1433.0,1433.0,https://specials-images.forbesimg.com/imageserve/603e8af3c4ddcfbbdfa14153/416x416.jpg?background=000000&cropX1=236&cropX2=1154&cropY1=19&cropY2=938,,,,,,,
793,Yeh Kuo-I,Yeh,yeh-kuo-i,no-pic,-16.61,81.0,Manufacturing ,Manufacturing,M,Taiwan,1681550402483,,,1230.916,2331.0,2331.0,https://specials-images.forbesimg.com/imageserve/63a0cf75c894b4f0c7e821c1/416x416.jpg?background=000000&cropX1=2&cropX2=681&cropY1=0&cropY2=679,,,,,,,
794,Yogesh Kothari,Kothari,yogesh-kothari,no-pic,0.0,74.0,Specialty chemicals,Manufacturing,M,India,1681550402483,,,1082.713,2526.0,2526.0,https://specials-images.forbesimg.com/imageserve/615e14b94234caafdd878539/416x416.jpg?background=000000&cropX1=0&cropX2=3171&cropY1=90&cropY2=3261,,,,,,,
795,Yoichi Erikawa,Erikawa,yoichi-erikawa,no-pic,12.527,72.0,Video games,Media & Entertainment,M,Japan,1681550402483,,,1348.345,2173.0,2173.0,,,,,,,,
796,Yoo Jung-hyun,Yoo,yoo-jung-hyun,no-pic-female,38.667,53.0,Online games,Media & Entertainment,F,South Korea,1681550402483,,,3284.898,930.0,930.0,,,,,,,,
797,Yoshiaki Yoshida,Yoshida,yoshiaki-yoshida,no-pic,0.0,82.0,Cosmetics,Fashion & Retail,M,Japan,1681550402483,,,1835.14,1694.0,1694.0,,,,,,,,
798,Yu Lili,Yu,yu-lili,no-pic-female,-43.675,55.0,Electronic components,Manufacturing,F,China,1681550402483,,Hunan,2249.118,1398.0,1398.0,,,,,,,,
799,Yuan Liping,Yuan,yuan-liping,no-pic-female,7.033,52.0,Pharmaceuticals,Healthcare,F,Canada,1681550402483,,Guangdong,1375.735,2142.0,2142.0,,,,,,,,
800,Yubai Zhang,Zhang,yubai-zhang,no-pic,-8.777,58.0,Wine,Food & Beverage,M,China,1681550402483,,Jiangsu,1534.083,1963.0,1963.0,//specials-images.forbesimg.com/imageserve/5a8dfe6a4bbe6f2652f62d58/416x416.jpg?background=000000&cropX1=0&cropX2=720&cropY1=44&cropY2=764,,,,,,,
801,Yuji Otsuka,Otsuka,yuji-otsuka-1,no-pic,17.862,69.0,"Copy machines, software",Technology,M,Japan,1681550402483,,,2773.329,1134.0,1134.0,,,,,,,,
802,Yusuf Hamied,Hamied,yusuf-hamied,yusuf-hamied,0.0,86.0,Pharmaceuticals,Healthcare,M,India,1681550402483,,,1898.981,1640.0,1640.0,http://specials-images.forbesimg.com/imageserve/57d88a054bbe6f6781c4f094/416x416.jpg?background=000000&cropX1=43&cropX2=744&cropY1=0&cropY2=701,,,,,,,
803,Yves-Loic Martin,Martin,yves-loic-martin,no-pic,-9.247,57.0,Laboratory services,Healthcare,M,France,1681550402483,,,1314.484,2212.0,2212.0,,,,,,,,
804,Zachary Stern,Stern,zachary-stern,no-pic,7.428,41.0,Liquor,Food & Beverage,M,United States,1681550402483,WY,Wyoming,1146.153,2448.0,2448.0,,,,,,,,
805,Zan Shengda,Zan,zan-shengda,zan-shengda,-5.44,60.0,Diversified,Diversified,M,China,1681550402483,,Jiangsu,1179.685,2409.0,2409.0,//specials-images.forbesimg.com/imageserve/5a7d1d8c4bbe6f2652f51243/416x416.jpg?background=000000&cropX1=216&cropX2=1272&cropY1=11&cropY2=1067,,,,,,,
806,Zbigniew Juroszek & family,Juroszek,zbigniew-juroszek,no-pic,6.918,60.0,"Real estate, gambling",Diversified,M,Poland,1681550402483,,,1426.054,2088.0,2088.0,https://specials-images.forbesimg.com/imageserve/606dd027c57d33c71827fbec/416x416.jpg?background=000000&cropX1=1216&cropX2=2021&cropY1=198&cropY2=1003,,,,,,,
807,Zeng Chaolin,Zeng,zeng-chaolin-1,no-pic,46.514,40.0,Aluminium,Metals & Mining,M,China,1681550402483,,Hunan,1067.976,2553.0,2553.0,,,,,,,,
808,Zeng Chaoyi,Zeng,zeng-chaoyi,no-pic,51.192,54.0,Aluminum products,Manufacturing,M,China,1681550402483,,Hunan,1187.211,2401.0,2401.0,,,,,,,,
809,Zhang Changhong,Zhang,zhang-changhong,zhang-changhong,3.001,65.0,financial information service,Technology,M,China,1681550402483,,Shanghai,1098.75,2506.0,2506.0,https://specials-images.forbesimg.com/imageserve/6050f48ca1ab099ed6e290cc/416x416.jpg?background=000000&cropX1=0&cropX2=800&cropY1=0&cropY2=800,,,,,,,
810,Zhang Cheng Fei,Zhang,zhang-cheng-fei,no-pic,3.091,55.0,paper & related products,Manufacturing,M,China,1681550402483,,Guangdong,1006.027,2634.0,2634.0,//specials-images.forbesimg.com/imageserve/5a7d201f31358e4955acfda0/416x416.jpg?background=000000&cropX1=16&cropX2=645&cropY1=127&cropY2=756,,,,,,,
811,Zhang Chuanwei & family,Zhang,zhang-chuanwei,no-pic,11.172,60.0,Machinery,Manufacturing,M,China,1681550402483,,Guangdong,1317.14,2209.0,2209.0,,,,,,,,
812,Zhang Congyuan,Zhang,zhang-congyuan,no-pic,-151.524,75.0,Shoes,Fashion & Retail,M,Taiwan,1681550402482,,,7592.539,302.0,302.0,,,,,,,,
813,Zhang Gongyun,Zhang,zhang-gongyun,no-pic,-3.849,60.0,Tyre manufacturing machinery,Manufacturing,M,China,1681550402483,,Shandong,1120.436,2480.0,2480.0,,,,,,,,
814,Zhang Hejun,Zhang,zhang-hejun,no-pic,163.391,71.0,Electronics,Manufacturing,M,China,1681550402482,,Zhejiang,5808.241,458.0,458.0,,,,,,,,
815,Zhang Hong,Zhang,zhang-hong,no-pic-female,9.882,,Solar ,Energy,F,China,1681550402483,,Zhejiang,1279.475,2265.0,2265.0,,,,,,,,
816,Zhang Jian,Zhang,zhang-jian,no-pic,-53.178,54.0,"Electric bikes, scooters",Manufacturing,M,China,1681550402483,,Tianjin,3803.725,777.0,777.0,,,,,,,,
817,Zhang Jingzhang & family,Zhang,zhang-jingzhang,no-pic,24.727,87.0,Precision machinery,Manufacturing,M,China,1681550402483,,Zhejiang,2369.784,1346.0,1346.0,,,,,,,,
818,Zhang Ning & family,Zhang,zhang-ning,no-pic-female,175.607,49.0,Chemicals,Manufacturing,F,Canada,1681550402483,,Shanghai,2413.344,1315.0,1315.0,,,,,,,,
819,Zhang Xuewu,Zhang,zhang-xuewu,no-pic,-11.222,48.0,Snacks,Food & Beverage,M,China,1681550402483,,Hunan,1143.356,2452.0,2452.0,,,,,,,,
820,Zhao Fenggang,Zhao,zhao-fenggang,no-pic,42.441,57.0,Batteries,Energy,M,China,1681550402483,,Fujian,2191.639,1443.0,1443.0,,,,,,,,
821,Zhao Lixin,Zhao,zhao-lixin,no-pic,90.529,57.0,Electronics,Technology,M,China,1681550402483,,Shanghai,3019.696,1016.0,1016.0,,,,,,,,
822,Zhao Tongtong,Zhao,zhao-tongtong-1,no-pic-female,-16.531,56.0,Hotels,Service,F,Canada,1681550402483,,,1290.216,2247.0,2247.0,,,,,,,,
823,Zhaobai Jiang,Jiang,zhaobai-jiang,no-pic,-8.876,59.0,Real estate,Real Estate,M,China,1681550402483,,Shanghai,1761.788,1754.0,1754.0,//specials-images.forbesimg.com/imageserve/562921a9e4b0ffa7afe6282b/416x416.jpg?background=000000&cropX1=2&cropX2=744&cropY1=13&cropY2=756,,,,,,,
824,Zhen Li & family,Li,zhen-li,zhen-li,19.72,59.0,Lithium batteries,Manufacturing,M,China,1681550402483,,Anhui,1188.729,2397.0,2397.0,,,,,,,,
825,Zheng Xiaodong,Zheng,zheng-xiaodong,no-pic,40.88,59.0,Manufacturing,Manufacturing,M,China,1681550402483,,Shanghai,1695.296,1810.0,1810.0,,,,,,,,
826,Zhong Huaijun,Zhong,zhong-huaijun,no-pic,8.709,58.0,Food ,Food & Beverage,M,China,1681550402483,,Shanghai,1084.032,2523.0,2523.0,,,,,,,,
827,Zhong Peifeng,Zhong,zhong-peifeng-1,no-pic,31.782,60.0,semiconductor,Telecom,M,United States,1681550402483,,Beijing,1133.914,2462.0,2462.0,,,,,,,,
828,Zhong Ruonong & family,Zhong,zhong-ruonong,no-pic-female,1.537,60.0,Electronics,Manufacturing,F,China,1681550402483,,Hunan,1854.647,1676.0,1676.0,,,,,,,,
829,Zhou Jian,Zhou,zhou-jian-3,no-pic,14.052,46.0,Solar energy equipment,Energy,M,China,1681550402483,,Guangdong,1747.289,1769.0,1769.0,,,,,,,,
830,Zhou Wen & family,Zhou,zhou-wen,no-pic,42.932,58.0,Chemicals ,Manufacturing,M,China,1681550402483,,Shanghai,1194.988,2384.0,2384.0,,,,,,,,
831,Zhou Yahui,Zhou,zhou-yahui,no-pic,-48.869,46.0,online games,Media & Entertainment,M,China,1681550402483,,Beijing,1919.698,1627.0,1627.0,,,,,,,,
832,Zhu Xingming,Zhu,zhu-xingming,no-pic,-3.331,56.0,Electrical equipment,Manufacturing,M,China,1681550402483,,Guangdong,2731.809,1158.0,1158.0,,,,,,,,
833,Zhu Yan & family,Zhu,zhu-yan,no-pic-female,-150.45,,Real estate,Real Estate,F,China,1681550402482,,Beijing,5032.7,564.0,564.0,,,,,,,,
834,Zhu Yi,Zhu,zhu-yi,no-pic,-216.448,59.0,Pharmaceuticals,Healthcare,M,China,1681550402483,,Sichuan,3570.312,836.0,836.0,,,,,,,,
835,Zhu Yiwen & family,Zhu,zhu-yiwen,no-pic,-14.289,59.0,Healthcare,Healthcare,M,China,1681550402483,,Shanghai,2191.071,1444.0,1444.0,,,,,,,,
836,Zhu Zhaojiang,Zhu,zhu-zhaojiang,no-pic,-13.664,49.0,Smartphones,Manufacturing,M,China,1681550402483,,Guangdong,1480.64,2026.0,2026.0,,,,,,,,
837,Ziv Aviram,Aviram,ziv-aviram,ziv-aviram,0.0,64.0,Automotive technology,Automotive,M,Israel,1681550402483,,,1291.0,2245.0,2245.0,,,,,,,,
838,Zong Yanmin,Zong,zong-yanmin,no-pic,108.559,,Semiconductor materials,Manufacturing,M,China,1681550402483,,Shandong,1563.852,1932.0,1932.0,,,,,,,,
839,Zsolt Felcsuti,Felcsuti,zsolt-felcsuti,no-pic,0.0,51.0,Manufacturing,Manufacturing,M,Hungary,1681550402483,,,1261.504,2287.0,2287.0,,,,,,,,
840,Jeff Bezos,Bezos,jeff-bezos,jeff-bezos,109.112,59.0,Amazon,Technology,M,United States,1681550402482,WA,Washington,125585.102,3.0,3.0,https://specials-images.forbesimg.com/imageserve/5bb22ae84bbe6f67d2e82e05/416x416.jpg?background=000000&cropX1=627&cropX2=1639&cropY1=129&cropY2=1142,1.0,1.0,113000.0,"CEO and Founder, Amazon",False,,
841,Bill Gates,Gates,bill-gates,bill-gates,-423.656,67.0,Microsoft,Technology,M,United States,1681550402482,WA,Washington,110221.749,6.0,6.0,https://specials-images.forbesimg.com/imageserve/62d599ede3ff49f348f9b9b4/416x416.jpg?background=000000&cropX1=155&cropX2=976&cropY1=340&cropY2=1161,2.0,2.0,98000.0,"Cofounder, Bill & Melinda Gates Foundation",False,,
842,Bernard Arnault,Arnault,bernard-arnault,bernard-arnault,2401.504,74.0,LVMH,Fashion & Retail,M,France,1681550402482,,,242604.321,1.0,1.0,//specials-images.forbesimg.com/imageserve/5dc05518ca425400079c659f/416x416.jpg?background=000000&cropX1=0&cropX2=4000&cropY1=1209&cropY2=5212,3.0,3.0,76000.0,"Chairman and CEO, LVMH Moet Hennessy Louis Vuitton",False,,
843,Warren Buffett,Buffett,warren-buffett,warren-buffett,1191.38,92.0,Berkshire Hathaway,Finance & Investments,M,United States,1681550402482,NE,Nebraska,113756.344,5.0,5.0,//specials-images.forbesimg.com/imageserve/5babb7f1a7ea4342a948b79a/416x416.jpg?background=000000&cropX1=748&cropX2=3075&cropY1=1753&cropY2=4082,4.0,4.0,67500.0,"CEO, Berkshire Hathaway",False,,
844,Larry Ellison,Ellison,larry-ellison,larry-ellison,131.135,78.0,software,Technology,M,United States,1681550402482,CA,California,120290.261,4.0,4.0,//specials-images.forbesimg.com/imageserve/5e8b62cfc095010007bffea0/416x416.jpg?background=000000&cropX1=0&cropX2=4529&cropY1=652&cropY2=5184,5.0,5.0,59000.0,"CTO and Founder, Oracle",False,,
845,Amancio Ortega,Ortega,amancio-ortega,amancio-ortega,240.5,87.0,Zara,Fashion & Retail,M,Spain,1681550402482,,,83645.312,14.0,14.0,//specials-images.forbesimg.com/imageserve/5c76b94131358e35dd27748e/416x416.jpg?background=000000&cropX1=179&cropX2=2232&cropY1=216&cropY2=2269,6.0,6.0,55100.0,,,,
846,Mark Zuckerberg,Zuckerberg,mark-zuckerberg,mark-zuckerberg,396.799,38.0,Facebook,Technology,M,United States,1681550402482,CA,California,78998.016,15.0,15.0,//specials-images.forbesimg.com/imageserve/5c76b7d331358e35dd2773a9/416x416.jpg?background=000000&cropX1=0&cropX2=4401&cropY1=0&cropY2=4401,7.0,7.0,54700.0,"CEO, Facebook",False,,
847,Jim Walton,Walton,jim-walton,jim-walton,-328.237,74.0,Walmart,Fashion & Retail,M,United States,1681550402482,AR,Arkansas,62571.91,17.0,17.0,//specials-images.forbesimg.com/imageserve/5c7ef2fea7ea434b351bca5a/416x416.jpg?background=000000&cropX1=49&cropX2=934&cropY1=65&cropY2=951,8.0,8.0,54600.0,"Chairman and CEO, Arvest Bank Group, Inc.",False,,
848,Alice Walton,Walton,alice-walton,alice-walton,-325.515,73.0,Walmart,Fashion & Retail,F,United States,1681550402482,TX,Texas,60364.362,19.0,19.0,//specials-images.forbesimg.com/imageserve/5c7ef270a7ea434b351bca52/416x416.jpg?background=000000&cropX1=232&cropX2=998&cropY1=222&cropY2=988,9.0,9.0,54400.0,"Chairman, Crystal Bridges Museum of American Art",False,,
849,Rob Walton,Walton,rob-walton,rob-walton,-321.949,78.0,Walmart,Fashion & Retail,M,United States,1681550402482,AR,Arkansas,61261.317,18.0,18.0,//specials-images.forbesimg.com/imageserve/59d50a9e4bbe6f37dd9ff712/416x416.jpg?background=000000&cropX1=244&cropX2=1841&cropY1=60&cropY2=1658,10.0,10.0,54100.0,"Director, Walmart",False,,
850,Steve Ballmer,Ballmer,steve-ballmer,steve-ballmer,-935.519,67.0,Microsoft,Technology,M,United States,1681550402482,WA,Washington,90226.465,11.0,11.0,//specials-images.forbesimg.com/imageserve/59d50c47a7ea436b47b36d66/416x416.jpg?background=000000&cropX1=553&cropX2=2940&cropY1=322&cropY2=2708,11.0,11.0,52700.0,"Owner, Los Angeles Clippers",False,,
851,Carlos Slim Helu,Slim Helu,carlos-slim-helu,carlos-slim-helu,-417.657,83.0,telecom,Telecom,M,Mexico,1681550402482,,,95188.985,7.0,7.0,//specials-images.forbesimg.com/imageserve/5c76ba144bbe6f24ad99c613/416x416.jpg?background=000000&cropX1=0&cropX2=3005&cropY1=389&cropY2=3395,12.0,12.0,52100.0,"Honorary Chairman, America Movil SAB de CV (ADR)",False,,
852,Larry Page,Page,larry-page,larry-page,1055.88,50.0,Google,Technology,M,United States,1681550402482,CA,California,93462.29,9.0,9.0,//specials-images.forbesimg.com/imageserve/5c76bcaaa7ea43100043c836/416x416.jpg?background=000000&cropX1=227&cropX2=2022&cropY1=22&cropY2=1817,13.0,13.0,50900.0,"Cofounder and board member, Alphabet",False,,
853,Sergey Brin,Brin,sergey-brin,sergey-brin,999.801,49.0,Google,Technology,M,United States,1681550402482,CA,California,89488.885,12.0,12.0,//specials-images.forbesimg.com/imageserve/5c7d7c254bbe6f78090d831f/416x416.jpg?background=000000&cropX1=475&cropX2=2887&cropY1=168&cropY2=2582,14.0,14.0,49100.0,"Cofounder and board member, Alphabet",False,,
854,Francoise Bettencourt Meyers,Bettencourt Meyers,francoise-bettencourt-meyers,no-pic-female,-707.78,69.0,L'Oreal,Fashion & Retail,F,France,1681550402482,,,92803.367,10.0,10.0,https://specials-images.forbesimg.com/imageserve/605e26e3c65f7c2596bd3e15/416x416.jpg?background=000000&cropX1=0&cropX2=1080&cropY1=0&cropY2=1080,15.0,15.0,48900.0,,,,
855,Michael Bloomberg,Bloomberg,michael-bloomberg,michael-bloomberg,0.0,81.0,Bloomberg LP,Media & Entertainment,M,United States,1681550402482,NY,New York,94456.0,8.0,8.0,//specials-images.forbesimg.com/imageserve/5c76b4104bbe6f24ad99c35d/416x416.jpg?background=000000&cropX1=165&cropX2=5613&cropY1=321&cropY2=5769,16.0,16.0,48000.0,"CEO, Bloomberg L.P.",False,,
856,Jack Ma,Ma,jack-ma,jack-ma,-161.979,58.0,e-commerce,Technology,M,China,1681550402482,,,24667.132,63.0,63.0,https://specials-images.forbesimg.com/imageserve/605e22fe6df966b3fcbd3e15/416x416.jpg?background=000000&cropX1=0&cropX2=1080&cropY1=0&cropY2=1080,17.0,17.0,38800.0,"Founder and Executive Chairman, Alibaba Group",False,,
857,Charles Koch,Koch,charles-koch,charles-koch,0.0,87.0,Koch Industries,Diversified,M,United States,1681550402482,KS,Kansas,58989.175,20.0,20.0,https://specials-images.forbesimg.com/imageserve/615c94bd2aac2936a52682d1/416x416.jpg?background=000000&cropX1=286&cropX2=848&cropY1=110&cropY2=672,18.0,18.0,38200.0,"CEO, Koch Industries",False,,
858,Julia Koch,Koch,julia-koch,no-pic-female,0.0,61.0,Koch Industries,Diversified,F,United States,1681550402482,NY,New York,58989.175,20.0,21.0,//specials-images.forbesimg.com/imageserve/5e7bbaaa10380d0006fc154e/416x416.jpg?background=000000&cropX1=0&cropX2=5196&cropY1=0&cropY2=5196,19.0,18.0,38200.0,,,,
859,Ma Huateng,Ma,ma-huateng,ma-huateng,178.538,51.0,internet media,Technology,M,China,1681550402482,,,38243.751,33.0,33.0,https://specials-images.forbesimg.com/imageserve/605e23c0f0986f688fbd3e15/416x416.jpg?background=000000&cropX1=0&cropX2=1080&cropY1=0&cropY2=1080,20.0,20.0,38100.0,"Chairman and CEO, Tencent Holdings",False,,
860,Mukesh Ambani,Ambani,mukesh-ambani,mukesh-ambani,0.0,65.0,"petrochemicals, oil & gas",Energy,M,India,1681550402482,,,84726.675,13.0,13.0,//specials-images.forbesimg.com/imageserve/5c7d7829a7ea434b351ba0b6/416x416.jpg?background=000000&cropX1=206&cropX2=2043&cropY1=250&cropY2=2089,21.0,21.0,36800.0,"Founder and Chairman, Reliance Industries",False,,
861,MacKenzie Scott,Scott,mackenzie-scott,no-pic-female,29.267,53.0,Amazon.com,Technology,F,United States,1681550402482,WA,Washington,27569.057,53.0,53.0,https://specials-images.forbesimg.com/imageserve/63325f33de0e387de2dd5389/416x416.jpg?background=000000&cropX1=0&cropX2=1080&cropY1=0&cropY2=1080,22.0,22.0,36000.0,,,,
862,Beate Heister & Karl Albrecht Jr.,Albrecht Jr.,karl-albrecht-jr,no-pic,0.0,,supermarkets,Fashion & Retail,,Germany,1681550402482,,,15903.376,110.0,111.0,https://specials-images.forbesimg.com/imageserve/6050f48ca1ab099ed6e290cc/416x416.jpg?background=000000&cropX1=0&cropX2=800&cropY1=0&cropY2=800,23.0,23.0,33300.0,,,,
863,David Thomson,Thomson,david-thomson,david-thomson,-440.658,65.0,media,Media & Entertainment,M,Canada,1681550402482,,,57749.105,22.0,22.0,https://specials-images.forbesimg.com/imageserve/5a7ba72aa7ea43169012f1b4/416x416.jpg?background=000000&cropX1=1065&cropX2=3315&cropY1=60&cropY2=2310,24.0,24.0,31600.0,"Chairman, Thomson Reuters Corporation",False,,
864,Phil Knight,Knight,phil-knight,phil-knight,-148.701,85.0,Nike,Fashion & Retail,M,United States,1681550402482,OR,Oregon,47755.302,24.0,24.0,//specials-images.forbesimg.com/imageserve/5a8d930431358e4955adf1bb/416x416.jpg?background=000000&cropX1=1457&cropX2=2405&cropY1=17&cropY2=966,25.0,25.0,29500.0,"Chairman, Nike",False,,
865,Lee Shau Kee,Lee,lee-shau-kee,lee-shau-kee,-44.913,95.0,real estate,Real Estate,M,Hong Kong,1681550402482,,,29368.549,47.0,47.0,https://specials-images.forbesimg.com/imageserve/63ef9c5db19ecdce09ed2983/416x416.jpg?background=000000&cropX1=460&cropX2=2901&cropY1=87&cropY2=2527,26.0,26.0,28100.0,,,,
866,François Pinault,Pinault,francois-pinault,francois-pinault,506.339,86.0,luxury goods,Fashion & Retail,M,France,1681550402482,,,41687.628,29.0,29.0,//specials-images.forbesimg.com/imageserve/5f1eeca8e77f92a058fb1a81/416x416.jpg?background=000000&cropX1=1806&cropX2=3901&cropY1=36&cropY2=2133,27.0,27.0,27000.0,,,,
867,Sheldon Adelson,Adelson,sheldon-adelson,sheldon-adelson,,89.0,casinos,Gambling & Casinos,M,United States,1610514463768,NV,Nevada,,,,//specials-images.forbesimg.com/imageserve/5d8bd5c218444200084e8854/416x416.jpg?background=000000&cropX1=692&cropX2=4407&cropY1=0&cropY2=3712,28.0,28.0,26800.0,"Chairman and CEO, Las Vegas Sands Corp.",False,,
868,Jacqueline Mars,Mars,jacqueline-mars,jacqueline-mars,0.0,83.0,"candy, pet food",Food & Beverage,F,United States,1681550402482,VA,Virginia,38321.768,31.0,31.0,//specials-images.forbesimg.com/imageserve/59d50d06a7ea436b47b36d84/416x416.jpg?background=000000&cropX1=147&cropX2=1649&cropY1=377&cropY2=1879,29.0,29.0,24700.0,,,,
869,John Mars,Mars,john-mars,no-pic,0.0,87.0,"candy, pet food",Food & Beverage,M,United States,1681550402482,WY,Wyoming,38321.768,31.0,32.0,//specials-images.forbesimg.com/imageserve/5ba41e08a7ea434e4c6948eb/416x416.jpg?background=000000&cropX1=53&cropX2=1401&cropY1=9&cropY2=1357,30.0,29.0,24700.0,,,,
870,Elon Musk,Musk,elon-musk,elon-musk,-583.356,51.0,"Tesla, SpaceX",Automotive,M,United States,1681550402482,CA,California,187891.017,2.0,2.0,https://specials-images.forbesimg.com/imageserve/62d700cd6094d2c180f269b9/416x416.jpg?background=000000&cropX1=0&cropX2=959&cropY1=0&cropY2=959,31.0,31.0,24600.0,"CEO and Chairman, Tesla",False,,
871,Giovanni Ferrero,Ferrero,giovanni-ferrero,no-pic,0.0,58.0,"Nutella, chocolates",Food & Beverage,M,Italy,1681550402482,,,40184.057,30.0,30.0,https://specials-images.forbesimg.com/imageserve/5b11bc5ca7ea436b547f29cb/416x416.jpg?background=000000&cropX1=622&cropX2=1844&cropY1=361&cropY2=1582,32.0,32.0,24500.0,,,,
872,Michael Dell,Dell,michael-dell,michael-dell,152.314,58.0,Dell computers,Technology,M,United States,1681550402482,TX,Texas,53992.532,23.0,23.0,https://specials-images.forbesimg.com/imageserve/615c93f9da61f2ff5b9ecf9b/416x416.jpg?background=000000&cropX1=0&cropX2=1678&cropY1=118&cropY2=1797,33.0,33.0,22900.0,"Chairman and CEO, Dell Inc.",False,,
873,Hui Ka Yan,Hui,hui-ka-yan,hui-ka-yan,0.0,64.0,real estate,Real Estate,M,China,1681550402483,,,3019.442,1017.0,1017.0,//specials-images.forbesimg.com/imageserve/5e75457107adf00006dbbf79/416x416.jpg?background=000000&cropX1=124&cropX2=1788&cropY1=564&cropY2=2229,34.0,34.0,21800.0,"Chairman, China Evergrande Group",False,,
874,Li Ka-shing,Li,li-ka-shing,li-ka-shing,-116.218,94.0,diversified,Diversified,M,Hong Kong,1681550402482,,,38228.808,34.0,34.0,https://specials-images.forbesimg.com/imageserve/60351d9a688e1407617b2595/416x416.jpg?background=000000&cropX1=1341&cropX2=2035&cropY1=411&cropY2=1105,35.0,35.0,21700.0,"Senior Advisor, CK Hutchison Holdings",False,,
875,He Xiangjian,He,he-xiangjian,he-xiangjian,-55.792,80.0,home appliances,Manufacturing,M,China,1681550402482,,,24806.669,61.0,61.0,https://specials-images.forbesimg.com/imageserve/5f88aa3c6e0f7a6ca036fc64/416x416.jpg?background=000000&cropX1=1462&cropX2=2567&cropY1=1200&cropY2=2305,36.0,36.0,21600.0,"Founder, Midea Group Co. Ltd.",False,,
876,Jim Simons,Simons,jim-simons,no-pic,0.0,84.0,hedge funds,Finance & Investments,M,United States,1681550402482,NY,New York,28080.0,51.0,51.0,//specials-images.forbesimg.com/imageserve/5d8bd8326de3150009a51efb/416x416.jpg?background=000000&cropX1=1332&cropX2=2541&cropY1=0&cropY2=1208,37.0,36.0,21600.0,"Founder, Renaissance Technologies Corp.",False,1600.0,
877,Yang Huiyan,Yang,yang-huiyan,yang-huiyan,-33.542,41.0,real estate,Real Estate,F,China,1681550402482,,,8814.178,238.0,238.0,//specials-images.forbesimg.com/imageserve/5a0b1b83a7ea436b47b558ba/416x416.jpg?background=000000&cropX1=1&cropX2=600&cropY1=3&cropY2=602,38.0,38.0,20300.0,Country Garden Holdings,False,,
878,Joseph Safra,Safra,joseph-safra,joseph-safra,,84.0,banking,Finance & Investments,M,Brazil,1616593993590,,,,,,//specials-images.forbesimg.com/imageserve/5e742e6510380d0006bdac8c/416x416.jpg?background=000000&cropX1=242&cropX2=1063&cropY1=6&cropY2=827,39.0,39.0,19900.0,,,,
879,Dieter Schwarz,Schwarz,dieter-schwarz,no-pic,0.0,83.0,retail,Fashion & Retail,M,Germany,1681550402482,,,44365.886,27.0,27.0,https://specials-images.forbesimg.com/imageserve/6050f48ca1ab099ed6e290cc/416x416.jpg?background=000000&cropX1=0&cropX2=800&cropY1=0&cropY2=800,40.0,40.0,19800.0,,,,
880,Vladimir Potanin,Potanin,vladimir-potanin,vladimir-potanin,0.0,62.0,metals,Metals & Mining,M,Russia,1681550402482,,,23685.459,67.0,67.0,//specials-images.forbesimg.com/imageserve/5e87ae86582b5d00068ce78c/416x416.jpg?background=000000&cropX1=1187&cropX2=4259&cropY1=272&cropY2=3347,41.0,41.0,19700.0,,,,
881,Tadashi Yanai,Yanai,tadashi-yanai,tadashi-yanai,2771.428,74.0,fashion retail,Fashion & Retail,M,Japan,1681550402482,,,37508.4,35.0,35.0,https://specials-images.forbesimg.com/imageserve/629e5b3c7d9ce19405b62126/416x416.jpg?background=000000&cropX1=449&cropX2=3582&cropY1=90&cropY2=3219,42.0,41.0,19700.0,,,,
882,Qin Yinglin,Qin,qin-yinglin,qin-yinglin,-71.13,57.0,pig breeding,Food & Beverage,M,China,1681550402482,,,19655.932,83.0,83.0,//specials-images.forbesimg.com/imageserve/a3722ff48b63420aa857d7c876d5c521/416x416.jpg?background=000000&cropX1=18&cropX2=744&cropY1=34&cropY2=761,43.0,43.0,18500.0,,,,
883,Lukas Walton,Walton,lukas-walton,no-pic,-119.598,36.0,Walmart,Fashion & Retail,M,United States,1681550402482,WY,Wyoming,22363.895,72.0,72.0,//specials-images.forbesimg.com/imageserve/5d89f3c36de3150009a4e5bd/416x416.jpg?background=000000&cropX1=122&cropX2=576&cropY1=26&cropY2=480,44.0,44.0,18400.0,,,,
884,Vladimir Lisin,Lisin,vladimir-lisin,vladimir-lisin,0.0,66.0,"steel, transport",Metals & Mining,M,Russia,1681550402482,,,22088.195,74.0,74.0,//specials-images.forbesimg.com/imageserve/5e77914ec7b02d000666d900/416x416.jpg?background=000000&cropX1=825&cropX2=3235&cropY1=50&cropY2=2459,45.0,45.0,18100.0,,,,
885,Ray Dalio,Dalio,ray-dalio,ray-dalio,0.0,73.0,hedge funds,Finance & Investments,M,United States,1681550402482,CT,Connecticut,19084.0,86.0,86.0,https://specials-images.forbesimg.com/imageserve/5ac959f74bbe6f2310f1e05c/416x416.jpg?background=000000&cropX1=657&cropX2=3206&cropY1=80&cropY2=2627,46.0,46.0,18000.0,"Founder & Co-Chief Investment Officer, Bridgewater Associates",False,1000.0,
886,Takemitsu Takizaki,Takizaki,takemitsu-takizaki,takemitsu-takizaki,86.837,77.0,sensors,Manufacturing,M,Japan,1681550402482,,,21930.765,76.0,76.0,//specials-images.forbesimg.com/imageserve/5eaa4141ed706b0007e62bd7/416x416.jpg?background=000000&cropX1=1310&cropX2=2754&cropY1=224&cropY2=1667,47.0,47.0,17400.0,,,,
887,Leonid Mikhelson,Mikhelson,leonid-mikhelson,leonid-mikhelson,0.0,67.0,"gas, chemicals",Energy,M,Russia,1681550402482,,,21568.494,79.0,79.0,https://specials-images.forbesimg.com/imageserve/6229141941920264022edc8a/416x416.jpg?background=000000&cropX1=81&cropX2=3456&cropY1=941&cropY2=4318,48.0,48.0,17100.0,,,,
888,Alain Wertheimer,Wertheimer,alain-wertheimer,alain-wertheimer,0.0,74.0,Chanel,Fashion & Retail,M,France,1681550402482,NY,New York,31641.399,41.0,41.0,https://specials-images.forbesimg.com/imageserve/6038217dfcc7547219c6da2b/416x416.jpg?background=000000&cropX1=91&cropX2=1460&cropY1=172&cropY2=1541,49.0,48.0,17100.0,,,,
889,Gerard Wertheimer,Wertheimer,gerard-wertheimer-1,gerard-wertheimer-1,0.0,72.0,Chanel,Fashion & Retail,M,France,1681550402482,NY,New York,31641.399,41.0,42.0,//specials-images.forbesimg.com/imageserve/5e759fd2c7b02d000666c44e/416x416.jpg?background=000000&cropX1=39&cropX2=1396&cropY1=18&cropY2=1375,50.0,48.0,17100.0,,,,
890,"Theo Albrecht, Jr.",Albrecht,theo-albrecht-jr,no-pic,0.0,72.0,"Aldi, Trader Joe's",Fashion & Retail,M,Germany,1681550402482,,,16470.378,106.0,106.0,https://specials-images.forbesimg.com/imageserve/6050f48ca1ab099ed6e290cc/416x416.jpg?background=000000&cropX1=0&cropX2=800&cropY1=0&cropY2=800,51.0,51.0,17000.0,,,,
891,Len Blavatnik,Blavatnik,len-blavatnik,len-blavatnik,-173.132,65.0,diversified,Diversified,M,United States,1681550402482,,,33352.788,39.0,39.0,//specials-images.forbesimg.com/imageserve/5c745d7b4bbe6f072958dac9/416x416.jpg?background=000000&cropX1=473&cropX2=2103&cropY1=123&cropY2=1753,52.0,51.0,17000.0,,,,
892,William Lei Ding,Ding,william-lei-ding,no-pic,110.2,51.0,online games,Technology,M,China,1681550402482,,,28875.46,48.0,48.0,//specials-images.forbesimg.com/imageserve/5e790d54c7b02d000666fa67/416x416.jpg?background=000000&cropX1=571&cropX2=4018&cropY1=0&cropY2=3445,53.0,51.0,17000.0,"Founder and CEO, Netease",False,,
893,Susanne Klatten,Klatten,susanne-klatten,susanne-klatten,190.949,60.0,"BMW, pharmaceuticals",Automotive,F,Germany,1681550402482,,,25061.042,60.0,60.0,https://specials-images.forbesimg.com/imageserve/605e281e4f49584f571c9c42/416x416.jpg?background=000000&cropX1=0&cropX2=1080&cropY1=0&cropY2=1080,54.0,54.0,16800.0,,,,
894,Alexey Mordashov,Mordashov & family,alexey-mordashov,alexey-mordashov,-46.71,57.0,"steel, investments",Metals & Mining,M,Russia,1681550402482,,,20560.043,81.0,81.0,//specials-images.forbesimg.com/imageserve/5e87b07fbf94c200067fcf57/416x416.jpg?background=000000&cropX1=1002&cropX2=4157&cropY1=163&cropY2=3318,55.0,54.0,16800.0,,,,
895,Masayoshi Son,Son,masayoshi-son,masayoshi-son,-27.523,65.0,"internet, telecom",Telecom,M,Japan,1681550402482,,,21907.423,77.0,77.0,//specials-images.forbesimg.com/imageserve/5e8b632801879f000703e485/416x416.jpg?background=000000&cropX1=0&cropX2=4500&cropY1=833&cropY2=5330,56.0,56.0,16600.0,"CEO, Softbank",False,,
896,Colin Zheng Huang,Huang,colin-zheng-huang,no-pic,-299.54,43.0,e-commerce,Technology,M,China,1681550402482,,,23850.432,66.0,66.0,https://specials-images.forbesimg.com/imageserve/5e75028b10380d0006bdc142/416x416.jpg?background=000000&cropX1=834&cropX2=2330&cropY1=160&cropY2=1656,57.0,57.0,16500.0,,,,
897,Dietrich Mateschitz,Mateschitz,dietrich-mateschitz,dietrich-mateschitz,,78.0,Red Bull,Food & Beverage,M,Austria,1617669441881,,,,,,//specials-images.forbesimg.com/imageserve/5e7419c910380d0006bdab6a/416x416.jpg?background=000000&cropX1=882&cropX2=3841&cropY1=6&cropY2=2966,58.0,57.0,16500.0,,,,
898,Joseph Lau,Lau,joseph-lau,joseph-lau,-7.291,71.0,real estate,Real Estate,M,Hong Kong,1681550402482,,,13208.888,139.0,139.0,https://specials-images.forbesimg.com/imageserve/63ef9f15755eb8b6da4143fc/416x416.jpg?background=000000&cropX1=948&cropX2=3552&cropY1=63&cropY2=2667,59.0,59.0,16400.0,,,,
899,Laurene Powell Jobs,Powell Jobs,laurene-powell-jobs,laurene-powell-jobs,-23.259,59.0,"Apple, Disney",Technology,F,United States,1681550402482,CA,California,12859.811,143.0,143.0,//specials-images.forbesimg.com/imageserve/5d8e17856c7c8f0009907ebd/416x416.jpg?background=000000&cropX1=217&cropX2=1524&cropY1=0&cropY2=1308,60.0,59.0,16400.0,"Founder and President, Emerson Collective",False,,
900,Zhang Yiming,Zhang,zhang-yiming,no-pic,0.0,39.0,software,Technology,M,China,1681550402482,,,45000.0,26.0,26.0,https://specials-images.forbesimg.com/imageserve/618e91e427fcd6441f93c0c6/416x416.jpg?background=000000&cropX1=227&cropX2=1294&cropY1=14&cropY2=1080,61.0,61.0,16200.0,,,,
901,Leonardo Del Vecchio,Del Vecchio,leonardo-del-vecchio,leonardo-del-vecchio,,87.0,eyeglasses,Fashion & Retail,M,Italy,1617669442077,,,,,,https://specials-images.forbesimg.com/imageserve/605e2e8ca4f18e06b39d9142/416x416.jpg?background=000000&cropX1=0&cropX2=1384&cropY1=0&cropY2=1384,62.0,62.0,16100.0,,,,
902,Donald Bren,Bren,donald-bren,donald-bren,0.0,90.0,real estate,Real Estate,M,United States,1681550402482,CA,California,17409.887,100.0,100.0,//specials-images.forbesimg.com/imageserve/5d9b6d9867dd830006a2db41/416x416.jpg?background=000000&cropX1=513&cropX2=1983&cropY1=80&cropY2=1551,63.0,63.0,15500.0,"Chairman, Irvine Company",False,,
903,Stephen Schwarzman,Schwarzman,stephen-schwarzman,stephen-schwarzman,241.3,76.0,investments,Finance & Investments,M,United States,1681550402482,NY,New York,27909.538,52.0,52.0,//specials-images.forbesimg.com/imageserve/5d89f4d318444200084e5265/416x416.jpg?background=000000&cropX1=1911&cropX2=5305&cropY1=26&cropY2=3418,64.0,64.0,15400.0,"Chairman and CEO, Blackstone Group",False,,
904,Vagit Alekperov,Alekperov,vagit-alekperov,vagit-alekperov,0.0,72.0,oil,Energy,M,Russia,1681550402482,,,20476.915,82.0,82.0,https://specials-images.forbesimg.com/imageserve/62291dbe5c22ffeaf37a7528/416x416.jpg?background=000000&cropX1=232&cropX2=1762&cropY1=83&cropY2=1614,65.0,65.0,15200.0,,,,
905,Lee Man Tat,Lee,lee-man-tat,lee-man-tat,,93.0,food,Food & Beverage,M,Hong Kong,1617122315717,,,,,,//specials-images.forbesimg.com/imageserve/56898008e4b0ffa7afe8a698/416x416.jpg?background=000000&cropX1=227&cropX2=547&cropY1=219&cropY2=540,66.0,65.0,15200.0,,,,
906,Wang Wei,Wang,wang-wei,wang-wei,119.518,53.0,package delivery,Service,M,China,1681550402482,,,23229.632,69.0,69.0,https://specials-images.forbesimg.com/imageserve/5dc05174b4d505000678d99e/416x416.jpg?background=000000&cropX1=879&cropX2=2088&cropY1=805&cropY2=2013,67.0,65.0,15200.0,"Chairman, SF Express",False,,
907,Petr Kellner,Kellner,petr-kellner,petr-kellner,,58.0,"finance, telecommunications",Finance & Investments,M,Czechia,1617669462550,,,,,,//specials-images.forbesimg.com/imageserve/4023ab5df9aad04f544e7dfde9031598/416x416.jpg?background=000000&cropX1=32&cropX2=723&cropY1=3&cropY2=694,68.0,68.0,14900.0,,,,
908,Rupert Murdoch,Murdoch,rupert-murdoch,rupert-murdoch,-121.933,92.0,"newspapers, TV network",Media & Entertainment,M,United States,1681550402482,NY,New York,17541.728,96.0,96.0,https://specials-images.forbesimg.com/imageserve/6067bf2f800a3f1324d4c89c/416x416.jpg?background=000000&cropX1=0&cropX2=1080&cropY1=0&cropY2=1080,69.0,68.0,14900.0,"Chairman and CEO, News Corp",False,,
909,Leonard Lauder,Lauder,leonard-lauder,leonard-lauder,182.379,86.0,Estee Lauder,Fashion & Retail,M,United States,1681550402482,NY,New York,22306.621,73.0,73.0,//specials-images.forbesimg.com/imageserve/5d8bd6eb22254b0008e17ce3/416x416.jpg?background=000000&cropX1=1114&cropX2=1980&cropY1=107&cropY2=973,70.0,70.0,14600.0,"Chairman Emeritus, The Estée Lauder Companies",False,,
910,Zhong Huijuan,Zhong,zhong-huijuan,no-pic-female,-14.482,62.0,pharmaceuticals,Healthcare,F,China,1681550402482,,,8617.589,247.0,247.0,//specials-images.forbesimg.com/imageserve/5e9f5b3df0b8cf0006295fec/416x416.jpg?background=000000&cropX1=1080&cropX2=1674&cropY1=936&cropY2=1530,71.0,70.0,14600.0,,,,
911,Gennady Timchenko,Timchenko,gennady-timchenko,gennady-timchenko,0.0,70.0,"oil, gas",Energy,M,Russia,1681550402482,,,18482.972,91.0,91.0,https://specials-images.forbesimg.com/imageserve/622b778d7c4aefebd5cbea11/416x416.jpg?background=000000&cropX1=0&cropX2=2317&cropY1=426&cropY2=2744,72.0,72.0,14400.0,,,,
912,Thomas Peterffy,Peterffy,thomas-peterffy,thomas-peterffy,319.29,78.0,discount brokerage,Finance & Investments,M,United States,1681550402482,FL,Florida,26149.336,57.0,57.0,//specials-images.forbesimg.com/imageserve/5d8a5c6218444200084e6532/416x416.jpg?background=000000&cropX1=466&cropX2=1132&cropY1=297&cropY2=962,73.0,73.0,14300.0,,,,
913,Klaus-Michael Kuehne,Kuehne,klaus-michael-kuehne,klaus-michael-kuehne,615.209,85.0,shipping,Logistics,M,Germany,1681550402482,,,42591.587,28.0,28.0,//specials-images.forbesimg.com/imageserve/5e762e4fc7b02d000666c89b/416x416.jpg?background=000000&cropX1=792&cropX2=4141&cropY1=0&cropY2=3347,74.0,74.0,14200.0,,,,
914,Lee Kun-hee,Lee,lee-kun-hee,lee-kun-hee,,81.0,Samsung,Diversified,M,South Korea,1603597531790,,,,,,//specials-images.forbesimg.com/imageserve/5e77b6abd8e1ae0007b7340a/416x416.jpg?background=000000&cropX1=65&cropX2=909&cropY1=57&cropY2=902,75.0,75.0,14100.0,"Chairman, Samsung Electronics Co. Ltd.",False,,
915,Wang Jianlin,Wang,wang-jianlin,wang-jianlin,-23.026,68.0,real estate,Real Estate,M,China,1681550402482,,,8521.195,252.0,252.0,https://specials-images.forbesimg.com/imageserve/6067c6e88455ddb327d4c89c/416x416.jpg?background=000000&cropX1=194&cropX2=1598&cropY1=124&cropY2=1529,76.0,76.0,14000.0,"Chairman, Dalian Wanda Group",False,,
916,Steve Cohen,Cohen,steve-cohen,steve-cohen,0.038,66.0,hedge funds,Finance & Investments,M,United States,1681550402482,CT,Connecticut,17517.733,97.0,97.0,https://specials-images.forbesimg.com/imageserve/5a8d946e4bbe6f2652f61ca6/416x416.jpg?background=000000&cropX1=703&cropX2=3292&cropY1=80&cropY2=2667,77.0,77.0,13900.0,"Founder, Point72 Asset Management",False,,
917,Radhakishan Damani,Damani,radhakishan-damani,no-pic,,68.0,"retail, investments",Fashion & Retail,M,India,1602561629891,,,,,,//specials-images.forbesimg.com/imageserve/59d3d5c431358e542c0344ae/416x416.jpg?background=000000&cropX1=765&cropX2=2549&cropY1=102&cropY2=1887,78.0,78.0,13800.0,,,,
918,Carl Icahn,Icahn,carl-icahn,carl-icahn,113.554,87.0,investments,Finance & Investments,M,United States,1681550402482,NY,New York,18218.325,93.0,93.0,//specials-images.forbesimg.com/imageserve/5ba424d431358e5690cd9c64/416x416.jpg?background=000000&cropX1=390&cropX2=1701&cropY1=116&cropY2=1427,79.0,78.0,13800.0,"Founder, Icahn Capital Management",False,480.0,
919,R. Budi Hartono,Hartono,r-budi-hartono,r-budi-hartono,220.27,82.0,"banking, tobacco",Finance & Investments,M,Indonesia,1681550402482,,,26667.302,55.0,55.0,https://specials-images.forbesimg.com/imageserve/6050f48ca1ab099ed6e290cc/416x416.jpg?background=000000&cropX1=0&cropX2=800&cropY1=0&cropY2=800,80.0,80.0,13600.0,,,,
920,Dhanin Chearavanont,Chearavanont,dhanin-chearavanont,dhanin-chearavanont,111.006,83.0,diversified,Diversified,M,Thailand,1681550402482,,,15311.468,116.0,116.0,//specials-images.forbesimg.com/imageserve/5e8b4496ceb5d7000666fc17/416x416.jpg?background=000000&cropX1=79&cropX2=1146&cropY1=81&cropY2=1148,81.0,81.0,13500.0,,,,
921,Stefan Persson,Persson,stefan-persson,stefan-persson,161.722,75.0,H&M,Fashion & Retail,M,Sweden,1681550402482,,,17887.346,95.0,95.0,https://specials-images.forbesimg.com/imageserve/5c721cd64bbe6f51818ab844/416x416.jpg?background=000000&cropX1=1176&cropX2=2731&cropY1=522&cropY2=2076,82.0,81.0,13500.0,"Chairman, Hennes & Mauritz Unsponsored ADR",False,,
922,Alisher Usmanov,Usmanov,alisher-usmanov,alisher-usmanov,2.093,69.0,"steel, telecom, investments",Metals & Mining,M,Russia,1681550402482,,,14432.693,125.0,125.0,https://specials-images.forbesimg.com/imageserve/607a044ee9910fe868a69505/416x416.jpg?background=000000&cropX1=183&cropX2=812&cropY1=23&cropY2=651,83.0,83.0,13400.0,"Founder, Metalloinvest",False,,
923,Eric Schmidt,Schmidt,eric-schmidt,eric-schmidt,168.313,67.0,Google,Technology,M,United States,1681550402482,CA,California,18525.391,89.0,89.0,//specials-images.forbesimg.com/imageserve/5f4526a6f048a75b8e14e6b2/416x416.jpg?background=000000&cropX1=0&cropX2=3235&cropY1=381&cropY2=3615,84.0,84.0,13200.0,,,,
924,Gina Rinehart,Rinehart,gina-rinehart,gina-rinehart,0.0,69.0,mining,Metals & Mining,F,Australia,1681550402482,,,27565.399,54.0,54.0,https://specials-images.forbesimg.com/imageserve/63ea537497b95f2affd77e9c/416x416.jpg?background=000000&cropX1=0&cropX2=1080&cropY1=0&cropY2=1080,85.0,85.0,13100.0,"Executive Chairman, Hancock Prospecting",False,,
925,Walter P.J. Droege,Droege,walter-pj-droege,no-pic,16.142,70.0,consulting,Service,M,Germany,1681550402483,,,3629.587,821.0,821.0,//specials-images.forbesimg.com/imageserve/5c6feea8a7ea4310004324ce/416x416.jpg?background=000000&cropX1=1167&cropX2=3848&cropY1=0&cropY2=2680,86.0,86.0,13000.0,,,,
926,Mikhail Fridman,Fridman,mikhail-fridman,mikhail-fridman,11.737,58.0,"oil, banking, telecom",Energy,M,Russia,1681550402482,,,12635.96,144.0,144.0,https://specials-images.forbesimg.com/imageserve/622a4eacebc226db357a752a/416x416.jpg?background=000000&cropX1=228&cropX2=1253&cropY1=0&cropY2=1025,87.0,86.0,13000.0,,,,
927,Michael Hartono,Hartono,michael-hartono,no-pic,211.632,83.0,"banking, tobacco",Manufacturing,M,Indonesia,1681550402482,,,25501.694,58.0,58.0,https://specials-images.forbesimg.com/imageserve/5c70b46c4bbe6f79c5473f84/416x416.jpg?background=000000&cropX1=286&cropX2=2548&cropY1=78&cropY2=2340,88.0,86.0,13000.0,,,,
928,Dietmar Hopp,Hopp,dietmar-hopp,dietmar-hopp,-9.707,82.0,software,Technology,M,Germany,1681550402482,,,4695.804,600.0,600.0,//specials-images.forbesimg.com/imageserve/5e7621d6c7b02d000666c78a/416x416.jpg?background=000000&cropX1=1529&cropX2=4122&cropY1=700&cropY2=3294,89.0,86.0,13000.0,,,,
929,Zhang Zhidong,Zhang,zhang-zhidong,zhang-zhidong,59.687,51.0,internet media,Technology,M,China,1681550402482,,,12015.076,149.0,149.0,//specials-images.forbesimg.com/imageserve/5bcf8eec31358e5b4334465b/416x416.jpg?background=000000&cropX1=249&cropX2=943&cropY1=98&cropY2=793,90.0,86.0,13000.0,"Cofounder, Tencent Holdings",False,,
930,Hinduja brothers,Hinduja,hinduja,hinduja,,,diversified,Diversified,M,United Kingdom,1617122327638,,,,,,//specials-images.forbesimg.com/imageserve/5c7269a031358e35dd2701d6/416x416.jpg?background=000000&cropX1=771&cropX2=3428&cropY1=11&cropY2=2667,91.0,91.0,12900.0,,,,
931,Heinz Hermann Thiele,Thiele,heinz-hermann-thiele,heinz-hermann-thiele,,82.0,brakes,Construction & Engineering,M,Germany,1614125478432,,,,,,//specials-images.forbesimg.com/imageserve/5e76276b10380d0006fbad13/416x416.jpg?background=000000&cropX1=1713&cropX2=3735&cropY1=520&cropY2=2542,92.0,91.0,12900.0,,,,
932,Charlene de Carvalho-Heineken,de Carvalho-Heineken,charlene-de-carvalho-heineken,charlene-de-carvalho-heineken,59.508,68.0,Heineken,Food & Beverage,F,Netherlands,1681550402482,,,15837.481,112.0,112.0,//specials-images.forbesimg.com/imageserve/5e76fd5fd8e1ae0007b72836/416x416.jpg?background=000000&cropX1=40&cropX2=1122&cropY1=61&cropY2=1144,93.0,93.0,12800.0,,,,
933,Emmanuel Besnier,Besnier,emmanuel-besnier,emmanuel-besnier,0.0,52.0,cheese,Food & Beverage,M,France,1681550402482,,,22730.645,70.0,70.0,https://specials-images.forbesimg.com/imageserve/5e759e31c7b02d000666c445/416x416.jpg?background=000000&cropX1=283&cropX2=1696&cropY1=1002&cropY2=2414,94.0,94.0,12700.0,,,,
934,Andrey Melnichenko,Melnichenko,andrey-melnichenko,andrey-melnichenko,0.0,51.0,"coal, fertilizers",Energy,M,Russia,1681550402482,,,25179.184,59.0,59.0,//specials-images.forbesimg.com/imageserve/5c7eb6524bbe6f42abffe4ca/416x416.jpg?background=000000&cropX1=665&cropX2=2917&cropY1=100&cropY2=2353,95.0,95.0,12500.0,,,,
935,Li Shufu,Li,li-shufu,li-shufu,544.547,59.0,automobiles,Automotive,M,China,1681550402482,,,17923.36,94.0,94.0,https://specials-images.forbesimg.com/imageserve/5bcf84b931358e5b43344465/416x416.jpg?background=000000&cropX1=1390&cropX2=2922&cropY1=440&cropY2=1970,96.0,96.0,12400.0,,,,
936,Hasso Plattner,Plattner,hasso-plattner,hasso-plattner,0.0,79.0,software,Technology,M,Germany,1681550402482,,,9128.319,221.0,221.0,//specials-images.forbesimg.com/imageserve/5e762726d8e1ae0007b71a6b/416x416.jpg?background=000000&cropX1=1757&cropX2=3583&cropY1=0&cropY2=1827,97.0,96.0,12400.0,,,,
937,Liu Yonghao,Liu,liu-yonghao,liu-yonghao,-53.617,71.0,agribusiness,Service,M,China,1681550402482,,,7952.543,276.0,276.0,//specials-images.forbesimg.com/imageserve/5e75790610380d0006bdce24/416x416.jpg?background=000000&cropX1=819&cropX2=2910&cropY1=0&cropY2=2090,98.0,98.0,12300.0,,,,
938,Stefan Quandt,Quandt,stefan-quandt,stefan-quandt,239.157,56.0,BMW,Automotive,M,Germany,1681550402482,,,26255.302,56.0,56.0,https://specials-images.forbesimg.com/imageserve/f257c2f96ce1171be43e685e6d8f9fa3/416x416.jpg?background=000000&cropX1=124&cropX2=725&cropY1=92&cropY2=693,99.0,98.0,12300.0,,,,
939,Ken Griffin,Griffin,ken-griffin,ken-griffin,0.0,54.0,hedge funds,Finance & Investments,M,United States,1681550402482,IL,Illinois,35018.542,38.0,38.0,https://specials-images.forbesimg.com/imageserve/6247575a5af6af682d503f2f/416x416.jpg?background=000000&cropX1=0&cropX2=1966&cropY1=0&cropY2=1966,100.0,100.0,12100.0,"Founder & CEO, Citadel LLC",False,870.0,
940,David Tepper,Tepper,david-tepper,david-tepper,0.0,65.0,hedge funds,Finance & Investments,M,United States,1681550402482,FL,Florida,18475.0,92.0,92.0,https://specials-images.forbesimg.com/imageserve/5f4e9ddf5539e4341ae861af/416x416.jpg?background=000000&cropX1=1423&cropX2=4003&cropY1=121&cropY2=2699,101.0,101.0,12000.0,"President and Founder, Appaloosa Management",False,,
941,Wu Yajun,Wu,wu-yajun,wu-yajun,0.0,59.0,real estate,Real Estate,F,China,1681550402482,,,11176.324,165.0,165.0,https://specials-images.forbesimg.com/imageserve/636e8b37e706e9038761196b/416x416.jpg?background=000000&cropX1=1066&cropX2=2898&cropY1=868&cropY2=2699,102.0,101.0,12000.0,"Cofounder-chair, Longfor Group Holdings",False,,
942,Kwong Siu-hing,Kwong,kwong-siu-hing,no-pic-female,30.425,93.0,real estate,Real Estate,F,Hong Kong,1681550402482,,,14906.115,120.0,120.0,https://specials-images.forbesimg.com/imageserve/603522f7a9db4e55a215df75/416x416.jpg?background=000000&cropX1=144&cropX2=656&cropY1=1&cropY2=513,103.0,103.0,11900.0,,,,
943,Shiv Nadar,Nadar,shiv-nadar,shiv-nadar,0.0,77.0,software services,Technology,M,India,1681550402482,,,24693.546,62.0,62.0,https://specials-images.forbesimg.com/imageserve/605e2b0c7cd0a7025abd3e15/416x416.jpg?background=000000&cropX1=0&cropX2=1080&cropY1=0&cropY2=1080,104.0,103.0,11900.0,,,,
944,Sun Piaoyang,Sun,sun-piaoyang,sun-piaoyang,82.211,64.0,pharmaceuticals,Healthcare,M,China,1681550402482,,,11152.816,166.0,166.0,//specials-images.forbesimg.com/imageserve/5bcf9178a7ea43705914d65b/416x416.jpg?background=000000&cropX1=724&cropX2=3557&cropY1=0&cropY2=2832,105.0,105.0,11800.0,,,,
945,Lui Che Woo,Lui,lui-che-woo,lui-che-woo,-101.916,94.0,casinos/hotels,Gambling & Casinos,M,Hong Kong,1681550402482,,,14641.527,124.0,124.0,https://specials-images.forbesimg.com/imageserve/620d2822171566a26114ade6/416x416.jpg?background=000000&cropX1=1337&cropX2=4000&cropY1=6&cropY2=2668,106.0,106.0,11700.0,,,,
946,Ricardo Salinas Pliego,Salinas Pliego,ricardo-salinas-pliego,ricardo-salinas-pliego,223.586,67.0,"retail, media",Fashion & Retail,M,Mexico,1681550402482,,,12877.2,141.0,141.0,//specials-images.forbesimg.com/imageserve/5e76f7eed8e1ae0007b727e6/416x416.jpg?background=000000&cropX1=704&cropX2=1950&cropY1=125&cropY2=1371,107.0,106.0,11700.0,,,,
947,Li Xiting,Li,li-xiting,no-pic,-45.511,72.0,medical devices,Healthcare,M,Singapore,1681550402482,,,16658.482,105.0,105.0,https://specials-images.forbesimg.com/imageserve/61114d1ee2a2505345419c4e/416x416.jpg?background=000000&cropX1=0&cropX2=949&cropY1=0&cropY2=950,108.0,108.0,11600.0,,,,
948,Reinhold Wuerth,Wuerth,reinhold-wuerth,reinhold-wuerth,0.0,87.0,fasteners,Manufacturing,M,Germany,1681550402482,,,30708.131,45.0,45.0,//specials-images.forbesimg.com/imageserve/5e76350710380d0006fbadf8/416x416.jpg?background=000000&cropX1=2132&cropX2=5568&cropY1=0&cropY2=3434,109.0,108.0,11600.0,,,,
949,"John Menard, Jr.",Menard,john-menard-jr,john-menard-jr,0.027,83.0,home improvement stores,Fashion & Retail,M,United States,1681550402482,WI,Wisconsin,17377.072,101.0,101.0,//specials-images.forbesimg.com/imageserve/5f0f870a933def00067666de/416x416.jpg?background=000000&cropX1=223&cropX2=1909&cropY1=133&cropY2=1820,110.0,110.0,11500.0,"Founder, Menards",False,,
950,Pang Kang,Pang,pang-kang,no-pic,-124.929,67.0,soy sauce,Food & Beverage,M,China,1681550402482,,,15679.399,114.0,114.0,https://specials-images.forbesimg.com/imageserve/6050f48ca1ab099ed6e290cc/416x416.jpg?background=000000&cropX1=0&cropX2=800&cropY1=0&cropY2=800,111.0,110.0,11500.0,,,,
951,Peter Woo,Woo,peter-woo,peter-woo,-45.907,76.0,real estate,Real Estate,M,Hong Kong,1681550402482,,,16377.668,107.0,107.0,https://specials-images.forbesimg.com/imageserve/620d2693995b45d70b8590b0/416x416.jpg?background=000000&cropX1=806&cropX2=1851&cropY1=642&cropY2=1687,112.0,110.0,11500.0,,,,
952,Roman Abramovich,Abramovich,roman-abramovich,roman-abramovich,0.207,56.0,"steel, investments",Diversified,M,Russia,1681550402482,,,9239.344,217.0,217.0,https://specials-images.forbesimg.com/imageserve/62291a5d0ec641a4c77a7528/416x416.jpg?background=000000&cropX1=615&cropX2=2814&cropY1=7&cropY2=2205,113.0,113.0,11300.0,,,,
953,Udo & Harald Tschira,Tschira,udo-harald-tschira,no-pic,,,software,Technology,M,Germany,1617669767523,,,,,,,114.0,113.0,11300.0,,,,
954,Mikhail Prokhorov,Prokhorov,mikhail-prokhorov,mikhail-prokhorov,0.0,57.0,investments,Finance & Investments,M,Russia,1681550402482,,,11282.076,163.0,163.0,https://specials-images.forbesimg.com/imageserve/6229148ba4b9db39c42edc8a/416x416.jpg?background=000000&cropX1=965&cropX2=3404&cropY1=200&cropY2=2639,115.0,115.0,11200.0,"Owner, Brooklyn Nets",False,,
955,Xu Hang,Xu,xu-hang,no-pic,-39.501,56.0,medical devices,Healthcare,M,Hong Kong,1681550402482,,,14932.738,119.0,119.0,https://specials-images.forbesimg.com/imageserve/6182bb73ac4ca523bf1e3a2c/416x416.jpg?background=000000&cropX1=304&cropX2=1307&cropY1=62&cropY2=1064,116.0,115.0,11200.0,,,,
956,Pallonji Mistry,Mistry,pallonji-mistry,pallonji-mistry,,93.0,construction,Construction & Engineering,M,Ireland,1617122337260,,,,,,//specials-images.forbesimg.com/imageserve/222dbe79a423261046cbdb42ac70e16b/416x416.jpg?background=000000&cropX1=3&cropX2=744&cropY1=3&cropY2=744,117.0,117.0,11100.0,,,,
957,Philip Anschutz,Anschutz,philip-anschutz,philip-anschutz,0.0,83.0,investments,Finance & Investments,M,United States,1681550402482,CO,Colorado,10861.836,171.0,171.0,https://specials-images.forbesimg.com/imageserve/5efa16915f1126000639e990/416x416.jpg?background=000000&cropX1=522&cropX2=4000&cropY1=840&cropY2=4320,118.0,118.0,11000.0,,,,
958,German Larrea Mota Velasco,Larrea Mota Velasco,german-larrea-mota-velasco,no-pic,-414.662,69.0,mining,Metals & Mining,M,Mexico,1681550402482,,,29819.31,46.0,46.0,//specials-images.forbesimg.com/imageserve/597a47174bbe6f3eb800b6b8/416x416.jpg?background=000000&cropX1=1901&cropX2=3603&cropY1=368&cropY2=2069,119.0,118.0,11000.0,,,,
959,Pierre Omidyar,Omidyar,pierre-omidyar,pierre-omidyar,62.098,55.0,"eBay, PayPal",Technology,M,United States,1681550402482,HI,Hawaii,9008.418,225.0,225.0,//specials-images.forbesimg.com/imageserve/5f11f5931c59f70008546278/416x416.jpg?background=000000&cropX1=317&cropX2=854&cropY1=226&cropY2=763,120.0,118.0,11000.0,"Founder, eBay",False,,
960,James Ratcliffe,Ratcliffe,james-ratcliffe,james-ratcliffe,0.0,70.0,chemicals,Manufacturing,M,United Kingdom,1681550402482,,,23673.266,68.0,68.0,https://specials-images.forbesimg.com/imageserve/5c726a0f31358e35dd2701e3/416x416.jpg?background=000000&cropX1=715&cropX2=2215&cropY1=115&cropY2=1614,121.0,118.0,11000.0,,,,
961,Zhang Yong,Zhang,zhang-yong-1,no-pic,-116.448,52.0,restaurants,Food & Beverage,M,Singapore,1681550402482,,,7087.822,339.0,339.0,https://specials-images.forbesimg.com/imageserve/636e8e0841270345dafa6443/416x416.jpg?background=000000&cropX1=27&cropX2=412&cropY1=31&cropY2=416,122.0,118.0,11000.0,,,,
962,Robert & Philip Ng,Ng,robert-philip-ng,robert-philip-ng,,,real estate,Real Estate,M,Singapore,1617122349066,,,,,,//specials-images.forbesimg.com/imageserve/5e77a000c7b02d000666d9d0/416x416.jpg?background=000000&cropX1=374&cropX2=1154&cropY1=134&cropY2=913,123.0,123.0,10900.0,,,,
963,Iris Fontbona,Fontbona,iris-fontbona,no-pic-female,42.244,80.0,mining,Metals & Mining,F,Chile,1681550402482,,,23916.705,65.0,65.0,//specials-images.forbesimg.com/imageserve/5c6db2974bbe6f0ec75418f0/416x416.jpg?background=000000&cropX1=124&cropX2=491&cropY1=0&cropY2=367,124.0,124.0,10800.0,,,,
964,Abigail Johnson,Johnson,abigail-johnson,abigail-johnson,0.0,61.0,money management,Finance & Investments,F,United States,1681550402482,MA,Massachusetts,21579.885,78.0,78.0,https://specials-images.forbesimg.com/imageserve/6333a5b13de1fff2da377afb/416x416.jpg?background=000000&cropX1=0&cropX2=1077&cropY1=3&cropY2=1080,125.0,124.0,10800.0,"CEO, Fidelity Investments",False,,1900000.0
965,Donald Newhouse,Newhouse,donald-newhouse,donald-newhouse,-94.584,93.0,media,Media & Entertainment,M,United States,1681550402482,NY,New York,10776.611,173.0,173.0,https://specials-images.forbesimg.com/imageserve/5f4e9fd63fe2632db7de396e/416x416.jpg?background=000000&cropX1=421&cropX2=2796&cropY1=63&cropY2=2436,126.0,124.0,10800.0,,,,
966,Graeme Hart,Hart,graeme-hart,graeme-hart,-6.043,67.0,investments,Finance & Investments,M,New Zealand,1681550402482,,,8542.067,249.0,249.0,//specials-images.forbesimg.com/imageserve/5c715725a7ea4310004343b5/416x416.jpg?background=000000&cropX1=843&cropX2=3343&cropY1=11&cropY2=2513,127.0,127.0,10500.0,,,,
967,Viktor Vekselberg,Vekselberg,viktor-vekselberg,viktor-vekselberg,49.506,66.0,"metals, energy",Energy,M,Russia,1681550402482,,,6878.966,368.0,368.0,https://specials-images.forbesimg.com/imageserve/62471db4daae70f1df2b15f6/416x416.jpg?background=000000&cropX1=537&cropX2=2441&cropY1=13&cropY2=1917,128.0,127.0,10500.0,,,,
968,Goh Cheng Liang,Goh,goh-cheng-liang,goh-cheng-liang,-109.71,95.0,paints,Manufacturing,M,Singapore,1681550402482,,,14818.838,122.0,122.0,https://specials-images.forbesimg.com/imageserve/611527c653b47989bac8d588/416x416.jpg?background=000000&cropX1=0&cropX2=3937&cropY1=176&cropY2=4115,129.0,129.0,10400.0,,,,
969,Uday Kotak,Kotak,uday-kotak,uday-kotak,0.0,64.0,banking,Finance & Investments,M,India,1681550402482,,,14038.214,128.0,128.0,//specials-images.forbesimg.com/imageserve/59d3d4884bbe6f37dd9fe8da/416x416.jpg?background=000000&cropX1=371&cropX2=1981&cropY1=444&cropY2=2055,130.0,129.0,10400.0,,,,
970,Jorge Paulo Lemann,Lemann,jorge-paulo-lemann,jorge-paulo-lemann,128.671,83.0,beer,Food & Beverage,M,Brazil,1681550402482,,,16685.865,104.0,104.0,https://specials-images.forbesimg.com/imageserve/5c6cc0bfa7ea437e33f375c1/416x416.jpg?background=000000&cropX1=1589&cropX2=3189&cropY1=0&cropY2=1599,131.0,129.0,10400.0,,,,
971,Jorn Rausing,Rausing,jorn-rausing,no-pic,-3.499,63.0,packaging,Food & Beverage,M,Sweden,1681550402482,,,9361.396,214.0,214.0,//specials-images.forbesimg.com/imageserve/58a2883b31358e1a35ab540d/416x416.jpg?background=000000&cropX1=0&cropX2=744&cropY1=50&cropY2=794,132.0,132.0,10300.0,,,,
972,Hank & Doug Meijer,Meijer,hank-doug-meijer,hank-doug-meijer,,,supermarkets,Fashion & Retail,M,United States,1617122355127,MI,Michigan,,,,//specials-images.forbesimg.com/imageserve/7323a2a143c9b646a26c7cb1944bfb73/416x416.jpg?background=000000&cropX1=0&cropX2=744&cropY1=64&cropY2=808,133.0,133.0,10200.0,,,,
973,Stefano Pessina,Pessina,stefano-pessina,stefano-pessina,-66.978,81.0,drugstores,Fashion & Retail,M,Italy,1681550402482,,,8618.474,246.0,246.0,//specials-images.forbesimg.com/imageserve/5c70cd5c31358e35dd26ecf4/416x416.jpg?background=000000&cropX1=305&cropX2=3948&cropY1=8&cropY2=3648,134.0,133.0,10200.0,,,,
974,Suleiman Kerimov,Kerimov & family,suleiman-kerimov-family,no-pic,0.0,57.0,investments,Finance & Investments,M,Russia,1681550402482,,,10465.593,180.0,180.0,https://specials-images.forbesimg.com/imageserve/62471d5c3ff014e6ce2b15f6/416x416.jpg?background=000000&cropX1=146&cropX2=2785&cropY1=0&cropY2=2639,135.0,135.0,10000.0,,,,
975,Stanley Kroenke,Kroenke,stanley-kroenke,stanley-kroenke,0.0,75.0,"sports, real estate",Sports,M,United States,1681550402482,TX,Texas,12874.0,142.0,142.0,//specials-images.forbesimg.com/imageserve/5d8a620422254b0008e15a49/416x416.jpg?background=000000&cropX1=401&cropX2=2960&cropY1=0&cropY2=2557,136.0,135.0,10000.0,,,,
976,Joseph Tsai,Tsai,joseph-tsai,joseph-tsai,12.718,59.0,e-commerce,Technology,M,Canada,1681550402482,,,8053.291,272.0,272.0,https://specials-images.forbesimg.com/imageserve/63ef9f7b44628b662c2ed0fa/416x416.jpg?background=000000&cropX1=788&cropX2=2809&cropY1=0&cropY2=2020,137.0,135.0,10000.0,,,,
977,Gordon Moore,Moore,gordon-moore,gordon-moore,,94.0,Intel,Technology,M,United States,1617122363781,CA,California,,,,//specials-images.forbesimg.com/imageserve/9032bff5e34d21282fd3b61994953d63/416x416.jpg?background=000000&cropX1=0&cropX2=744&cropY1=52&cropY2=796,138.0,138.0,9800.0,"Cofounder and Chairman Emeritus, Intel",False,,
978,Jan Koum,Koum,jan-koum,jan-koum,5.897,47.0,WhatsApp,Technology,M,United States,1681550402482,CA,California,13884.987,129.0,129.0,//specials-images.forbesimg.com/imageserve/5d8a61aa22254b0008e15a3f/416x416.jpg?background=000000&cropX1=46&cropX2=1310&cropY1=63&cropY2=1329,139.0,139.0,9700.0,"CEO, cofounder, WhatsApp Inc.",False,,
979,Robin Zeng,Zeng,robin-zeng,no-pic,748.269,54.0,batteries,Energy,M,Hong Kong,1681550402482,,,33160.597,40.0,40.0,https://specials-images.forbesimg.com/imageserve/6067bcb1bfd36aed75c0c223/416x416.jpg?background=000000&cropX1=19&cropX2=1080&cropY1=19&cropY2=1080,140.0,139.0,9700.0,,,,
980,John Fredriksen,Fredriksen,john-fredriksen,john-fredriksen,4.322,78.0,shipping,Logistics,M,Cyprus,1681550402482,,,13480.575,134.0,134.0,//specials-images.forbesimg.com/imageserve/5e7587f4d8e1ae0007b7161f/416x416.jpg?background=000000&cropX1=169&cropX2=817&cropY1=7&cropY2=655,141.0,141.0,9600.0,,,,
981,Robert Kuok,Kuok,robert-kuok,robert-kuok,-68.886,99.0,"palm oil, shipping, property",Diversified,M,Malaysia,1681550402482,,,12160.701,147.0,147.0,//specials-images.forbesimg.com/imageserve/5c70f2834bbe6f79c547439c/416x416.jpg?background=000000&cropX1=86&cropX2=2585&cropY1=350&cropY2=2851,142.0,141.0,9600.0,,,,
982,Andreas Struengmann,Struengmann,andreas-struengmann,andreas-struengmann,0.531,73.0,pharmaceuticals,Healthcare,M,Germany,1681550402482,,,11574.833,154.0,154.0,//specials-images.forbesimg.com/imageserve/6a78176d9c8ceafa3994533f92281f82/416x416.jpg?background=000000&cropX1=61&cropX2=553&cropY1=4&cropY2=496,143.0,141.0,9600.0,,,,
983,Thomas Struengmann,Struengmann,thomas-struengmann,thomas-struengmann,0.531,73.0,pharmaceuticals,Healthcare,M,Germany,1681550402482,,,11574.833,154.0,155.0,//specials-images.forbesimg.com/imageserve/5a7e557831358e4955ad137a/416x416.jpg?background=000000&cropX1=0&cropX2=2573&cropY1=5&cropY2=2580,144.0,141.0,9600.0,,,,
984,Hui Wing Mau,Hui,hui-wing-mau,hui-wing-mau,0.0,72.0,real estate,Real Estate,M,Hong Kong,1681550402483,,,1926.537,1621.0,1621.0,//specials-images.forbesimg.com/imageserve/5dc054da5e338c0006622d3e/416x416.jpg?background=000000&cropX1=726&cropX2=2516&cropY1=169&cropY2=1959,145.0,145.0,9500.0,,,,
985,Dustin Moskovitz,Moskovitz,dustin-moskovitz,dustin-moskovitz,-8.147,38.0,Facebook,Technology,M,United States,1681550402482,CA,California,9952.571,194.0,194.0,https://specials-images.forbesimg.com/imageserve/618e7aa763edefacc10f9cff/416x416.jpg?background=000000&cropX1=0&cropX2=1454&cropY1=75&cropY2=1530,146.0,146.0,9300.0,"Cofounder, Asana",False,,
986,Lei Jun,Lei,lei-jun,lei-jun,-16.51,53.0,smartphones,Technology,M,China,1681550402482,,,10499.641,178.0,178.0,//specials-images.forbesimg.com/imageserve/5e7550d42a573300068feb7b/416x416.jpg?background=000000&cropX1=745&cropX2=2367&cropY1=15&cropY2=1636,147.0,147.0,9200.0,"Founder and CEO, Xiaomi",False,,
987,Quek Leng Chan,Quek,quek-leng-chan,quek-leng-chan,0.0,81.0,"banking, property",Diversified,M,Malaysia,1681550402482,,,10252.103,182.0,182.0,//specials-images.forbesimg.com/imageserve/9bbc3bf3ec43d1372354224b2f0c3ae6/416x416.jpg?background=000000&cropX1=2&cropX2=744&cropY1=44&cropY2=787,148.0,147.0,9200.0,,,,
988,Sun Hongbin,Sun,sun-hongbin,sun-hongbin,-38.506,60.0,real estate,Real Estate,M,United States,1681550402483,,,1306.44,2220.0,2220.0,https://specials-images.forbesimg.com/imageserve/60c11dd14082164c4ca63610/416x416.jpg?background=000000&cropX1=757&cropX2=2671&cropY1=100&cropY2=2013,149.0,147.0,9200.0,,,,
989,Finn Rausing,Rausing,finn-rausing,no-pic,-3.498,68.0,packaging,Food & Beverage,M,Sweden,1681550402482,,,9369.049,213.0,213.0,//specials-images.forbesimg.com/imageserve/58a285984bbe6f0e5586bbff/416x416.jpg?background=000000&cropX1=0&cropX2=744&cropY1=61&cropY2=805,150.0,150.0,9100.0,,,,
990,Kirsten Rausing,Rausing,kirsten-rausing,kirsten-rausing,-3.499,70.0,packaging,Food & Beverage,F,Sweden,1681550402482,,,9361.396,214.0,215.0,//specials-images.forbesimg.com/imageserve/58a2898531358e1a35ab5427/416x416.jpg?background=000000&cropX1=2&cropX2=744&cropY1=0&cropY2=743,151.0,150.0,9100.0,,,,
991,Charoen Sirivadhanabhakdi,Sirivadhanabhakdi,charoen-sirivadhanabhakdi,charoen-sirivadhanabhakdi,137.643,78.0,"alcohol, real estate",Food & Beverage,M,Thailand,1681550402482,,,15341.978,115.0,115.0,https://specials-images.forbesimg.com/imageserve/60d9ed504bb9397d72570f0a/416x416.jpg?background=000000&cropX1=0&cropX2=600&cropY1=0&cropY2=600,152.0,150.0,9100.0,,,,
992,Stewart and Lynda Resnick,Resnick,stewart-and-lynda-resnick,stewart-and-lynda-resnick,,,"agriculture, water",Food & Beverage,,United States,1617122465157,CA,California,,,,//specials-images.forbesimg.com/imageserve/5d8a62f922254b0008e15a59/416x416.jpg?background=000000&cropX1=20&cropX2=1602&cropY1=26&cropY2=1609,153.0,153.0,9000.0,,,,
993,Luis Carlos Sarmiento,Sarmiento,luis-carlos-sarmiento,luis-carlos-sarmiento,82.133,90.0,banking,Finance & Investments,M,Colombia,1681550402482,,,6946.882,354.0,354.0,//specials-images.forbesimg.com/imageserve/5e758645c7b02d000666c32a/416x416.jpg?background=000000&cropX1=947&cropX2=2066&cropY1=21&cropY2=1139,154.0,153.0,9000.0,,,,
994,Gautam Adani,Adani,gautam-adani-1,no-pic,0.0,60.0,"commodities, ports",Diversified,M,India,1681550402482,,,46844.412,25.0,25.0,https://specials-images.forbesimg.com/imageserve/6345ac3b833e07cd89aa314c/416x416.jpg?background=000000&cropX1=473&cropX2=2286&cropY1=95&cropY2=1910,155.0,155.0,8900.0,,,,
995,Christy Walton,Walton,christy-walton,christy-walton,-57.747,74.0,Walmart,Fashion & Retail,F,United States,1681550402482,WY,Wyoming,10850.575,172.0,172.0,//specials-images.forbesimg.com/imageserve/f12075ee278b0ce676c90b51cc5e60d6/416x416.jpg?background=000000&cropX1=13&cropX2=744&cropY1=29&cropY2=761,156.0,155.0,8900.0,"Co-Chair, Children's Scholarship Fund",False,,
996,Sunil Mittal,Mittal,sunil-mittal,sunil-mittal,,65.0,telecom,Telecom,M,India,1617122380147,,,,,,https://specials-images.forbesimg.com/imageserve/61572f6aff2e22d56fabfa8a/416x416.jpg?background=000000&cropX1=1067&cropX2=3993&cropY1=0&cropY2=2928,157.0,157.0,8800.0,,,,
997,Zhang Bangxin,Zhang,zhang-bangxin,no-pic,28.962,43.0,education,Service,M,China,1681550402483,,,1387.31,2122.0,2122.0,//specials-images.forbesimg.com/imageserve/5e79309b10380d0006fbe51f/416x416.jpg?background=000000&cropX1=1043&cropX2=2985&cropY1=104&cropY2=2044,158.0,157.0,8800.0,,,,
998,Anthony Pratt,Pratt,anthony-pratt,anthony-pratt,0.0,63.0,manufacturing,Manufacturing,M,Australia,1681550402482,,,11396.929,159.0,159.0,https://specials-images.forbesimg.com/imageserve/63ea5ac03566dd44e5ffa60d/416x416.jpg?background=000000&cropX1=3&cropX2=1080&cropY1=2&cropY2=1079,159.0,159.0,8700.0,,,,
999,German Khan,Khan,german-khan,german-khan,7.556,61.0,"oil, banking, telecom",Energy,M,Russia,1681550402482,,,8174.181,266.0,266.0,https://specials-images.forbesimg.com/imageserve/62471c96d9d016541f503f31/416x416.jpg?background=000000&cropX1=640&cropX2=3303&cropY1=0&cropY2=2660,160.0,160.0,8500.0,,,,
1000,Eduardo Saverin,Saverin,eduardo-saverin,eduardo-saverin,60.948,41.0,Facebook,Technology,M,Brazil,1681550402482,,,12425.5,145.0,145.0,https://specials-images.forbesimg.com/imageserve/61114d7c57eb065321419c4e/416x416.jpg?background=000000&cropX1=0&cropX2=2236&cropY1=0&cropY2=2235,161.0,161.0,8400.0,"Cofounder, Facebook",False,,
1001,Aliko Dangote,Dangote,aliko-dangote,aliko-dangote,-4.728,66.0,"cement, sugar",Manufacturing,M,Nigeria,1681550402482,,,13544.02,133.0,133.0,https://specials-images.forbesimg.com/imageserve/5c33a1554bbe6f7020fb2fd2/416x416.jpg?background=000000&cropX1=865&cropX2=2774&cropY1=206&cropY2=2115,162.0,162.0,8300.0,"CEO, Dangote Group",False,,
1002,George Soros,Soros,george-soros,george-soros,0.0,92.0,hedge funds,Finance & Investments,M,United States,1681550402482,NY,New York,6730.0,380.0,380.0,https://specials-images.forbesimg.com/imageserve/5f4e72bdd82a882a3012a595/416x416.jpg?background=000000&cropX1=886&cropX2=3035&cropY1=515&cropY2=2664,163.0,162.0,8300.0,"Founder, Soros Fund Management LLC",False,,
1003,Zong Qinghou,Zong,zong-qinghou,zong-qinghou,0.0,77.0,beverages,Food & Beverage,M,China,1681550402482,,,7348.234,325.0,325.0,//specials-images.forbesimg.com/imageserve/5e79456a10380d0006fbe719/416x416.jpg?background=000000&cropX1=2823&cropX2=4476&cropY1=742&cropY2=2394,164.0,162.0,8300.0,"Chairman, Hangzhou Wahaha Group",False,,
1004,Richard Qiangdong Liu,Liu,richard-liu-1,richard-liu-1,-126.84,49.0,e-commerce,Technology,M,China,1681550402482,,,8071.359,270.0,270.0,//specials-images.forbesimg.com/imageserve/5dc07d07b4d505000678de32/416x416.jpg?background=000000&cropX1=1730&cropX2=3987&cropY1=632&cropY2=2889,165.0,165.0,8200.0,"Founder and CEO, JD.com",False,,
1005,Friedhelm Loh,Loh,friedhelm-loh,friedhelm-loh,0.0,76.0,manufacturing,Manufacturing,M,Germany,1681550402482,,,10020.99,190.0,190.0,//specials-images.forbesimg.com/imageserve/5e76256710380d0006fbacf3/416x416.jpg?background=000000&cropX1=359&cropX2=1453&cropY1=0&cropY2=1092,166.0,165.0,8200.0,,,,
1006,Lu Zhongfang,Lu,lu-zhongfang,no-pic-female,-13.329,80.0,education,Automotive,F,China,1681550402483,,,1423.248,2092.0,2092.0,,167.0,165.0,8200.0,,,,
1007,Cyrus Poonawalla,Poonawalla,cyrus-poonawalla,cyrus-poonawalla,0.0,81.0,vaccines,Healthcare,M,India,1681550402482,,,22666.731,71.0,71.0,https://specials-images.forbesimg.com/imageserve/6345b0f307bca24e9e6bc226/416x416.jpg?background=000000&cropX1=303&cropX2=2284&cropY1=451&cropY2=2434,168.0,165.0,8200.0,,,,
1008,Ernesto Bertarelli,Bertarelli,ernesto-bertarelli,ernesto-bertarelli,1.828,57.0,"biotech, investments",Healthcare,M,Switzerland,1681550402482,,,9502.502,210.0,210.0,//specials-images.forbesimg.com/imageserve/5e77cdaad8e1ae0007b7364f/416x416.jpg?background=000000&cropX1=906&cropX2=2274&cropY1=354&cropY2=1721,169.0,169.0,8000.0,,,,
1009,Mike Cannon-Brookes,Cannon-Brookes,mike-cannon-brookes,mike-cannon-brookes,-128.292,43.0,software,Technology,M,Australia,1681550402482,,,10868.33,170.0,170.0,https://specials-images.forbesimg.com/imageserve/63ea5b4baa9467975fe3c457/416x416.jpg?background=000000&cropX1=0&cropX2=1080&cropY1=0&cropY2=1080,170.0,169.0,8000.0,,,,
1010,Carl Cook,Cook,carl-cook,carl-cook,0.0,60.0,medical devices,Healthcare,M,United States,1681550402482,IN,Indiana,10178.727,185.0,185.0,//specials-images.forbesimg.com/imageserve/25d1399bdf56ecfab4f15f040e20fbe0/416x416.jpg?background=000000&cropX1=13&cropX2=744&cropY1=53&cropY2=785,171.0,169.0,8000.0,,,,
1011,Scott Farquhar,Farquhar,scott-farquhar,scott-farquhar,-135.404,43.0,software,Technology,M,Australia,1681550402482,,,10656.799,174.0,174.0,https://specials-images.forbesimg.com/imageserve/63ea5b9e3566dd44e5ffa60f/416x416.jpg?background=000000&cropX1=297&cropX2=1359&cropY1=19&cropY2=1080,172.0,169.0,8000.0,,,,
1012,Gong Hongjia,Gong,gong-hongjia,gong-hongjia,-96.877,58.0,video surveillance,Finance & Investments,M,Hong Kong,1681550402482,,,12231.604,146.0,146.0,https://specials-images.forbesimg.com/imageserve/5f89c0f2bea0bbe373992b7f/416x416.jpg?background=000000&cropX1=820&cropX2=1800&cropY1=631&cropY2=1612,173.0,169.0,8000.0,,,,
1013,Jerry Jones,Jones,jerry-jones,jerry-jones,23.702,80.0,Dallas Cowboys,Sports,M,United States,1681550402482,TX,Texas,13314.91,137.0,137.0,//specials-images.forbesimg.com/imageserve/5d8a639e6de3150009a4f883/416x416.jpg?background=000000&cropX1=943&cropX2=2577&cropY1=0&cropY2=1633,174.0,169.0,8000.0,"President and General Manager, Dallas Cowboys",False,,
1014,Michael Platt,Platt,michael-platt,michael-platt,0.0,55.0,hedge funds,Finance & Investments,M,United Kingdom,1681550402482,,,16000.0,109.0,109.0,https://specials-images.forbesimg.com/imageserve/5c726aa34bbe6f51818abcd5/416x416.jpg?background=000000&cropX1=1450&cropX2=3510&cropY1=309&cropY2=2368,175.0,169.0,8000.0,"Founder, BlueCrest Capital Management",False,1200.0,
1015,Anders Holch Povlsen,Povlsen,anders-holch-povlsen,anders-holch-povlsen,17.733,50.0,fashion retail,Fashion & Retail,M,Denmark,1681550402482,,,7499.668,309.0,309.0,//specials-images.forbesimg.com/imageserve/5e75908fc7b02d000666c3be/416x416.jpg?background=000000&cropX1=329&cropX2=1870&cropY1=44&cropY2=1585,176.0,169.0,8000.0,,,,
1016,Eric Wittouck,Wittouck,eric-wittouck,no-pic,0.0,76.0,Investments,Finance & Investments,M,Belgium,1681550402482,,,8000.0,273.0,273.0,,177.0,169.0,8000.0,,,,
1017,Xu Shihui,Xu,xu-shihui,xu-shihui,44.487,65.0,"snacks, beverages",Food & Beverage,M,China,1681550402482,,,7029.569,342.0,342.0,//specials-images.forbesimg.com/imageserve/5a05f0a14bbe6f37dda22921/416x416.jpg?background=000000&cropX1=9&cropX2=4009&cropY1=480&cropY2=4484,178.0,169.0,8000.0,"Chairman, Dali Foods Group",False,,
1018,Andrew Beal,Beal,andrew-beal,andrew-beal,0.0,70.0,"banks, real estate",Finance & Investments,M,United States,1681550402482,TX,Texas,10337.6,181.0,181.0,//specials-images.forbesimg.com/imageserve/572275fc31358e1869e2bbb5/416x416.jpg?background=000000&cropX1=23&cropX2=651&cropY1=24&cropY2=652,179.0,179.0,7900.0,,,,
1019,Ann Walton Kroenke,Kroenke,ann-walton-kroenke,ann-walton-kroenke,-40.496,74.0,Walmart,Fashion & Retail,F,United States,1681550402482,TX,Texas,8933.606,234.0,234.0,//specials-images.forbesimg.com/imageserve/5ba4d59031358e5690cda47f/416x416.jpg?background=000000&cropX1=21&cropX2=1217&cropY1=133&cropY2=1329,180.0,179.0,7900.0,,,,
1020,Wang Wenyin,Wang,wang-wenyin,wang-wenyin,0.0,55.0,"mining, copper products",Metals & Mining,M,China,1681550402482,,,19039.092,87.0,87.0,https://specials-images.forbesimg.com/imageserve/6182bd42a164f1e8dbe9678e/416x416.jpg?background=000000&cropX1=281&cropX2=1717&cropY1=66&cropY2=1502,181.0,179.0,7900.0,"Chairman, Amer International Group Company Limited",False,,
1021,Zhang Fan,Zhang,zhang-fan,no-pic,30.598,57.0,touch screens,Technology,M,China,1681550402483,,,2189.878,1446.0,1446.0,//specials-images.forbesimg.com/imageserve/5c6ea1f04bbe6f2fbddc4e77/416x416.jpg?background=000000&cropX1=1&cropX2=330&cropY1=2&cropY2=331,182.0,179.0,7900.0,,,,
1022,Shahid Khan,Khan,shahid-khan,shahid-khan,0.0,72.0,auto parts,Automotive,M,United States,1681550402482,FL,Florida,12151.49,148.0,148.0,//specials-images.forbesimg.com/imageserve/5d8a654022254b0008e15acc/416x416.jpg?background=000000&cropX1=261&cropX2=2362&cropY1=268&cropY2=2372,183.0,183.0,7800.0,,,,
1023,Zhang Jindong,Zhang,zhang-jindong,zhang-jindong,,60.0,appliance retailer,Fashion & Retail,M,China,1617122445444,,,,,,https://specials-images.forbesimg.com/imageserve/60c23468a248233f9e1d53b8/416x416.jpg?background=000000&cropX1=411&cropX2=1863&cropY1=0&cropY2=1451,184.0,184.0,7700.0,,,,
1024,Kumar Birla,Birla,kumar-birla,kumar-birla,0.0,55.0,commodities,Diversified,M,India,1681550402482,,,14674.649,123.0,123.0,https://specials-images.forbesimg.com/imageserve/6345b30607bca24e9e6bc22e/416x416.jpg?background=000000&cropX1=1028&cropX2=2471&cropY1=348&cropY2=1792,185.0,185.0,7600.0,,,,
1025,Chen Bang,Chen,chen-bang,chen-bang,212.022,57.0,hospitals,Healthcare,M,China,1681550402482,,,14237.068,126.0,126.0,https://specials-images.forbesimg.com/imageserve/c0e911b1254c2a8ff552dcb819a51b50/416x416.jpg?background=000000&cropX1=29&cropX2=731&cropY1=61&cropY2=764,186.0,185.0,7600.0,,,,
1026,David Geffen,Geffen,david-geffen,david-geffen,-0.6,80.0,"movies, record labels",Media & Entertainment,M,United States,1681550402482,CA,California,7734.6,293.0,293.0,https://specials-images.forbesimg.com/imageserve/5a8d9c39a7ea43169014044f/416x416.jpg?background=000000&cropX1=0&cropX2=1996&cropY1=356&cropY2=2353,187.0,185.0,7600.0,"Cofounder, DreamWorks Animation SKG Inc. (Cl A)",False,,
1027,Jiang Rensheng,Jiang,jiang-rensheng,jiang-rensheng,-41.662,69.0,vaccines,Healthcare,M,China,1681550402482,,,11487.569,157.0,157.0,https://specials-images.forbesimg.com/imageserve/6182ba8fd8d8f69e121c7a9b/416x416.jpg?background=000000&cropX1=66&cropX2=652&cropY1=266&cropY2=853,188.0,185.0,7600.0,,,,
1028,Jim Kennedy,Kennedy,jim-kennedy,jim-kennedy,0.0,75.0,"media, automotive",Media & Entertainment,M,United States,1681550402482,GA,Georgia,8364.391,259.0,260.0,https://specials-images.forbesimg.com/imageserve/6333228fc5d66e6add90c319/416x416.jpg?background=000000&cropX1=945&cropX2=1363&cropY1=607&cropY2=1025,189.0,185.0,7600.0,"Chairman, Cox Enterprises",False,,
1029,Blair Parry-Okeden,Parry-Okeden,blair-parry-okeden,no-pic-female,0.0,72.0,"media, automotive",Media & Entertainment,F,United States,1681550402482,,,8364.391,259.0,259.0,,190.0,185.0,7600.0,,,,
1030,Stephen Ross,Ross,stephen-ross,stephen-ross,0.0,82.0,real estate,Real Estate,M,United States,1681550402482,NY,New York,11622.35,152.0,152.0,https://specials-images.forbesimg.com/imageserve/6155d324dc08886dde5040d8/416x416.jpg?background=000000&cropX1=811&cropX2=2999&cropY1=83&cropY2=2268,191.0,185.0,7600.0,,,,
1031,August von Finck,von Finck,august-von-finck,august-von-finck,,93.0,investments,Finance & Investments,M,Germany,1644855548400,,,,,,//specials-images.forbesimg.com/imageserve/58a1c68131358e1a35ab40c2/416x416.jpg?background=000000&cropX1=2&cropX2=744&cropY1=27&cropY2=770,192.0,185.0,7600.0,,,,
1032,David Duffield,Duffield,david-duffield,david-duffield,-35.845,82.0,business software,Technology,M,United States,1681550402482,NV,Nevada,10947.752,168.0,168.0,https://specials-images.forbesimg.com/imageserve/ed18bc09e156f93af21f12d3b3bc2ff2/416x416.jpg?background=000000&cropX1=110&cropX2=646&cropY1=168&cropY2=705,193.0,193.0,7500.0,"Chairman and Cofounder, Workday",False,,
1033,"Thomas Frist, Jr.",Frist,thomas-frist-jr,thomas-frist-jr,-4.14,84.0,hospitals,Healthcare,M,United States,1681550402482,TN,Tennessee,22080.423,75.0,75.0,//specials-images.forbesimg.com/imageserve/ee825ff539047091cda533423b10d65b/416x416.jpg?background=000000&cropX1=16&cropX2=947&cropY1=153&cropY2=1084,194.0,193.0,7500.0,,,,
1034,Eyal Ofer,Ofer,eyal-ofer,eyal-ofer,1.48,72.0,"real estate, shipping",Diversified,M,Israel,1681550402482,,,18634.016,88.0,88.0,https://specials-images.forbesimg.com/imageserve/6046827153597edb187567d8/416x416.jpg?background=000000&cropX1=104&cropX2=1788&cropY1=154&cropY2=1839,195.0,193.0,7500.0,,,,
1035,John Grayken,Grayken,john-grayken,john-grayken,0.0,66.0,private equity,Finance & Investments,M,Ireland,1681550402482,,,6340.2,416.0,416.0,//specials-images.forbesimg.com/imageserve/56cb6be7e4b062f6b59a3d38/416x416.jpg?background=000000&cropX1=0&cropX2=744&cropY1=5&cropY2=749,196.0,196.0,7400.0,,,,
1036,Niels Peter Louis-Hansen,Louis-Hansen,niels-peter-louis-hansen,niels-peter-louis-hansen,50.481,75.0,medical devices,Healthcare,M,Denmark,1681550402482,,,6983.139,348.0,348.0,//specials-images.forbesimg.com/imageserve/d0b9926c84cb83dc19638faf3e09ff04/416x416.jpg?background=000000&cropX1=2&cropX2=744&cropY1=11&cropY2=754,197.0,196.0,7400.0,,,,
1037,Lakshmi Mittal,Mittal,lakshmi-mittal,lakshmi-mittal,-16.772,72.0,steel,Metals & Mining,M,India,1681550402482,,,17414.183,99.0,99.0,https://specials-images.forbesimg.com/imageserve/6345b68ac253491e1cb3f62c/416x416.jpg?background=000000&cropX1=492&cropX2=1966&cropY1=36&cropY2=1509,198.0,196.0,7400.0,"Chairman and CEO, ArcelorMittal (ADR)",False,,
1038,Nicky Oppenheimer,Oppenheimer,nicky-oppenheimer,nicky-oppenheimer,-3.448,77.0,diamonds,Metals & Mining,M,South Africa,1681550402482,,,8377.939,256.0,256.0,https://specials-images.forbesimg.com/imageserve/6009d4608122193e45aeabc9/416x416.jpg?background=000000&cropX1=314&cropX2=2176&cropY1=1006&cropY2=2869,199.0,196.0,7400.0,,,,
1039,John Doerr,Doerr,john-doerr,john-doerr,49.287,71.0,venture capital,Technology,M,United States,1681550402482,CA,California,9964.432,191.0,191.0,//specials-images.forbesimg.com/imageserve/5c9d17e74bbe6f277fd241e6/416x416.jpg?background=000000&cropX1=151&cropX2=1830&cropY1=6&cropY2=1685,200.0,200.0,7300.0,"Chairman, Kleiner Perkins",False,,
1040,Michael Kadoorie,Kadoorie,michael-kadoorie,michael-kadoorie,1.986,81.0,"hotels, energy",Energy,M,Hong Kong,1681550402482,,,6180.49,421.0,421.0,https://specials-images.forbesimg.com/imageserve/63efa22f9c825f3107b8d5ae/416x416.jpg?background=000000&cropX1=784&cropX2=1174&cropY1=423&cropY2=813,201.0,200.0,7300.0,,,,
1041,Viktor Rashnikov,Rashnikov,viktor-rashnikov,viktor-rashnikov,0.0,74.0,steel,Manufacturing,M,Russia,1681550402482,,,10225.287,184.0,184.0,//specials-images.forbesimg.com/imageserve/5e77906c10380d0006fbc0ec/416x416.jpg?background=000000&cropX1=534&cropX2=1689&cropY1=53&cropY2=1208,202.0,200.0,7300.0,,,,
1042,David Shaw,Shaw,david-shaw,david-shaw,0.0,72.0,hedge funds,Finance & Investments,M,United States,1681550402482,NY,New York,7905.0,280.0,280.0,//specials-images.forbesimg.com/imageserve/239960e569e988f52709225581a9680b/416x416.jpg?background=000000&cropX1=0&cropX2=744&cropY1=71&cropY2=815,203.0,200.0,7300.0,"Founder, D. E. Shaw & Co., L.P.",False,500.0,
1043,Tse Ping,Tse,tse-ping,tse-ping,-39.509,71.0,pharmaceuticals,Healthcare,M,China,1681550402482,,,5442.706,504.0,504.0,https://specials-images.forbesimg.com/imageserve/5bcfb7584bbe6f78bda5a116/416x416.jpg?background=000000&cropX1=1225&cropX2=2565&cropY1=163&cropY2=1502,204.0,200.0,7300.0,,,,
1044,Iskander Makhmudov,Makhmudov,iskander-makhmudov,iskander-makhmudov,0.0,59.0,"mining, metals, machinery",Metals & Mining,M,Russia,1681550402482,,,7262.65,327.0,327.0,//specials-images.forbesimg.com/imageserve/5c71a2faa7ea4310004348d4/416x416.jpg?background=000000&cropX1=457&cropX2=1515&cropY1=80&cropY2=1139,205.0,205.0,7200.0,,,,
1045,Patrick Drahi,Drahi,patrick-drahi,patrick-drahi,3.629,59.0,telecom,Telecom,M,France,1681550402482,,,4357.817,659.0,659.0,//specials-images.forbesimg.com/imageserve/5e75a44c10380d0006fbaa17/416x416.jpg?background=000000&cropX1=860&cropX2=2080&cropY1=61&cropY2=1280,206.0,206.0,7100.0,,,,
1046,Nancy Walton Laurie,Laurie,nancy-walton-laurie,nancy-walton-laurie,-48.379,71.0,Walmart,Fashion & Retail,F,United States,1681550402482,NV,Nevada,8427.55,254.0,254.0,//specials-images.forbesimg.com/imageserve/55fa16f3e4b0ffa7afe4ad04/416x416.jpg?background=000000&cropX1=98&cropX2=649&cropY1=58&cropY2=609,207.0,206.0,7100.0,,,,
1047,Robert Pera,Pera,robert-pera,robert-pera,-240.87,45.0,wireless networking gear,Technology,M,United States,1681550402482,CA,California,15189.433,117.0,117.0,//specials-images.forbesimg.com/imageserve/5f1f2df0e0da1e7313d9879a/416x416.jpg?background=000000&cropX1=217&cropX2=1125&cropY1=71&cropY2=980,208.0,208.0,7000.0,"Chief Executive Officer, Ubiquiti",False,,
1048,Rodolphe Saadé,Saadé,rodolphe-saade,no-pic,0.0,53.0,shipping,Logistics,M,France,1681550402482,,,9826.544,196.0,197.0,//specials-images.forbesimg.com/imageserve/5e75a5ce10380d0006fbaa1b/416x416.jpg?background=000000&cropX1=249&cropX2=1628&cropY1=16&cropY2=1394,209.0,208.0,7000.0,"Chairman and CEO, CMA CGM",False,,
1049,Galen Weston,Weston,galen-weston,galen-weston,,82.0,retail,Fashion & Retail,M,Canada,1619813401557,,,,,,//specials-images.forbesimg.com/imageserve/5e7443de10380d0006bdad29/416x416.jpg?background=000000&cropX1=285&cropX2=1296&cropY1=105&cropY2=1117,210.0,208.0,7000.0,"Owner, Selfridges Group",False,,
1050,Cai Kui,Cai,cai-kui,cai-kui,0.0,60.0,real estate,Real Estate,M,China,1681550402482,,,6481.33,407.0,407.0,//specials-images.forbesimg.com/imageserve/561fbcbde4b0ffa7afe5e581/416x416.jpg?background=000000&cropX1=0&cropX2=744&cropY1=0&cropY2=744,211.0,211.0,6900.0,,,,
1051,Diane Hendricks,Hendricks,diane-hendricks,diane-hendricks,0.0,76.0,roofing,Construction & Engineering,F,United States,1681550402482,WI,Wisconsin,13735.3,130.0,130.0,https://specials-images.forbesimg.com/imageserve/6334c1d247ee7e157b377afb/416x416.jpg?background=000000&cropX1=0&cropX2=1077&cropY1=3&cropY2=1080,212.0,211.0,6900.0,"Cofounder and Chairman, ABC Supply",False,,
1052,Robert Kraft,Kraft,robert-kraft,robert-kraft,0.0,81.0,New England Patriots,Sports,M,United States,1681550402482,MA,Massachusetts,10621.5,175.0,175.0,https://specials-images.forbesimg.com/imageserve/59d59588a7ea436b47b374e0/416x416.jpg?background=000000&cropX1=1127&cropX2=4657&cropY1=312&cropY2=3840,213.0,211.0,6900.0,"Chairman & CEO, The Kraft Group",False,,
1053,Ronald Perelman,Perelman,ronald-perelman,ronald-perelman,-2.286,80.0,leveraged buyouts,Finance & Investments,M,United States,1681550402483,NY,New York,1784.992,1730.0,1730.0,https://specials-images.forbesimg.com/imageserve/5f4e6a3053a1cbfeb0b167b8/416x416.jpg?background=000000&cropX1=866&cropX2=1623&cropY1=0&cropY2=757,214.0,211.0,6900.0,,,,
1054,Zhou Qunfei,Zhou,zhou-qunfei,zhou-qunfei,-8.981,53.0,smartphone screens,Technology,F,Hong Kong,1681550402482,,,6687.515,388.0,388.0,https://specials-images.forbesimg.com/imageserve/561f080ce4b0ffa7afe5df56/416x416.jpg?background=000000&cropX1=45&cropX2=723&cropY1=58&cropY2=736,215.0,211.0,6900.0,"Founder and CEO, Lens Technology",False,,
1055,Eli Broad,Broad,eli-broad,eli-broad,,89.0,investments,Finance & Investments,M,United States,1617122476430,CA,California,,,,//specials-images.forbesimg.com/imageserve/5d8a72116de3150009a4faa6/416x416.jpg?background=000000&cropX1=496&cropX2=2245&cropY1=266&cropY2=2013,216.0,216.0,6800.0,,,,
1056,David Reuben,Reuben,david-reuben,no-pic,0.0,84.0,"investments, real estate",Real Estate,M,United Kingdom,1681550402482,,,6737.145,378.0,378.0,//specials-images.forbesimg.com/imageserve/5e77ef2bc7b02d000666e18c/416x416.jpg?background=000000&cropX1=67&cropX2=1744&cropY1=3&cropY2=1680,217.0,216.0,6800.0,,,,
1057,Simon Reuben,Reuben,simon-reuben,simon-reuben,0.0,81.0,"real estate, investments",Diversified,M,United Kingdom,1681550402482,,,6737.145,378.0,379.0,//specials-images.forbesimg.com/imageserve/5e77f9a510380d0006fbc995/416x416.jpg?background=000000&cropX1=922&cropX2=2645&cropY1=72&cropY2=1796,218.0,216.0,6800.0,,,,
1058,J. Christopher Reyes,Reyes,j-christopher-reyes,j-christopher-reyes,0.0,69.0,food distribution,Food & Beverage,M,United States,1681550402482,FL,Florida,6952.0,352.0,352.0,//specials-images.forbesimg.com/imageserve/033ba8ea1f4e0697e1ca957753400dc9/416x416.jpg?background=000000&cropX1=35&cropX2=698&cropY1=3&cropY2=667,219.0,216.0,6800.0,"Co-Chairman, Reyes Holdings",False,,
1059,Jude Reyes,Reyes,jude-reyes,no-pic,0.0,67.0,food distribution,Food & Beverage,M,United States,1681550402482,FL,Florida,6952.0,352.0,353.0,,220.0,216.0,6800.0,"Co-Chairman, Reyes Holdings",False,,
1060,Andrew Forrest,Forrest,andrew-forrest,andrew-forrest,224.347,61.0,mining,Metals & Mining,M,Australia,1681550402482,,,20685.545,80.0,80.0,https://specials-images.forbesimg.com/imageserve/63ea53c5d97ee8db33afaaf0/416x416.jpg?background=000000&cropX1=0&cropX2=1080&cropY1=0&cropY2=1080,221.0,221.0,6700.0,,,,
1061,Ma Jianrong,Ma,ma-jianrong,ma-jianrong,134.046,59.0,"textiles, apparel",Fashion & Retail,M,China,1681550402482,,,7616.769,298.0,298.0,https://specials-images.forbesimg.com/imageserve/6182beec66b7fc26cce9678c/416x416.jpg?background=000000&cropX1=589&cropX2=2634&cropY1=189&cropY2=2234,222.0,221.0,6700.0,,,,
1062,Charles Schwab,Schwab,charles-schwab,charles-schwab,-80.683,85.0,discount brokerage,Finance & Investments,M,United States,1681550402482,CA,California,8283.834,264.0,264.0,//specials-images.forbesimg.com/imageserve/5d8a66976de3150009a4f8e6/416x416.jpg?background=000000&cropX1=1827&cropX2=4378&cropY1=8&cropY2=2557,223.0,221.0,6700.0,"Chairman and Founder, Charles Schwab",False,,
1063,Leon Black,Black,leon-black,leon-black,15.28,71.0,private equity,Finance & Investments,M,United States,1681550402482,NY,New York,8952.983,231.0,231.0,//specials-images.forbesimg.com/imageserve/5d8a65cc22254b0008e15ad5/416x416.jpg?background=000000&cropX1=679&cropX2=1781&cropY1=23&cropY2=1124,224.0,224.0,6600.0,,,,
1064,Francis Choi,Choi,francis-choi,francis-choi,-0.694,75.0,real estate,Real Estate,M,Hong Kong,1681550402482,,,8172.299,268.0,268.0,https://specials-images.forbesimg.com/imageserve/60352c8173054c64f4f83a36/416x416.jpg?background=000000&cropX1=0&cropX2=1638&cropY1=98&cropY2=1736,225.0,224.0,6600.0,,,,
1065,Dang Yanbao,Dang,dang-yanbao,no-pic,7.372,50.0,coal,Metals & Mining,M,China,1681550402482,,,11375.25,161.0,161.0,https://specials-images.forbesimg.com/imageserve/6182bfc1fb85e417104d179a/416x416.jpg?background=000000&cropX1=1515&cropX2=2926&cropY1=166&cropY2=1576,226.0,224.0,6600.0,,,,
1066,Israel Englander,Englander,israel-englander,israel-englander,0.0,74.0,hedge funds,Finance & Investments,M,United States,1681550402482,NY,New York,11269.3,164.0,164.0,//specials-images.forbesimg.com/imageserve/5d8a74d16de3150009a4fafc/416x416.jpg?background=000000&cropX1=0&cropX2=770&cropY1=122&cropY2=892,227.0,224.0,6600.0,"Founder, Millennium Management, L.L.C.",False,500.0,
1067,Massimiliana Landini Aleotti,Landini Aleotti,massimiliana-landini-aleotti,no-pic-female,0.0,80.0,pharmaceuticals,Healthcare,F,Italy,1681550402482,,,6942.714,355.0,355.0,,228.0,224.0,6600.0,,,,
1068,Dmitry Rybolovlev,Rybolovlev,dmitry-rybolovlev,dmitry-rybolovlev,0.0,56.0,fertilizer,Manufacturing,M,Russia,1681550402482,,,6398.799,412.0,412.0,//specials-images.forbesimg.com/imageserve/5e777bf610380d0006fbbd89/416x416.jpg?background=000000&cropX1=232&cropX2=1055&cropY1=94&cropY2=917,229.0,224.0,6600.0,,,,
1069,Gianluigi & Rafaela Aponte,Aponte,gianluigi-aponte,no-pic,1.205,82.0,Shipping,Logistics,,Switzerland,1681550402482,,,31285.736,43.0,43.0,//specials-images.forbesimg.com/imageserve/5e77ceeac7b02d000666de20/416x416.jpg?background=000000&cropX1=1096&cropX2=5302&cropY1=46&cropY2=4249,230.0,230.0,6500.0,,,,
1070,Daniel Gilbert,Gilbert,daniel-gilbert,daniel-gilbert,-221.899,61.0,Quicken Loans,Finance & Investments,M,United States,1681550402482,MI,Michigan,19600.27,84.0,84.0,//specials-images.forbesimg.com/imageserve/5e444fcb112160000621ed4c/416x416.jpg?background=000000&cropX1=0&cropX2=2000&cropY1=307&cropY2=2307,231.0,230.0,6500.0,,,,
1071,Johann Graf,Graf,johann-graf,johann-graf,0.0,76.0,gambling,Gambling & Casinos,M,Austria,1681550402482,,,7335.037,326.0,326.0,//specials-images.forbesimg.com/imageserve/957d0594c392bd2f95bec45493d2be9c/416x416.jpg?background=000000&cropX1=0&cropX2=744&cropY1=97&cropY2=841,232.0,230.0,6500.0,,,,
1072,Kei Hoi Pang,Kei,kei-hoi-pang,kei-hoi-pang,5.43,57.0,real estate,Real Estate,M,China,1681550402483,,,2764.32,1137.0,1137.0,https://specials-images.forbesimg.com/imageserve/6182e540b6ea71fb92b82194/416x416.jpg?background=000000&cropX1=0&cropX2=274&cropY1=25&cropY2=299,233.0,230.0,6500.0,,,,
1073,Alexei Kuzmichev,Kuzmichev,alexei-kuzmichev,alexei-kuzmichev,5.915,60.0,"oil, banking, telecom",Energy,M,Russia,1681550402482,,,6387.708,413.0,413.0,https://specials-images.forbesimg.com/imageserve/6230aa328e8bff4b3673de07/416x416.jpg?background=000000&cropX1=594&cropX2=3042&cropY1=0&cropY2=2450,234.0,230.0,6500.0,,,,
1074,Tom & Judy Love,Love,judy-love-1,no-pic,0.0,,retail & gas stations,Fashion & Retail,,United States,1681550402482,OK,Oklahoma,10904.0,169.0,169.0,//specials-images.forbesimg.com/imageserve/59d65c8c31358e542c035e22/416x416.jpg?background=000000&cropX1=447&cropX2=2640&cropY1=319&cropY2=2512,235.0,230.0,6500.0,"Chairman and CEO, Love's Travel Stops and Country Stores",False,,
1075,Marcel Herrmann Telles,Telles,marcel-herrmann-telles,marcel-herrmann-telles,70.057,73.0,beer,Food & Beverage,M,Brazil,1681550402482,,,11107.65,167.0,167.0,//specials-images.forbesimg.com/imageserve/58c30e5a31358e1a35accaa6/416x416.jpg?background=000000&cropX1=6&cropX2=744&cropY1=53&cropY2=791,236.0,230.0,6500.0,,,,
1076,Alberto Bailleres Gonzalez,Bailleres Gonzalez,alberto-bailleres-gonzalez,alberto-bailleres-gonzalez,,91.0,mining,Metals & Mining,M,Mexico,1644014379089,,,,,,//specials-images.forbesimg.com/imageserve/5e76f50810380d0006fbb96c/416x416.jpg?background=000000&cropX1=197&cropX2=1167&cropY1=45&cropY2=1016,237.0,237.0,6400.0,,,,
1077,Ian & Richard Livingstone,Livingstone,ian-richard-livingstone,no-pic,,,real estate,Real Estate,M,United Kingdom,1618528110483,,,,,,//specials-images.forbesimg.com/imageserve/5ae0aff94bbe6f1adb89766d/416x416.jpg?background=000000&cropX1=0&cropX2=400&cropY1=0&cropY2=400,238.0,237.0,6400.0,,,,
1078,Patrick Soon-Shiong,Soon-Shiong,patrick-soon-shiong,patrick-soon-shiong,-10.81,70.0,pharmaceuticals,Healthcare,M,United States,1681550402482,CA,California,5978.722,446.0,446.0,https://specials-images.forbesimg.com/imageserve/5ba4416731358e5690cd9dd9/416x416.jpg?background=000000&cropX1=1048&cropX2=1735&cropY1=186&cropY2=872,239.0,237.0,6400.0,,,,
1079,Wang Xing,Wang,wang-xing,wang-xing,-88.327,44.0,e-commerce,Technology,M,China,1681550402482,,,9664.207,201.0,201.0,https://specials-images.forbesimg.com/imageserve/5dc07c6f5e338c00066231ff/416x416.jpg?background=000000&cropX1=1680&cropX2=3080&cropY1=97&cropY2=1497,240.0,237.0,6400.0,,,,
1080,Leonid Fedun,Fedun & family,leonid-fedun,leonid-fedun,0.0,67.0,oil,Energy,M,Russia,1681550402482,,,7980.339,274.0,274.0,//specials-images.forbesimg.com/imageserve/5e777f8cd8e1ae0007b72d4b/416x416.jpg?background=000000&cropX1=813&cropX2=4013&cropY1=22&cropY2=3225,241.0,241.0,6300.0,,,,
1081,David Green,Green,david-green,david-green,0.0,81.0,retail,Fashion & Retail,M,United States,1681550402482,OK,Oklahoma,14902.518,121.0,121.0,//specials-images.forbesimg.com/imageserve/5d275f874c687b00085c62e0/416x416.jpg?background=000000&cropX1=581&cropX2=2906&cropY1=425&cropY2=2748,242.0,241.0,6300.0,"CEO, Hobby Lobby",False,,
1082,Kim Jung-ju,Kim,kim-jung-ju,kim-jung-ju,,55.0,online games,Technology,M,South Korea,1617122348724,,,,,,//specials-images.forbesimg.com/imageserve/58beb4e7a7ea431f321ab1cc/416x416.jpg?background=000000&cropX1=551&cropX2=3793&cropY1=304&cropY2=3544,243.0,241.0,6300.0,Nexon,False,,
1083,Sarath Ratanavadi,Ratanavadi,sarath-ratanavadi,no-pic,0.0,57.0,energy,Energy,M,Thailand,1681550402482,,,13251.54,138.0,138.0,//specials-images.forbesimg.com/imageserve/5cd1a6fb573d4d0008f30d8e/416x416.jpg?background=000000&cropX1=308&cropX2=1776&cropY1=0&cropY2=1467,244.0,241.0,6300.0,,,,
1084,Georg Schaeffler,Schaeffler,georg-schaeffler,georg-schaeffler,198.769,58.0,auto parts,Automotive,M,Germany,1681550402482,,,10240.615,183.0,183.0,//specials-images.forbesimg.com/imageserve/5e762609c7b02d000666c810/416x416.jpg?background=000000&cropX1=605&cropX2=1884&cropY1=0&cropY2=1279,245.0,241.0,6300.0,,,,
1085,Andrei Skoch,Skoch & family,andrei-skoch-family,no-pic,0.0,57.0,steel,Metals & Mining,M,Russia,1681550402482,,,7903.766,281.0,281.0,https://specials-images.forbesimg.com/imageserve/62290d5f7cef7069787a7528/416x416.jpg?background=000000&cropX1=287&cropX2=1212&cropY1=75&cropY2=1000,246.0,241.0,6300.0,,,,
1086,Harry Triguboff,Triguboff,harry-triguboff,harry-triguboff,0.0,90.0,real estate,Real Estate,M,Australia,1681550402482,,,13406.56,136.0,136.0,https://specials-images.forbesimg.com/imageserve/63ea5408a2141a8698e3c457/416x416.jpg?background=000000&cropX1=0&cropX2=1080&cropY1=0&cropY2=1079,247.0,241.0,6300.0,,,,
1087,Marijke Mars,Mars,marijke-mars,no-pic-female,0.0,58.0,"candy, pet food",Food & Beverage,F,United States,1681550402482,CA,California,9597.348,204.0,204.0,,248.0,248.0,6200.0,,,,
1088,Pamela Mars,Mars,pamela-mars,no-pic-female,0.0,62.0,"candy, pet food",Food & Beverage,F,United States,1681550402482,VA,Virginia,9597.348,204.0,205.0,https://specials-images.forbesimg.com/imageserve/5c891b0231358e35dd28dcf5/416x416.jpg?background=000000&cropX1=408&cropX2=734&cropY1=64&cropY2=390,249.0,248.0,6200.0,,,,
1089,Valerie Mars,Mars,valerie-mars,no-pic-female,0.0,64.0,"candy, pet food",Food & Beverage,F,United States,1681550402482,NY,New York,9597.348,204.0,206.0,//specials-images.forbesimg.com/imageserve/5d8a6ef16de3150009a4fa7c/416x416.jpg?background=000000&cropX1=3&cropX2=422&cropY1=4&cropY2=423,250.0,248.0,6200.0,,,,
1090,Victoria Mars,Mars,victoria-mars,no-pic-female,0.0,66.0,"candy, pet food",Food & Beverage,F,United States,1681550402482,PA,Pennsylvania,9597.348,204.0,207.0,//specials-images.forbesimg.com/imageserve/59d593da4bbe6f37dda0048f/416x416.jpg?background=000000&cropX1=0&cropX2=682&cropY1=82&cropY2=764,251.0,248.0,6200.0,,,,
1091,Stef Wertheimer,Wertheimer,stef-wertheimer,stef-wertheimer,0.0,96.0,metalworking tools,Manufacturing,M,Israel,1681550402482,,,6255.0,419.0,419.0,//specials-images.forbesimg.com/imageserve/5a7f7e2a4bbe6f2652f532b1/416x416.jpg?background=000000&cropX1=150&cropX2=2485&cropY1=0&cropY2=2333,252.0,248.0,6200.0,,,,
1092,Cen Junda,Cen,cen-junda,no-pic,46.453,58.0,pharmaceuticals,Healthcare,M,China,1681550402483,,,3691.59,802.0,802.0,,253.0,253.0,6100.0,,,,
1093,James Goodnight,Goodnight,james-goodnight,james-goodnight,0.0,80.0,software,Technology,M,United States,1681550402482,NC,North Carolina,7448.637,314.0,314.0,//specials-images.forbesimg.com/imageserve/5d8a6ffb22254b0008e15c68/416x416.jpg?background=000000&cropX1=754&cropX2=2040&cropY1=4&cropY2=1290,254.0,253.0,6100.0,"CEO, SAS Institute",False,,
1094,Kjeld Kirk Kristiansen,Kristiansen,kjeld-kirk-kristiansen,kjeld-kirk-kristiansen,0.0,75.0,Lego,Manufacturing,M,Denmark,1681550402482,,,6883.57,363.0,364.0,//specials-images.forbesimg.com/imageserve/5e75910010380d0006fba934/416x416.jpg?background=000000&cropX1=1367&cropX2=2999&cropY1=0&cropY2=1634,255.0,253.0,6100.0,,,,
1095,Sofie Kirk Kristiansen,Kristiansen,sofie-kirk-kristiansen,no-pic-female,0.0,47.0,Lego,Manufacturing,F,Denmark,1681550402482,,,6883.57,363.0,365.0,https://specials-images.forbesimg.com/imageserve/5b968f964bbe6f30c1b16dd2/416x416.jpg?background=000000&cropX1=0&cropX2=416&cropY1=0&cropY2=416,256.0,253.0,6100.0,,,,
1096,Thomas Kirk Kristiansen,Kristiansen,thomas-kirk-kristiansen,no-pic,0.0,44.0,Lego,Manufacturing,M,Denmark,1681550402482,,,6883.57,363.0,366.0,//specials-images.forbesimg.com/imageserve/5a8709334bbe6f2652f5bfdb/416x416.jpg?background=000000&cropX1=86&cropX2=713&cropY1=111&cropY2=737,257.0,253.0,6100.0,,,,
1097,Liang Wengen,Liang,liang-wengen,liang-wengen,-1.752,66.0,construction equipment,Manufacturing,M,China,1681550402482,,,7179.802,334.0,334.0,https://specials-images.forbesimg.com/imageserve/5e756a7210380d0006bdcd60/416x416.jpg?background=000000&cropX1=1096&cropX2=2311&cropY1=227&cropY2=1443,258.0,253.0,6100.0,,,,
1098,Xavier Niel,Niel,xavier-niel,xavier-niel,2.556,55.0,"internet, telecom",Telecom,M,France,1681550402482,,,6751.963,375.0,375.0,//specials-images.forbesimg.com/imageserve/5e75a6c2d8e1ae0007b716d8/416x416.jpg?background=000000&cropX1=1022&cropX2=3225&cropY1=122&cropY2=2324,259.0,253.0,6100.0,,,,
1099,John Overdeck,Overdeck,john-overdeck,john-overdeck,0.0,53.0,hedge funds,Finance & Investments,M,United States,1681550402482,NJ,New Jersey,6802.0,372.0,373.0,//specials-images.forbesimg.com/imageserve/5ac958fe4bbe6f2310f1e02b/416x416.jpg?background=000000&cropX1=143&cropX2=936&cropY1=7&cropY2=800,260.0,253.0,6100.0,"Co-Founder & Co-Chairman, Two Sigma Investments",False,700.0,
1100,Azim Premji,Premji,azim-premji,azim-premji,0.0,77.0,software services,Technology,M,India,1681550402482,,,9076.949,223.0,223.0,//specials-images.forbesimg.com/imageserve/5d9f474b793bd50006ea40f3/416x416.jpg?background=000000&cropX1=1337&cropX2=2828&cropY1=103&cropY2=1594,261.0,253.0,6100.0,"Chairman, Wipro Limited (ADR)",False,,
1101,Seo Jung-jin,Seo,seo-jung-jin,seo-jung-jin,-198.158,65.0,biotech,Healthcare,M,South Korea,1681550402482,,,6561.676,400.0,400.0,https://specials-images.forbesimg.com/imageserve/625f10e5a124c78f61971d92/416x416.jpg?background=000000&cropX1=144&cropX2=989&cropY1=6&cropY2=851,262.0,253.0,6100.0,Celltrion,False,,
1102,Dilip Shanghvi,Shanghvi,dilip-shanghvi,dilip-shanghvi,0.0,67.0,pharmaceuticals,Healthcare,M,India,1681550402482,,,16352.009,108.0,108.0,//specials-images.forbesimg.com/imageserve/5e768676c7b02d000666cf62/416x416.jpg?background=000000&cropX1=634&cropX2=3240&cropY1=1362&cropY2=3969,263.0,253.0,6100.0,,,,
1103,David Siegel,Siegel,david-siegel-1,david-siegel-1,0.0,61.0,hedge funds,Finance & Investments,M,United States,1681550402482,NY,New York,6802.0,372.0,372.0,//specials-images.forbesimg.com/imageserve/5f2c27c8ab47e40f4e4955ad/416x416.jpg?background=000000&cropX1=0&cropX2=1980&cropY1=293&cropY2=2274,264.0,253.0,6100.0,"Co-Founder & Co-Chairman, Two Sigma Investments",False,700.0,
1104,Agnete Kirk Thinggaard,Thinggaard,agnete-kirk-thinggaard,no-pic-female,0.0,39.0,Lego,Manufacturing,F,Denmark,1681550402482,,,6883.57,363.0,363.0,//specials-images.forbesimg.com/imageserve/5e759038c7b02d000666c3bb/416x416.jpg?background=000000&cropX1=326&cropX2=548&cropY1=107&cropY2=329,265.0,253.0,6100.0,,,,
1105,Fan Hongwei,Fan,fan-hongwei,no-pic-female,-75.405,56.0,petrochemicals,Energy,F,China,1681550402482,,,4741.19,592.0,592.0,https://specials-images.forbesimg.com/imageserve/6050f48ca1ab099ed6e290cc/416x416.jpg?background=000000&cropX1=0&cropX2=800&cropY1=0&cropY2=800,266.0,266.0,6000.0,,,,
1106,Yu Renrong,Yu,yu-renrong,no-pic,152.777,57.0,semiconductors,Manufacturing,M,China,1681550402482,,,5111.148,549.0,549.0,,267.0,266.0,6000.0,,,,
1107,Benu Gopal Bangur,Bangur,benu-gopal-bangur,benu-gopal-bangur,0.0,91.0,cement,Manufacturing,M,India,1681550402482,,,7206.925,332.0,332.0,//specials-images.forbesimg.com/imageserve/a2452fb4fb9048a14be1e743af0f06bc/416x416.jpg?background=000000&cropX1=24&cropX2=721&cropY1=0&cropY2=698,268.0,268.0,5900.0,,,,
1108,James Dyson,Dyson,james-dyson,james-dyson,0.0,75.0,vacuums,Manufacturing,M,United Kingdom,1681550402482,,,9588.62,208.0,208.0,//specials-images.forbesimg.com/imageserve/5e77f331d8e1ae0007b738e9/416x416.jpg?background=000000&cropX1=477&cropX2=2227&cropY1=59&cropY2=1808,269.0,268.0,5900.0,,,,
1109,"Herbert Kohler, Jr.",Kohler,herbert-kohler-jr,herbert-kohler-jr,,84.0,plumbing fixtures,Manufacturing,M,United States,1617122387217,WI,Wisconsin,,,,https://specials-images.forbesimg.com/imageserve/5f4e6f58de56f2aac9de396e/416x416.jpg?background=000000&cropX1=0&cropX2=2927&cropY1=220&cropY2=3149,270.0,268.0,5900.0,"Executive chairman, Kohler Co.",False,,
1110,Leng Youbin,Leng,leng-youbin,no-pic,31.063,54.0,infant formula,Food & Beverage,M,China,1681550402483,,,3556.725,840.0,840.0,//specials-images.forbesimg.com/imageserve/5e78baa5d8e1ae0007b73f74/416x416.jpg?background=000000&cropX1=2514&cropX2=4018&cropY1=174&cropY2=1678,271.0,268.0,5900.0,,,,
1111,Liu Yongxing,Liu,liu-yongxing,liu-yongxing,0.0,74.0,diversified,Service,M,China,1681550402482,,,10083.814,187.0,187.0,//specials-images.forbesimg.com/imageserve/5a05f5144bbe6f37dda229ca/416x416.jpg?background=000000&cropX1=543&cropX2=2975&cropY1=49&cropY2=2479,272.0,268.0,5900.0,"Chairman, East Hope Group",False,,
1112,Alain Merieux,Merieux,alain-merieux,alain-merieux,-71.885,85.0,pharmaceuticals,Healthcare,M,France,1681550402482,,,6673.971,391.0,391.0,//specials-images.forbesimg.com/imageserve/5e75984410380d0006fba986/416x416.jpg?background=000000&cropX1=1530&cropX2=3561&cropY1=296&cropY2=2326,273.0,268.0,5900.0,,,,
1113,Marc Benioff,Benioff,marc-benioff,marc-benioff,18.068,58.0,business software,Technology,M,United States,1681550402482,CA,California,7629.639,295.0,295.0,https://specials-images.forbesimg.com/imageserve/5f4e65f2f4c323e07eb167b8/416x416.jpg?background=000000&cropX1=939&cropX2=4439&cropY1=215&cropY2=3712,274.0,274.0,5800.0,"Chairman and CEO, Salesforce.com",False,,
1114,Chan Laiwa,Chan,chan-laiwa,chan-laiwa,0.0,82.0,real estate,Real Estate,F,China,1681550402482,,,4256.775,686.0,686.0,https://specials-images.forbesimg.com/imageserve/5f89f4cd7a4ff3d9ddb2862e/416x416.jpg?background=000000&cropX1=644&cropX2=1805&cropY1=406&cropY2=1567,275.0,274.0,5800.0,,,,
1115,John Malone,Malone,john-malone,john-malone,-67.633,82.0,cable television,Media & Entertainment,M,United States,1681550402482,CO,Colorado,9231.196,219.0,219.0,//specials-images.forbesimg.com/imageserve/5d8a6f7622254b0008e15c5a/416x416.jpg?background=000000&cropX1=184&cropX2=2173&cropY1=13&cropY2=2000,276.0,274.0,5800.0,,,,
1116,Frederik Paulsen,Paulsen,frederik-paulsen,frederik-paulsen,2.277,72.0,health care,Healthcare,M,Sweden,1681550402482,,,7248.614,328.0,328.0,//specials-images.forbesimg.com/imageserve/5e77c610c7b02d000666ddb2/416x416.jpg?background=000000&cropX1=89&cropX2=1228&cropY1=40&cropY2=1178,277.0,274.0,5800.0,,,,
1117,Steven Rales,Rales,steven-rales,steven-rales,-54.885,72.0,manufacturing,Manufacturing,M,United States,1681550402482,CA,California,7622.361,296.0,296.0,//specials-images.forbesimg.com/imageserve/5d8a71a66de3150009a4fa93/416x416.jpg?background=000000&cropX1=1144&cropX2=2438&cropY1=64&cropY2=1357,278.0,274.0,5800.0,"Chairman, Danaher",False,,
1118,Yao Zhenhua,Yao,yao-zhenhua,yao-zhenhua,,53.0,conglomerate,Diversified,M,China,1617122563332,,,,,,//specials-images.forbesimg.com/imageserve/5a05f1ffa7ea436b47b53301/416x416.jpg?background=000000&cropX1=652&cropX2=1886&cropY1=466&cropY2=1699,279.0,274.0,5800.0,"Chairman, Baoneng Group",False,,
1119,Tom Gores,Gores,tom-gores,tom-gores,-2.287,58.0,private equity,Finance & Investments,M,United States,1681550402482,CA,California,6150.071,425.0,425.0,//specials-images.forbesimg.com/imageserve/5d8a8c6f22254b0008e16078/416x416.jpg?background=000000&cropX1=561&cropX2=3030&cropY1=99&cropY2=2566,280.0,280.0,5700.0,,,,
1120,Ralph Lauren,Lauren,ralph-lauren,ralph-lauren,2.271,83.0,apparel,Fashion & Retail,M,United States,1681550402482,NY,New York,7212.048,331.0,331.0,https://specials-images.forbesimg.com/imageserve/5f4d624c9203e6bccfc46e87/416x416.jpg?background=000000&cropX1=1084&cropX2=2223&cropY1=371&cropY2=1511,281.0,280.0,5700.0,"Chairman, Ralph Lauren",False,,
1121,Ruan Liping,Ruan,ruan-liping,no-pic,-0.755,59.0,power strips,Manufacturing,M,Hong Kong,1681550402482,,,5987.032,444.0,444.0,https://specials-images.forbesimg.com/imageserve/6050f48ca1ab099ed6e290cc/416x416.jpg?background=000000&cropX1=0&cropX2=800&cropY1=0&cropY2=800,282.0,280.0,5700.0,,,,
1122,Ruan Xueping,Ruan,ruan-xueping,no-pic,-0.754,51.0,power strip,Manufacturing,M,Hong Kong,1681550402482,,,5979.509,445.0,445.0,,283.0,280.0,5700.0,,,,
1123,Andreas von Bechtolsheim,von Bechtolsheim,andreas-von-bechtolsheim,andreas-von-bechtolsheim,-44.935,67.0,Google,Technology,M,Germany,1681550402482,CA,California,9501.817,211.0,211.0,//specials-images.forbesimg.com/imageserve/5e761636d8e1ae0007b718e0/416x416.jpg?background=000000&cropX1=240&cropX2=1726&cropY1=407&cropY2=1894,284.0,280.0,5700.0,"Cofounder, Chief Development Officer and Chairman, Arista Networks",False,,
1124,Wang Wenjing,Wang,wang-wenjing,wang-wenjing,-8.387,58.0,business software,Technology,M,China,1681550402482,,,4271.445,684.0,684.0,https://specials-images.forbesimg.com/imageserve/6182e3452d967cb41de9678c/416x416.jpg?background=000000&cropX1=1142&cropX2=2689&cropY1=328&cropY2=1873,285.0,280.0,5700.0,,,,
1125,Mike Adenuga,Adenuga,mike-adenuga,mike-adenuga,0.0,69.0,"telecom, oil",Diversified,M,Nigeria,1681550402482,,,6116.031,429.0,429.0,//specials-images.forbesimg.com/imageserve/5c33a1a6a7ea4364f49fc5a6/416x416.jpg?background=000000&cropX1=18&cropX2=3978&cropY1=9&cropY2=3972,286.0,286.0,5600.0,,,,
1126,Maria Asuncion Aramburuzabala,Aramburuzabala,maria-asuncion-aramburuzabala,maria-asuncion-aramburuzabala,0.0,59.0,"beer, investments",Food & Beverage,F,Mexico,1681550402482,,,6251.05,420.0,420.0,//specials-images.forbesimg.com/imageserve/5e76f7b2d8e1ae0007b727e2/416x416.jpg?background=000000&cropX1=1710&cropX2=3155&cropY1=282&cropY2=1726,287.0,286.0,5600.0,,,,
1127,George Kaiser,Kaiser,george-kaiser,george-kaiser,-89.235,80.0,"oil & gas, banking",Energy,M,United States,1681550402482,OK,Oklahoma,12992.002,140.0,140.0,//specials-images.forbesimg.com/imageserve/5ba439ef31358e5690cd9d73/416x416.jpg?background=000000&cropX1=2031&cropX2=5125&cropY1=15&cropY2=3107,288.0,286.0,5600.0,"Chairman, BOK Financial",False,,
1128,Law Kar Po,Law,law-kar-po,law-kar-po,0.0,74.0,real estate,Real Estate,M,Hong Kong,1681550402482,,,6956.738,351.0,351.0,https://specials-images.forbesimg.com/imageserve/60352d6353fe983e44f83a36/416x416.jpg?background=000000&cropX1=93&cropX2=909&cropY1=78&cropY2=894,289.0,286.0,5600.0,,,,
1129,Pham Nhat Vuong,Pham,pham-nhat-vuong,pham-nhat-vuong,-7.34,54.0,diversified,Diversified,M,Vietnam,1681550402482,,,4308.364,669.0,669.0,//specials-images.forbesimg.com/imageserve/5e77ffa2c7b02d000666e2fb/416x416.jpg?background=000000&cropX1=686&cropX2=2386&cropY1=947&cropY2=2648,290.0,286.0,5600.0,,,,
1130,Melker Schorling,Schorling,melker-schorling,melker-schorling,184.797,75.0,investments,Finance & Investments,M,Sweden,1681550402482,,,10519.423,176.0,176.0,//specials-images.forbesimg.com/imageserve/58a289fba7ea431f32197661/416x416.jpg?background=000000&cropX1=0&cropX2=744&cropY1=203&cropY2=947,291.0,286.0,5600.0,,,,
1131,Manuel Villar,Villar,manuel-villar,manuel-villar,-4.489,73.0,real estate,Real Estate,M,Philippines,1681550402482,,,8896.054,235.0,235.0,https://specials-images.forbesimg.com/imageserve/62f2d4d87945f4d41f1d9c76/416x416.jpg?background=000000&cropX1=0&cropX2=880&cropY1=0&cropY2=880,292.0,286.0,5600.0,,,,
1132,Alexander Abramov,Abramov,alexander-abramov,alexander-abramov,0.0,64.0,"steel, mining",Metals & Mining,M,Russia,1681550402482,,,6015.783,439.0,439.0,https://specials-images.forbesimg.com/imageserve/6220f15823d360f397d92ee1/416x416.jpg?background=000000&cropX1=1317&cropX2=2912&cropY1=283&cropY2=1877,293.0,293.0,5500.0,,,,
1133,Antonia Ax:son Johnson,Ax:son Johnson,antonia-axson-johnson,no-pic-female,25.165,79.0,diversified,Diversified,F,Sweden,1681550402482,,,9734.09,199.0,199.0,//specials-images.forbesimg.com/imageserve/5c721c55a7ea431000435142/416x416.jpg?background=000000&cropX1=624&cropX2=2349&cropY1=0&cropY2=1724,294.0,293.0,5500.0,,,,
1134,David Cheriton,Cheriton,david-cheriton,david-cheriton,49.222,72.0,Google,Technology,M,Canada,1681550402482,CA,California,9961.853,192.0,192.0,//specials-images.forbesimg.com/imageserve/5a676a6331358e4955ab6cf1/416x416.jpg?background=000000&cropX1=67&cropX2=347&cropY1=0&cropY2=280,295.0,293.0,5500.0,"Professor, Stanford University",False,,
1135,Terry Gou,Gou,terry-gou,terry-gou,74.351,72.0,electronics,Technology,M,Taiwan,1681550402482,,,7464.455,311.0,311.0,https://specials-images.forbesimg.com/imageserve/62680710a5f2dc4dd7109d4b/416x416.jpg?background=000000&cropX1=1329&cropX2=1978&cropY1=353&cropY2=1003,296.0,293.0,5500.0,"CEO, Hon Hai Precision Industries",False,,
1136,Wolfgang Marguerre,Marguerre,wolfgang-marguerre,wolfgang-marguerre,0.0,81.0,pharmaceuticals,Healthcare,M,Germany,1681550402482,,,5735.749,466.0,466.0,//specials-images.forbesimg.com/imageserve/d4e1b786bed9a846ef47921e722ebb05/416x416.jpg?background=000000&cropX1=0&cropX2=744&cropY1=102&cropY2=846,297.0,293.0,5500.0,,,,
1137,Robert Miller,Miller,robert-miller-1,no-pic,,89.0,retail,Fashion & Retail,M,United Kingdom,1614191767218,,,,,,//specials-images.forbesimg.com/imageserve/5e77f8f7c7b02d000666e220/416x416.jpg?background=000000&cropX1=934&cropX2=3406&cropY1=441&cropY2=2915,298.0,293.0,5500.0,,,,
1138,Sandra Ortega Mera,Ortega Mera,sandra-ortega-mera,sandra-ortega-mera,18.558,54.0,Zara,Fashion & Retail,F,Spain,1681550402482,,,7394.618,323.0,323.0,//specials-images.forbesimg.com/imageserve/cf7804ae82275751814f94dc5378387a/416x416.jpg?background=000000&cropX1=31&cropX2=648&cropY1=15&cropY2=632,299.0,293.0,5500.0,,,,
1139,Tang Shing-bor,Tang,tang-shing-bor,no-pic,,89.0,real estate,Real Estate,M,Hong Kong,1617122623946,,,,,,//specials-images.forbesimg.com/imageserve/5e3c31318b6cf300071e132c/416x416.jpg?background=000000&cropX1=1075&cropX2=1557&cropY1=446&cropY2=928,300.0,293.0,5500.0,,,,
1140,Dennis Washington,Washington,dennis-washington,dennis-washington,0.0,88.0,"construction, mining",Logistics,M,United States,1681550402482,MT,Montana,6381.436,415.0,415.0,//specials-images.forbesimg.com/imageserve/5ba4dae34bbe6f79516f5042/416x416.jpg?background=000000&cropX1=2&cropX2=923&cropY1=2&cropY2=923,301.0,293.0,5500.0,,,,
1141,Hansjoerg Wyss,Wyss,hansjoerg-wyss,hansjoerg-wyss,-17.361,88.0,medical devices,Healthcare,M,Switzerland,1681550402482,WY,Wyoming,5096.83,554.0,554.0,//specials-images.forbesimg.com/imageserve/5a81269031358e4955ad311c/416x416.jpg?background=000000&cropX1=221&cropX2=987&cropY1=38&cropY2=803,302.0,293.0,5500.0,,,,
1142,Eric Yuan,Yuan,eric-yuan,no-pic,-26.817,53.0,video conferencing,Technology,M,United States,1681550402483,CA,California,3460.189,868.0,868.0,//specials-images.forbesimg.com/imageserve/5e88ce29e2bb040006427860/416x416.jpg?background=000000&cropX1=489&cropX2=2675&cropY1=386&cropY2=2573,303.0,293.0,5500.0,"Founder and CEO, Zoom Video Communications",False,,
1143,Giorgio Armani,Armani,giorgio-armani,giorgio-armani,10.305,88.0,luxury goods,Fashion & Retail,M,Italy,1681550402482,,,11621.809,153.0,153.0,//specials-images.forbesimg.com/imageserve/5c783a1ca7ea43100043f081/416x416.jpg?background=000000&cropX1=845&cropX2=1830&cropY1=1429&cropY2=2414,304.0,304.0,5400.0,,,,
1144,Charles Ergen,Ergen,charles-ergen,charles-ergen,-171.283,70.0,satellite TV,Media & Entertainment,M,United States,1681550402483,CO,Colorado,2354.909,1352.0,1352.0,https://specials-images.forbesimg.com/imageserve/5f4e9b86504b236199de396e/416x416.jpg?background=000000&cropX1=655&cropX2=2985&cropY1=0&cropY2=2328,305.0,304.0,5400.0,"Founder and Chairman, DISH Network",False,,
1145,"Edward Johnson, III.",Johnson,edward-johnson-iii,edward-johnson-iii,,92.0,money management,Finance & Investments,M,United States,1617122387271,MA,Massachusetts,,,,//specials-images.forbesimg.com/imageserve/57e5959f4bbe6f24d1f893d4/416x416.jpg?background=000000&cropX1=105&cropX2=617&cropY1=163&cropY2=675,306.0,304.0,5400.0,,,,
1146,Zeng Fangqin,Zeng,zeng-fangqin,no-pic-female,30.077,57.0,smartphone components,Technology,F,China,1681550402483,,,3905.797,751.0,751.0,,307.0,304.0,5400.0,,,,
1147,Silvio Berlusconi,Berlusconi,silvio-berlusconi,silvio-berlusconi,8.034,86.0,media,Diversified,M,Italy,1681550402482,,,7148.264,337.0,337.0,//specials-images.forbesimg.com/imageserve/5e76dba710380d0006fbb8a9/416x416.jpg?background=000000&cropX1=824&cropX2=4013&cropY1=77&cropY2=3265,308.0,308.0,5300.0,,,,
1148,Laurence Graff,Graff,laurence-graff,laurence-graff,0.0,84.0,diamond jewelry,Fashion & Retail,M,United Kingdom,1681550402483,,,3434.0,874.0,874.0,//specials-images.forbesimg.com/imageserve/5c726cd7a7ea431000435442/416x416.jpg?background=000000&cropX1=145&cropX2=1008&cropY1=52&cropY2=915,309.0,308.0,5300.0,,,,
1149,Bruce Kovner,Kovner,bruce-kovner,bruce-kovner,0.0,78.0,hedge funds,Finance & Investments,M,United States,1681550402482,NY,New York,6644.0,393.0,393.0,//specials-images.forbesimg.com/imageserve/5d8a93eb6de3150009a501d1/416x416.jpg?background=000000&cropX1=9&cropX2=1062&cropY1=80&cropY2=1133,310.0,308.0,5300.0,"Founder, Caxton Associates LP",False,,
1150,Lai Meisong,Lai,lai-meisong,no-pic,-20.95,52.0,package delivery,Logistics,M,China,1681550402482,,,6146.895,427.0,427.0,https://specials-images.forbesimg.com/imageserve/6182e6a73379474c09b82194/416x416.jpg?background=000000&cropX1=589&cropX2=1515&cropY1=340&cropY2=1266,311.0,308.0,5300.0,,,,
1151,George Roberts,Roberts,george-roberts,george-roberts,-7.465,79.0,private equity,Finance & Investments,M,United States,1681550402482,CA,California,8358.163,261.0,261.0,//specials-images.forbesimg.com/imageserve/5d8a8a0b6de3150009a500b5/416x416.jpg?background=000000&cropX1=743&cropX2=1994&cropY1=9&cropY2=1259,312.0,308.0,5300.0,,,,
1152,Reinhold Schmieding,Schmieding,reinhold-schmieding,reinhold-schmieding,0.0,68.0,medical devices,Healthcare,M,United States,1681550402482,FL,Florida,7743.764,292.0,292.0,//specials-images.forbesimg.com/imageserve/5d8a751e22254b0008e15d32/416x416.jpg?background=000000&cropX1=2&cropX2=397&cropY1=5&cropY2=400,313.0,308.0,5300.0,,,,
1153,Tsai Eng-meng,Tsai,tsai-eng-meng,tsai-eng-meng,32.72,66.0,"food, beverages",Food & Beverage,M,Taiwan,1681550402482,,,6034.176,434.0,434.0,https://specials-images.forbesimg.com/imageserve/58a0a4eda7ea431f321958b6/416x416.jpg?background=000000&cropX1=0&cropX2=744&cropY1=69&cropY2=813,314.0,308.0,5300.0,,,,
1154,Clive Calder,Calder,clive-calder,clive-calder,0.0,76.0,record label,Media & Entertainment,M,United Kingdom,1681550402482,,,5700.0,471.0,471.0,//specials-images.forbesimg.com/imageserve/5c726e2131358e35dd270216/416x416.jpg?background=000000&cropX1=159&cropX2=978&cropY1=59&cropY2=878,315.0,315.0,5200.0,,,,
1155,Richard Kinder,Kinder,richard-kinder,richard-kinder,10.283,78.0,pipelines,Energy,M,United States,1681550402482,TX,Texas,7484.319,310.0,310.0,//specials-images.forbesimg.com/imageserve/5c76d0e4a7ea43100043cdf2/416x416.jpg?background=000000&cropX1=995&cropX2=3185&cropY1=56&cropY2=2245,316.0,315.0,5200.0,"Chairman and CEO, Kinder Morgan",False,,
1156,Henry Kravis,Kravis,henry-kravis,henry-kravis,-6.74,79.0,private equity,Finance & Investments,M,United States,1681550402482,NY,New York,7614.34,299.0,299.0,https://specials-images.forbesimg.com/imageserve/5f4d5f43aea06441f4b331d6/416x416.jpg?background=000000&cropX1=290&cropX2=1212&cropY1=152&cropY2=1074,317.0,315.0,5200.0,"Co-Chair and Co-CEO, KKR & Co.",False,,
1157,Lin Li,Lin,lin-li,no-pic,24.175,59.0,investments,Finance & Investments,M,China,1681550402482,,,4379.089,657.0,657.0,//specials-images.forbesimg.com/imageserve/58c338ac4bbe6f0e55885d28/416x416.jpg?background=000000&cropX1=0&cropX2=744&cropY1=118&cropY2=862,318.0,315.0,5200.0,,,,
1158,Takahisa Takahara,Takahara,takahisa-takahara,no-pic,0.0,61.0,personal care goods,Fashion & Retail,M,Japan,1681550402482,,,7700.638,294.0,294.0,https://specials-images.forbesimg.com/imageserve/607dca98ba6f331b1c0d3d09/416x416.jpg?background=000000&cropX1=8&cropX2=425&cropY1=8&cropY2=425,319.0,315.0,5200.0,,,,
1159,Micky Arison,Arison,micky-arison,micky-arison,-14.278,73.0,Carnival Cruises,Service,M,United States,1681550402482,FL,Florida,5521.285,496.0,496.0,//specials-images.forbesimg.com/imageserve/5d8a649a22254b0008e15a7a/416x416.jpg?background=000000&cropX1=306&cropX2=2019&cropY1=4&cropY2=1716,320.0,320.0,5100.0,"Chairman and CEO, Carnival",False,,
1160,James Chambers,Chambers,james-chambers,no-pic,0.0,66.0,"media, automotive",Media & Entertainment,M,United States,1681550402482,NY,New York,5521.52,493.0,493.0,,321.0,320.0,5100.0,,,,
1161,Kuldip Singh & Gurbachan Singh Dhingra,Dhingra,kuldip-singh-gurbachan-singh-dhingra,kuldip-singh-gurbachan-singh-dhingra,,,paints,Manufacturing,M,India,1617122421601,,,,,,//specials-images.forbesimg.com/imageserve/9d847c68baaab474610d6f09e72d3aff/416x416.jpg?background=000000&cropX1=0&cropX2=744&cropY1=300&cropY2=1044,322.0,320.0,5100.0,,,,
1162,Du Weimin,Du,weimin-du,no-pic,8.388,59.0,vaccines,Healthcare,M,China,1681550402483,,,1345.341,2176.0,2176.0,https://specials-images.forbesimg.com/imageserve/6050f48ca1ab099ed6e290cc/416x416.jpg?background=000000&cropX1=0&cropX2=800&cropY1=0&cropY2=800,323.0,320.0,5100.0,,,,
1163,Huang Chulong,Huang,chulong-huang,chulong-huang,-1.911,64.0,real estate,Real Estate,M,Canada,1681550402483,,,2232.491,1408.0,1408.0,//specials-images.forbesimg.com/imageserve/5e74458610380d0006bdad2e/416x416.jpg?background=000000&cropX1=283&cropX2=709&cropY1=0&cropY2=426,324.0,320.0,5100.0,,,,
1164,"Paul Tudor Jones, II.",Jones,paul-tudor-jones-ii,paul-tudor-jones-ii,0.0,68.0,hedge funds,Finance & Investments,M,United States,1681550402482,FL,Florida,7535.0,307.0,307.0,//specials-images.forbesimg.com/imageserve/5d8a957e22254b0008e160ed/416x416.jpg?background=000000&cropX1=18&cropX2=706&cropY1=32&cropY2=720,325.0,320.0,5100.0,"Founder, Tudor Investment Corporation",False,500.0,
1165,Katharine Rayner,Rayner,katharine-rayner,no-pic-female,0.0,78.0,"media, automotive",Media & Entertainment,F,United States,1681550402482,NY,New York,5521.52,493.0,494.0,//specials-images.forbesimg.com/imageserve/5ba4da0131358e5690cda4e8/416x416.jpg?background=000000&cropX1=10&cropX2=1436&cropY1=27&cropY2=1452,326.0,320.0,5100.0,,,,
1166,Margaretta Taylor,Taylor,margaretta-taylor,no-pic-female,0.0,81.0,"media, automotive",Media & Entertainment,F,United States,1681550402482,NY,New York,5521.52,493.0,495.0,//specials-images.forbesimg.com/imageserve/5a8d9d5aa7ea431690140467/416x416.jpg?background=000000&cropX1=102&cropX2=840&cropY1=105&cropY2=845,327.0,320.0,5100.0,,,,
1167,Nusli Wadia,Wadia,nusli-wadia,no-pic,0.0,79.0,consumer goods,Food & Beverage,M,India,1681550402483,,,3903.507,752.0,752.0,https://specials-images.forbesimg.com/imageserve/61577562cdbe90edf1235c55/416x416.jpg?background=000000&cropX1=0&cropX2=1684&cropY1=369&cropY2=2053,328.0,320.0,5100.0,,,,
1168,Wang Laichun,Wang,wang-laichun,no-pic-female,7.62,55.0,electronics components,Technology,F,China,1681550402482,,,7775.56,291.0,291.0,https://specials-images.forbesimg.com/imageserve/6182c8e9e8b8313ec4e42480/416x416.jpg?background=000000&cropX1=410&cropX2=1685&cropY1=178&cropY2=1454,329.0,320.0,5100.0,,,,
1169,Christopher Hohn,Hohn,christopher-hohn,christopher-hohn,0.0,56.0,hedge funds,Finance & Investments,M,United Kingdom,1681550402482,,,6748.0,376.0,376.0,//specials-images.forbesimg.com/imageserve/5c7273624bbe6f51818abd52/416x416.jpg?background=000000&cropX1=263&cropX2=1878&cropY1=304&cropY2=1921,330.0,330.0,5000.0,"Founder, The Children's Investment Fund Management",False,,
1170,Bertil Hult,Hult,bertil-hult,bertil-hult,0.0,82.0,education,Service,M,Sweden,1681550402483,,,3125.12,977.0,977.0,//specials-images.forbesimg.com/imageserve/5e7b9ab8d0da5d000715ea7b/416x416.jpg?background=000000&cropX1=1480&cropX2=2960&cropY1=938&cropY2=2419,331.0,330.0,5000.0,,,,
1171,Kwee brothers,Kwee,kwee,kwee,,,Real Estate,Real Estate,M,Singapore,1617122548818,,,,,,//specials-images.forbesimg.com/imageserve/6c8f2163dc502eb7562971f3f311e036/416x416.jpg?background=000000&cropX1=361&cropX2=3071&cropY1=626&cropY2=3338,332.0,330.0,5000.0,,,,
1172,Jay Y. Lee,Lee,jay-y-lee,jay-y-lee,-42.322,54.0,Samsung,Diversified,M,South Korea,1681550402482,,,8368.249,258.0,258.0,https://specials-images.forbesimg.com/imageserve/63c01fc039365dda20c92cf2/416x416.jpg?background=000000&cropX1=0&cropX2=1861&cropY1=37&cropY2=1897,333.0,330.0,5000.0,"Vice Chairman, Samsung Electronics",False,,
1173,Li Ge,Li,li-ge,no-pic,-2.834,56.0,biotech,Healthcare,M,United States,1681550402482,,,5925.17,452.0,452.0,https://specials-images.forbesimg.com/imageserve/5c745e534bbe6f072958dafa/416x416.jpg?background=000000&cropX1=381&cropX2=2000&cropY1=583&cropY2=2203,334.0,330.0,5000.0,,,,
1174,Magdalena Martullo-Blocher,Martullo-Blocher,magdalena-martullo-blocher,magdalena-martullo-blocher,51.909,54.0,chemicals,Manufacturing,F,Switzerland,1681550402482,,,7436.96,315.0,315.0,//specials-images.forbesimg.com/imageserve/5e77d0b2d8e1ae0007b73689/416x416.jpg?background=000000&cropX1=786&cropX2=3139&cropY1=195&cropY2=2549,335.0,330.0,5000.0,,,,
1175,Alexander Otto,Otto,alexander-otto,no-pic,-42.277,55.0,real estate,Real Estate,M,Germany,1681550402482,,,9218.712,220.0,220.0,//specials-images.forbesimg.com/imageserve/5e7611f4c7b02d000666c645/416x416.jpg?background=000000&cropX1=1001&cropX2=5424&cropY1=18&cropY2=4445,336.0,330.0,5000.0,,,,
1176,Terrence Pegula,Pegula,terrence-pegula,terrence-pegula,-0.172,72.0,natural gas,Energy,M,United States,1681550402482,FL,Florida,6702.929,387.0,387.0,//specials-images.forbesimg.com/imageserve/5d8a9e3022254b0008e16181/416x416.jpg?background=000000&cropX1=0&cropX2=3110&cropY1=24&cropY2=3132,337.0,330.0,5000.0,"Owner, Buffalo Sabres",False,,
1177,Nassef Sawiris,Sawiris,nassef-sawiris,nassef-sawiris,42.857,62.0,"construction, chemicals",Construction & Engineering,M,Egypt,1681550402482,,,7571.819,304.0,304.0,https://specials-images.forbesimg.com/imageserve/6009d55aa6075e42a1124d7e/416x416.jpg?background=000000&cropX1=526&cropX2=1546&cropY1=29&cropY2=1049,338.0,330.0,5000.0,,,,
1178,Robert F. Smith,Smith,robert-f-smith,no-pic,0.0,60.0,private equity,Finance & Investments,M,United States,1681550402482,TX,Texas,7977.95,275.0,275.0,//specials-images.forbesimg.com/imageserve/5d8bb07a18444200084e8340/416x416.jpg?background=000000&cropX1=1074&cropX2=3428&cropY1=148&cropY2=2501,339.0,330.0,5000.0,,,,
1179,Wang Laisheng,Wang,wang-laisheng,no-pic,19.53,58.0,electronics components,Technology,M,China,1681550402482,,,7225.189,329.0,329.0,https://specials-images.forbesimg.com/imageserve/6050f48ca1ab099ed6e290cc/416x416.jpg?background=000000&cropX1=0&cropX2=800&cropY1=0&cropY2=800,340.0,330.0,5000.0,,,,
1180,Wee Cho Yaw,Wee,wee-cho-yaw,wee-cho-yaw,35.714,94.0,banking,Finance & Investments,M,Singapore,1681550402482,,,7547.373,306.0,306.0,//specials-images.forbesimg.com/imageserve/5a80f50531358e4955ad2ec8/416x416.jpg?background=000000&cropX1=628&cropX2=3834&cropY1=0&cropY2=3207,341.0,330.0,5000.0,,,,
1181,Daniel Ziff,Ziff,daniel-ziff,daniel-ziff,0.0,51.0,investments,Finance & Investments,M,United States,1681550402482,NY,New York,5700.0,471.0,472.0,//specials-images.forbesimg.com/imageserve/5d8a9c5b22254b0008e16128/416x416.jpg?background=000000&cropX1=42&cropX2=822&cropY1=23&cropY2=803,342.0,330.0,5000.0,,,,
1182,Dirk Ziff,Ziff,dirk-ziff,dirk-ziff,0.0,59.0,investments,Finance & Investments,M,United States,1681550402482,FL,Florida,5700.0,471.0,473.0,//specials-images.forbesimg.com/imageserve/5d8a9ccf6de3150009a502d0/416x416.jpg?background=000000&cropX1=726&cropX2=2857&cropY1=86&cropY2=2216,343.0,330.0,5000.0,,,,
1183,Robert Ziff,Ziff,robert-ziff,robert-ziff,0.0,56.0,investments,Finance & Investments,M,United States,1681550402482,NY,New York,5700.0,471.0,474.0,//specials-images.forbesimg.com/imageserve/a79b15bcfbd8937c1b3ece8bea3b6d8e/416x416.jpg?background=000000&cropX1=2&cropX2=726&cropY1=12&cropY2=736,344.0,330.0,5000.0,,,,
1184,Rahel Blocher,Blocher,rahel-blocher,no-pic-female,51.909,47.0,chemicals,Manufacturing,F,Switzerland,1681550402482,,,7425.709,316.0,316.0,//specials-images.forbesimg.com/imageserve/5c72351a31358e35dd26ff8a/416x416.jpg?background=000000&cropX1=41&cropX2=532&cropY1=34&cropY2=525,345.0,345.0,4900.0,,,,
1185,Robin Li,Li,robin-li,robin-li,-219.696,54.0,internet search,Technology,M,China,1681550402482,,,7517.19,308.0,308.0,https://specials-images.forbesimg.com/imageserve/636e8d16e706e90387611973/416x416.jpg?background=000000&cropX1=979&cropX2=1819&cropY1=114&cropY2=953,346.0,345.0,4900.0,"Founder and CEO, Baidu",False,,
1186,Karen Pritzker,Pritzker,karen-pritzker,karen-pritzker,-8.257,65.0,"hotels, investments",Service,F,United States,1681550402482,CT,Connecticut,5937.217,449.0,449.0,//specials-images.forbesimg.com/imageserve/83fbe5433dfa59f56151a75692d7107d/416x416.jpg?background=000000&cropX1=0&cropX2=744&cropY1=24&cropY2=768,347.0,345.0,4900.0,,,,
1187,Mark Scheinberg,Scheinberg,mark-scheinberg,mark-scheinberg,0.0,49.0,online gambling,Gambling & Casinos,M,Canada,1681550402482,,,5238.7,527.0,527.0,//specials-images.forbesimg.com/imageserve/5c6d4fae31358e1c187f15c0/416x416.jpg?background=000000&cropX1=343&cropX2=4500&cropY1=214&cropY2=4371,348.0,345.0,4900.0,,,,
1188,Chen Dongsheng,Chen,dongsheng-chen,no-pic,0.0,65.0,insurance,Finance & Investments,M,China,1681550402483,,,3911.071,748.0,748.0,https://specials-images.forbesimg.com/imageserve/5c6e3014a7ea43100042ffec/416x416.jpg?background=000000&cropX1=360&cropX2=2267&cropY1=64&cropY2=1970,349.0,349.0,4800.0,,,,
1189,Andreas Halvorsen,Halvorsen,andreas-halvorsen,andreas-halvorsen,0.0,61.0,hedge funds,Finance & Investments,M,Norway,1681550402482,CT,Connecticut,5854.0,454.0,454.0,//specials-images.forbesimg.com/imageserve/5e770248d8e1ae0007b72880/416x416.jpg?background=000000&cropX1=57&cropX2=2601&cropY1=0&cropY2=2543,350.0,349.0,4800.0,"Founding Partner & Chief Executive Officer, Viking Global Investors",False,,
1190,Michael Herz,Herz,michael-herz,michael-herz,-68.469,79.0,coffee,Fashion & Retail,M,Germany,1681550402482,,,6708.081,385.0,385.0,https://specials-images.forbesimg.com/imageserve/6050f48ca1ab099ed6e290cc/416x416.jpg?background=000000&cropX1=0&cropX2=800&cropY1=0&cropY2=800,351.0,349.0,4800.0,,,,
1191,Wolfgang Herz,Herz,wolfgang-herz,no-pic,-68.469,72.0,coffee,Fashion & Retail,M,Germany,1681550402482,,,6708.081,385.0,386.0,https://specials-images.forbesimg.com/imageserve/6050f48ca1ab099ed6e290cc/416x416.jpg?background=000000&cropX1=0&cropX2=800&cropY1=0&cropY2=800,352.0,349.0,4800.0,,,,
1192,Bidzina Ivanishvili,Ivanishvili,bidzina-ivanishvili,bidzina-ivanishvili,0.0,67.0,investments,Finance & Investments,M,Georgia,1681550402482,,,4946.0,571.0,571.0,//specials-images.forbesimg.com/imageserve/5e75a7abc7b02d000666c47e/416x416.jpg?background=000000&cropX1=115&cropX2=1025&cropY1=39&cropY2=949,353.0,349.0,4800.0,,,,
1193,Savitri Jindal,Jindal,savitri-jindal,savitri-jindal,0.0,73.0,steel,Metals & Mining,F,India,1681550402482,,,17467.228,98.0,98.0,//specials-images.forbesimg.com/imageserve/55f77874e4b0ffa7afe4940e/416x416.jpg?background=000000&cropX1=90&cropX2=676&cropY1=53&cropY2=640,354.0,349.0,4800.0,,,,
1194,Pauline MacMillan Keinath,Keinath,pauline-macmillan-keinath,no-pic-female,0.0,89.0,Cargill,Food & Beverage,F,United States,1681550402482,MO,Missouri,6891.797,362.0,362.0,,355.0,349.0,4800.0,,,,
1195,Andrei Kozitsyn,Kozitsyn,andrei-kozitsyn,andrei-kozitsyn,0.0,62.0,metals,Metals & Mining,M,Russia,1681550402482,,,4322.584,666.0,666.0,//specials-images.forbesimg.com/imageserve/5e77774510380d0006fbbd37/416x416.jpg?background=000000&cropX1=1712&cropX2=5050&cropY1=312&cropY2=3648,356.0,349.0,4800.0,,,,
1196,Frank Lowy,Lowy,frank-lowy,frank-lowy,0.0,92.0,shopping malls,Real Estate,M,Australia,1681550402482,,,6023.315,437.0,437.0,//specials-images.forbesimg.com/imageserve/5e73f5382a573300068fc875/416x416.jpg?background=000000&cropX1=0&cropX2=3271&cropY1=6&cropY2=3280,357.0,349.0,4800.0,,,,
1197,Carlos Alberto Sicupira,Sicupira,carlos-alberto-sicupira,no-pic,58.426,75.0,beer,Food & Beverage,M,Brazil,1681550402482,,,9059.144,224.0,224.0,//specials-images.forbesimg.com/imageserve/5a8ddcfd4bbe6f2652f6287e/416x416.jpg?background=000000&cropX1=124&cropX2=661&cropY1=0&cropY2=537,358.0,349.0,4800.0,,,,
1198,Frank Wang,Wang,frank-wang,frank-wang,0.0,42.0,drones,Technology,M,China,1681550402482,,,4300.0,674.0,674.0,//specials-images.forbesimg.com/imageserve/56c6741ee4b062f6b59a13da/416x416.jpg?background=000000&cropX1=10&cropX2=665&cropY1=6&cropY2=662,359.0,349.0,4800.0,"Founder and CEO, DJI Technology Co.",False,,
1199,Sam Zell,Zell,sam-zell,sam-zell,-21.593,81.0,"real estate, private equity",Real Estate,M,United States,1681550402482,IL,Illinois,5225.119,531.0,531.0,//specials-images.forbesimg.com/imageserve/5efcbaa10f34010007451ef7/416x416.jpg?background=000000&cropX1=149&cropX2=1355&cropY1=446&cropY2=1652,360.0,349.0,4800.0,,,,
1200,Rene Benko,Benko,rene-benko,no-pic,0.0,46.0,"real estate, retail",Real Estate,M,Austria,1681550402482,,,6150.077,424.0,424.0,//specials-images.forbesimg.com/imageserve/5e741d5a10380d0006bdab99/416x416.jpg?background=000000&cropX1=884&cropX2=2726&cropY1=44&cropY2=1885,361.0,361.0,4700.0,,,,
1201,Laurent Dassault,Dassault,laurent-dassault,no-pic,-35.348,69.0,diversified,Diversified,M,France,1681550402482,,,8684.483,243.0,243.0,//specials-images.forbesimg.com/imageserve/5e75a0c1d8e1ae0007b716a3/416x416.jpg?background=000000&cropX1=1483&cropX2=4389&cropY1=26&cropY2=2930,362.0,361.0,4700.0,,,,
1202,Olivier Dassault,Dassault,olivier-dassault,no-pic,,71.0,diversified,Diversified,M,France,1615148430579,,,,,,//specials-images.forbesimg.com/imageserve/5e75a40710380d0006fbaa09/416x416.jpg?background=000000&cropX1=877&cropX2=3205&cropY1=209&cropY2=2538,363.0,361.0,4700.0,,,,
1203,Thierry Dassault,Dassault,thierry-dassault,no-pic,-35.348,66.0,diversified,Diversified,M,France,1681550402482,,,8684.483,243.0,244.0,//specials-images.forbesimg.com/imageserve/5e75a62ac7b02d000666c473/416x416.jpg?background=000000&cropX1=0&cropX2=3712&cropY1=382&cropY2=4097,364.0,361.0,4700.0,,,,
1204,Jim Davis,Davis,jim-davis,jim-davis,1.84,79.0,New Balance,Manufacturing,M,United States,1681550402482,MA,Massachusetts,4878.579,579.0,579.0,//specials-images.forbesimg.com/imageserve/5efb573b222b100007dd146e/416x416.jpg?background=000000&cropX1=238&cropX2=1120&cropY1=163&cropY2=1045,365.0,361.0,4700.0,"Chairman, New Balance",False,,
1205,Stanley Druckenmiller,Druckenmiller,stanley-druckenmiller,stanley-druckenmiller,0.0,69.0,hedge funds,Finance & Investments,M,United States,1681550402482,NY,New York,6400.0,411.0,411.0,//specials-images.forbesimg.com/imageserve/5d8a9ea218444200084e6e8b/416x416.jpg?background=000000&cropX1=1229&cropX2=3892&cropY1=6&cropY2=2667,366.0,361.0,4700.0,"Founder, Duquesne Family Office",False,,
1206,Marie-Hélène Habert,Habert,marie-helene-habert-dassault,no-pic-female,-35.349,58.0,diversified,Diversified,F,France,1681550402482,,,8640.699,245.0,245.0,//specials-images.forbesimg.com/imageserve/5c6f874da7ea431000431feb/416x416.jpg?background=000000&cropX1=116&cropX2=628&cropY1=96&cropY2=609,367.0,361.0,4700.0,,,,
1207,Jensen Huang,Huang,jensen-huang-1,no-pic,256.883,60.0,semiconductors,Technology,M,United States,1681550402482,CA,California,24243.911,64.0,64.0,//specials-images.forbesimg.com/imageserve/5bc505a331358e59f57abeb9/416x416.jpg?background=000000&cropX1=553&cropX2=3255&cropY1=212&cropY2=2912,368.0,361.0,4700.0,"CEO & President, NVIDIA",False,,
1208,Ananda Krishnan,Krishnan,ananda-krishnan,ananda-krishnan,7.881,85.0,"telecoms, media, oil-services",Telecom,M,Malaysia,1681550402482,,,5548.664,488.0,488.0,//specials-images.forbesimg.com/imageserve/5c70f35031358e35dd26eedf/416x416.jpg?background=000000&cropX1=311&cropX2=1689&cropY1=7&cropY2=1384,369.0,361.0,4700.0,,,,
1209,Fredrik Lundberg,Lundberg,fredrik-lundberg,fredrik-lundberg,55.989,71.0,"real estate, investments",Real Estate,M,Sweden,1681550402482,,,6042.643,432.0,432.0,//specials-images.forbesimg.com/imageserve/5c7221af4bbe6f51818ab8bd/416x416.jpg?background=000000&cropX1=8&cropX2=2047&cropY1=0&cropY2=2040,370.0,361.0,4700.0,,,,
1210,Wolfgang Reimann,Reimann,wolfgang-reimann,no-pic,0.0,70.0,consumer goods,Fashion & Retail,M,Germany,1681550402482,,,5405.444,506.0,506.0,,371.0,361.0,4700.0,,,,
1211,Matthias Reimann-Andersen,Reimann-Andersen,matthias-reimann-andersen,no-pic,0.0,58.0,consumer goods,Fashion & Retail,M,Germany,1681550402482,,,5405.441,507.0,507.0,,372.0,361.0,4700.0,,,,
1212,Stefan Reimann-Andersen,Reimann-Andersen,stefan-reimann-andersen,no-pic,0.0,59.0,consumer goods,Fashion & Retail,M,Germany,1681550402482,,,5405.441,507.0,509.0,,373.0,361.0,4700.0,,,,
1213,Renate Reimann-Haas,Reimann-Haas,renate-reimann-haas,no-pic-female,0.0,71.0,consumer goods,Fashion & Retail,F,Germany,1681550402482,,,5405.441,507.0,508.0,,374.0,361.0,4700.0,,,,
1214,Pyotr Aven,Aven,pyotr-aven,pyotr-aven,3.778,68.0,"oil, banking, telecom",Energy,M,Russia,1681550402482,,,4240.865,688.0,688.0,https://specials-images.forbesimg.com/imageserve/622a50ed0ab694aca8e6e781/416x416.jpg?background=000000&cropX1=1157&cropX2=2565&cropY1=30&cropY2=1437,375.0,375.0,4600.0,,,,
1215,Arthur Blank,Blank,arthur-blank,arthur-blank,0.48,80.0,Home Depot,Sports,M,United States,1681550402482,GA,Georgia,7597.18,301.0,301.0,//specials-images.forbesimg.com/imageserve/5d8a8cc56de3150009a50133/416x416.jpg?background=000000&cropX1=310&cropX2=4009&cropY1=16&cropY2=3712,376.0,375.0,4600.0,"Chairman, Atlanta Falcons",False,,
1216,Charles Dolan,Dolan,charles-dolan,charles-dolan,-29.986,96.0,cable television,Media & Entertainment,M,United States,1681550402482,NY,New York,4626.373,614.0,614.0,//specials-images.forbesimg.com/imageserve/04bf8bc05f398814c72260b756b2fc5a/416x416.jpg?background=000000&cropX1=0&cropX2=744&cropY1=39&cropY2=783,377.0,375.0,4600.0,"Chairman and Founder, Cablevision Systems Corp.",False,,
1217,Joe Lewis,Lewis,joe-lewis,joe-lewis,5.005,86.0,investments,Finance & Investments,M,United Kingdom,1681550402482,,,6041.112,433.0,433.0,//specials-images.forbesimg.com/imageserve/2d5e4df45e57233fed043051652af0b8/416x416.jpg?background=000000&cropX1=124&cropX2=2188&cropY1=0&cropY2=2066,378.0,375.0,4600.0,,,,
1218,George Lucas,Lucas,george-lucas,george-lucas,-20.432,78.0,Star Wars,Media & Entertainment,M,United States,1681550402482,CA,California,5120.541,544.0,544.0,https://specials-images.forbesimg.com/imageserve/5f4d5df48198540283b331d8/416x416.jpg?background=000000&cropX1=358&cropX2=2199&cropY1=116&cropY2=1956,379.0,375.0,4600.0,,,,
1219,Bernard Marcus,Marcus,bernard-marcus,bernard-marcus,1.0,93.0,Home Depot,Fashion & Retail,M,United States,1681550402482,GA,Georgia,8172.95,267.0,267.0,//specials-images.forbesimg.com/imageserve/5d8a76f66de3150009a4fb47/416x416.jpg?background=000000&cropX1=1374&cropX2=4427&cropY1=8&cropY2=3059,380.0,375.0,4600.0,"Co-founder, ex chairman of the board, Home Depot",False,,
1220,Johann Rupert,Rupert,johann-rupert,johann-rupert,323.286,72.0,luxury goods,Fashion & Retail,M,South Africa,1681550402482,,,11926.039,150.0,150.0,//specials-images.forbesimg.com/imageserve/5e77abf210380d0006fbc437/416x416.jpg?background=000000&cropX1=69&cropX2=901&cropY1=177&cropY2=1009,381.0,375.0,4600.0,,,,
1221,Jeff Skoll,Skoll,jeff-skoll,jeff-skoll,6.91,58.0,eBay,Technology,M,United States,1681550402482,CA,California,4246.162,687.0,687.0,https://specials-images.forbesimg.com/imageserve/59d7e2474bbe6f37dda01fd9/416x416.jpg?background=000000&cropX1=1339&cropX2=4485&cropY1=329&cropY2=3477,382.0,375.0,4600.0,,,,
1222,Robert Bass,Bass,robert-bass,robert-bass,1.842,75.0,"oil, investments",Energy,M,United States,1681550402482,TX,Texas,5078.387,557.0,557.0,//specials-images.forbesimg.com/imageserve/eb763e0ce54b28d44f850ffb6cfba5f2/416x416.jpg?background=000000&cropX1=0&cropX2=672&cropY1=3&cropY2=675,383.0,383.0,4500.0,,,,
1223,Che Jianxing,Che,jianxing-che,no-pic,-14.85,56.0,furniture retailing,Fashion & Retail,M,China,1681550402483,,,1864.617,1667.0,1667.0,https://specials-images.forbesimg.com/imageserve/61a52212402ed8086d7a1ac9/416x416.jpg?background=000000&cropX1=0&cropX2=800&cropY1=0&cropY2=800,384.0,383.0,4500.0,,,,
1224,Larry Xiangdong Chen,Chen,larry-xiangdong-chen,no-pic,,51.0,education,Service,M,China,1617122382231,,,,,,https://specials-images.forbesimg.com/imageserve/603e8f5d4a2df75cef4fb25a/416x416.jpg?background=000000&cropX1=0&cropX2=800&cropY1=0&cropY2=800,385.0,383.0,4500.0,,,,
1225,Denise Coates,Coates,denise-coates,denise-coates,0.0,55.0,online gambling,Gambling & Casinos,F,United Kingdom,1681550402482,,,7052.796,340.0,340.0,//specials-images.forbesimg.com/imageserve/5a8157de4bbe6f2652f547d0/416x416.jpg?background=000000&cropX1=360&cropX2=1255&cropY1=134&cropY2=1029,386.0,383.0,4500.0,,,,
1226,"Chase Coleman, III.",Coleman,chase-coleman-iii,chase-coleman-iii,0.0,47.0,hedge fund,Finance & Investments,M,United States,1681550402482,NY,New York,8529.0,250.0,250.0,//specials-images.forbesimg.com/imageserve/59d6653f31358e542c035e9c/416x416.jpg?background=000000&cropX1=1057&cropX2=2137&cropY1=315&cropY2=1396,387.0,383.0,4500.0,"Founder, Tiger Global Management",False,450.0,
1227,Rocco Commisso,Commisso,rocco-commisso,no-pic,0.0,73.0,telecom,Telecom,M,United States,1681550402482,NJ,New Jersey,7814.499,287.0,287.0,https://specials-images.forbesimg.com/imageserve/61687a70a06c6b75c64d8642/416x416.jpg?background=000000&cropX1=1156&cropX2=1845&cropY1=502&cropY2=1191,388.0,383.0,4500.0,,,,
1228,Tamara Gustavson,Gustavson,tamara-gustavson,no-pic-female,-249.127,61.0,self storage,Service,F,United States,1681550402482,KY,Kentucky,7356.388,324.0,324.0,,389.0,383.0,4500.0,,,,
1229,Huang Shilin,Huang,huang-shilin,no-pic,336.044,56.0,batteries,Energy,M,China,1681550402482,,,15074.976,118.0,118.0,,390.0,383.0,4500.0,,,,
1230,James Irving,Irving,james-irving-1,james-irving-1,0.0,95.0,diversified,Diversified,M,Canada,1681550402482,,,5629.464,477.0,477.0,//specials-images.forbesimg.com/imageserve/5c40a13c31358e6b3732dc5b/416x416.jpg?background=000000&cropX1=954&cropX2=2985&cropY1=1547&cropY2=3579,391.0,383.0,4500.0,,,,
1231,Edwin Leong,Leong,edwin-leong,edwin-leong,0.0,71.0,real estate,Real Estate,M,Hong Kong,1681550402483,,,3622.785,823.0,823.0,https://specials-images.forbesimg.com/imageserve/63efe67dd6f4d7a45fafaaf0/416x416.jpg?background=000000&cropX1=67&cropX2=852&cropY1=36&cropY2=821,392.0,383.0,4500.0,,,,
1232,Hiroshi Mikitani,Mikitani,hiroshi-mikitani,hiroshi-mikitani,74.392,58.0,online retail,Fashion & Retail,M,Japan,1681550402483,,,3507.101,850.0,850.0,https://specials-images.forbesimg.com/imageserve/607dcdcca333763de5e0b999/416x416.jpg?background=000000&cropX1=20&cropX2=2809&cropY1=8&cropY2=2797,393.0,383.0,4500.0,,,,
1233,Sergei Popov,Popov,sergei-popov,sergei-popov,0.0,51.0,banking,Finance & Investments,M,Russia,1681550402483,,,3098.613,985.0,985.0,//specials-images.forbesimg.com/imageserve/5c8ba16931358e35dd291d48/416x416.jpg?background=000000&cropX1=103&cropX2=384&cropY1=38&cropY2=319,394.0,383.0,4500.0,,,,
1234,Teddy Sagi,Sagi,teddy-sagi,teddy-sagi,0.0,51.0,gambling software,Gambling & Casinos,M,Israel,1681550402482,,,5558.494,486.0,486.0,//specials-images.forbesimg.com/imageserve/58a2357231358e1a35ab4fc2/416x416.jpg?background=000000&cropX1=81&cropX2=566&cropY1=77&cropY2=562,395.0,383.0,4500.0,,,,
1235,Friede Springer,Springer,friede-springer,friede-springer,0.0,80.0,publishing,Media & Entertainment,F,Germany,1681550402483,,,3153.335,966.0,966.0,//specials-images.forbesimg.com/imageserve/5e7624e2c7b02d000666c7a6/416x416.jpg?background=000000&cropX1=1201&cropX2=4255&cropY1=254&cropY2=3306,396.0,383.0,4500.0,,,,
1236,Leonard Stern,Stern,leonard-stern,leonard-stern,0.0,85.0,real estate,Real Estate,M,United States,1681550402482,NY,New York,7557.042,305.0,305.0,//specials-images.forbesimg.com/imageserve/5ba51c13a7ea434e4c695a28/416x416.jpg?background=000000&cropX1=192&cropX2=1728&cropY1=164&cropY2=1700,397.0,383.0,4500.0,"Chairman and CEO, Hartz Mountain Industries, Inc.",False,,
1237,Tim Sweeney,Sweeney,tim-sweeney,no-pic,0.0,52.0,video games,Media & Entertainment,M,United States,1681550402482,NC,North Carolina,4689.935,602.0,602.0,https://specials-images.forbesimg.com/imageserve/5f4d56fc32cd442c9badd820/416x416.jpg?background=000000&cropX1=0&cropX2=4004&cropY1=0&cropY2=4003,398.0,383.0,4500.0,,,,
1238,Wang Liping,Wang,wang-liping,no-pic,-123.36,57.0,hydraulic machinery,Manufacturing,M,China,1681550402482,,,8837.376,236.0,236.0,,399.0,383.0,4500.0,,,,
1239,Wang Zhenhua,Wang,wang-zhenhua,no-pic,-49.898,61.0,real estate,Real Estate,M,China,1681550402483,,,2254.701,1393.0,1393.0,https://specials-images.forbesimg.com/imageserve/5dc0b3455e338c0006623812/416x416.jpg?background=000000&cropX1=462&cropX2=1778&cropY1=613&cropY2=1930,400.0,383.0,4500.0,,,,
1240,Jean-Michel Besnier,Besnier,jean-michel-besnier,jean-michel-besnier,0.0,55.0,cheese,Food & Beverage,M,France,1681550402482,,,7944.808,277.0,277.0,//specials-images.forbesimg.com/imageserve/5a953ea1a7ea434a0c275f32/416x416.jpg?background=000000&cropX1=756&cropX2=2664&cropY1=0&cropY2=1906,401.0,401.0,4400.0,,,,
1241,Marie Besnier Beauvalot,Besnier Beauvalot,marie-besnier-beauvalot,no-pic-female,0.0,42.0,cheese,Food & Beverage,F,France,1681550402482,,,7944.808,277.0,278.0,,402.0,401.0,4400.0,,,,
1242,Guo Guangchang,Guo,guangchang-guo,guangchang-guo,82.785,56.0,conglomerate,Diversified,M,China,1681550402483,,,3863.819,759.0,759.0,https://specials-images.forbesimg.com/imageserve/5c6e1e8631358e35dd26b182/416x416.jpg?background=000000&cropX1=950&cropX2=4449&cropY1=0&cropY2=3497,403.0,401.0,4400.0,,,,
1243,Antti Herlin,Herlin,antti-herlin,antti-herlin,83.365,66.0,"elevators, escalators",Manufacturing,M,Finland,1681550402482,,,4391.236,655.0,655.0,//specials-images.forbesimg.com/imageserve/5e7596edc7b02d000666c442/416x416.jpg?background=000000&cropX1=352&cropX2=779&cropY1=0&cropY2=427,404.0,401.0,4400.0,,,,
1244,Ray Lee Hunt,Hunt,ray-lee-hunt,ray-lee-hunt,0.0,80.0,"oil, real estate",Energy,M,United States,1681550402482,TX,Texas,5628.31,479.0,479.0,//specials-images.forbesimg.com/imageserve/5d8a942e6de3150009a501d4/416x416.jpg?background=000000&cropX1=56&cropX2=3199&cropY1=63&cropY2=3204,405.0,401.0,4400.0,,,,
1245,Martha Ingram,Ingram,martha-ingram,martha-ingram,0.0,87.0,"book distribution, transportation",Media & Entertainment,F,United States,1681550402483,TN,Tennessee,3811.991,774.0,774.0,//specials-images.forbesimg.com/imageserve/5ba50d1fa7ea434e4c6957dc/416x416.jpg?background=000000&cropX1=15&cropX2=1515&cropY1=5&cropY2=1507,406.0,401.0,4400.0,"Former Chairman, Ingram Industries",False,,
1246,Marc Ladreit de Lacharriere,Ladreit de Lacharriere,marc-ladreit-de-lacharriere,marc-ladreit-de-lacharriere,0.0,82.0,finance,Finance & Investments,M,France,1681550402482,,,4307.335,670.0,670.0,//specials-images.forbesimg.com/imageserve/5e75a13910380d0006fba9c0/416x416.jpg?background=000000&cropX1=97&cropX2=1439&cropY1=31&cropY2=1373,407.0,401.0,4400.0,,,,
1247,Richard Li,Li,richard-li,richard-li,-9.881,56.0,telecom,Telecom,M,Hong Kong,1681550402482,,,4657.359,608.0,608.0,https://specials-images.forbesimg.com/imageserve/63efe43a248709003db8d5b0/416x416.jpg?background=000000&cropX1=937&cropX2=3496&cropY1=109&cropY2=2667,408.0,401.0,4400.0,,,,
1248,"Robert Rich, Jr.",Rich,robert-rich-jr,robert-rich-jr,0.0,82.0,frozen foods,Food & Beverage,M,United States,1681550402482,FL,Florida,5233.7,529.0,529.0,//specials-images.forbesimg.com/imageserve/30280b1006a2e237496205f17ab820a9/416x416.jpg?background=000000&cropX1=24&cropX2=704&cropY1=42&cropY2=722,409.0,401.0,4400.0,,,,
1249,"Julian Robertson, Jr.",Robertson,julian-robertson-jr,julian-robertson-jr,,90.0,hedge funds,Finance & Investments,M,United States,1617122650500,NY,New York,,,,//specials-images.forbesimg.com/imageserve/59d7ee3131358e542c036e4e/416x416.jpg?background=000000&cropX1=48&cropX2=666&cropY1=109&cropY2=727,410.0,401.0,4400.0,,,,
1250,"Walter Scott, Jr.",Scott,walter-scott-jr,walter-scott-jr,,91.0,"utilities, telecom",Energy,M,United States,1617122592717,NE,Nebraska,,,,https://specials-images.forbesimg.com/imageserve/5f4d53e5d4284d5bf7d91820/416x416.jpg?background=000000&cropX1=452&cropX2=1160&cropY1=50&cropY2=757,411.0,401.0,4400.0,"Chairman, Level 3 Communications Inc.",False,,
1251,Georg Stumpf,Stumpf,georg-stumpf,no-pic,0.0,50.0,"real estate, construction",Diversified,M,Austria,1681550402482,,,9001.905,226.0,226.0,https://specials-images.forbesimg.com/imageserve/624cbc33807cbaccbcea5453/416x416.jpg?background=000000&cropX1=568&cropX2=1380&cropY1=224&cropY2=1037,412.0,401.0,4400.0,,,,
1252,Wang Chuanfu,Wang,wang-chuanfu,wang-chuanfu,244.492,57.0,"batteries, automobiles",Automotive,M,China,1681550402482,,,19157.727,85.0,85.0,//specials-images.forbesimg.com/imageserve/5dc0d6ac5e338c00066239e2/416x416.jpg?background=000000&cropX1=2491&cropX2=3773&cropY1=847&cropY2=2130,413.0,401.0,4400.0,,,,
1253,Jeronimo Arango,Arango,jeronimo-arango,no-pic,,96.0,retail,Fashion & Retail,M,Mexico,1616649654473,CA,California,,,,,414.0,414.0,4300.0,,,,
1254,Juan Francisco Beckmann Vidal,Beckmann Vidal,juan-francisco-beckmann-vidal,no-pic,,83.0,tequila,Food & Beverage,M,Mexico,1617669592146,,,,,,//specials-images.forbesimg.com/imageserve/5c70f8d5a7ea431000434133/416x416.jpg?background=000000&cropX1=30&cropX2=2172&cropY1=107&cropY2=2250,415.0,414.0,4300.0,,,,
1255,Alexandre Behring,Behring,alexandre-behring,no-pic,8.302,56.0,investments,Finance & Investments,M,Brazil,1681550402482,CT,Connecticut,5486.303,501.0,501.0,,416.0,414.0,4300.0,,,,
1256,Dona Bertarelli,Bertarelli,dona-bertarelli,dona-bertarelli,-0.003,55.0,biotech,Diversified,F,Switzerland,1681550402482,,,5072.093,559.0,559.0,//specials-images.forbesimg.com/imageserve/c1dbd4fa31b702a401ff195c647b54e4/416x416.jpg?background=000000&cropX1=0&cropX2=744&cropY1=73&cropY2=817,417.0,414.0,4300.0,,,,
1257,Mark Cuban,Cuban,mark-cuban,mark-cuban,-0.003,64.0,online media,Media & Entertainment,M,United States,1681550402482,TX,Texas,5106.838,551.0,551.0,https://specials-images.forbesimg.com/imageserve/632e1e3a4019629f2fdd5380/416x416.jpg?background=000000&cropX1=0&cropX2=1681&cropY1=221&cropY2=1903,418.0,414.0,4300.0,"Owner, Dallas Mavericks",False,,
1258,Tilman Fertitta,Fertitta,tilman-fertitta,tilman-fertitta,2.111,65.0,"Houston Rockets, entertainment",Food & Beverage,M,United States,1681550402482,TX,Texas,8146.783,269.0,269.0,https://specials-images.forbesimg.com/imageserve/615b17659c4ca3fd706b1a5d/416x416.jpg?background=000000&cropX1=0&cropX2=1877&cropY1=621&cropY2=2499,419.0,414.0,4300.0,"Chairman and CEO, Landry's",False,,
1259,Sri Prakash Lohia,Lohia,sri-prakash-lohia,sri-prakash-lohia,-1.228,70.0,petrochemicals,Manufacturing,M,Indonesia,1681550402482,,,7412.584,318.0,318.0,//specials-images.forbesimg.com/imageserve/5c083c8b4bbe6f0f2aa15ed5/416x416.jpg?background=000000&cropX1=179&cropX2=879&cropY1=26&cropY2=726,420.0,414.0,4300.0,,,,
1260,Jim Pattison,Pattison,jim-pattison,jim-pattison,-20.099,94.0,diversified,Diversified,M,Canada,1681550402482,,,9880.145,195.0,195.0,//specials-images.forbesimg.com/imageserve/5e74463d2a573300068fcd8d/416x416.jpg?background=000000&cropX1=411&cropX2=2016&cropY1=97&cropY2=1702,421.0,414.0,4300.0,"Founder, Chairman and CEO, Jim Pattison Group",False,,
1261,John A. Sobrato,Sobrato,john-a-sobrato,john-a-sobrato,0.0,83.0,real estate,Real Estate,M,United States,1681550402482,CA,California,6729.577,381.0,381.0,//specials-images.forbesimg.com/imageserve/47d41e6a7ea49d31cbada544a1ce4e5b/416x416.jpg?background=000000&cropX1=3&cropX2=744&cropY1=134&cropY2=875,422.0,414.0,4300.0,"Founder and Chairman, Sobrato Development Cos.",False,,
1262,Ronda Stryker,Stryker,ronda-stryker,ronda-stryker,3.226,68.0,medical equipment,Healthcare,F,United States,1681550402482,MI,Michigan,7456.882,313.0,313.0,//specials-images.forbesimg.com/imageserve/55fa1ca9e4b0ffa7afe4ad5a/416x416.jpg?background=000000&cropX1=0&cropX2=744&cropY1=81&cropY2=825,423.0,414.0,4300.0,,,,
1263,Murat Ulker,Ulker,murat-ulker,murat-ulker,6.765,64.0,food,Food & Beverage,M,Turkey,1681550402482,,,5093.321,555.0,555.0,//specials-images.forbesimg.com/imageserve/97fc228669c9fca0e18d1de9ab1f9021/416x416.jpg?background=000000&cropX1=47&cropX2=683&cropY1=82&cropY2=719,424.0,414.0,4300.0,,,,
1264,Zhou Hongyi,Zhou,hongyi-zhou,no-pic,-42.559,52.0,security software,Technology,M,China,1681550402483,,,2363.716,1347.0,1347.0,https://specials-images.forbesimg.com/imageserve/6050f48ca1ab099ed6e290cc/416x416.jpg?background=000000&cropX1=0&cropX2=800&cropY1=0&cropY2=800,425.0,414.0,4300.0,,,,
1265,Bajaj brothers,Bajaj,bajaj-brothers,no-pic,,,diversified,Diversified,M,India,1644669535692,,,,,,//specials-images.forbesimg.com/imageserve/5e76608f10380d0006fbb1e6/416x416.jpg?background=000000&cropX1=40&cropX2=873&cropY1=57&cropY2=890,426.0,426.0,4200.0,,,,
1266,Stephen Bisciotti,Bisciotti,stephen-bisciotti,stephen-bisciotti,0.0,63.0,"staffing, Baltimore Ravens",Sports,M,United States,1681550402482,MD,Maryland,6446.345,408.0,408.0,//specials-images.forbesimg.com/imageserve/5d8aa1a818444200084e6eb6/416x416.jpg?background=000000&cropX1=524&cropX2=3215&cropY1=11&cropY2=2700,427.0,426.0,4200.0,"Owner, Baltimore Ravens",False,,
1267,Ashwin Dani,Dani,ashwin-dani,ashwin-dani,0.0,80.0,paints,Manufacturing,M,India,1681550402482,,,6938.575,356.0,356.0,//specials-images.forbesimg.com/imageserve/5d9f4aba793bd50006ea41fc/416x416.jpg?background=000000&cropX1=11&cropX2=1246&cropY1=16&cropY2=1252,428.0,426.0,4200.0,,,,
1268,Charles B. Johnson,Johnson,charles-b-johnson,no-pic,-16.257,90.0,money management,Finance & Investments,M,United States,1681550402482,FL,Florida,5043.71,562.0,562.0,//specials-images.forbesimg.com/imageserve/5d8a9df322254b0008e1617b/416x416.jpg?background=000000&cropX1=227&cropX2=1037&cropY1=290&cropY2=1100,429.0,426.0,4200.0,"Former Chairman and CEO, Franklin Resources",False,,
1269,Theo Mueller,Mueller,theo-mueller,theo-mueller,0.0,83.0,dairy,Food & Beverage,M,Germany,1681550402482,,,4637.649,610.0,610.0,//specials-images.forbesimg.com/imageserve/56c9c404e4b062f6b59a2a66/416x416.jpg?background=000000&cropX1=45&cropX2=601&cropY1=29&cropY2=585,430.0,426.0,4200.0,,,,
1270,John Paulson,Paulson,john-paulson,john-paulson,0.0,67.0,hedge funds,Finance & Investments,M,United States,1681550402483,NY,New York,3000.0,1024.0,1024.0,https://specials-images.forbesimg.com/imageserve/5f4975e7275f56b29858e438/416x416.jpg?background=000000&cropX1=1219&cropX2=3947&cropY1=39&cropY2=2765,431.0,426.0,4200.0,"Founder, Paulson & Co. Inc.",False,,
1271,Issad Rebrab,Rebrab,issad-rebrab,issad-rebrab,0.0,79.0,food,Food & Beverage,M,Algeria,1681550402482,,,4602.0,621.0,621.0,//specials-images.forbesimg.com/imageserve/5e73ce0910380d0006bda3b0/416x416.jpg?background=000000&cropX1=1035&cropX2=3522&cropY1=0&cropY2=2487,432.0,426.0,4200.0,,,,
1272,Sheldon Solow,Solow,sheldon-solow,sheldon-solow,,94.0,real estate,Real Estate,M,United States,1605660205401,NY,New York,,,,//specials-images.forbesimg.com/imageserve/59d7c3ae31358e542c036bec/416x416.jpg?background=000000&cropX1=405&cropX2=1571&cropY1=69&cropY2=1235,433.0,426.0,4200.0,,,,
1273,David Sun,Sun,david-sun,david-sun,0.0,71.0,computer hardware,Technology,M,United States,1681550402482,CA,California,6650.7,392.0,392.0,//specials-images.forbesimg.com/imageserve/56dbf33ff9a34972aa0637c95ea9c36b/416x416.jpg?background=000000&cropX1=0&cropX2=744&cropY1=85&cropY2=829,434.0,426.0,4200.0,"COO, Kingston Technology Corporation",False,,
1274,John Tu,Tu,john-tu,john-tu,0.0,81.0,computer hardware,Technology,M,United States,1681550402482,CA,California,6679.886,389.0,389.0,//specials-images.forbesimg.com/imageserve/a8e97df48d0b22d58aa783577ec6c714/416x416.jpg?background=000000&cropX1=3&cropX2=744&cropY1=63&cropY2=804,435.0,426.0,4200.0,"President, Kingston Technology Corporation",False,,
1275,Wei Jianjun,Wei,wei-jianjun,wei-jianjun,825.033,59.0,automobiles,Automotive,M,China,1681550402482,,,13572.478,132.0,132.0,//specials-images.forbesimg.com/imageserve/5e790bb1c7b02d000666f9c1/416x416.jpg?background=000000&cropX1=1605&cropX2=3975&cropY1=86&cropY2=2456,436.0,426.0,4200.0,,,,
1276,Nathan Blecharczyk,Blecharczyk,nathan-blecharczyk,nathan-blecharczyk,45.357,39.0,Airbnb,Technology,M,United States,1681550402482,CA,California,7800.655,289.0,289.0,//specials-images.forbesimg.com/imageserve/5d8ac4346de3150009a50571/416x416.jpg?background=000000&cropX1=1760&cropX2=3926&cropY1=172&cropY2=2339,437.0,437.0,4100.0,,,,
1277,Neal Blue,Blue,neal-blue,no-pic,0.0,88.0,defense,Manufacturing,M,United States,1681550402482,CA,California,4438.3,642.0,642.0,//specials-images.forbesimg.com/imageserve/5d8b455d22254b0008e16d22/416x416.jpg?background=000000&cropX1=339&cropX2=1633&cropY1=347&cropY2=1641,438.0,437.0,4100.0,,,,
1278,Chen Lip Keong,Chen,chen-lip-keong,chen-lip-keong,-10.569,75.0,"casinos, property, energy",Gambling & Casinos,M,Malaysia,1681550402483,,,2811.967,1116.0,1116.0,//specials-images.forbesimg.com/imageserve/5e5fd48644b78400068bfaf8/416x416.jpg?background=000000&cropX1=0&cropX2=2554&cropY1=91&cropY2=2646,439.0,437.0,4100.0,,,,
1279,Brian Chesky,Chesky,brian-chesky,brian-chesky,54.976,41.0,Airbnb,Technology,M,United States,1681550402482,CA,California,8989.979,228.0,228.0,//specials-images.forbesimg.com/imageserve/5d8ac4ab22254b0008e16383/416x416.jpg?background=000000&cropX1=719&cropX2=3126&cropY1=857&cropY2=3266,440.0,437.0,4100.0,"CEO and Cofounder, AirBnB",False,,
1280,Guenther Fielmann,Fielmann,guenther-fielmann,guenther-fielmann,29.251,83.0,optometry,Healthcare,M,Germany,1681550402482,,,4213.533,693.0,693.0,//specials-images.forbesimg.com/imageserve/5e76265ec7b02d000666c821/416x416.jpg?background=000000&cropX1=184&cropX2=2075&cropY1=86&cropY2=1975,441.0,437.0,4100.0,,,,
1281,Joe Gebbia,Gebbia,joe-gebbia,joe-gebbia,39.884,41.0,Airbnb,Technology,M,United States,1681550402482,CA,California,7399.933,322.0,322.0,https://specials-images.forbesimg.com/imageserve/62d597ca0c6cd83555f269bb/416x416.jpg?background=000000&cropX1=90&cropX2=1180&cropY1=384&cropY2=1475,442.0,437.0,4100.0,"Chief Product Officer & Cofounder, AirBnB",False,,
1282,Andrei Guriev,Guriev & family,andrei-guriev-family,no-pic,0.0,63.0,fertilizers,Manufacturing,M,Russia,1681550402482,,,9659.665,202.0,202.0,https://specials-images.forbesimg.com/imageserve/606c75e71798092c29d2e4c2/416x416.jpg?background=000000&cropX1=437&cropX2=3273&cropY1=67&cropY2=2902,443.0,437.0,4100.0,,,,
1283,Axel Oberwelland,Oberwelland,axel-oberwelland,no-pic,0.0,56.0,candy,Food & Beverage,M,Germany,1681550402483,,,1277.066,2269.0,2269.0,//specials-images.forbesimg.com/imageserve/5c7020894bbe6f79679efdd8/416x416.jpg?background=000000&cropX1=171&cropX2=546&cropY1=13&cropY2=388,444.0,437.0,4100.0,,,,
1284,Pan Sutong,Pan,pan-sutong,pan-sutong,,60.0,"real estate, finance",Real Estate,M,Hong Kong,1614191767737,,,,,,//specials-images.forbesimg.com/imageserve/5e3b2d16fc50000006f8f32a/416x416.jpg?background=000000&cropX1=120&cropX2=850&cropY1=115&cropY2=845,445.0,437.0,4100.0,,,,
1285,Augusto & Giorgio Perfetti,Perfetti,giorgio-perfetti,no-pic,0.0,,candy,Food & Beverage,M,Italy,1681550402483,,,2394.801,1332.0,1333.0,,446.0,437.0,4100.0,,,,
1286,Odd Reitan,Reitan,odd-reitan,odd-reitan,0.0,71.0,"retail, real estate",Fashion & Retail,M,Norway,1681550402482,,,4619.07,616.0,616.0,//specials-images.forbesimg.com/imageserve/5c715d574bbe6f79c54746f9/416x416.jpg?background=000000&cropX1=2485&cropX2=4872&cropY1=21&cropY2=2407,447.0,437.0,4100.0,,,,
1287,Tahir,Tahir,tahir,tahir,-8.099,71.0,diversified,Diversified,M,Indonesia,1681550402482,,,4296.152,675.0,675.0,//specials-images.forbesimg.com/imageserve/5c70b5384bbe6f79c5473f96/416x416.jpg?background=000000&cropX1=247&cropX2=3585&cropY1=469&cropY2=3810,448.0,437.0,4100.0,,,,
1288,Wang Wenxue,Wang,wang-wenxue,wang-wenxue,,55.0,real estate,Real Estate,M,China,1604523164744,,,,,,https://specials-images.forbesimg.com/imageserve/6050f48ca1ab099ed6e290cc/416x416.jpg?background=000000&cropX1=0&cropX2=800&cropY1=0&cropY2=800,449.0,437.0,4100.0,,,,
1289,Yeung Kin-man,Yeung,yeung-kin-man,yeung-kin-man,0.0,59.0,electronics,Manufacturing,M,Hong Kong,1681550402483,,,2218.233,1424.0,1424.0,//specials-images.forbesimg.com/imageserve/5e7654e0c7b02d000666cbdb/416x416.jpg?background=000000&cropX1=408&cropX2=2929&cropY1=0&cropY2=2520,450.0,437.0,4100.0,,,,
1290,Margot Birmingham Perot,Birmingham Perot,margot-birmingham-perot,no-pic-female,0.0,89.0,"computer services, real estate",Technology,F,United States,1681550402482,TX,Texas,4437.814,643.0,643.0,//specials-images.forbesimg.com/imageserve/5d8accb66de3150009a505e7/416x416.jpg?background=000000&cropX1=392&cropX2=2002&cropY1=3&cropY2=1613,451.0,451.0,4000.0,,,,
1291,Jack Dangermond,Dangermond,jack-dangermond,jack-dangermond,0.0,77.0,mapping software,Technology,M,United States,1681550402482,CA,California,6982.718,349.0,349.0,//specials-images.forbesimg.com/imageserve/5d8aa41f22254b0008e161e8/416x416.jpg?background=000000&cropX1=85&cropX2=443&cropY1=0&cropY2=358,452.0,451.0,4000.0,,,,
1292,Traudl Engelhorn,Engelhorn,traudl-engelhorn,no-pic-female,,96.0,"pharmaceuticals, medical equipment",Healthcare,F,Germany,1617669733004,,,,,,https://specials-images.forbesimg.com/imageserve/6050f48ca1ab099ed6e290cc/416x416.jpg?background=000000&cropX1=0&cropX2=800&cropY1=0&cropY2=800,453.0,451.0,4000.0,,,,
1293,Joshua Harris,Harris,josh-harris,no-pic,8.062,58.0,private equity,Finance & Investments,M,United States,1681550402482,NY,New York,6003.734,441.0,441.0,//specials-images.forbesimg.com/imageserve/5d8ab5026de3150009a50431/416x416.jpg?background=000000&cropX1=743&cropX2=3412&cropY1=0&cropY2=2667,454.0,451.0,4000.0,,,,
1294,Viatcheslav Kantor,Kantor,viatcheslav-kantor,viatcheslav-kantor,0.0,69.0,"fertilizer, real estate",Manufacturing,M,Russia,1681550402482,,,11347.644,162.0,162.0,https://specials-images.forbesimg.com/imageserve/62471e214fd8b86f962b15f6/416x416.jpg?background=000000&cropX1=0&cropX2=1018&cropY1=516&cropY2=1534,455.0,451.0,4000.0,,,,
1295,Ronald Lauder,Lauder,ronald-lauder,ronald-lauder,6.74,79.0,Estee Lauder,Fashion & Retail,M,United States,1681550402482,NY,New York,4599.087,622.0,622.0,//specials-images.forbesimg.com/imageserve/5d8abf786de3150009a5051e/416x416.jpg?background=000000&cropX1=220&cropX2=1267&cropY1=72&cropY2=1118,456.0,451.0,4000.0,,,,
1296,Janice McNair,McNair,janice-mcnair,no-pic-female,0.0,86.0,"energy, sports",Sports,F,United States,1681550402482,TX,Texas,4974.72,567.0,567.0,//specials-images.forbesimg.com/imageserve/5c64893731358e1c187e7e4d/416x416.jpg?background=000000&cropX1=0&cropX2=1500&cropY1=135&cropY2=1635,457.0,451.0,4000.0,,,,
1297,Sami Mnaymneh,Mnaymneh,sami-mnaymneh,no-pic,0.0,61.0,private equity,Finance & Investments,M,United States,1681550402482,FL,Florida,5122.0,542.0,542.0,https://specials-images.forbesimg.com/imageserve/61324bc88105eeefe45b41cd/416x416.jpg?background=000000&cropX1=470&cropX2=3062&cropY1=81&cropY2=2675,458.0,451.0,4000.0,,,,
1298,Yasumitsu Shigeta,Shigeta,yasumitsu-shigeta,yasumitsu-shigeta,46.907,58.0,mobile phone retailer,Telecom,M,Japan,1681550402483,,,3670.439,810.0,810.0,//specials-images.forbesimg.com/imageserve/5ea6e308be3b7600063987a7/416x416.jpg?background=000000&cropX1=893&cropX2=1720&cropY1=109&cropY2=935,459.0,451.0,4000.0,,,,
1299,Jerry Speyer,Speyer,jerry-speyer,jerry-speyer,0.0,82.0,real estate,Real Estate,M,United States,1681550402483,NY,New York,3642.023,816.0,816.0,//specials-images.forbesimg.com/imageserve/5d8ad7d222254b0008e164f9/416x416.jpg?background=000000&cropX1=162&cropX2=745&cropY1=78&cropY2=661,460.0,451.0,4000.0,,,,
1300,Tony Tamer,Tamer,tony-tamer,no-pic,0.0,65.0,private equity,Finance & Investments,M,United States,1681550402482,NY,New York,5122.0,542.0,543.0,//specials-images.forbesimg.com/imageserve/5e14ef019318b800069376e0/416x416.jpg?background=000000&cropX1=23&cropX2=707&cropY1=209&cropY2=893,461.0,451.0,4000.0,,,,
1301,Radovan Vitek,Vitek,radovan-vitek,radovan-vitek,0.0,51.0,real estate,Real Estate,M,Czechia,1681550402482,,,6721.167,382.0,382.0,//specials-images.forbesimg.com/imageserve/589f486a4bbe6f0e55868b04/416x416.jpg?background=000000&cropX1=0&cropX2=744&cropY1=177&cropY2=921,462.0,451.0,4000.0,,,,
1302,Wang Linpeng,Wang,wang-linpeng,no-pic,-53.502,54.0,furniture retailing,Construction & Engineering,M,China,1681550402483,,,2049.942,1536.0,1536.0,https://specials-images.forbesimg.com/imageserve/6050f48ca1ab099ed6e290cc/416x416.jpg?background=000000&cropX1=0&cropX2=800&cropY1=0&cropY2=800,463.0,451.0,4000.0,,,,
1303,Russ Weiner,Weiner,russ-weiner,russ-weiner,0.0,52.0,energy drinks,Food & Beverage,M,United States,1681550402482,FL,Florida,4628.5,613.0,613.0,//specials-images.forbesimg.com/imageserve/5d8adc386de3150009a506b7/416x416.jpg?background=000000&cropX1=746&cropX2=1443&cropY1=226&cropY2=923,464.0,451.0,4000.0,,,,
1304,Les Wexner,Wexner,les-wexner,les-wexner,2.19,85.0,retail,Fashion & Retail,M,United States,1681550402482,OH,Ohio,6010.992,440.0,440.0,//specials-images.forbesimg.com/imageserve/5d8aba3122254b0008e162f8/416x416.jpg?background=000000&cropX1=475&cropX2=1465&cropY1=22&cropY2=1011,465.0,451.0,4000.0,"Chairman and CEO, L Brands",False,,
1305,Yao Liangsong,Yao,yao-liangsong,no-pic,0.0,58.0,furniture,Manufacturing,M,China,1681550402482,,,7620.008,297.0,297.0,https://specials-images.forbesimg.com/imageserve/6182cb06eca421f59e3d1ca0/416x416.jpg?background=000000&cropX1=787&cropX2=2131&cropY1=206&cropY2=1550,466.0,451.0,4000.0,,,,
1306,Zhu Baoguo,Zhu,zhu-baoguo,zhu-baoguo,13.699,60.0,pharmaceuticals,Healthcare,M,China,1681550402482,,,4083.525,713.0,713.0,https://specials-images.forbesimg.com/imageserve/589f386aa7ea431f3219482d/416x416.jpg?background=000000&cropX1=0&cropX2=744&cropY1=42&cropY2=786,467.0,451.0,4000.0,,,,
1307,An Kang,An,kang-an,kang-an,-4.799,74.0,pharmaceuticals,Healthcare,M,China,1681550402483,,,3135.788,973.0,973.0,https://specials-images.forbesimg.com/imageserve/603e8f5d4a2df75cef4fb25a/416x416.jpg?background=000000&cropX1=0&cropX2=800&cropY1=0&cropY2=800,468.0,468.0,3900.0,,,,
1308,Ding Shijia,Ding,ding-shijia,no-pic,145.131,59.0,sports apparel,Fashion & Retail,M,China,1681550402482,,,8303.441,263.0,263.0,https://specials-images.forbesimg.com/imageserve/636e8bbe2c24bfbb937fde82/416x416.jpg?background=000000&cropX1=236&cropX2=2551&cropY1=703&cropY2=3020,469.0,468.0,3900.0,,,,
1309,Ding Shizhong,Ding,ding-shizhong,ding-shizhong,152.661,52.0,sports apparel,Fashion & Retail,M,China,1681550402482,,,8705.837,242.0,242.0,//specials-images.forbesimg.com/imageserve/5e7505a710380d0006bdc208/416x416.jpg?background=000000&cropX1=1736&cropX2=5240&cropY1=0&cropY2=3503,470.0,468.0,3900.0,,,,
1310,Gustaf Douglas,Douglas,gustaf-douglas,gustaf-douglas,24.426,85.0,investments,Diversified,M,Sweden,1681550402482,,,6499.169,405.0,405.0,//specials-images.forbesimg.com/imageserve/5e77c683d8e1ae0007b7356c/416x416.jpg?background=000000&cropX1=288&cropX2=1306&cropY1=16&cropY2=1034,471.0,468.0,3900.0,,,,
1311,Ken Fisher,Fisher,ken-fisher,ken-fisher,0.0,72.0,money management,Finance & Investments,M,United States,1681550402482,WA,Washington,6745.884,377.0,377.0,//specials-images.forbesimg.com/imageserve/59dbd16931358e542c038093/416x416.jpg?background=000000&cropX1=119&cropX2=540&cropY1=34&cropY2=455,472.0,468.0,3900.0,,,,
1312,Barry Lam,Lam,barry-lam,barry-lam,-265.934,73.0,electronics,Technology,M,Taiwan,1681550402482,,,5291.593,521.0,521.0,https://specials-images.forbesimg.com/imageserve/56cc32c1e4b062f6b59a4fdd/416x416.jpg?background=000000&cropX1=81&cropX2=596&cropY1=118&cropY2=634,473.0,468.0,3900.0,,,,
1313,Lam Wai-ying,Lam,lam-wai-ying,no-pic-female,0.0,,smartphone screens,Manufacturing,F,Hong Kong,1681550402483,,,2145.298,1478.0,1478.0,https://specials-images.forbesimg.com/imageserve/6050f48ca1ab099ed6e290cc/416x416.jpg?background=000000&cropX1=0&cropX2=800&cropY1=0&cropY2=800,474.0,468.0,3900.0,"Chairman, Biel Crystal",False,,
1314,Margarita Louis-Dreyfus,Louis-Dreyfus,margarita-louis-dreyfus,margarita-louis-dreyfus,0.0,60.0,commodities,Food & Beverage,F,Switzerland,1681550402483,,,3548.069,843.0,843.0,//specials-images.forbesimg.com/imageserve/5deed561b269e900075dc2bd/416x416.jpg?background=000000&cropX1=6&cropX2=1223&cropY1=49&cropY2=1266,475.0,468.0,3900.0,"President, Louis Dreyfus SAS",False,,
1315,Igor Olenicoff,Olenicoff,igor-olenicoff,igor-olenicoff,0.0,80.0,real estate,Real Estate,M,United States,1681550402482,FL,Florida,6880.305,367.0,367.0,//specials-images.forbesimg.com/imageserve/56d0d880e4b0c144a7f65d89/416x416.jpg?background=000000&cropX1=5&cropX2=744&cropY1=5&cropY2=745,476.0,468.0,3900.0,,,,
1316,Isaac Perlmutter,Perlmutter,isaac-perlmutter,isaac-perlmutter,-15.535,80.0,Marvel comics,Media & Entertainment,M,United States,1681550402482,FL,Florida,4088.322,711.0,711.0,//specials-images.forbesimg.com/imageserve/5d8a94c918444200084e6d66/416x416.jpg?background=000000&cropX1=710&cropX2=1847&cropY1=35&cropY2=1171,477.0,468.0,3900.0,"Chairman, Marvel Entertainment",False,,
1317,Qi Shi,Qi,qi-shi,qi-shi,7.426,53.0,financial information,Technology,M,China,1681550402482,,,8512.945,253.0,253.0,https://specials-images.forbesimg.com/imageserve/6050f48ca1ab099ed6e290cc/416x416.jpg?background=000000&cropX1=0&cropX2=800&cropY1=0&cropY2=800,478.0,468.0,3900.0,,,,
1318,Carlos Rodriguez-Pastor,Rodriguez-Pastor,carlos-rodriguez-pastor,carlos-rodriguez-pastor,3.804,64.0,finance,Finance & Investments,M,Peru,1681550402483,,,1500.846,1994.0,1994.0,//specials-images.forbesimg.com/imageserve/5e77063d10380d0006fbb9ff/416x416.jpg?background=000000&cropX1=1859&cropX2=3229&cropY1=673&cropY2=2042,479.0,468.0,3900.0,,,,
1319,Juan Roig,Roig,juan-roig,juan-roig,0.0,73.0,supermarkets,Fashion & Retail,M,Spain,1681550402483,,,3762.808,784.0,784.0,//specials-images.forbesimg.com/imageserve/5e77be9b10380d0006fbc5c4/416x416.jpg?background=000000&cropX1=483&cropX2=2323&cropY1=258&cropY2=2097,480.0,468.0,3900.0,,,,
1320,Steven Udvar-Hazy,Udvar-Hazy,steven-udvar-hazy,steven-udvar-hazy,-4.387,77.0,aircraft leasing,Service,M,United States,1681550402483,CA,California,3846.582,766.0,766.0,//specials-images.forbesimg.com/imageserve/5d8ad1236de3150009a50643/416x416.jpg?background=000000&cropX1=1441&cropX2=3401&cropY1=483&cropY2=2442,481.0,468.0,3900.0,"CEO and Chairman, Air Lease",False,,
1321,Wang Yusuo,Wang,wang-yusuo,wang-yusuo,17.917,59.0,natural gas distribution,Energy,M,China,1681550402482,,,7021.977,343.0,343.0,https://specials-images.forbesimg.com/imageserve/636e8c974fa5680a03fa6445/416x416.jpg?background=000000&cropX1=1035&cropX2=3300&cropY1=296&cropY2=2560,482.0,468.0,3900.0,,,,
1322,Zhao Yan,Zhao,zhao-yan,no-pic-female,-26.939,56.0,"real estate, finance",Diversified,F,China,1681550402482,,,5481.342,502.0,502.0,https://specials-images.forbesimg.com/imageserve/6182ca8cfb85e417104d17a0/416x416.jpg?background=000000&cropX1=31&cropX2=632&cropY1=271&cropY2=872,483.0,468.0,3900.0,,,,
1323,Maria Fernanda Amorim,Amorim,maria-fernanda-amorim,no-pic-female,4.047,88.0,"energy, investments",Diversified,F,Portugal,1681550402482,,,4845.231,581.0,581.0,,484.0,484.0,3800.0,,,,
1324,Rahul Bajaj,Bajaj,rahul-bajaj,rahul-bajaj,,84.0,diversified,Diversified,M,India,1644669715536,,,,,,//specials-images.forbesimg.com/imageserve/5c707a6531358e35dd26e86e/416x416.jpg?background=000000&cropX1=1469&cropX2=3035&cropY1=6&cropY2=1571,485.0,484.0,3800.0,,,,
1325,Cheng Xue,Cheng,cheng-xue,no-pic-female,-41.409,53.0,soy sauce,Food & Beverage,F,China,1681550402482,,,5128.009,541.0,541.0,https://specials-images.forbesimg.com/imageserve/6050f48ca1ab099ed6e290cc/416x416.jpg?background=000000&cropX1=0&cropX2=800&cropY1=0&cropY2=800,486.0,484.0,3800.0,,,,
1326,Marian Ilitch,Ilitch,marian-ilitch,marian-ilitch,0.0,90.0,Little Caesars,Food & Beverage,F,United States,1681550402482,MI,Michigan,4302.0,672.0,672.0,//specials-images.forbesimg.com/imageserve/5ceaa35f9736330008a9ff96/416x416.jpg?background=000000&cropX1=338&cropX2=1995&cropY1=56&cropY2=1715,487.0,484.0,3800.0,,,,
1327,Mary Alice Dorrance Malone,Malone,mary-alice-dorrance-malone,no-pic-female,-28.775,73.0,Campbell Soup,Food & Beverage,F,United States,1681550402482,PA,Pennsylvania,4187.307,698.0,698.0,,488.0,484.0,3800.0,,,,
1328,Yuri Milner,Milner,yuri-milner,yuri-milner,0.0,61.0,tech investments,Finance & Investments,M,Israel,1681550402482,CA,California,6754.0,374.0,374.0,//specials-images.forbesimg.com/imageserve/5e7792c5c7b02d000666d919/416x416.jpg?background=000000&cropX1=288&cropX2=2738&cropY1=20&cropY2=2468,489.0,484.0,3800.0,"Partner, DST Global",False,,
1329,Emanuele (Lino) Saputo,Saputo,emanuele-lino-saputo,emanuele-lino-saputo,66.482,86.0,cheese,Food & Beverage,M,Canada,1681550402482,,,5113.464,548.0,548.0,//specials-images.forbesimg.com/imageserve/5e74437e2a573300068fcd76/416x416.jpg?background=000000&cropX1=0&cropX2=1092&cropY1=284&cropY2=1376,490.0,484.0,3800.0,"Chairman, Saputo Inc.",False,,
1330,Shaul Shani,Shani,shaul-shani,no-pic,-4.115,68.0,telecom,Telecom,M,Israel,1681550402482,,,3986.821,727.0,727.0,//specials-images.forbesimg.com/imageserve/5c70c53fa7ea431000433e99/416x416.jpg?background=000000&cropX1=0&cropX2=600&cropY1=24&cropY2=624,491.0,484.0,3800.0,,,,
1331,Harry Stine,Stine,harry-stine,harry-stine,0.0,81.0,agriculture,Food & Beverage,M,United States,1681550402482,IA,Iowa,7408.342,319.0,319.0,https://specials-images.forbesimg.com/imageserve/59d7ff5531358e542c036ed6/416x416.jpg?background=000000&cropX1=324&cropX2=1197&cropY1=116&cropY2=989,492.0,484.0,3800.0,,,,
1332,Jeff Sutton,Sutton,jeff-sutton,no-pic,0.0,63.0,real estate,Real Estate,M,United States,1681550402483,NY,New York,2522.658,1259.0,1259.0,https://specials-images.forbesimg.com/imageserve/5ab944eda7ea432fbc1d2d9c/416x416.jpg?background=000000&cropX1=0&cropX2=400&cropY1=0&cropY2=400,493.0,484.0,3800.0,,,,
1333,Abdulla bin Ahmad Al Ghurair,Al Ghurair,abdulla-bin-ahmad-al-ghurair,abdulla-bin-ahmad-al-ghurair,56.909,,diversified,Diversified,M,United Arab Emirates,1681550402483,,,3012.271,1019.0,1019.0,//specials-images.forbesimg.com/imageserve/5a988f2e4bbe6f0fa8271657/416x416.jpg?background=000000&cropX1=648&cropX2=1589&cropY1=256&cropY2=1197,494.0,494.0,3700.0,,,,
1334,David Barclay,Barclay,david-barclay,no-pic,,88.0,"media, retail",Diversified,M,United Kingdom,1616007531059,,,,,,https://specials-images.forbesimg.com/imageserve/605375c9a56d2a3eb3d1b586/416x416.jpg?background=000000&cropX1=0&cropX2=836&cropY1=0&cropY2=836,495.0,494.0,3700.0,,,,
1335,Neil Bluhm,Bluhm,neil-bluhm,neil-bluhm,-3.305,85.0,real estate,Real Estate,M,United States,1681550402482,IL,Illinois,5926.394,451.0,451.0,//specials-images.forbesimg.com/imageserve/5d8ad87818444200084e723e/416x416.jpg?background=000000&cropX1=0&cropX2=768&cropY1=58&cropY2=826,496.0,494.0,3700.0,,,,
1336,David Bonderman,Bonderman,david-bonderman,david-bonderman,-26.46,80.0,private equity,Finance & Investments,M,United States,1681550402482,TX,Texas,6550.08,401.0,401.0,https://specials-images.forbesimg.com/imageserve/5f497437cd54e9286d8faecb/416x416.jpg?background=000000&cropX1=132&cropX2=2902&cropY1=36&cropY2=2804,497.0,494.0,3700.0,,,,
1337,Jean-Pierre Cayard,Cayard,jean-pierre-cayard,no-pic,-3.884,80.0,spirits,Food & Beverage,M,France,1681550402483,,,3076.397,994.0,994.0,//specials-images.forbesimg.com/imageserve/5c6f8ad4a7ea43100043201c/416x416.jpg?background=000000&cropX1=333&cropX2=1458&cropY1=170&cropY2=1295,498.0,494.0,3700.0,,,,
1338,Andrew Currie,Currie,andrew-currie,no-pic,0.0,67.0,chemicals,Manufacturing,M,United Kingdom,1681550402482,,,7862.915,286.0,286.0,//specials-images.forbesimg.com/imageserve/58a0ae994bbe6f0e55869b78/416x416.jpg?background=000000&cropX1=2&cropX2=744&cropY1=24&cropY2=767,499.0,494.0,3700.0,,,,
1339,Jeff Greene,Greene,jeff-greene,jeff-greene,0.0,68.0,"real estate, investments",Real Estate,M,United States,1681550402482,FL,Florida,7161.19,336.0,336.0,https://specials-images.forbesimg.com/imageserve/5ff75b1157f0e95e19f6ea38/416x416.jpg?background=000000&cropX1=44&cropX2=924&cropY1=18&cropY2=898,500.0,494.0,3700.0,,,,
1340,Reed Hastings,Hastings,reed-hastings,reed-hastings,-54.724,62.0,Netflix,Media & Entertainment,M,United States,1681550402483,CA,California,3471.6,864.0,864.0,//specials-images.forbesimg.com/imageserve/5d8ae9ff18444200084e72df/416x416.jpg?background=000000&cropX1=980&cropX2=2430&cropY1=95&cropY2=1544,501.0,494.0,3700.0,"CEO, Netflix",False,,
1341,Vladimir Kim,Kim,vladimir-kim,vladimir-kim,0.0,62.0,mining,Metals & Mining,M,Kazakhstan,1681550402482,,,4605.5,619.0,619.0,//specials-images.forbesimg.com/imageserve/5c70ea114bbe6f79c5474283/416x416.jpg?background=000000&cropX1=223&cropX2=2134&cropY1=9&cropY2=1919,502.0,494.0,3700.0,,,,
1342,Ted Lerner,Lerner,ted-lerner,ted-lerner,,97.0,real estate,Real Estate,M,United States,1617122612678,MD,Maryland,,,,//specials-images.forbesimg.com/imageserve/5ba5182d4bbe6f79516f57f2/416x416.jpg?background=000000&cropX1=12&cropX2=2627&cropY1=6&cropY2=2621,503.0,494.0,3700.0,,,,
1343,Li Wa,Li,li-wa,li-wa,-5.517,57.0,real estate,Real Estate,M,Hong Kong,1681550402483,,,1498.085,2008.0,2008.0,https://specials-images.forbesimg.com/imageserve/1d225270d1a088f84333d4b2d0d6932a/416x416.jpg?background=000000&cropX1=43&cropX2=710&cropY1=187&cropY2=854,504.0,494.0,3700.0,,,,
1344,Michael Milken,Milken,michael-milken,michael-milken,0.0,76.0,investments,Finance & Investments,M,United States,1681550402482,CA,California,6000.0,442.0,442.0,//specials-images.forbesimg.com/imageserve/5ba54b774bbe6f79516f6035/416x416.jpg?background=000000&cropX1=615&cropX2=2337&cropY1=389&cropY2=2113,505.0,494.0,3700.0,,,,
1345,Akio Nitori,Nitori,akio-nitori,akio-nitori,35.032,79.0,home furnishings,Fashion & Retail,M,Japan,1681550402483,,,3634.396,819.0,819.0,https://specials-images.forbesimg.com/imageserve/629e5bd55774db231ad8d399/416x416.jpg?background=000000&cropX1=60&cropX2=1445&cropY1=55&cropY2=1440,506.0,494.0,3700.0,,,,
1346,Idan Ofer,Ofer,idan-ofer,idan-ofer,-3.661,67.0,"drilling, shipping",Diversified,M,Israel,1681550402482,,,14078.409,127.0,127.0,//specials-images.forbesimg.com/imageserve/5e76cd8010380d0006fbb808/416x416.jpg?background=000000&cropX1=25&cropX2=1096&cropY1=93&cropY2=1164,507.0,494.0,3700.0,,,,
1347,Mitchell Rales,Rales,mitchell-rales,mitchell-rales,-42.154,66.0,"manufacturing, investments",Manufacturing,M,United States,1681550402482,MD,Maryland,5649.406,476.0,476.0,//specials-images.forbesimg.com/imageserve/5d8ab76522254b0008e162bb/416x416.jpg?background=000000&cropX1=377&cropX2=1461&cropY1=0&cropY2=1085,508.0,494.0,3700.0,,,,
1348,John Reece,Reece,john-reece,no-pic,0.0,66.0,chemicals,Manufacturing,M,United Kingdom,1681550402482,,,7870.03,284.0,284.0,//specials-images.forbesimg.com/imageserve/58a0baa54bbe6f0e55869bfa/416x416.jpg?background=000000&cropX1=0&cropX2=744&cropY1=77&cropY2=821,509.0,494.0,3700.0,,,,
1349,Trevor Rees-Jones,Rees-Jones,trevor-rees-jones,trevor-rees-jones,2.763,71.0,oil & gas,Energy,M,United States,1681550402483,TX,Texas,3837.217,770.0,770.0,//specials-images.forbesimg.com/imageserve/5d8ae0b218444200084e728b/416x416.jpg?background=000000&cropX1=464&cropX2=1110&cropY1=400&cropY2=1046,510.0,494.0,3700.0,,,,
1350,Kushal Pal Singh,Singh,kushal-pal-singh,kushal-pal-singh,0.0,91.0,real estate,Real Estate,M,India,1681550402482,,,9636.112,203.0,203.0,//specials-images.forbesimg.com/imageserve/56ca6a42e4b062f6b59a3447/416x416.jpg?background=000000&cropX1=8&cropX2=744&cropY1=232&cropY2=968,511.0,494.0,3700.0,,,,
1351,Michal Solowow,Solowow,michal-solowow,michal-solowow,0.099,60.0,investments,Finance & Investments,M,Poland,1681550402482,,,6491.074,406.0,406.0,https://specials-images.forbesimg.com/imageserve/6426ed3a2dc404c9e8217d97/416x416.jpg?background=000000&cropX1=0&cropX2=1784&cropY1=102&cropY2=1888,512.0,494.0,3700.0,,,,
1352,Aiyawatt Srivaddhanaprabha,Srivaddhanaprabha,aiyawatt-srivaddhanaprabha,no-pic,,37.0,duty-free,Fashion & Retail,M,Thailand,1626449712507,,,,,,https://specials-images.forbesimg.com/imageserve/60e5e6b3f4f51841a39bebbe/416x416.jpg?background=000000&cropX1=424&cropX2=912&cropY1=36&cropY2=524,513.0,494.0,3700.0,,,,
1353,Dannine Avara,Avara,dannine-avara,no-pic-female,25.392,59.0,pipelines,Energy,F,United States,1681550402482,TX,Texas,6994.201,345.0,345.0,,514.0,514.0,3600.0,,,,
1354,Dagmar Dolby,Dolby,dagmar-dolby,dagmar-dolby,-12.245,81.0,Dolby Laboratories,Technology,F,United States,1681550402482,CA,California,5088.032,556.0,556.0,https://specials-images.forbesimg.com/imageserve/5f49769ec9cb2eb7abc2fa7b/416x416.jpg?background=000000&cropX1=0&cropX2=2474&cropY1=77&cropY2=2550,515.0,514.0,3600.0,,,,
1355,Scott Duncan,Duncan,scott-duncan,no-pic,25.392,40.0,pipelines,Energy,M,United States,1681550402482,TX,Texas,6994.201,345.0,347.0,,516.0,514.0,3600.0,,,,
1356,Milane Frantz,Frantz,milane-frantz,milane-frantz,25.392,53.0,pipelines,Energy,F,United States,1681550402482,TX,Texas,6994.201,345.0,346.0,//specials-images.forbesimg.com/imageserve/087ea54ecfa62609c6cafe4bd4410588/416x416.jpg?background=000000&cropX1=1&cropX2=548&cropY1=9&cropY2=556,517.0,514.0,3600.0,,,,
1357,Frits Goldschmeding,Goldschmeding,frits-goldschmeding,frits-goldschmeding,40.616,89.0,temp agency,Service,M,Netherlands,1681550402482,,,5969.688,448.0,448.0,//specials-images.forbesimg.com/imageserve/b11e15397177ea074c2b0d30ddeb459f/416x416.jpg?background=000000&cropX1=3&cropX2=744&cropY1=76&cropY2=817,518.0,514.0,3600.0,,,,
1358,Luciano Hang,Hang,luciano-hang,no-pic,0.0,60.0,department stores,Fashion & Retail,M,Brazil,1681550402483,,,3353.443,906.0,906.0,//specials-images.forbesimg.com/imageserve/5e74315107adf00006db9f42/416x416.jpg?background=000000&cropX1=697&cropX2=2148&cropY1=143&cropY2=1594,519.0,514.0,3600.0,,,,
1359,Hedda im Brahm-Droege,im Brahm-Droege,hedda-im-brahm-droege,no-pic-female,4.776,68.0,consulting,Service,F,Germany,1681550402483,,,1031.089,2603.0,2603.0,,520.0,514.0,3600.0,,,,
1360,Sumet Jiaravanon,Jiaravanon,sumet-jiaravanon,no-pic,30.882,88.0,diversified,Diversified,M,Thailand,1681550402482,,,6148.949,426.0,426.0,//specials-images.forbesimg.com/imageserve/5c724fe5a7ea43100043538d/416x416.jpg?background=000000&cropX1=4&cropX2=473&cropY1=61&cropY2=530,521.0,514.0,3600.0,,,,
1361,Samuel Tak Lee,Lee,samuel-tak-lee,no-pic,0.0,84.0,real estate,Real Estate,M,Hong Kong,1681550402483,,,3699.231,801.0,801.0,//specials-images.forbesimg.com/imageserve/5e3b2f168b6cf300071df349/416x416.jpg?background=000000&cropX1=0&cropX2=468&cropY1=0&cropY2=468,522.0,514.0,3600.0,,,,
1362,Lee Yeow Chor & Yeow Seng,Lee,lee-yeow-chor-yeow-seng,no-pic,,,"palm oil, property",Food & Beverage,M,Malaysia,1617669676122,,,,,,https://specials-images.forbesimg.com/imageserve/629fb829a251a6c8591682ad/416x416.jpg?background=000000&cropX1=0&cropX2=2333&cropY1=0&cropY2=2333,523.0,514.0,3600.0,,,,
1363,Lin Shu-hong,Lin,lin-shu-hong,no-pic,0.0,94.0,petrochemicals,Manufacturing,M,Taiwan,1681550402482,,,7913.881,279.0,279.0,https://specials-images.forbesimg.com/imageserve/63a0cb09c894b4f0c7e821a2/416x416.jpg?background=000000&cropX1=20&cropX2=3408&cropY1=64&cropY2=3456,524.0,514.0,3600.0,,,,
1364,Shigenobu Nagamori,Nagamori,shigenobu-nagamori,shigenobu-nagamori,7.898,78.0,motors,Manufacturing,M,Japan,1681550402483,,,3720.652,795.0,795.0,//specials-images.forbesimg.com/imageserve/5ea6e3cb52ac2e00060dd521/416x416.jpg?background=000000&cropX1=845&cropX2=3507&cropY1=6&cropY2=2667,525.0,514.0,3600.0,,,,
1365,Nie Tengyun,Nie,tengyun-nie,no-pic,0.0,47.0,logistics,Service,M,China,1681550402483,,,1939.73,1612.0,1612.0,//specials-images.forbesimg.com/imageserve/5dc07d64ca425400079c69b6/416x416.jpg?background=000000&cropX1=848&cropX2=3536&cropY1=848&cropY2=3537,526.0,514.0,3600.0,,,,
1366,Rodger Riney,Riney,rodger-riney,rodger-riney,0.0,77.0,discount brokerage,Finance & Investments,M,United States,1681550402483,MO,Missouri,3321.8,913.0,913.0,//specials-images.forbesimg.com/imageserve/5d8ae4af22254b0008e165b1/416x416.jpg?background=000000&cropX1=414&cropX2=880&cropY1=23&cropY2=489,527.0,514.0,3600.0,"Cofounder, Scottrade, Inc.",False,,
1367,Gary Rollins,Rollins,gary-rollins,no-pic,-67.541,78.0,pest control,Service,M,United States,1681550402482,GA,Georgia,5825.002,456.0,456.0,//specials-images.forbesimg.com/imageserve/57e11eb8a7ea430a8a1a0944/416x416.jpg?background=000000&cropX1=188&cropX2=652&cropY1=114&cropY2=578,528.0,514.0,3600.0,,,,
1368,Alexandra Schoerghuber,Schoerghuber,alexandra-schoerghuber,no-pic-female,0.0,64.0,real estate,Real Estate,F,Germany,1681550402482,,,5189.089,536.0,536.0,//specials-images.forbesimg.com/imageserve/5e76149cc7b02d000666c682/416x416.jpg?background=000000&cropX1=0&cropX2=1878&cropY1=139&cropY2=2017,529.0,514.0,3600.0,,,,
1369,Thomas Siebel,Siebel,thomas-siebel,thomas-siebel,-11.288,70.0,business software,Technology,M,United States,1681550402483,CA,California,3481.636,857.0,857.0,//specials-images.forbesimg.com/imageserve/5d8afefa18444200084e73b7/416x416.jpg?background=000000&cropX1=691&cropX2=3487&cropY1=370&cropY2=3168,530.0,514.0,3600.0,,,,
1370,Lynsi Snyder,Snyder,lynsi-snyder,no-pic-female,0.0,40.0,In-N-Out Burger,Food & Beverage,F,United States,1681550402482,CA,California,4230.4,690.0,690.0,//specials-images.forbesimg.com/imageserve/5d8ae63e22254b0008e165db/416x416.jpg?background=000000&cropX1=3137&cropX2=6000&cropY1=1286&cropY2=4149,531.0,514.0,3600.0,,,,
1371,Steven Spielberg,Spielberg,steven-spielberg,steven-spielberg,0.0,76.0,movies,Media & Entertainment,M,United States,1681550402482,CA,California,4000.0,722.0,722.0,https://specials-images.forbesimg.com/imageserve/5f497384226032c2eb8faecb/416x416.jpg?background=000000&cropX1=377&cropX2=3114&cropY1=768&cropY2=3504,532.0,514.0,3600.0,,,,
1372,Donald Sterling,Sterling,donald-sterling,donald-sterling,0.0,88.0,real estate,Real Estate,M,United States,1681550402482,CA,California,4091.379,710.0,710.0,//specials-images.forbesimg.com/imageserve/5d8adf936de3150009a506d9/416x416.jpg?background=000000&cropX1=575&cropX2=1669&cropY1=146&cropY2=1240,533.0,514.0,3600.0,,,,
1373,Rita Tong Liu,Tong Liu,rita-tong-liu,no-pic-female,0.0,74.0,real estate,Real Estate,F,Hong Kong,1681550402483,,,3146.61,968.0,968.0,https://specials-images.forbesimg.com/imageserve/60352e99e4589cfcfd71abaa/416x416.jpg?background=000000&cropX1=1334&cropX2=2444&cropY1=126&cropY2=1235,534.0,514.0,3600.0,,,,
1374,Wang Roger,Wang,wang-roger,no-pic,,74.0,retail,Fashion & Retail,M,United States,1617669800151,,,,,,https://specials-images.forbesimg.com/imageserve/55faac1de4b0ffa7afe4aeac/416x416.jpg?background=000000&cropX1=0&cropX2=744&cropY1=16&cropY2=760,535.0,514.0,3600.0,,,,
1375,Randa Duncan Williams,Williams,randa-duncan-williams,no-pic-female,25.459,61.0,pipelines,Energy,F,United States,1681550402482,TX,Texas,7006.315,344.0,344.0,//specials-images.forbesimg.com/imageserve/08e1b96a529223a3ac25ca9a21cc8092/416x416.jpg?background=000000&cropX1=0&cropX2=744&cropY1=61&cropY2=805,536.0,514.0,3600.0,"Non-Executive Chairman of the Board, Enterprise GP Holdings",False,,
1376,Aloys Wobben,Wobben,aloys-wobben,aloys-wobben,,71.0,wind turbines,Energy,M,Germany,1617669600191,,,,,,//specials-images.forbesimg.com/imageserve/58a1c43331358e1a35ab4071/416x416.jpg?background=000000&cropX1=0&cropX2=742&cropY1=21&cropY2=764,537.0,514.0,3600.0,,,,
1377,Ben Ashkenazy,Ashkenazy,ben-ashkenazy,no-pic,0.0,53.0,real estate,Real Estate,M,United States,1681550402483,NY,New York,2633.21,1211.0,1211.0,//specials-images.forbesimg.com/imageserve/59ef795e4bbe6f37dda1056d/416x416.jpg?background=000000&cropX1=1613&cropX2=3298&cropY1=1291&cropY2=2975,538.0,538.0,3500.0,,,,
1378,Ursula Bechtolsheimer-Kipp,Bechtolsheimer-Kipp,ursula-bechtolsheimer-kipp,no-pic-female,,71.0,retail,Real Estate,F,Germany,1587679065433,,,,,,//specials-images.forbesimg.com/imageserve/5a7e5aff31358e4955ad13b7/416x416.jpg?background=000000&cropX1=18&cropX2=775&cropY1=120&cropY2=877,539.0,538.0,3500.0,,,,
1379,Vincent Bolloré,Bolloré,vincent-bollore,vincent-bollore,80.8,71.0,investments,Finance & Investments,M,France,1681550402482,,,10081.016,188.0,188.0,//specials-images.forbesimg.com/imageserve/5e75a67c10380d0006fbaa27/416x416.jpg?background=000000&cropX1=71&cropX2=963&cropY1=65&cropY2=958,540.0,538.0,3500.0,,,,
1380,Jaran Chiaravanont,Chiaravanont,jaran-chiaravanont,no-pic,30.413,93.0,diversified,Diversified,M,Thailand,1681550402482,,,6063.586,431.0,431.0,//specials-images.forbesimg.com/imageserve/5c7250454bbe6f51818abbbd/416x416.jpg?background=000000&cropX1=64&cropX2=475&cropY1=70&cropY2=481,541.0,538.0,3500.0,,,,
1381,Hasmukh Chudgar,Chudgar,hasmukh-chudgar,no-pic,0.0,89.0,pharmaceuticals,Healthcare,M,India,1681550402482,,,7607.004,300.0,300.0,https://specials-images.forbesimg.com/imageserve/6050f48ca1ab099ed6e290cc/416x416.jpg?background=000000&cropX1=0&cropX2=800&cropY1=0&cropY2=800,542.0,538.0,3500.0,,,,
1382,Dulce Pugliese de Godoy Bueno,de Godoy Bueno,dulce-pugliese-de-godoy-bueno,no-pic-female,,75.0,"hospitals, health care",Healthcare,F,Brazil,1617669629015,,,,,,,543.0,538.0,3500.0,,,,
1383,Murali Divi,Divi,murali-divi,murali-divi,0.0,72.0,pharmaceuticals,Healthcare,M,India,1681550402482,,,5614.16,483.0,483.0,//specials-images.forbesimg.com/imageserve/5c79ad2d31358e35dd27cd1a/416x416.jpg?background=000000&cropX1=1161&cropX2=2628&cropY1=804&cropY2=2271,544.0,538.0,3500.0,,,,
1384,"Amos Hostetter, Jr.",Hostetter,amos-hostetter-jr,amos-hostetter-jr,-0.776,86.0,cable television,Media & Entertainment,M,United States,1681550402483,MA,Massachusetts,3419.145,878.0,878.0,//specials-images.forbesimg.com/imageserve/5d8ae3eb22254b0008e16588/416x416.jpg?background=000000&cropX1=80&cropX2=348&cropY1=20&cropY2=288,545.0,538.0,3500.0,"Chair, Pilot House Associates",False,,
1385,Montri Jiaravanont,Jiaravanont,montri-jiaravanont,no-pic,,92.0,diversified,Diversified,M,Thailand,1617669657340,,,,,,//specials-images.forbesimg.com/imageserve/5c7250b031358e35dd270139/416x416.jpg?background=000000&cropX1=2&cropX2=413&cropY1=2&cropY2=413,546.0,538.0,3500.0,,,,
1386,Min Kao,Kao,min-kao,min-kao,-10.981,74.0,navigation equipment,Technology,M,United States,1681550402482,KS,Kansas,4233.982,689.0,689.0,//specials-images.forbesimg.com/imageserve/2fa78ea6d7b94752e196e514f98f2b32/416x416.jpg?background=000000&cropX1=215&cropX2=478&cropY1=121&cropY2=384,547.0,538.0,3500.0,"Chairman and CEO, Garmin Corporation",False,,
1387,Igor Kesaev,Kesaev,igor-kesaev,igor-kesaev,0.0,56.0,"tobacco distribution, retail",Fashion & Retail,M,Russia,1681550402482,,,4127.663,709.0,709.0,//specials-images.forbesimg.com/imageserve/5e777ddac7b02d000666d7bd/416x416.jpg?background=000000&cropX1=254&cropX2=1229&cropY1=58&cropY2=1032,548.0,538.0,3500.0,,,,
1388,Patrick Lee,Lee,patrick-lee,patrick-lee,-6.306,81.0,paper,Manufacturing,M,Hong Kong,1681550402483,,,3477.852,861.0,861.0,https://specials-images.forbesimg.com/imageserve/60352e4d943dc1001271abaa/416x416.jpg?background=000000&cropX1=0&cropX2=433&cropY1=50&cropY2=483,549.0,538.0,3500.0,,,,
1389,Douglas Leone,Leone,douglas-leone,douglas-leone,28.67,65.0,venture capital,Finance & Investments,M,United States,1681550402482,CA,California,5817.041,457.0,457.0,//specials-images.forbesimg.com/imageserve/5e907d342b720000076d9406/416x416.jpg?background=000000&cropX1=910&cropX2=2570&cropY1=200&cropY2=1859,550.0,538.0,3500.0,"Partner, Sequoia",False,,
1390,Lin Bin,Lin,lin-bin,lin-bin,11.608,55.0,smartphones,Technology,M,United States,1681550402482,,,4476.935,636.0,636.0,https://specials-images.forbesimg.com/imageserve/5c744e7aa7ea431000438504/416x416.jpg?background=000000&cropX1=1694&cropX2=3460&cropY1=485&cropY2=2250,551.0,538.0,3500.0,,,,
1391,Gabe Newell,Newell,gabe-newell,gabe-newell,0.0,60.0,videogames,Gambling & Casinos,M,United States,1681550402483,WA,Washington,3858.6,763.0,763.0,//specials-images.forbesimg.com/imageserve/5d8aeadb6de3150009a507c4/416x416.jpg?background=000000&cropX1=297&cropX2=1343&cropY1=45&cropY2=1091,552.0,538.0,3500.0,"Cofounder and CEO, Valve Corporation",False,,
1392,Prajogo Pangestu,Pangestu,prajogo-pangestu,prajogo-pangestu,-6.476,78.0,petrochemicals,Diversified,M,Indonesia,1681550402482,,,5852.406,455.0,455.0,//specials-images.forbesimg.com/imageserve/5de19788ea103f000653b784/416x416.jpg?background=000000&cropX1=65&cropX2=660&cropY1=3&cropY2=598,553.0,538.0,3500.0,,,,
1393,Anthony Pritzker,Pritzker,anthony-pritzker,anthony-pritzker,0.0,62.0,"hotels, investments",Service,M,United States,1681550402483,CA,California,3740.0,791.0,791.0,https://specials-images.forbesimg.com/imageserve/5f4971f6ae6fa459a8bfae28/416x416.jpg?background=000000&cropX1=1068&cropX2=1941&cropY1=447&cropY2=1319,554.0,538.0,3500.0,,,,
1394,Randall Rollins,Rollins,randall-rollins,randall-rollins,,91.0,pest control,Service,M,United States,1599567303756,GA,Georgia,,,,//specials-images.forbesimg.com/imageserve/c71620af40d526c7e992f006ce03dc6f/416x416.jpg?background=000000&cropX1=0&cropX2=744&cropY1=126&cropY2=870,555.0,538.0,3500.0,,,,
1395,Henry Samueli,Samueli,henry-samueli,henry-samueli,-42.483,68.0,semiconductors,Technology,M,United States,1681550402482,CA,California,7776.598,290.0,290.0,//specials-images.forbesimg.com/imageserve/5d8aa0fd6de3150009a5030b/416x416.jpg?background=000000&cropX1=376&cropX2=1438&cropY1=38&cropY2=1100,556.0,538.0,3500.0,"Cofounder, Chief Technology Officer and Chairman, Broadcom",False,,
1396,Charles Simonyi,Simonyi,charles-simonyi,charles-simonyi,-50.442,74.0,Microsoft,Technology,M,United States,1681550402482,WA,Washington,5732.447,468.0,468.0,//specials-images.forbesimg.com/imageserve/5d8af04618444200084e7329/416x416.jpg?background=000000&cropX1=247&cropX2=1846&cropY1=21&cropY2=1620,557.0,538.0,3500.0,,,,
1397,Paul Singer,Singer,paul-singer,paul-singer,0.0,78.0,hedge funds,Finance & Investments,M,United States,1681550402482,NY,New York,5513.0,497.0,497.0,//specials-images.forbesimg.com/imageserve/5d8aecba22254b0008e16641/416x416.jpg?background=000000&cropX1=811&cropX2=1988&cropY1=605&cropY2=1781,558.0,538.0,3500.0,"Founder, Elliott Management",False,100.0,
1398,David Steward,Steward,david-steward,no-pic,0.0,71.0,IT provider,Technology,M,United States,1681550402482,MO,Missouri,6027.0,436.0,436.0,//specials-images.forbesimg.com/imageserve/5d8aed2e22254b0008e1664c/416x416.jpg?background=000000&cropX1=376&cropX2=1062&cropY1=77&cropY2=764,559.0,538.0,3500.0,,,,
1399,Teh Hong Piow,Teh,teh-hong-piow,teh-hong-piow,,93.0,banking,Finance & Investments,M,Malaysia,1617669641174,,,,,,//specials-images.forbesimg.com/imageserve/5e5fd53c44b78400068bfb15/416x416.jpg?background=000000&cropX1=23&cropX2=2692&cropY1=0&cropY2=2667,560.0,538.0,3500.0,,,,
1400,Frank VanderSloot,VanderSloot,frank-vandersloot,no-pic,0.0,74.0,"nutrition, wellness products",Fashion & Retail,M,United States,1681550402483,ID,Idaho,3140.819,971.0,971.0,//specials-images.forbesimg.com/imageserve/5b06f4904bbe6f74868a643b/416x416.jpg?background=000000&cropX1=780&cropX2=2482&cropY1=549&cropY2=2250,561.0,538.0,3500.0,,,,
1401,M.A. Yusuff Ali,Yusuff Ali,ma-yusuff-ali,ma-yusuff-ali,0.0,67.0,retail,Fashion & Retail,M,India,1681550402482,,,5327.661,516.0,516.0,https://specials-images.forbesimg.com/imageserve/5d9f4c3a67dd830006a3211e/416x416.jpg?background=000000&cropX1=669&cropX2=1625&cropY1=281&cropY2=1238,562.0,538.0,3500.0,,,,
1402,Zhang Hongwei,Zhang,zhang-hongwei,zhang-hongwei,0.0,68.0,"oil, banking",Diversified,M,China,1681550402483,,,2833.797,1106.0,1106.0,//specials-images.forbesimg.com/imageserve/5c6e3bcd4bbe6f2fbddc4a69/416x416.jpg?background=000000&cropX1=96&cropX2=2571&cropY1=0&cropY2=2473,563.0,538.0,3500.0,,,,
1403,Zhang Xin & Pan Shiyi,Zhang Xin & Pan,zhang-xin,zhang-xin,2.117,57.0,real estate,Real Estate,F,China,1681550402483,,,1367.921,2148.0,2148.0,//specials-images.forbesimg.com/imageserve/5e793930c7b02d000666ff9e/416x416.jpg?background=000000&cropX1=1326&cropX2=3680&cropY1=0&cropY2=2352,564.0,538.0,3500.0,"Cofounder, CEO, Soho China",False,,
1404,Kapil & Rahul Bhatia,Bhatia,kapil-rahul-bhatia,kapil-rahul-bhatia,,,airlines,Service,M,India,1617122563186,,,,,,https://specials-images.forbesimg.com/imageserve/6345c0072a29645c22b5c039/416x416.jpg?background=000000&cropX1=1010&cropX2=1564&cropY1=761&cropY2=1315,565.0,565.0,3400.0,,,,
1405,Richard Branson,Branson,richard-branson,richard-branson,-7.647,72.0,Virgin,Diversified,M,United Kingdom,1681550402483,,,2938.081,1054.0,1054.0,https://specials-images.forbesimg.com/imageserve/605e45a29181e87f594383bd/416x416.jpg?background=000000&cropX1=0&cropX2=1080&cropY1=0&cropY2=1080,566.0,565.0,3400.0,,,,
1406,Rick Caruso,Caruso,rick-caruso,rick-caruso,0.0,64.0,real estate,Real Estate,M,United States,1681550402482,CA,California,5326.31,517.0,517.0,https://specials-images.forbesimg.com/imageserve/5f497003b4ea1178f158e438/416x416.jpg?background=000000&cropX1=1057&cropX2=3633&cropY1=91&cropY2=2667,567.0,565.0,3400.0,,,,
1407,Bubba Cathy,Cathy,bubba-cathy,bubba-cathy,0.0,68.0,Chick-fil-A,Food & Beverage,M,United States,1681550402482,GA,Georgia,6628.0,396.0,396.0,//specials-images.forbesimg.com/imageserve/5601a7bae4b0ffa7afe4f31b/416x416.jpg?background=000000&cropX1=5&cropX2=744&cropY1=2&cropY2=742,568.0,565.0,3400.0,,,,
1408,Dan Cathy,Cathy,dan-cathy,dan-cathy,0.0,70.0,Chick-fil-A,Food & Beverage,M,United States,1681550402482,GA,Georgia,6628.0,396.0,397.0,//specials-images.forbesimg.com/imageserve/5601a7fbe4b0ffa7afe4f321/416x416.jpg?background=000000&cropX1=27&cropX2=678&cropY1=21&cropY2=672,569.0,565.0,3400.0,,,,
1409,Mahendra Choksi,Choksi,mahendra-choksi,no-pic,0.0,81.0,paints,Manufacturing,M,India,1681550402482,,,5355.544,511.0,511.0,https://specials-images.forbesimg.com/imageserve/61575ab3ecee9a05d3ca2f37/416x416.jpg?background=000000&cropX1=0&cropX2=2472&cropY1=160&cropY2=2633,570.0,565.0,3400.0,,,,
1410,Dong Wei,Dong,dong-wei-2,no-pic,15.511,52.0,pharmaceuticals,Healthcare,M,China,1681550402483,,,2469.743,1282.0,1282.0,,571.0,565.0,3400.0,,,,
1411,Pavel Durov,Durov,pavel-durov,no-pic,0.0,38.0,messaging app,Technology,M,Russia,1681550402482,,,11465.0,158.0,158.0,https://specials-images.forbesimg.com/imageserve/605e44a746821557fdbd3e15/416x416.jpg?background=000000&cropX1=0&cropX2=1080&cropY1=0&cropY2=1080,572.0,565.0,3400.0,,,,
1412,Juan Carlos Escotet,Escotet,juan-carlos-escotet,juan-carlos-escotet,0.0,63.0,banking,Finance & Investments,M,Venezuela,1681550402482,,,4385.779,656.0,656.0,//specials-images.forbesimg.com/imageserve/5e77fb7c10380d0006fbc9a3/416x416.jpg?background=000000&cropX1=112&cropX2=1744&cropY1=312&cropY2=1944,573.0,565.0,3400.0,,,,
1413,Sergei Galitsky,Galitsky,sergei-galitsky,sergei-galitsky,0.0,55.0,retail,Fashion & Retail,M,Russia,1681550402483,,,3219.735,946.0,946.0,//specials-images.forbesimg.com/imageserve/5e7786e310380d0006fbbfea/416x416.jpg?background=000000&cropX1=392&cropX2=1445&cropY1=76&cropY2=1128,574.0,565.0,3400.0,,,,
1414,Jaime Gilinski Bacal,Gilinski Bacal,jaime-gilinski-bacal,jaime-gilinski-bacal,57.395,65.0,banking,Finance & Investments,M,Colombia,1681550402482,,,4258.34,685.0,685.0,//specials-images.forbesimg.com/imageserve/4f07d582150616600588bf39ab92e054/416x416.jpg?background=000000&cropX1=0&cropX2=744&cropY1=66&cropY2=810,575.0,565.0,3400.0,,,,
1415,Pansy Ho,Ho,pansy-ho,pansy-ho,-16.685,60.0,casinos,Gambling & Casinos,F,Hong Kong,1681550402483,,,3772.942,782.0,782.0,https://specials-images.forbesimg.com/imageserve/63f4e1df005a1030c5607140/416x416.jpg?background=000000&cropX1=246&cropX2=992&cropY1=360&cropY2=1107,576.0,565.0,3400.0,,,,
1416,Huang Rulun,Huang,huang-rulun,huang-rulun,,71.0,real estate,Real Estate,M,China,1604523191809,,,,,,//specials-images.forbesimg.com/imageserve/5d24e1fe2ea1ddd9a7543aacb08daff5/416x416.jpg?background=000000&cropX1=0&cropX2=744&cropY1=3&cropY2=747,577.0,565.0,3400.0,,,,
1417,Daniel Kretinsky,Kretinsky,daniel-kretinsky,no-pic,0.0,47.0,"energy, investments",Energy,M,Czechia,1681550402482,,,9505.656,209.0,209.0,//specials-images.forbesimg.com/imageserve/5e758a55d8e1ae0007b71625/416x416.jpg?background=000000&cropX1=696&cropX2=3299&cropY1=0&cropY2=2601,578.0,565.0,3400.0,,,,
1418,Miguel Krigsner,Krigsner,miguel-krigsner,miguel-krigsner,0.0,73.0,cosmetics,Fashion & Retail,M,Brazil,1681550402483,,,3356.689,903.0,903.0,//specials-images.forbesimg.com/imageserve/b9ab1ce76ad01ef77189b9172be31aa1/416x416.jpg?background=000000&cropX1=0&cropX2=744&cropY1=60&cropY2=804,579.0,565.0,3400.0,,,,
1419,Ludwig Merckle,Merckle,ludwig-merckle,ludwig-merckle,87.355,58.0,pharmaceuticals,Finance & Investments,M,Germany,1681550402482,,,6019.727,438.0,438.0,//specials-images.forbesimg.com/imageserve/58a1dd824bbe6f0e5586a942/416x416.jpg?background=000000&cropX1=0&cropX2=744&cropY1=256&cropY2=1000,580.0,565.0,3400.0,,,,
1420,Akira Mori,Mori,akira-mori,akira-mori,0.0,86.0,real estate,Real Estate,M,Japan,1681550402483,,,2889.357,1077.0,1077.0,//specials-images.forbesimg.com/imageserve/5a7fadfb4bbe6f2652f53485/416x416.jpg?background=000000&cropX1=217&cropX2=2212&cropY1=0&cropY2=1995,581.0,565.0,3400.0,,,,
1421,Michael Moritz,Moritz,michael-moritz,michael-moritz,-13.137,68.0,venture capital,Technology,M,United States,1681550402482,CA,California,4589.61,625.0,625.0,https://specials-images.forbesimg.com/imageserve/624e03ce0e62ac687c1c1f55/416x416.jpg?background=000000&cropX1=0&cropX2=1200&cropY1=0&cropY2=1200,582.0,565.0,3400.0,"Partner, Sequoia",False,,
1422,J.B. Pritzker,Pritzker,jb-pritzker,no-pic,0.0,58.0,"hotels, investments",Finance & Investments,M,United States,1681550402483,IL,Illinois,3589.0,831.0,831.0,https://specials-images.forbesimg.com/imageserve/642b3125043fc33fd5a008b3/416x416.jpg?background=000000&cropX1=1211&cropX2=2890&cropY1=46&cropY2=1725,583.0,565.0,3400.0,,,,
1423,"Enrique Razon, Jr.",Razon,enrique-razon-jr,enrique-razon-jr,48.404,63.0,ports,Logistics,M,Philippines,1681550402482,,,7423.304,317.0,317.0,https://specials-images.forbesimg.com/imageserve/62f2d5ed969eb6ad58fe6374/416x416.jpg?background=000000&cropX1=0&cropX2=968&cropY1=1&cropY2=969,584.0,565.0,3400.0,,,,
1424,Thomas Schmidheiny,Schmidheiny,thomas-schmidheiny,thomas-schmidheiny,54.718,77.0,cement,Construction & Engineering,M,Switzerland,1681550402482,,,5894.366,453.0,453.0,//specials-images.forbesimg.com/imageserve/5c723437a7ea431000435227/416x416.jpg?background=000000&cropX1=1427&cropX2=2405&cropY1=14&cropY2=991,585.0,565.0,3400.0,,,,
1425,Richard Schulze,Schulze,richard-schulze,richard-schulze,4.524,82.0,Best Buy,Fashion & Retail,M,United States,1681550402483,FL,Florida,3599.958,828.0,828.0,//specials-images.forbesimg.com/imageserve/1423046948c12a11b7b90939845786aa/416x416.jpg?background=000000&cropX1=101&cropX2=1176&cropY1=52&cropY2=1127,586.0,565.0,3400.0,"Chairman, Best Buy",False,,
1426,Lynn Schusterman,Schusterman,lynn-schusterman,lynn-schusterman,0.0,84.0,"oil & gas, investments",Energy,F,United States,1681550402483,OK,Oklahoma,3238.0,943.0,943.0,//specials-images.forbesimg.com/imageserve/9d68965dce3f7b7ef35b0630e212e048/416x416.jpg?background=000000&cropX1=0&cropX2=744&cropY1=2&cropY2=746,587.0,565.0,3400.0,,,,
1427,Romesh T. Wadhwani,Wadhwani,romesh-t-wadhwani,romesh-t-wadhwani,-0.42,75.0,software,Technology,M,United States,1681550402482,CA,California,5120.404,545.0,545.0,https://specials-images.forbesimg.com/imageserve/59dd2b81a7ea436b47b3ab9d/416x416.jpg?background=000000&cropX1=234&cropX2=3262&cropY1=636&cropY2=3663,588.0,565.0,3400.0,"Founder and Chairman, Symphony Technology Group",False,,
1428,Zhang Jin,Zhang,zhang-jin,no-pic,,51.0,diversified,Diversified,M,China,1617122741610,,,,,,https://specials-images.forbesimg.com/imageserve/6050f48ca1ab099ed6e290cc/416x416.jpg?background=000000&cropX1=0&cropX2=800&cropY1=0&cropY2=800,589.0,565.0,3400.0,,,,
1429,Majid Al Futtaim,Al Futtaim,majid-al-futtaim,majid-al-futtaim,,,"real estate, retail",Real Estate,M,United Arab Emirates,1639774958458,,,,,,//specials-images.forbesimg.com/imageserve/e9477990f0df68ea92063acd9c7228d1/416x416.jpg?background=000000&cropX1=0&cropX2=744&cropY1=160&cropY2=904,590.0,590.0,3300.0,,,,
1430,Mohed Altrad,Altrad,mohed-altrad,mohed-altrad,0.0,75.0,"scaffolding, cement mixers",Construction & Engineering,M,France,1681550402483,,,2659.252,1197.0,1197.0,//specials-images.forbesimg.com/imageserve/5e75a303d8e1ae0007b716c9/416x416.jpg?background=000000&cropX1=794&cropX2=3137&cropY1=6&cropY2=2348,591.0,590.0,3300.0,,,,
1431,Shari Arison,Arison,shari-arison,shari-arison,-6.029,65.0,Carnival Cruises,Service,F,Israel,1681550402482,,,4084.128,712.0,712.0,//specials-images.forbesimg.com/imageserve/3eda39cc3957e62baacfa44070afb0e0/416x416.jpg?background=000000&cropX1=0&cropX2=744&cropY1=16&cropY2=760,592.0,590.0,3300.0,,,,
1432,John Arnold,Arnold,john-arnold,john-arnold,0.0,49.0,hedge funds,Finance & Investments,M,United States,1681550402483,TX,Texas,3285.0,929.0,929.0,https://specials-images.forbesimg.com/imageserve/5f49698801b8d8812b707f4e/416x416.jpg?background=000000&cropX1=248&cropX2=993&cropY1=474&cropY2=1220,593.0,590.0,3300.0,"Founder, Centaurus Advisors",False,,
1433,John Catsimatidis,Catsimatidis,john-catsimatidis,john-catsimatidis,0.0,74.0,"oil, real estate",Energy,M,United States,1681550402482,NY,New York,4064.0,714.0,714.0,//specials-images.forbesimg.com/imageserve/5d8b06556de3150009a5092d/416x416.jpg?background=000000&cropX1=1492&cropX2=3562&cropY1=110&cropY2=2178,594.0,590.0,3300.0,,,,
1434,Chu Mang Yee,Chu,mang-yee-chu,no-pic,-23.49,63.0,real estate,Real Estate,M,China,1681550402483,,,2982.333,1030.0,1030.0,//specials-images.forbesimg.com/imageserve/33f3416ee4f4e17cb8ea4cf680b1179c/416x416.jpg?background=000000&cropX1=0&cropX2=688&cropY1=3&cropY2=691,595.0,590.0,3300.0,,,,
1435,Dan Friedkin,Friedkin,dan-friedkin,dan-friedkin,0.0,58.0,Toyota dealerships,Automotive,M,United States,1681550402482,TX,Texas,5528.019,491.0,491.0,//specials-images.forbesimg.com/imageserve/5d8ad21f22254b0008e1646d/416x416.jpg?background=000000&cropX1=874&cropX2=2968&cropY1=508&cropY2=2604,596.0,590.0,3300.0,"owner and ceo, Gulf States Toyota",False,,
1436,H. Fisk Johnson,Johnson,h-fisk-johnson,h-fisk-johnson,-1.819,64.0,cleaning products,Manufacturing,M,United States,1681550402482,WI,Wisconsin,4792.902,590.0,590.0,//specials-images.forbesimg.com/imageserve/5efe26775644560007c86f41/416x416.jpg?background=000000&cropX1=1303&cropX2=2063&cropY1=400&cropY2=1160,597.0,590.0,3300.0,,,,
1437,S. Curtis Johnson,Johnson,s-curtis-johnson,s-curtis-johnson,-1.819,67.0,cleaning products,Manufacturing,M,United States,1681550402482,WI,Wisconsin,4793.202,587.0,588.0,//specials-images.forbesimg.com/imageserve/8e422dbdec30a22c76e951d2d2938057/416x416.jpg?background=000000&cropX1=0&cropX2=467&cropY1=85&cropY2=552,598.0,590.0,3300.0,,,,
1438,Helen Johnson-Leipold,Johnson-Leipold,helen-johnson-leipold,helen-johnson-leipold,-1.819,66.0,cleaning products,Manufacturing,F,United States,1681550402482,WI,Wisconsin,4793.202,587.0,587.0,//specials-images.forbesimg.com/imageserve/5d8adba06de3150009a506b0/416x416.jpg?background=000000&cropX1=0&cropX2=401&cropY1=53&cropY2=454,599.0,590.0,3300.0,,,,
1439,Vikram Lal,Lal,vikram-lal,vikram-lal,0.0,81.0,motorcycles,Automotive,M,India,1681550402482,,,5786.965,460.0,460.0,https://specials-images.forbesimg.com/imageserve/6050f48ca1ab099ed6e290cc/416x416.jpg?background=000000&cropX1=0&cropX2=800&cropY1=0&cropY2=800,600.0,590.0,3300.0,,,,
1440,Jane Lauder,Lauder,jane-lauder,jane-lauder,50.073,50.0,Estée Lauder,Fashion & Retail,F,United States,1681550402482,NY,New York,5323.245,518.0,518.0,https://specials-images.forbesimg.com/imageserve/5f4977a36096df14bbef84d4/416x416.jpg?background=000000&cropX1=781&cropX2=1650&cropY1=314&cropY2=1183,601.0,590.0,3300.0,,,,
1441,Lin Xiucheng,Lin,lin-xiucheng,lin-xiucheng,71.722,67.0,electronics,Technology,M,China,1681550402483,,,3300.996,921.0,921.0,https://specials-images.forbesimg.com/imageserve/61a52212402ed8086d7a1ac9/416x416.jpg?background=000000&cropX1=0&cropX2=800&cropY1=0&cropY2=800,602.0,590.0,3300.0,,,,
1442,Mohamed Mansour,Mansour,mohamed-mansour,mohamed-mansour,0.0,75.0,diversified,Diversified,M,Egypt,1681550402483,,,3562.447,838.0,838.0,//specials-images.forbesimg.com/imageserve/5a7ddba14bbe6f2652f51e41/416x416.jpg?background=000000&cropX1=1297&cropX2=2966&cropY1=17&cropY2=1685,603.0,590.0,3300.0,,,,
1443,Winifred J. Marquart,Marquart,winifred-j-marquart,no-pic-female,-1.819,64.0,cleaning products,Manufacturing,F,United States,1681550402482,VA,Virginia,4793.202,587.0,589.0,https://specials-images.forbesimg.com/imageserve/6050f48ca1ab099ed6e290cc/416x416.jpg?background=000000&cropX1=0&cropX2=800&cropY1=0&cropY2=800,604.0,590.0,3300.0,,,,
1444,John Middleton,Middleton,john-middleton,no-pic,0.0,68.0,tobacco,Food & Beverage,M,United States,1681550402483,PA,Pennsylvania,3363.0,901.0,901.0,//specials-images.forbesimg.com/imageserve/5d8af2bf6de3150009a507fc/416x416.jpg?background=000000&cropX1=425&cropX2=2750&cropY1=0&cropY2=2327,605.0,590.0,3300.0,,,,
1445,Arnon Milchan,Milchan,arnon-milchan,arnon-milchan,0.0,78.0,movie making,Media & Entertainment,M,Israel,1681550402483,,,3304.606,919.0,919.0,//specials-images.forbesimg.com/imageserve/5e76cb7e10380d0006fbb7f7/416x416.jpg?background=000000&cropX1=760&cropX2=3509&cropY1=84&cropY2=2831,606.0,590.0,3300.0,,,,
1446,Arturo Moreno,Moreno,arturo-moreno,arturo-moreno,4.154,76.0,"billboards, Anaheim Angels",Sports,M,United States,1681550402482,AZ,Arizona,4139.424,708.0,708.0,//specials-images.forbesimg.com/imageserve/59dd8c2731358e542c0394c7/416x416.jpg?background=000000&cropX1=212&cropX2=2610&cropY1=179&cropY2=2579,607.0,590.0,3300.0,,,,
1447,Michael Otto,Otto,michael-otto,michael-otto,0.0,80.0,"retail, real estate",Fashion & Retail,M,Germany,1681550402482,,,8998.011,227.0,227.0,//specials-images.forbesimg.com/imageserve/5e763288c7b02d000666c927/416x416.jpg?background=000000&cropX1=583&cropX2=3246&cropY1=29&cropY2=2691,608.0,590.0,3300.0,,,,
1448,Alexander Ponomarenko,Ponomarenko,alexander-ponomarenko,alexander-ponomarenko,0.0,58.0,"real estate, airport",Logistics,M,Russia,1681550402483,,,2585.21,1229.0,1229.0,https://specials-images.forbesimg.com/imageserve/622a54de1e5943247e7a7528/416x416.jpg?background=000000&cropX1=137&cropX2=1557&cropY1=0&cropY2=1419,609.0,590.0,3300.0,,,,
1449,Dirk Rossmann,Rossmann,dirk-rossmann,dirk-rossmann,2.027,76.0,drugstores,Fashion & Retail,M,Germany,1681550402483,,,3591.063,830.0,830.0,//specials-images.forbesimg.com/imageserve/5e762257d8e1ae0007b71a03/416x416.jpg?background=000000&cropX1=856&cropX2=3693&cropY1=0&cropY2=2835,610.0,590.0,3300.0,,,,
1450,Shi Yonghong,Shi,yonghong-shi,no-pic,-34.595,54.0,restaurants,Food & Beverage,M,China,1681550402483,,,2844.866,1096.0,1096.0,//specials-images.forbesimg.com/imageserve/5bcfb0fb31358e5b43344b63/416x416.jpg?background=000000&cropX1=257&cropX2=2143&cropY1=782&cropY2=2667,611.0,590.0,3300.0,,,,
1451,Alexander Skorobogatko,Skorobogatko,alexander-skorobogatko,alexander-skorobogatko,0.0,55.0,"real estate, airport",Logistics,M,Russia,1681550402483,,,2732.0,1157.0,1157.0,//specials-images.forbesimg.com/imageserve/b0486d23f85a613e85336bd421161b18/416x416.jpg?background=000000&cropX1=6&cropX2=744&cropY1=85&cropY2=823,612.0,590.0,3300.0,,,,
1452,Anthony von Mandl,von Mandl,anthony-von-mandl,no-pic,0.0,,alcoholic beverages,Food & Beverage,M,Canada,1681550402482,,,8976.4,230.0,230.0,//specials-images.forbesimg.com/imageserve/5df7cd0fe961e10007392fdb/416x416.jpg?background=000000&cropX1=708&cropX2=1504&cropY1=90&cropY2=886,613.0,590.0,3300.0,,,,
1453,Meg Whitman,Whitman,meg-whitman,meg-whitman,11.29,66.0,eBay,Technology,F,United States,1681550402483,CA,California,2885.763,1081.0,1081.0,//specials-images.forbesimg.com/imageserve/5e8b63cae2bb040006428af5/416x416.jpg?background=000000&cropX1=0&cropX2=4162&cropY1=394&cropY2=4560,614.0,590.0,3300.0,"CEO, Quibi",False,,
1454,Christoph Zeller,Zeller,christoph-zeller,no-pic,0.0,65.0,dental implants,Healthcare,M,Liechtenstein,1681550402483,,,2351.485,1354.0,1354.0,,615.0,590.0,3300.0,,,,
1455,Andrej Babis,Babis,andrej-babis,andrej-babis,0.0,68.0,agriculture,Food & Beverage,M,Czechia,1681550402482,,,4335.142,663.0,663.0,//specials-images.forbesimg.com/imageserve/5e7589f9c7b02d000666c352/416x416.jpg?background=000000&cropX1=665&cropX2=2628&cropY1=62&cropY2=2026,616.0,616.0,3200.0,,,,
1456,Gayle Benson,Benson,gayle-benson,no-pic-female,0.0,76.0,pro sports teams,Sports,F,United States,1681550402482,LA,Louisiana,4716.56,597.0,597.0,//specials-images.forbesimg.com/imageserve/5d8af7f322254b0008e166a7/416x416.jpg?background=000000&cropX1=577&cropX2=3334&cropY1=17&cropY2=2774,617.0,616.0,3200.0,,,,
1457,Bert Beveridge,Beveridge,bert-beveridge,no-pic,0.0,61.0,vodka,Food & Beverage,M,United States,1681550402482,TX,Texas,4612.891,617.0,617.0,//specials-images.forbesimg.com/imageserve/59dfbb6c4bbe6f37dda06543/416x416.jpg?background=000000&cropX1=767&cropX2=1418&cropY1=488&cropY2=1139,618.0,616.0,3200.0,,,,
1458,Charles Cohen,Cohen,charles-cohen,no-pic,0.0,71.0,real estate,Real Estate,M,United States,1681550402483,NY,New York,3713.941,796.0,796.0,//specials-images.forbesimg.com/imageserve/59dbe4314bbe6f37dda036ef/416x416.jpg?background=000000&cropX1=4&cropX2=1997&cropY1=103&cropY2=2096,619.0,616.0,3200.0,,,,
1459,John Collison,Collison,john-collison,john-collison,0.0,32.0,payments software,Technology,M,Ireland,1681550402482,CA,California,5500.0,498.0,498.0,//specials-images.forbesimg.com/imageserve/5e76c91ed8e1ae0007b725d7/416x416.jpg?background=000000&cropX1=389&cropX2=1167&cropY1=132&cropY2=910,620.0,616.0,3200.0,"Cofounder, Stripe",False,,
1460,Patrick Collison,Collison,patrick-collison,patrick-collison,0.0,34.0,payment software,Technology,M,Ireland,1681550402482,CA,California,5500.0,498.0,499.0,https://specials-images.forbesimg.com/imageserve/619e651e6b47f0c29e025b72/416x416.jpg?background=000000&cropX1=0&cropX2=1080&cropY1=0&cropY2=1080,621.0,616.0,3200.0,"Cofounder, Stripe",False,,
1461,Leon G. Cooperman,Cooperman,leon-g-cooperman,leon-g-cooperman,0.0,79.0,hedge funds,Finance & Investments,M,United States,1681550402483,FL,Florida,2500.0,1264.0,1264.0,//specials-images.forbesimg.com/imageserve/59dbebf94bbe6f37dda03841/416x416.jpg?background=000000&cropX1=50&cropX2=3490&cropY1=186&cropY2=3629,622.0,616.0,3200.0,"Founder, Omega Advisors, Inc.",False,,
1462,Yakir Gabay,Gabay,yakir-gabay,no-pic,21.013,57.0,real estate,Real Estate,M,Cyprus,1681550402483,,,3507.027,851.0,851.0,https://specials-images.forbesimg.com/imageserve/6050f48ca1ab099ed6e290cc/416x416.jpg?background=000000&cropX1=0&cropX2=800&cropY1=0&cropY2=800,623.0,616.0,3200.0,,,,
1463,Tom Golisano,Golisano,tom-golisano,tom-golisano,-48.308,81.0,payroll services,Service,M,United States,1681550402482,FL,Florida,4945.769,572.0,572.0,https://specials-images.forbesimg.com/imageserve/5f4972a5099f88892f707f4e/416x416.jpg?background=000000&cropX1=748&cropX2=2711&cropY1=259&cropY2=2220,624.0,616.0,3200.0,,,,
1464,Jonathan Gray,Gray,jonathan-gray,jonathan-gray,43.071,53.0,investments,Finance & Investments,M,United States,1681550402482,NY,New York,5110.413,550.0,550.0,//specials-images.forbesimg.com/imageserve/5d8ae3a822254b0008e16558/416x416.jpg?background=000000&cropX1=446&cropX2=2137&cropY1=240&cropY2=1930,625.0,616.0,3200.0,,,,
1465,Martin Haefner,Haefner,martin-haefner,no-pic,-4.139,69.0,"software, investments",Technology,M,Switzerland,1681550402482,,,5120.126,546.0,546.0,//specials-images.forbesimg.com/imageserve/5c72358ea7ea43100043522e/416x416.jpg?background=000000&cropX1=84&cropX2=455&cropY1=2&cropY2=373,626.0,616.0,3200.0,,,,
1466,"Jeremy Jacobs, Sr.",Jacobs,jeremy-jacobs-sr,jeremy-jacobs-sr,0.0,83.0,food service,Service,M,United States,1681550402482,NY,New York,4059.329,715.0,715.0,//specials-images.forbesimg.com/imageserve/5d8abd0922254b0008e16330/416x416.jpg?background=000000&cropX1=687&cropX2=3579&cropY1=184&cropY2=3076,627.0,616.0,3200.0,,,,
1467,Jiang Bin,Jiang,jiang-bin,jiang-bin,7.559,56.0,acoustic components,Technology,M,China,1681550402482,,,4934.476,575.0,575.0,//specials-images.forbesimg.com/imageserve/5c78388f31358e35dd279c6e/416x416.jpg?background=000000&cropX1=188&cropX2=1422&cropY1=234&cropY2=1467,628.0,616.0,3200.0,,,,
1468,"Rupert Johnson, Jr.",Johnson,rupert-johnson-jr,no-pic,-17.519,82.0,money management,Finance & Investments,M,United States,1681550402482,CA,California,4148.541,706.0,706.0,//specials-images.forbesimg.com/imageserve/57e0693fa7ea430a8a1a0744/416x416.jpg?background=000000&cropX1=0&cropX2=692&cropY1=55&cropY2=748,629.0,616.0,3200.0,"Vice Chairman and Director, Franklin Resources",False,,
1469,Daryl Katz,Katz,daryl-katz,daryl-katz,-0.037,61.0,pharmacies,Diversified,M,Canada,1681550402482,,,4406.993,649.0,649.0,//specials-images.forbesimg.com/imageserve/5e74426b2a573300068fcd58/416x416.jpg?background=000000&cropX1=197&cropX2=2229&cropY1=189&cropY2=2221,630.0,616.0,3200.0,"Chairman, Rexall Health",False,,
1470,Ken Langone,Langone,ken-langone,no-pic,-1.355,87.0,investments,Finance & Investments,M,United States,1681550402482,NY,New York,5977.662,447.0,447.0,https://specials-images.forbesimg.com/imageserve/5f497ada09427da3f7707f50/416x416.jpg?background=000000&cropX1=1020&cropX2=2530&cropY1=718&cropY2=2227,631.0,616.0,3200.0,,,,
1471,Guenther Lehmann,Lehmann,guenther-lehmann,no-pic,,,drugstores,Fashion & Retail,M,Germany,1587679098497,,,,,,,632.0,616.0,3200.0,,,,
1472,James Leprino,Leprino,james-leprino,no-pic,0.0,85.0,cheese,Food & Beverage,M,United States,1681550402483,CO,Colorado,1861.083,1669.0,1669.0,,633.0,616.0,3200.0,"Chairman, Leprino Foods",False,,
1473,Li Haiyan,Li,li-haiyan,no-pic-female,-30.585,,restaurants,Food & Beverage,F,China,1681550402483,,,2148.97,1475.0,1475.0,,634.0,616.0,3200.0,,,,
1474,Ronald McAulay,McAulay,ronald-mcaulay,no-pic,2.41,87.0,energy,Energy,M,Hong Kong,1681550402483,,,2916.958,1062.0,1062.0,//specials-images.forbesimg.com/imageserve/5e3b32b73dcf0d0006b852b8/416x416.jpg?background=000000&cropX1=0&cropX2=352&cropY1=26&cropY2=378,635.0,616.0,3200.0,,,,
1475,Masahiro Miki,Miki,masahiro-miki,masahiro-miki,89.506,67.0,shoes,Fashion & Retail,M,Japan,1681550402483,,,3835.277,771.0,771.0,//specials-images.forbesimg.com/imageserve/4b326a448b4132675e2cb6e3202fa061/416x416.jpg?background=000000&cropX1=0&cropX2=372&cropY1=2&cropY2=374,636.0,616.0,3200.0,,,,
1476,John Morris,Morris,john-morris,john-morris,0.0,75.0,sporting goods retail,Fashion & Retail,M,United States,1681550402482,MO,Missouri,8337.308,262.0,262.0,//specials-images.forbesimg.com/imageserve/5d8adeb06de3150009a506bf/416x416.jpg?background=000000&cropX1=0&cropX2=1334&cropY1=383&cropY2=1717,637.0,616.0,3200.0,,,,
1477,Hans Georg Naeder,Naeder,hans-georg-naeder,hans-georg-naeder,0.0,61.0,prosthetics,Manufacturing,M,Germany,1681550402483,,,2697.746,1176.0,1176.0,https://specials-images.forbesimg.com/imageserve/6050f48ca1ab099ed6e290cc/416x416.jpg?background=000000&cropX1=0&cropX2=800&cropY1=0&cropY2=800,638.0,616.0,3200.0,,,,
1478,Paolo & Gianfelice Mario Rocca,Rocca,paolo-gianfelice-mario-rocca,paolo-gianfelice-mario-rocca,,,pipe manufacturing,Metals & Mining,M,Italy,1617669785102,,,,,,//specials-images.forbesimg.com/imageserve/5e76d95d10380d0006fbb85f/416x416.jpg?background=000000&cropX1=1262&cropX2=3189&cropY1=0&cropY2=1926,639.0,616.0,3200.0,,,,
1479,Marc Rowan,Rowan,marc-rowan,marc-rowan,7.367,60.0,private equity,Finance & Investments,M,United States,1681550402482,NY,New York,4673.852,605.0,605.0,//specials-images.forbesimg.com/imageserve/55fac5fde4b0ffa7afe4af8c/416x416.jpg?background=000000&cropX1=0&cropX2=744&cropY1=121&cropY2=865,640.0,616.0,3200.0,,,,
1480,Yitzhak Tshuva,Tshuva,yitzhak-tshuva,yitzhak-tshuva,0.0,74.0,real estate,Real Estate,M,Israel,1681550402483,,,3908.213,749.0,749.0,//specials-images.forbesimg.com/imageserve/5c70c47831358e35dd26ecba/416x416.jpg?background=000000&cropX1=2&cropX2=932&cropY1=7&cropY2=936,641.0,616.0,3200.0,,,,
1481,Tung Chee Chen,Tung,tung-chee-chen,tung-chee-chen,0.0,80.0,shipping,Logistics,M,Hong Kong,1681550402483,,,3563.75,837.0,837.0,https://specials-images.forbesimg.com/imageserve/60de2bb296d80f8963446fdb/416x416.jpg?background=000000&cropX1=676&cropX2=2250&cropY1=0&cropY2=1575,642.0,616.0,3200.0,,,,
1482,Chip Wilson,Wilson,chip-wilson,chip-wilson,42.544,66.0,Lululemon,Fashion & Retail,M,Canada,1681550402482,,,5751.506,464.0,464.0,//specials-images.forbesimg.com/imageserve/5e7b95cd9f46de0006e492bd/416x416.jpg?background=000000&cropX1=1740&cropX2=3369&cropY1=1886&cropY2=3515,643.0,616.0,3200.0,"Chairman, Lululemon",False,,
1483,Xu Jingren,Xu,xu-jingren,xu-jingren,,78.0,pharmaceuticals,Healthcare,M,China,1617122690015,,,,,,https://specials-images.forbesimg.com/imageserve/6050f48ca1ab099ed6e290cc/416x416.jpg?background=000000&cropX1=0&cropX2=800&cropY1=0&cropY2=800,644.0,616.0,3200.0,,,,
1484,Denise York,York,denise-york,denise-york,0.0,72.0,San Francisco 49ers,Sports,F,United States,1681550402482,OH,Ohio,5144.1,540.0,540.0,//specials-images.forbesimg.com/imageserve/5d890b8522254b0008e134fc/416x416.jpg?background=000000&cropX1=0&cropX2=1500&cropY1=243&cropY2=1743,645.0,616.0,3200.0,"Co-Chairman, San Francisco 49ers",False,,
1485,Zhan Micree,Zhan,zhan-micree,no-pic,,44.0,Cryptocurrency mining chips,Technology,M,China,1604523184021,,,,,,//specials-images.forbesimg.com/imageserve/5bcfb4614bbe6f78bda5a0ea/416x416.jpg?background=000000&cropX1=2856&cropX2=4886&cropY1=609&cropY2=2637,646.0,616.0,3200.0,,,,
1486,Zhang Wenzhong,Zhang,zhang-wenzhong,no-pic,0.0,61.0,supermarkets,Fashion & Retail,M,China,1681550402483,,,3012.048,1020.0,1020.0,https://specials-images.forbesimg.com/imageserve/5a7d249b4bbe6f2652f51279/416x416.jpg?background=000000&cropX1=0&cropX2=1146&cropY1=110&cropY2=1256,647.0,616.0,3200.0,,,,
1487,Anil Agarwal,Agarwal,anil-agarwal,anil-agarwal,,69.0,"mining, metals",Metals & Mining,M,India,1617122750142,,,,,,//specials-images.forbesimg.com/imageserve/5bad4b4ba7ea4342a948e153/416x416.jpg?background=000000&cropX1=1474&cropX2=3554&cropY1=126&cropY2=2207,648.0,648.0,3100.0,,,,
1488,Igor Altushkin,Altushkin,igor-altushkin,igor-altushkin,0.0,52.0,metals,Metals & Mining,M,Russia,1681550402483,,,3449.071,871.0,871.0,//specials-images.forbesimg.com/imageserve/5e777d9cc7b02d000666d7b3/416x416.jpg?background=000000&cropX1=594&cropX2=3031&cropY1=64&cropY2=2500,649.0,648.0,3100.0,,,,
1489,Alain Bouchard,Bouchard,alain-bouchard,alain-bouchard,21.35,74.0,retail,Fashion & Retail,M,Canada,1681550402482,,,6602.17,399.0,399.0,https://specials-images.forbesimg.com/imageserve/6050f48ca1ab099ed6e290cc/416x416.jpg?background=000000&cropX1=0&cropX2=800&cropY1=0&cropY2=800,650.0,648.0,3100.0,"Chairman and CEO, Alimentation Couche Tard Inc. Cl A",False,,
1490,Dmitry Bukhman,Bukhman,dmitri-bukhman,no-pic,-1.867,37.0,online games,Media & Entertainment,M,Russia,1681550402482,,,6928.03,357.0,357.0,//specials-images.forbesimg.com/imageserve/5e77f0e6c7b02d000666e1b2/416x416.jpg?background=000000&cropX1=64&cropX2=671&cropY1=19&cropY2=626,651.0,648.0,3100.0,,,,
1491,Igor Bukhman,Bukhman,igor-bukhman,no-pic,-1.867,41.0,online games,Media & Entertainment,M,Russia,1681550402482,,,6928.03,357.0,358.0,https://specials-images.forbesimg.com/imageserve/62475447958a861c14859098/416x416.jpg?background=000000&cropX1=0&cropX2=1743&cropY1=0&cropY2=1743,652.0,648.0,3100.0,,,,
1492,John Paul DeJoria,DeJoria,john-paul-dejoria,john-paul-dejoria,-2.64,79.0,"hair products, tequila",Fashion & Retail,M,United States,1681550402483,TX,Texas,2919.882,1060.0,1060.0,https://specials-images.forbesimg.com/imageserve/5f493024ddb201935c58e43a/416x416.jpg?background=000000&cropX1=501&cropX2=2800&cropY1=307&cropY2=2606,653.0,648.0,3100.0,,,,
1493,Gustavo Denegri,Denegri,gustavo-denegri,gustavo-denegri,-49.481,86.0,biotech,Healthcare,M,Italy,1681550402483,,,2998.081,1025.0,1025.0,//specials-images.forbesimg.com/imageserve/6dc3c89409cd980592f213524b3184bb/416x416.jpg?background=000000&cropX1=0&cropX2=744&cropY1=24&cropY2=768,654.0,648.0,3100.0,,,,
1494,Bernard Ecclestone,Ecclestone,bernard-ecclestone,bernard-ecclestone,0.0,92.0,Formula One,Sports,M,United Kingdom,1681550402483,,,2940.0,1053.0,1053.0,//specials-images.forbesimg.com/imageserve/5e77ec33c7b02d000666e172/416x416.jpg?background=000000&cropX1=959&cropX2=4277&cropY1=0&cropY2=3316,655.0,648.0,3100.0,,,,
1495,Allan Goldman,Goldman,allan-goldman,no-pic,,80.0,real estate,Real Estate,M,United States,1599249670613,NY,New York,,,,,656.0,648.0,3100.0,,,,
1496,Jane Goldman,Goldman,jane-goldman,no-pic-female,0.0,67.0,real estate,Real Estate,F,United States,1681550402483,NY,New York,2092.459,1505.0,1505.0,//specials-images.forbesimg.com/imageserve/57e1169431358e16c589bb3f/416x416.jpg?background=000000&cropX1=0&cropX2=744&cropY1=56&cropY2=800,657.0,648.0,3100.0,,,,
1497,Amy Goldman Fowler,Goldman Fowler,amy-goldman-fowler,no-pic-female,0.0,68.0,real estate,Real Estate,F,United States,1681550402483,NY,New York,2008.716,1559.0,1559.0,//specials-images.forbesimg.com/imageserve/5d8aeda16de3150009a507e4/416x416.jpg?background=000000&cropX1=23&cropX2=875&cropY1=37&cropY2=890,658.0,648.0,3100.0,,,,
1498,Thomas Hagen,Hagen,thomas-hagen,no-pic,-66.441,87.0,insurance,Finance & Investments,M,United States,1681550402482,PA,Pennsylvania,4300.151,673.0,673.0,,659.0,648.0,3100.0,,,,
1499,Don Hankey,Hankey,don-hankey,don-hankey,0.0,79.0,auto loans,Finance & Investments,M,United States,1681550402482,CA,California,7197.7,333.0,333.0,//specials-images.forbesimg.com/imageserve/5d8af98622254b0008e166c7/416x416.jpg?background=000000&cropX1=2722&cropX2=4120&cropY1=980&cropY2=2377,660.0,648.0,3100.0,"Chairman, Hankey Group",False,,
1500,Peter Hargreaves,Hargreaves,peter-hargreaves,peter-hargreaves,7.264,76.0,financial services,Finance & Investments,M,United Kingdom,1681550402483,,,2531.329,1254.0,1254.0,//specials-images.forbesimg.com/imageserve/58a0d206a7ea431f32195a58/416x416.jpg?background=000000&cropX1=2&cropX2=744&cropY1=2&cropY2=745,661.0,648.0,3100.0,,,,
1501,Huang Li,Huang,huang-li-1,huang-li-1,33.083,59.0,imaging systems,Technology,M,China,1681550402483,,,3861.119,761.0,761.0,https://specials-images.forbesimg.com/imageserve/6050f48ca1ab099ed6e290cc/416x416.jpg?background=000000&cropX1=0&cropX2=800&cropY1=0&cropY2=800,662.0,648.0,3100.0,,,,
1502,Erman Ilicak,Ilicak,erman-ilicak,erman-ilicak,0.0,55.0,construction,Construction & Engineering,M,Turkey,1681550402483,,,2400.249,1324.0,1324.0,//specials-images.forbesimg.com/imageserve/5e77e041c7b02d000666e08f/416x416.jpg?background=000000&cropX1=1180&cropX2=2828&cropY1=33&cropY2=1679,663.0,648.0,3100.0,,,,
1503,Masatoshi Ito,Ito,masatoshi-ito,masatoshi-ito,,98.0,retail,Fashion & Retail,M,Japan,1617122690659,,,,,,https://specials-images.forbesimg.com/imageserve/629e5b8eebee89de47d8d39d/416x416.jpg?background=000000&cropX1=176&cropX2=1809&cropY1=73&cropY2=1706,664.0,648.0,3100.0,,,,
1504,Diane Kemper,Kemper,diane-kemper,no-pic-female,0.0,77.0,real estate,Real Estate,F,United States,1681550402483,NY,New York,1982.716,1582.0,1582.0,,665.0,648.0,3100.0,,,,
1505,Karel Komarek,Komarek,karel-komarek,karel-komarek,0.0,54.0,"oil and gas, IT, lotteries",Gambling & Casinos,M,Czechia,1681550402482,,,8376.133,257.0,257.0,//specials-images.forbesimg.com/imageserve/5c755fe44bbe6f43b0c5cea2/416x416.jpg?background=000000&cropX1=0&cropX2=2366&cropY1=98&cropY2=2465,666.0,648.0,3100.0,,,,
1506,Lu Xiangyang,Lu,lu-xiangyang,lu-xiangyang,175.054,60.0,"automobiles, batteries",Automotive,M,China,1681550402482,,,13409.91,135.0,135.0,https://specials-images.forbesimg.com/imageserve/6050f48ca1ab099ed6e290cc/416x416.jpg?background=000000&cropX1=0&cropX2=800&cropY1=0&cropY2=800,667.0,648.0,3100.0,,,,
1507,Daniel Och,Och,daniel-och,daniel-och,-0.464,62.0,hedge funds,Finance & Investments,M,United States,1681550402483,NY,New York,3676.981,807.0,807.0,https://specials-images.forbesimg.com/imageserve/633327d1a10ad41d20377afd/416x416.jpg?background=000000&cropX1=239&cropX2=1183&cropY1=5&cropY2=950,668.0,648.0,3100.0,"Founder, Och-Ziff Capital Management",False,,
1508,Park Yeon-cha,Park,park-yeon-cha,no-pic,,77.0,sneakers,Manufacturing,M,South Korea,1607976808971,,,,,,//specials-images.forbesimg.com/imageserve/5d246dcc142c500008c8956d/416x416.jpg?background=000000&cropX1=7&cropX2=436&cropY1=55&cropY2=484,669.0,648.0,3100.0,,,,
1509,Karsanbhai Patel,Patel,karsanbhai-patel,karsanbhai-patel,0.0,79.0,consumer goods,Diversified,M,India,1681550402483,,,2672.924,1192.0,1192.0,//specials-images.forbesimg.com/imageserve/5c79a9284bbe6f0e1f1f6878/416x416.jpg?background=000000&cropX1=1022&cropX2=2137&cropY1=280&cropY2=1396,670.0,648.0,3100.0,,,,
1510,Thomas Pritzker,Pritzker,thomas-pritzker,thomas-pritzker,-6.578,72.0,"hotels, investments",Finance & Investments,M,United States,1681550402482,IL,Illinois,5344.66,512.0,512.0,//specials-images.forbesimg.com/imageserve/5d8ad63e22254b0008e164cc/416x416.jpg?background=000000&cropX1=15&cropX2=1538&cropY1=54&cropY2=1577,671.0,648.0,3100.0,"Executive Chairman, Hyatt Hotels",False,,
1511,Nicolas Puech,Puech,nicolas-puech,nicolas-puech,169.484,80.0,Hermes,Fashion & Retail,M,France,1681550402482,,,11563.66,156.0,156.0,//specials-images.forbesimg.com/imageserve/56c7bbe1e4b062f6b59a23c5/416x416.jpg?background=000000&cropX1=85&cropX2=525&cropY1=127&cropY2=567,672.0,648.0,3100.0,,,,
1512,"Edward Roski, Jr.",Roski,edward-roski-jr,edward-roski-jr,0.0,84.0,real estate,Real Estate,M,United States,1681550402482,CA,California,6719.765,383.0,383.0,//specials-images.forbesimg.com/imageserve/5d8a8d0d6de3150009a50173/416x416.jpg?background=000000&cropX1=172&cropX2=1281&cropY1=94&cropY2=1204,673.0,648.0,3100.0,"President and Chairman, Majestic Realty, Co.",False,,
1513,John Sall,Sall,john-sall,john-sall,0.0,75.0,software,Technology,M,United States,1681550402483,NC,North Carolina,3681.814,805.0,805.0,//specials-images.forbesimg.com/imageserve/5d8ae5cb22254b0008e165ca/416x416.jpg?background=000000&cropX1=189&cropX2=1865&cropY1=34&cropY2=1709,674.0,648.0,3100.0,"Co-Founder, Executive Vice President, SAS Institute",False,,
1514,Chairul Tanjung,Tanjung,chairul-tanjung,chairul-tanjung,-4.752,60.0,diversified,Diversified,M,Indonesia,1681550402482,,,4911.653,577.0,577.0,https://specials-images.forbesimg.com/imageserve/61af95dca83f7a9c8de9f3db/416x416.jpg?background=000000&cropX1=295&cropX2=1484&cropY1=206&cropY2=1395,675.0,648.0,3100.0,,,,
1515,Abhay Vakil,Vakil,abhay-vakil,abhay-vakil,,72.0,Paints,Manufacturing,M,India,1617122634169,,,,,,https://specials-images.forbesimg.com/imageserve/6157635dd988af4f81235c55/416x416.jpg?background=000000&cropX1=0&cropX2=1967&cropY1=284&cropY2=2252,676.0,648.0,3100.0,,,,
1516,Wu Zhigang,Wu,wu-zhigang,no-pic,-51.96,88.0,bakery chain,Food & Beverage,M,China,1681550402483,,,2313.959,1373.0,1373.0,,677.0,648.0,3100.0,,,,
1517,Steve Wynn,Wynn,steve-wynn,steve-wynn,0.0,81.0,"casinos, hotels",Gambling & Casinos,M,United States,1681550402483,NV,Nevada,3184.5,958.0,958.0,https://specials-images.forbesimg.com/imageserve/5f492f19b83ec6ab5858e438/416x416.jpg?background=000000&cropX1=777&cropX2=3114&cropY1=80&cropY2=2418,678.0,648.0,3100.0,"Cofounder, Wynn Resorts",False,,
1518,Yi Zheng,Yi,yi-zheng,no-pic,193.85,52.0,software,Technology,M,China,1681550402482,,,5721.374,469.0,469.0,,679.0,648.0,3100.0,,,,
1519,Carl Bennet,Bennet,carl-bennet,no-pic,-48.853,71.0,investments,Finance & Investments,M,Sweden,1681550402482,,,7407.579,320.0,320.0,//specials-images.forbesimg.com/imageserve/5e77c36f10380d0006fbc5ec/416x416.jpg?background=000000&cropX1=560&cropX2=2262&cropY1=63&cropY2=1766,680.0,680.0,3000.0,,,,
1520,Martin & Olivier Bouygues,Bouygues,martin-bouygues-1,no-pic,29.434,,"construction, media",Construction & Engineering,M,France,1681550402483,,,2173.546,1459.0,1459.0,//specials-images.forbesimg.com/imageserve/5e75a1c710380d0006fba9c6/416x416.jpg?background=000000&cropX1=636&cropX2=2901&cropY1=289&cropY2=2555,681.0,680.0,3000.0,,,,
1521,Orlando Bravo,Bravo,orlando-bravo,no-pic,0.0,52.0,private equity,Finance & Investments,M,United States,1681550402482,CA,California,7863.0,285.0,285.0,//specials-images.forbesimg.com/imageserve/5e8b9e3c89bd6e00073cbda2/416x416.jpg?background=000000&cropX1=0&cropX2=4800&cropY1=549&cropY2=5349,682.0,680.0,3000.0,,,,
1522,John Brown,Brown,john-brown,john-brown,3.071,88.0,medical equipment,Healthcare,M,United States,1681550402482,GA,Georgia,6261.251,418.0,418.0,//specials-images.forbesimg.com/imageserve/5b7570b5a32f0129b2a24f38d50637f6/416x416.jpg?background=000000&cropX1=65&cropX2=345&cropY1=0&cropY2=280,683.0,680.0,3000.0,,,,
1523,Giuseppe De'Longhi,De'Longhi,giuseppe-delonghi,no-pic,8.983,83.0,coffee makers,Fashion & Retail,M,Italy,1681550402483,,,3863.405,760.0,760.0,//specials-images.forbesimg.com/imageserve/5c70d0534bbe6f79c547410d/416x416.jpg?background=000000&cropX1=6&cropX2=800&cropY1=13&cropY2=808,684.0,680.0,3000.0,,,,
1524,Rafael Del Pino,Del Pino,rafael-del-pino-1,no-pic,32.823,64.0,construction,Construction & Engineering,M,Spain,1681550402482,,,4720.128,596.0,596.0,//specials-images.forbesimg.com/imageserve/5c720d0d4bbe6f51818ab7e5/416x416.jpg?background=000000&cropX1=206&cropX2=2875&cropY1=0&cropY2=2667,685.0,680.0,3000.0,,,,
1525,Barry Diller,Diller,barry-diller,barry-diller,-2.974,81.0,online media,Media & Entertainment,M,United States,1681550402483,NY,New York,3822.911,772.0,772.0,https://specials-images.forbesimg.com/imageserve/5f4978612579aa24ec628b58/416x416.jpg?background=000000&cropX1=386&cropX2=4439&cropY1=1209&cropY2=5263,686.0,680.0,3000.0,,,,
1526,Bennett Dorrance,Dorrance,bennett-dorrance,bennett-dorrance,-22.643,77.0,Campbell Soup,Food & Beverage,M,United States,1681550402483,AZ,Arizona,3407.72,885.0,885.0,//specials-images.forbesimg.com/imageserve/2a96ddbe76c1eeed78fcd008987e09e8/416x416.jpg?background=000000&cropX1=58&cropX2=689&cropY1=132&cropY2=764,687.0,680.0,3000.0,,,,
1527,Fang Wei,Fang,wei-fang,no-pic,-18.544,49.0,steel,Manufacturing,M,China,1681550402482,,,5100.078,552.0,552.0,https://specials-images.forbesimg.com/imageserve/6050f48ca1ab099ed6e290cc/416x416.jpg?background=000000&cropX1=0&cropX2=800&cropY1=0&cropY2=800,688.0,680.0,3000.0,,,,
1528,Piero Ferrari,Ferrari,piero-ferrari,piero-ferrari,49.108,77.0,automobiles,Automotive,M,Italy,1681550402482,,,5993.604,443.0,443.0,//specials-images.forbesimg.com/imageserve/5e76d9e2d8e1ae0007b7266c/416x416.jpg?background=000000&cropX1=1231&cropX2=4241&cropY1=0&cropY2=3008,689.0,680.0,3000.0,,,,
1529,Fu Liquan,Fu,fu-liquan,no-pic,3.81,55.0,surveillance equipment,Technology,M,China,1681550402482,,,4635.741,611.0,611.0,//specials-images.forbesimg.com/imageserve/5a7cb12931358e4955acf6aa/416x416.jpg?background=000000&cropX1=5&cropX2=2500&cropY1=621&cropY2=3117,690.0,680.0,3000.0,,,,
1530,Christian Haub,Haub,christian-haub,no-pic,0.0,58.0,retail,Fashion & Retail,M,Germany,1681550402482,CT,Connecticut,4574.093,626.0,626.0,//specials-images.forbesimg.com/imageserve/5c702e7531358e35dd26de18/416x416.jpg?background=000000&cropX1=259&cropX2=1004&cropY1=8&cropY2=753,691.0,680.0,3000.0,,,,
1531,Heidi Horten,Horten,heidi-horten,heidi-horten,,82.0,retail,Fashion & Retail,F,Austria,1617669862277,,,,,,https://specials-images.forbesimg.com/imageserve/5c6cb657a7ea437e33f37579/416x416.jpg?background=000000&cropX1=375&cropX2=2931&cropY1=306&cropY2=2863,692.0,680.0,3000.0,,,,
1532,James Irsay,Irsay,james-irsay,james-irsay,0.0,63.0,Indianapolis Colts,Sports,M,United States,1681550402483,IN,Indiana,3907.0,750.0,750.0,//specials-images.forbesimg.com/imageserve/5d8afd1522254b0008e16723/416x416.jpg?background=000000&cropX1=258&cropX2=2186&cropY1=65&cropY2=1991,693.0,680.0,3000.0,"CEO, Indianapolis Colts",False,,
1533,Thai Lee,Lee,thai-lee,thai-lee,0.056,64.0,IT provider,Technology,F,United States,1681550402482,TX,Texas,4809.764,584.0,584.0,//specials-images.forbesimg.com/imageserve/5d8afd6822254b0008e1672a/416x416.jpg?background=000000&cropX1=49&cropX2=3453&cropY1=938&cropY2=4345,694.0,680.0,3000.0,,,,
1534,Angela Leong,Leong,angela-leong,angela-leong,-4.239,62.0,casinos,Real Estate,F,Hong Kong,1681550402483,,,2694.588,1179.0,1179.0,https://specials-images.forbesimg.com/imageserve/620d3a8f5f32a602c7f05d4f/416x416.jpg?background=000000&cropX1=1051&cropX2=2810&cropY1=91&cropY2=1850,695.0,680.0,3000.0,,,,
1535,Li Liufa,Li,liufa-li,no-pic,,65.0,"steel, diversified",Diversified,M,China,1604523164995,,,,,,//specials-images.forbesimg.com/imageserve/5c6e95414bbe6f2fbddc4d0a/416x416.jpg?background=000000&cropX1=1343&cropX2=3700&cropY1=11&cropY2=2369,696.0,680.0,3000.0,,,,
1536,Joseph Liemandt,Liemandt,joseph-liemandt,no-pic,5.499,54.0,software,Technology,M,United States,1681550402482,TX,Texas,4462.499,638.0,638.0,//specials-images.forbesimg.com/imageserve/5d8afe6218444200084e73b1/416x416.jpg?background=000000&cropX1=73&cropX2=741&cropY1=48&cropY2=716,697.0,680.0,3000.0,,,,
1537,Tobi Lutke,Lutke,tobi-lutke,no-pic,52.769,42.0,e-commerce,Technology,M,Canada,1681550402482,,,4395.812,654.0,654.0,//specials-images.forbesimg.com/imageserve/5e744ae22a573300068fcdac/416x416.jpg?background=000000&cropX1=1240&cropX2=2731&cropY1=537&cropY2=2029,698.0,680.0,3000.0,,,,
1538,Gwendolyn Sontheim Meyer,Meyer,gwendolyn-sontheim-meyer,no-pic-female,0.0,61.0,Cargill,Food & Beverage,F,United States,1681550402482,CA,California,4344.483,662.0,662.0,,699.0,680.0,3000.0,,,,
1539,Benjamin Zhengmin Pan,Pan,benjamin-zhengmin-pan,no-pic,22.836,53.0,electronics,Technology,M,China,1681550402483,,,1756.605,1757.0,1757.0,https://specials-images.forbesimg.com/imageserve/6050f48ca1ab099ed6e290cc/416x416.jpg?background=000000&cropX1=0&cropX2=800&cropY1=0&cropY2=800,700.0,680.0,3000.0,,,,
1540,Carrie Perrodo,Perrodo,carrie-perrodo,carrie-perrodo,0.0,72.0,oil,Energy,F,France,1681550402482,,,8831.386,237.0,237.0,//specials-images.forbesimg.com/imageserve/5ed4563bce65aef57ded29dc3a87eea7/416x416.jpg?background=000000&cropX1=2&cropX2=709&cropY1=5&cropY2=712,701.0,680.0,3000.0,,,,
1541,Ira Rennert,Rennert,ira-rennert,ira-rennert,0.0,88.0,investments,Finance & Investments,M,United States,1681550402483,NY,New York,3510.55,849.0,849.0,//specials-images.forbesimg.com/imageserve/57e06ef631358e16c589b9fd/416x416.jpg?background=000000&cropX1=79&cropX2=744&cropY1=44&cropY2=710,702.0,680.0,3000.0,,,,
1542,Naguib Sawiris,Sawiris,naguib-sawiris,naguib-sawiris,-0.088,68.0,telecom,Telecom,M,Egypt,1681550402483,,,3314.307,916.0,916.0,//specials-images.forbesimg.com/imageserve/5e75940510380d0006fba943/416x416.jpg?background=000000&cropX1=1248&cropX2=3468&cropY1=87&cropY2=2305,703.0,680.0,3000.0,,,,
1543,Howard Schultz,Schultz,howard-schultz,howard-schultz,10.462,69.0,Starbucks,Food & Beverage,M,United States,1681550402483,WA,Washington,3877.309,757.0,757.0,//specials-images.forbesimg.com/imageserve/5d8bbe586de3150009a51b00/416x416.jpg?background=000000&cropX1=779&cropX2=1928&cropY1=1929&cropY2=3079,704.0,680.0,3000.0,,,,
1544,Thomas Secunda,Secunda,thomas-secunda,thomas-secunda,0.0,68.0,Bloomberg LP,Media & Entertainment,M,United States,1681550402482,NY,New York,4724.3,595.0,595.0,//specials-images.forbesimg.com/imageserve/5a8dfac04bbe6f2652f62cac/416x416.jpg?background=000000&cropX1=99&cropX2=3161&cropY1=120&cropY2=3182,705.0,680.0,3000.0,,,,
1545,Eric Smidt,Smidt,eric-smidt,no-pic,0.0,63.0,hardware stores,Fashion & Retail,M,United States,1681550402482,CA,California,9234.427,218.0,218.0,//specials-images.forbesimg.com/imageserve/59b00d1da7ea434a34f36956/416x416.jpg?background=000000&cropX1=168&cropX2=3712&cropY1=634&cropY2=4180,706.0,680.0,3000.0,,,,
1546,Barry Sternlicht,Sternlicht,barry-sternlicht,barry-sternlicht,-5.763,62.0,private equity,Finance & Investments,M,United States,1681550402482,FL,Florida,4602.992,620.0,620.0,//specials-images.forbesimg.com/imageserve/5e14f03b0bf81b0006c116b5/416x416.jpg?background=000000&cropX1=466&cropX2=1164&cropY1=318&cropY2=1016,707.0,680.0,3000.0,,,,
1547,Suh Kyung-bae,Suh,suh-kyung-bae,suh-kyung-bae,34.646,60.0,cosmetics,Fashion & Retail,M,South Korea,1681550402483,,,1990.772,1577.0,1577.0,//specials-images.forbesimg.com/imageserve/5539280de4b0bacdbd748e4e/416x416.jpg?background=000000&cropX1=19&cropX2=744&cropY1=53&cropY2=778,708.0,680.0,3000.0,"Chairman, Amorepacific",False,,
1548,"William Wrigley, Jr.",Wrigley,william-wrigley-jr,william-wrigley-jr,1.478,59.0,chewing gum,Food & Beverage,M,United States,1681550402483,FL,Florida,2865.678,1085.0,1085.0,//specials-images.forbesimg.com/imageserve/5d8aff5022254b0008e1675c/416x416.jpg?background=000000&cropX1=160&cropX2=857&cropY1=32&cropY2=730,709.0,680.0,3000.0,"Chairman and CEO, Wrigley Management, Inc.",False,,
1549,Michael Minhong Yu,Yu,michael-minhong-yu,no-pic,10.891,61.0,education,Service,M,China,1681550402483,,,1436.145,2076.0,2076.0,//specials-images.forbesimg.com/imageserve/5e792df4d8e1ae0007b75227/416x416.jpg?background=000000&cropX1=1296&cropX2=3940&cropY1=407&cropY2=3049,710.0,680.0,3000.0,,,,
1550,Yu Yong,Yu,yu-yong,no-pic,199.751,62.0,mining,Finance & Investments,M,China,1681550402482,,,5283.94,522.0,522.0,,711.0,680.0,3000.0,,,,
1551,Juan Abello,Abello,juan-abello,juan-abello,0.575,81.0,investments,Finance & Investments,M,Spain,1681550402483,,,2836.021,1104.0,1104.0,//specials-images.forbesimg.com/imageserve/5e77be54c7b02d000666dccc/416x416.jpg?background=000000&cropX1=1222&cropX2=2893&cropY1=11&cropY2=1681,712.0,712.0,2900.0,,,,
1552,Richard Chandler,Chandler,richard-chandler,richard-chandler,0.0,64.0,investments,Finance & Investments,M,New Zealand,1681550402483,,,2636.946,1205.0,1205.0,//specials-images.forbesimg.com/imageserve/5a6f911831358e4955abf07e/416x416.jpg?background=000000&cropX1=120&cropX2=400&cropY1=0&cropY2=280,713.0,712.0,2900.0,,,,
1553,Chen Jianhua,Chen,chen-jianhua,chen-jianhua,-150.993,52.0,chemicals,Manufacturing,M,China,1681550402482,,,8946.559,232.0,232.0,https://specials-images.forbesimg.com/imageserve/6050f48ca1ab099ed6e290cc/416x416.jpg?background=000000&cropX1=0&cropX2=800&cropY1=0&cropY2=800,714.0,712.0,2900.0,,,,
1554,Pierre Chen,Chen,pierre-chen,pierre-chen,56.332,66.0,electronics,Technology,M,Taiwan,1681550402482,,,5680.173,475.0,475.0,https://specials-images.forbesimg.com/imageserve/56cc361be4b062f6b59a4fe9/416x416.jpg?background=000000&cropX1=0&cropX2=744&cropY1=211&cropY2=955,715.0,712.0,2900.0,,,,
1555,Scott Cook,Cook,scott-cook,scott-cook,-1.352,70.0,software,Technology,M,United States,1681550402482,CA,California,4423.568,645.0,645.0,//specials-images.forbesimg.com/imageserve/5d8ae96b22254b0008e16620/416x416.jpg?background=000000&cropX1=377&cropX2=3151&cropY1=19&cropY2=2793,716.0,712.0,2900.0,,,,
1556,Daniel D'Aniello,D'Aniello,daniel-daniello,daniel-daniello,-8.91,76.0,private equity,Finance & Investments,M,United States,1681550402483,VA,Virginia,3465.868,866.0,866.0,//specials-images.forbesimg.com/imageserve/57e17dbc31358e16c589bf64/416x416.jpg?background=000000&cropX1=176&cropX2=736&cropY1=0&cropY2=561,717.0,712.0,2900.0,,,,
1557,Andre Esteves,Esteves,andre-esteves,andre-esteves,2.441,54.0,banking,Finance & Investments,M,Brazil,1681550402482,,,5376.307,510.0,510.0,//specials-images.forbesimg.com/imageserve/5c6cc7434bbe6f3a74231dba/416x416.jpg?background=000000&cropX1=238&cropX2=3600&cropY1=0&cropY2=3360,718.0,712.0,2900.0,,,,
1558,John Gandel,Gandel,john-gandel,john-gandel,0.0,88.0,shopping malls,Real Estate,M,Australia,1681550402483,,,3292.69,926.0,926.0,https://specials-images.forbesimg.com/imageserve/63ea5d473566dd44e5ffa61e/416x416.jpg?background=000000&cropX1=0&cropX2=1080&cropY1=0&cropY2=1080,719.0,712.0,2900.0,,,,
1559,Michael Hintze,Hintze,michael-hintze,michael-hintze,0.0,69.0,investment,Finance & Investments,M,Australia,1681550402483,,,3229.225,944.0,944.0,//specials-images.forbesimg.com/imageserve/5e74005510380d0006bda9d2/416x416.jpg?background=000000&cropX1=159&cropX2=1306&cropY1=105&cropY2=1253,720.0,712.0,2900.0,"Founder, CQS LLP",False,,
1560,Steven Klinsky,Klinsky,steven-klinsky,no-pic,-0.348,66.0,investments,Finance & Investments,M,United States,1681550402483,NY,New York,3415.474,880.0,880.0,//specials-images.forbesimg.com/imageserve/5e14f0cc5c7273000781cfd6/416x416.jpg?background=000000&cropX1=1103&cropX2=3772&cropY1=0&cropY2=2668,721.0,712.0,2900.0,,,,
1561,Kwon Hyuk-bin,Kwon,kwon-hyuk-bin,kwon-hyuk-bin,0.0,49.0,online games,Technology,M,South Korea,1681550402482,,,5119.422,547.0,547.0,https://specials-images.forbesimg.com/imageserve/60b11d466e6a8a5ae8e1625a/416x416.jpg?background=000000&cropX1=58&cropX2=799&cropY1=99&cropY2=840,722.0,712.0,2900.0,Smilegate Holdings,False,,
1562,Hans Langer,Langer,hans-langer,no-pic,0.0,71.0,3D printing,Manufacturing,M,Germany,1681550402483,,,2745.834,1148.0,1148.0,//specials-images.forbesimg.com/imageserve/5e7b97cbd8e1ae0007b779e7/416x416.jpg?background=000000&cropX1=472&cropX2=3490&cropY1=489&cropY2=3506,723.0,712.0,2900.0,,,,
1563,Rudolf Maag,Maag,rudolf-maag,no-pic,17.903,77.0,medical devices,Healthcare,M,Switzerland,1681550402482,,,5439.86,505.0,505.0,,724.0,712.0,2900.0,,,,
1564,Masahiro Noda,Noda,masahiro-noda,masahiro-noda,29.377,84.0,software,Technology,M,Japan,1681550402483,,,3854.639,764.0,764.0,//specials-images.forbesimg.com/imageserve/5e76e18b10380d0006fbb8d3/416x416.jpg?background=000000&cropX1=206&cropX2=797&cropY1=58&cropY2=648,725.0,712.0,2900.0,,,,
1565,Denis O'Brien,O'Brien,denis-obrien,denis-obrien,0.138,64.0,telecom,Telecom,M,Ireland,1681550402483,,,2753.702,1142.0,1142.0,//specials-images.forbesimg.com/imageserve/5e76c70fc7b02d000666d2ae/416x416.jpg?background=000000&cropX1=220&cropX2=1482&cropY1=50&cropY2=1311,726.0,712.0,2900.0,,,,
1566,Dan Olsson,Olsson,dan-olsson,dan-olsson,0.0,76.0,diversified,Diversified,M,Sweden,1681550402483,,,2838.486,1100.0,1100.0,//specials-images.forbesimg.com/imageserve/5e77c453c7b02d000666dd7e/416x416.jpg?background=000000&cropX1=18&cropX2=1836&cropY1=188&cropY2=2007,727.0,712.0,2900.0,,,,
1567,Pankaj Patel,Patel,pankaj-patel,pankaj-patel,0.0,70.0,pharmaceuticals,Healthcare,M,India,1681550402482,,,5059.038,561.0,561.0,//specials-images.forbesimg.com/imageserve/59cc2248a7ea434a34f46dd8/416x416.jpg?background=000000&cropX1=0&cropX2=1200&cropY1=185&cropY2=1386,728.0,712.0,2900.0,,,,
1568,Abdulsamad Rabiu,Rabiu,abdulsamad-rabiu,abdulsamad-rabiu,0.0,62.0,"cement, sugar",Diversified,M,Nigeria,1681550402482,,,8280.683,265.0,265.0,https://specials-images.forbesimg.com/imageserve/5ffe1cf7e7d384abb660e55e/416x416.jpg?background=000000&cropX1=0&cropX2=1080&cropY1=0&cropY2=1080,729.0,712.0,2900.0,,,,
1569,Michael Rubin,Rubin,michael-rubin,michael-rubin,0.0,50.0,online retail,Fashion & Retail,M,United States,1681550402482,PA,Pennsylvania,11377.0,160.0,160.0,//specials-images.forbesimg.com/imageserve/5d8b00a16de3150009a508b0/416x416.jpg?background=000000&cropX1=445&cropX2=3494&cropY1=257&cropY2=3308,730.0,712.0,2900.0,"CEO, Kynetic",False,,
1570,Patrick Ryan,Ryan,patrick-ryan,patrick-ryan,-101.07,85.0,insurance,Finance & Investments,M,United States,1681550402482,IL,Illinois,8732.957,241.0,241.0,//specials-images.forbesimg.com/imageserve/5f0cbe3a6e9cb50006ecd208/416x416.jpg?background=000000&cropX1=249&cropX2=1955&cropY1=26&cropY2=1730,731.0,712.0,2900.0,"Chairman and CEO, Ryan Specialty Group",False,,
1571,"Bernard Saul, II.",Saul,bernard-saul-ii,bernard-saul-ii,-17.716,91.0,"banking, real estate",Finance & Investments,M,United States,1681550402483,MD,Maryland,3963.453,733.0,733.0,//specials-images.forbesimg.com/imageserve/e2b0e387987c0fa0aef2253b5912e328/416x416.jpg?background=000000&cropX1=6&cropX2=744&cropY1=34&cropY2=772,732.0,712.0,2900.0,"Chairman and CEO, Saul Centers Inc.",False,,
1572,Mark Shoen,Shoen,mark-shoen,no-pic,-3.459,72.0,U-Haul,Automotive,M,United States,1681550402482,AZ,Arizona,4860.526,580.0,580.0,,733.0,712.0,2900.0,,,,
1573,Su Hua,Su,su-hua,no-pic,-38.121,41.0,video streaming,Media & Entertainment,M,China,1681550402483,,,2962.006,1039.0,1039.0,https://specials-images.forbesimg.com/imageserve/6050f48ca1ab099ed6e290cc/416x416.jpg?background=000000&cropX1=0&cropX2=800&cropY1=0&cropY2=800,734.0,712.0,2900.0,,,,
1574,Glen Taylor,Taylor,glen-taylor,glen-taylor,0.0,81.0,printing,Service,M,United States,1681550402483,MN,Minnesota,2711.29,1165.0,1165.0,https://specials-images.forbesimg.com/imageserve/5f49684341df0ebeb958e438/416x416.jpg?background=000000&cropX1=622&cropX2=3019&cropY1=0&cropY2=2396,735.0,712.0,2900.0,,,,
1575,Wang Zhendong,Wang,wang-zhendong,no-pic,,46.0,education,Service,M,China,1617122612766,,,,,,,736.0,712.0,2900.0,,,,
1576,Hans Peter Wild,Wild,hans-peter-wild,hans-peter-wild,0.0,81.0,flavorings,Food & Beverage,M,Switzerland,1681550402483,,,3477.092,862.0,862.0,//specials-images.forbesimg.com/imageserve/5e77cf7ed8e1ae0007b7365e/416x416.jpg?background=000000&cropX1=1552&cropX2=3419&cropY1=63&cropY2=1929,737.0,712.0,2900.0,,,,
1577,Wong Luen Hei,Wong,wong-luen-hei,wong-luen-hei,18.906,61.0,building materials,Manufacturing,M,China,1681550402483,,,2728.793,1160.0,1160.0,//specials-images.forbesimg.com/imageserve/561fbe7de4b0ffa7afe5e598/416x416.jpg?background=000000&cropX1=0&cropX2=744&cropY1=5&cropY2=749,738.0,712.0,2900.0,,,,
1578,Xue Xiangdong,Xue,xue-xiangdong,xue-xiangdong,30.731,64.0,software,Technology,M,China,1681550402483,,,1869.574,1664.0,1664.0,//specials-images.forbesimg.com/imageserve/5a7d1709a7ea431690130e31/416x416.jpg?background=000000&cropX1=645&cropX2=2738&cropY1=475&cropY2=2570,739.0,712.0,2900.0,,,,
1579,Takao Yasuda,Yasuda,takao-yasuda,takao-yasuda,31.558,73.0,retail,Fashion & Retail,M,Japan,1681550402483,,,3346.87,908.0,908.0,//specials-images.forbesimg.com/imageserve/17575027bdc253768c3f5179976023df/416x416.jpg?background=000000&cropX1=93&cropX2=716&cropY1=13&cropY2=637,740.0,712.0,2900.0,,,,
1580,Zheng Shuliang,Zheng,zheng-shuliang,no-pic-female,357.018,77.0,aluminum products,Metals & Mining,F,China,1681550402482,,,8424.154,255.0,255.0,,741.0,712.0,2900.0,,,,
1581,Zhou Jianping,Zhou,zhou-jianping,zhou-jianping,-23.213,62.0,fashion retail,Fashion & Retail,M,China,1681550402483,,,2911.48,1063.0,1063.0,https://specials-images.forbesimg.com/imageserve/6050f48ca1ab099ed6e290cc/416x416.jpg?background=000000&cropX1=0&cropX2=800&cropY1=0&cropY2=800,742.0,712.0,2900.0,,,,
1582,Pierre Bellon,Bellon,pierre-bellon,pierre-bellon,,93.0,food services,Service,M,France,1645553975800,,,,,,//specials-images.forbesimg.com/imageserve/58a1c18ba7ea431f32196354/416x416.jpg?background=000000&cropX1=3&cropX2=718&cropY1=129&cropY2=844,743.0,743.0,2800.0,,,,
1583,Juergen Blickle,Blickle,juergen-blickle,juergen-blickle,0.0,76.0,auto parts,Manufacturing,M,Germany,1681550402482,,,3995.802,726.0,726.0,//specials-images.forbesimg.com/imageserve/98c126cea0829deac65b48b44ed0e22e/416x416.jpg?background=000000&cropX1=3&cropX2=744&cropY1=55&cropY2=796,744.0,743.0,2800.0,,,,
1584,Jay Chaudhry,Chaudhry,jay-chaudhry,no-pic,-109.292,63.0,security software,Technology,M,United States,1681550402482,CA,California,6032.231,435.0,435.0,//specials-images.forbesimg.com/imageserve/5d8ae32622254b0008e1654d/416x416.jpg?background=000000&cropX1=411&cropX2=2457&cropY1=549&cropY2=2596,745.0,743.0,2800.0,,,,
1585,Otto Happel,Happel,otto-happel,otto-happel,0.0,75.0,engineering,Construction & Engineering,M,Germany,1681550402483,,,3047.945,1006.0,1006.0,https://specials-images.forbesimg.com/imageserve/6050f48ca1ab099ed6e290cc/416x416.jpg?background=000000&cropX1=0&cropX2=800&cropY1=0&cropY2=800,746.0,743.0,2800.0,,,,
1586,James Jannard,Jannard,james-jannard,james-jannard,0.0,73.0,sunglasses,Fashion & Retail,M,United States,1681550402483,WA,Washington,2235.735,1406.0,1406.0,//specials-images.forbesimg.com/imageserve/31538b6d5294610d0ab110c04daf09a2/416x416.jpg?background=000000&cropX1=0&cropX2=744&cropY1=21&cropY2=765,747.0,743.0,2800.0,,,,
1587,Kim Beom-su,Kim,kim-beom-su,kim-beom-su,80.806,57.0,online services,Technology,M,South Korea,1681550402482,,,5231.426,530.0,530.0,https://specials-images.forbesimg.com/imageserve/60b118d16fe6a0bfa17167c8/416x416.jpg?background=000000&cropX1=384&cropX2=2566&cropY1=172&cropY2=2352,748.0,743.0,2800.0,"Chairman, Kakao",False,,
1588,Timur Kulibaev,Kulibaev,timur-kulibaev,timur-kulibaev,-66.83,56.0,banking,Finance & Investments,M,Kazakhstan,1681550402482,,,4402.195,650.0,651.0,//specials-images.forbesimg.com/imageserve/5e76e9cfd8e1ae0007b72786/416x416.jpg?background=000000&cropX1=847&cropX2=3159&cropY1=15&cropY2=2325,749.0,743.0,2800.0,,,,
1589,Dinara Kulibaeva,Kulibaeva,dinara-kulibaeva,dinara-kulibaeva,-66.83,55.0,banking,Finance & Investments,F,Kazakhstan,1681550402482,,,4402.195,650.0,650.0,https://specials-images.forbesimg.com/imageserve/5c70ebb4a7ea4310004340a7/416x416.jpg?background=000000&cropX1=199&cropX2=612&cropY1=0&cropY2=413,750.0,743.0,2800.0,,,,
1590,Richard LeFrak,LeFrak,richard-lefrak,richard-lefrak,0.192,77.0,real estate,Real Estate,M,United States,1681550402483,NY,New York,3721.301,794.0,794.0,//specials-images.forbesimg.com/imageserve/5d8acec222254b0008e16454/416x416.jpg?background=000000&cropX1=15&cropX2=643&cropY1=36&cropY2=664,751.0,743.0,2800.0,,,,
1591,Daniel Loeb,Loeb,daniel-loeb,daniel-loeb,-0.133,61.0,hedge funds,Finance & Investments,M,United States,1681550402483,NY,New York,3502.656,852.0,852.0,//specials-images.forbesimg.com/imageserve/5d8b04349a9bdd00080fb12d/416x416.jpg?background=000000&cropX1=206&cropX2=2416&cropY1=39&cropY2=2250,752.0,743.0,2800.0,"Founder, Third Point",False,,
1592,"Stephen Mandel, Jr.",Mandel,stephen-mandel-jr,no-pic,0.0,67.0,hedge funds,Finance & Investments,M,United States,1681550402483,CT,Connecticut,3573.3,835.0,835.0,,753.0,743.0,2800.0,"Founder, Lone Pine Capital",False,,
1593,Joe Mansueto,Mansueto,joe-mansueto,joe-mansueto,22.598,66.0,investment research,Finance & Investments,M,United States,1681550402482,IL,Illinois,4703.792,598.0,598.0,//specials-images.forbesimg.com/imageserve/5d8adbfe6de3150009a506b3/416x416.jpg?background=000000&cropX1=268&cropX2=548&cropY1=4&cropY2=284,754.0,743.0,2800.0,"Chairman and CEO, Morningstar Inc.",False,,
1594,Philip Niarchos,Niarchos,philip-niarchos,philip-niarchos,0.0,69.0,art collection,Diversified,M,Greece,1681550402483,,,2823.3,1111.0,1111.0,//specials-images.forbesimg.com/imageserve/5c7041514bbe6f79679f066d/416x416.jpg?background=000000&cropX1=431&cropX2=1334&cropY1=22&cropY2=925,755.0,743.0,2800.0,,,,
1595,Maja Oeri,Oeri,maja-oeri,maja-oeri,0.0,68.0,Pharmaceuticals,Healthcare,F,Switzerland,1681550402483,,,3252.618,937.0,937.0,//specials-images.forbesimg.com/imageserve/5a81283c31358e4955ad313b/416x416.jpg?background=000000&cropX1=3&cropX2=1194&cropY1=63&cropY2=1255,756.0,743.0,2800.0,,,,
1596,Or Wai Sheun,Or,or-wai-sheun,or-wai-sheun,5.331,71.0,real estate,Real Estate,M,Hong Kong,1681550402483,,,3166.263,961.0,961.0,https://specials-images.forbesimg.com/imageserve/620d399c3c603dceb88590d8/416x416.jpg?background=000000&cropX1=1331&cropX2=3463&cropY1=173&cropY2=2303,757.0,743.0,2800.0,,,,
1597,Clive Palmer,Palmer,clive-palmer,clive-palmer,0.0,69.0,mining,Metals & Mining,M,Australia,1681550402483,,,2032.233,1547.0,1547.0,https://specials-images.forbesimg.com/imageserve/63ea6fa1ac85540662d77e9e/416x416.jpg?background=000000&cropX1=0&cropX2=1080&cropY1=0&cropY2=1080,758.0,743.0,2800.0,,,,
1598,Qiu Guanghe,Qiu,guanghe-qiu,guanghe-qiu,-18.668,71.0,fashion retail,Fashion & Retail,M,China,1681550402483,,,3036.733,1010.0,1010.0,https://specials-images.forbesimg.com/imageserve/5809442131358e238315e7b8/416x416.jpg?background=000000&cropX1=360&cropX2=1683&cropY1=908&cropY2=2232,759.0,743.0,2800.0,,,,
1599,Arkady Rotenberg,Rotenberg,arkady-rotenberg,arkady-rotenberg,0.0,71.0,"construction, pipes, banking",Construction & Engineering,M,Russia,1681550402483,,,3479.183,859.0,859.0,https://specials-images.forbesimg.com/imageserve/62290e4dba04e4c27c2edc8a/416x416.jpg?background=000000&cropX1=1162&cropX2=4822&cropY1=141&cropY2=3804,760.0,743.0,2800.0,,,,
1600,David Rubenstein,Rubenstein,david-rubenstein,david-rubenstein,-7.897,73.0,private equity,Finance & Investments,M,United States,1681550402483,MD,Maryland,3239.132,940.0,940.0,//specials-images.forbesimg.com/imageserve/5ba570caa7ea434e4c6965d9/416x416.jpg?background=000000&cropX1=1171&cropX2=2600&cropY1=166&cropY2=1594,761.0,743.0,2800.0,"Co-Chief Executive Officer and Co-founder, Carlyle Group",False,,
1601,Su Suyu,Su,su-suyu,no-pic-female,-3.864,74.0,"utilities, real estate",Real Estate,F,China,1681550402483,,,1459.941,2055.0,2055.0,,762.0,743.0,2800.0,,,,
1602,Zhang Tao,Zhang,zhang-tao,no-pic,-46.07,50.0,e-commerce,Fashion & Retail,M,China,1681550402482,,,4994.63,565.0,565.0,https://specials-images.forbesimg.com/imageserve/6182c0c094a2505ca4b82194/416x416.jpg?background=000000&cropX1=255&cropX2=2025&cropY1=0&cropY2=1768,763.0,743.0,2800.0,,,,
1603,Anthony Bamford,Bamford,anthony-bamford,anthony-bamford,0.0,77.0,construction equipment,Construction & Engineering,M,United Kingdom,1681550402482,,,6531.803,403.0,403.0,//specials-images.forbesimg.com/imageserve/5e77eb8e10380d0006fbc8c3/416x416.jpg?background=000000&cropX1=18&cropX2=210&cropY1=5&cropY2=197,764.0,764.0,2700.0,,,,
1604,Bernard Broermann,Broermann,bernard-broermann,bernard-broermann,0.0,79.0,hospitals,Healthcare,M,Germany,1681550402482,,,4926.53,576.0,576.0,//specials-images.forbesimg.com/imageserve/5c6ff1b14bbe6f79679ef782/416x416.jpg?background=000000&cropX1=854&cropX2=4527&cropY1=24&cropY2=3694,765.0,764.0,2700.0,,,,
1605,Alejandro Bulgheroni,Bulgheroni,alejandro-bulgheroni,no-pic,0.0,78.0,oil & gas,Energy,M,Argentina,1681550402483,,,1811.528,1707.0,1707.0,//specials-images.forbesimg.com/imageserve/5e73d0b107adf00006db9510/416x416.jpg?background=000000&cropX1=834&cropX2=3000&cropY1=177&cropY2=2344,766.0,764.0,2700.0,,,,
1606,"Austen Cargill, II.",Cargill,austen-cargill-ii,no-pic,0.0,72.0,Cargill,Food & Beverage,M,United States,1681550402483,MT,Montana,3929.868,745.0,745.0,,767.0,764.0,2700.0,,,,
1607,"James Cargill, II.",Cargill,james-cargill-ii,no-pic,0.0,74.0,Cargill,Food & Beverage,M,United States,1681550402483,WI,Wisconsin,3929.868,745.0,746.0,,768.0,764.0,2700.0,,,,
1608,Vanich Chaiyawan,Chaiyawan,vanich-chaiyawan,vanich-chaiyawan,2.968,91.0,"insurance, beverages",Finance & Investments,M,Thailand,1681550402483,,,3841.08,769.0,769.0,//specials-images.forbesimg.com/imageserve/5cd1aa980a0ec40007b48637/416x416.jpg?background=000000&cropX1=3&cropX2=314&cropY1=5&cropY2=316,769.0,764.0,2700.0,,,,
1609,"William Conway, Jr.",Conway,william-conway-jr,william-conway-jr,-8.64,73.0,private equity,Finance & Investments,M,United States,1681550402483,VA,Virginia,3042.949,1008.0,1008.0,//specials-images.forbesimg.com/imageserve/5a8deac231358e4955adfe42/416x416.jpg?background=000000&cropX1=771&cropX2=3434&cropY1=6&cropY2=2667,770.0,764.0,2700.0,"Co-Chief Executive Officer and Co-founder, Carlyle Group",False,,
1610,Ralph Dommermuth,Dommermuth,ralph-dommermuth,ralph-dommermuth,-8.075,59.0,internet service provider,Technology,M,Germany,1681550402483,,,1804.301,1712.0,1712.0,//specials-images.forbesimg.com/imageserve/5e76345bd8e1ae0007b71c96/416x416.jpg?background=000000&cropX1=312&cropX2=3417&cropY1=20&cropY2=3127,771.0,764.0,2700.0,,,,
1611,Feng Hailiang,Feng,feng-hailiang,feng-hailiang,9.581,62.0,"copper, education",Metals & Mining,M,China,1681550402483,,,2979.83,1032.0,1032.0,https://specials-images.forbesimg.com/imageserve/6050f48ca1ab099ed6e290cc/416x416.jpg?background=000000&cropX1=0&cropX2=800&cropY1=0&cropY2=800,772.0,764.0,2700.0,,,,
1612,Jimmy Haslam,Haslam,jimmy-haslam,jimmy-haslam,0.0,69.0,"gas stations, retail",Fashion & Retail,M,United States,1681550402482,TN,Tennessee,4804.03,585.0,585.0,https://specials-images.forbesimg.com/imageserve/5f49268c96e697d1cc58e43a/416x416.jpg?background=000000&cropX1=165&cropX2=2860&cropY1=5&cropY2=2700,773.0,764.0,2700.0,"CEO, Pilot Flying J",False,,
1613,Georg Haub,Haub,georg-haub,no-pic,0.0,61.0,retail,Fashion & Retail,M,Germany,1681550402483,,,2341.791,1356.0,1356.0,//specials-images.forbesimg.com/imageserve/5c7031744bbe6f79679f0201/416x416.jpg?background=000000&cropX1=6&cropX2=1048&cropY1=10&cropY2=1051,774.0,764.0,2700.0,,,,
1614,Zarakh Iliev,Iliev,zarakh-iliev,zarakh-iliev,0.0,56.0,real estate,Real Estate,M,Russia,1681550402483,,,2860.469,1086.0,1087.0,//specials-images.forbesimg.com/imageserve/da062126c7f684fe3c4cac435fbe622f/416x416.jpg?background=000000&cropX1=84&cropX2=741&cropY1=11&cropY2=668,775.0,764.0,2700.0,,,,
1615,Jason Jiang,Jiang,jason-jiang,jason-jiang,-139.578,50.0,advertising,Media & Entertainment,M,China,1681550402483,,,3841.505,768.0,768.0,//specials-images.forbesimg.com/imageserve/5e7546f92a573300068feaf6/416x416.jpg?background=000000&cropX1=1128&cropX2=2758&cropY1=55&cropY2=1684,776.0,764.0,2700.0,,,,
1616,Ke Zunhong,Ke,ke-zunhong,no-pic,29.184,68.0,pharmaceuticals,Healthcare,M,China,1681550402483,,,1597.974,1895.0,1895.0,https://specials-images.forbesimg.com/imageserve/603e8f5d4a2df75cef4fb25a/416x416.jpg?background=000000&cropX1=0&cropX2=800&cropY1=0&cropY2=800,777.0,764.0,2700.0,,,,
1617,Peter Kellogg,Kellogg,peter-kellogg,no-pic,15.366,80.0,investments,Finance & Investments,M,United States,1681550402483,NJ,New Jersey,3599.841,829.0,829.0,,778.0,764.0,2700.0,,,,
1618,Nathan Kirsh,Kirsh,nathan-kirsh,nathan-kirsh,-3.133,91.0,"retail, real estate",Fashion & Retail,M,Eswatini (Swaziland),1681550402482,,,6527.601,404.0,404.0,//specials-images.forbesimg.com/imageserve/5e77c1dad8e1ae0007b73529/416x416.jpg?background=000000&cropX1=0&cropX2=2666&cropY1=320&cropY2=2989,779.0,764.0,2700.0,,,,
1619,Eric Lefkofsky,Lefkofsky,eric-lefkofsky,eric-lefkofsky,-0.474,53.0,Groupon,Technology,M,United States,1681550402482,IL,Illinois,4202.689,696.0,696.0,//specials-images.forbesimg.com/imageserve/5d8b03f422254b0008e167e5/416x416.jpg?background=000000&cropX1=831&cropX2=4268&cropY1=154&cropY2=3589,780.0,764.0,2700.0,"Chairman, Groupon",False,,
1620,Li Zhongchu,Li,li-zhongchu,no-pic,-66.649,59.0,software,Technology,M,China,1681550402483,,,3686.841,803.0,803.0,,781.0,764.0,2700.0,,,,
1621,Marianne Liebmann,Liebmann,marianne-liebmann,no-pic-female,0.0,69.0,Cargill,Food & Beverage,F,United States,1681550402483,MT,Montana,3929.868,745.0,747.0,,782.0,764.0,2700.0,,,,
1622,Martin Lorentzon,Lorentzon,martin-lorentzon,no-pic,-4.725,54.0,Spotify,Technology,M,Sweden,1681550402483,,,3133.343,975.0,975.0,//specials-images.forbesimg.com/imageserve/5e77c832c7b02d000666ddee/416x416.jpg?background=000000&cropX1=337&cropX2=4121&cropY1=242&cropY2=4024,783.0,764.0,2700.0,,,,
1623,Jeffrey Lurie,Lurie,jeffrey-lurie,jeffrey-lurie,0.0,71.0,Philadelphia Eagles,Sports,M,United States,1681550402482,PA,Pennsylvania,4439.12,641.0,641.0,https://specials-images.forbesimg.com/imageserve/642497f7b160783d8881b689/416x416.jpg?background=000000&cropX1=385&cropX2=2428&cropY1=0&cropY2=2042,784.0,764.0,2700.0,,,,
1624,"Drayton McLane, Jr.",McLane,drayton-mclane-jr,drayton-mclane-jr,-8.695,86.0,"Walmart, logistics",Fashion & Retail,M,United States,1681550402483,TX,Texas,2855.264,1088.0,1088.0,//specials-images.forbesimg.com/imageserve/5f0cda85b1919a00074244d6/416x416.jpg?background=000000&cropX1=166&cropX2=1359&cropY1=75&cropY2=1268,785.0,764.0,2700.0,,,,
1625,Erwin Franz Mueller,Mueller,erwin-franz-mueller,erwin-franz-mueller,0.0,90.0,drugstores,Fashion & Retail,M,Germany,1681550402483,,,2960.672,1040.0,1040.0,//specials-images.forbesimg.com/imageserve/5a7e1092a7ea431690131f98/416x416.jpg?background=000000&cropX1=66&cropX2=1197&cropY1=93&cropY2=1224,786.0,764.0,2700.0,,,,
1626,"Henry Nicholas, III.",Nicholas,henry-nicholas-iii,henry-nicholas-iii,-38.916,63.0,semiconductors,Technology,M,United States,1681550402482,CA,California,6633.491,394.0,394.0,https://specials-images.forbesimg.com/imageserve/5f49795b4ab4bd09fe628b58/416x416.jpg?background=000000&cropX1=208&cropX2=1476&cropY1=88&cropY2=1355,787.0,764.0,2700.0,"Cofounder, Broadcom",False,,
1627,God Nisanov,Nisanov,god-nisanov,god-nisanov,0.0,50.0,real estate,Real Estate,M,Russia,1681550402483,,,2860.469,1086.0,1086.0,//specials-images.forbesimg.com/imageserve/5e777d5710380d0006fbbdff/416x416.jpg?background=000000&cropX1=1709&cropX2=4345&cropY1=182&cropY2=2816,788.0,764.0,2700.0,,,,
1628,Sean Parker,Parker,sean-parker,sean-parker,0.075,43.0,Facebook,Technology,M,United States,1681550402483,CA,California,2802.618,1122.0,1122.0,https://specials-images.forbesimg.com/imageserve/5f46b581068d03440a083f05/416x416.jpg?background=000000&cropX1=2246&cropX2=2932&cropY1=1020&cropY2=1706,789.0,764.0,2700.0,,,,
1629,Bob Parsons,Parsons,bob-parsons,bob-parsons,0.0,72.0,web hosting,Technology,M,United States,1681550402483,AZ,Arizona,3400.0,889.0,889.0,https://specials-images.forbesimg.com/imageserve/612d1e07e74a8332931adcb0/416x416.jpg?background=000000&cropX1=121&cropX2=1005&cropY1=246&cropY2=1130,790.0,764.0,2700.0,,,,
1630,Horst Julius Pudwill,Pudwill,horst-julius-pudwill,horst-julius-pudwill,24.925,78.0,manufacturing,Manufacturing,M,Germany,1681550402482,,,4687.496,603.0,603.0,https://specials-images.forbesimg.com/imageserve/603527cabc0743d40c71abaa/416x416.jpg?background=000000&cropX1=0&cropX2=1632&cropY1=0&cropY2=1632,791.0,764.0,2700.0,,,,
1631,Chandru Raheja,Raheja,chandru-raheja,chandru-raheja,0.0,82.0,real estate,Real Estate,M,India,1681550402483,,,3757.463,786.0,786.0,https://specials-images.forbesimg.com/imageserve/6050f48ca1ab099ed6e290cc/416x416.jpg?background=000000&cropX1=0&cropX2=800&cropY1=0&cropY2=800,792.0,764.0,2700.0,,,,
1632,Antony Ressler,Ressler,antony-ressler,antony-ressler,-109.401,61.0,finance,Finance & Investments,M,United States,1681550402482,CA,California,6384.584,414.0,414.0,//specials-images.forbesimg.com/imageserve/5f036214a694dd0006422271/416x416.jpg?background=000000&cropX1=227&cropX2=1655&cropY1=30&cropY2=1457,793.0,764.0,2700.0,,,,
1633,Haim Saban,Saban,haim-saban,haim-saban,0.0,78.0,"TV network, investments",Media & Entertainment,M,United States,1681550402483,CA,California,2908.41,1067.0,1067.0,//specials-images.forbesimg.com/imageserve/5efcdf8d531e1500073c6e08/416x416.jpg?background=000000&cropX1=495&cropX2=3466&cropY1=32&cropY2=3000,794.0,764.0,2700.0,,,,
1634,Shu Ping,Shu,shu-ping,no-pic-female,-28.562,53.0,restaurants,Food & Beverage,F,Singapore,1681550402483,,,1900.663,1636.0,1636.0,https://specials-images.forbesimg.com/imageserve/6050f48ca1ab099ed6e290cc/416x416.jpg?background=000000&cropX1=0&cropX2=800&cropY1=0&cropY2=800,795.0,764.0,2700.0,,,,
1635,Fred Smith,Smith,fred-smith-1,no-pic,-7.549,78.0,FedEx,Logistics,M,United States,1681550402482,TN,Tennessee,5171.362,537.0,537.0,//specials-images.forbesimg.com/imageserve/5d8adf516de3150009a506c7/416x416.jpg?background=000000&cropX1=1182&cropX2=2976&cropY1=126&cropY2=1919,796.0,764.0,2700.0,"Chairman and CEO, FedEx",False,,
1636,Jon Stryker,Stryker,jon-stryker,jon-stryker,1.976,64.0,medical equipment,Healthcare,M,United States,1681550402482,NY,New York,4696.063,599.0,599.0,//specials-images.forbesimg.com/imageserve/5d8ad82e18444200084e723a/416x416.jpg?background=000000&cropX1=41&cropX2=941&cropY1=43&cropY2=944,797.0,764.0,2700.0,,,,
1637,Sun Huaiqing,Sun,sun-huaiqing,no-pic,-33.52,53.0,cosmetics,Fashion & Retail,M,China,1681550402483,,,1548.214,1946.0,1946.0,https://specials-images.forbesimg.com/imageserve/6050f48ca1ab099ed6e290cc/416x416.jpg?background=000000&cropX1=0&cropX2=800&cropY1=0&cropY2=800,798.0,764.0,2700.0,,,,
1638,Richard Tsai,Tsai,richard-tsai,richard-tsai,63.438,65.0,finance,Finance & Investments,M,Taiwan,1681550402482,,,4412.513,648.0,648.0,//specials-images.forbesimg.com/imageserve/5e77d797d8e1ae0007b73737/416x416.jpg?background=000000&cropX1=70&cropX2=635&cropY1=31&cropY2=596,799.0,764.0,2700.0,,,,
1639,Bulat Utemuratov,Utemuratov,bulat-utemuratov,bulat-utemuratov,0.0,65.0,"mining, banking, hotels",Metals & Mining,M,Kazakhstan,1681550402483,,,2693.0,1181.0,1181.0,//specials-images.forbesimg.com/imageserve/5e76e921d8e1ae0007b7277e/416x416.jpg?background=000000&cropX1=51&cropX2=997&cropY1=11&cropY2=957,800.0,764.0,2700.0,,,,
1640,Don Vultaggio,Vultaggio,don-vultaggio,no-pic,0.0,71.0,beverages,Food & Beverage,M,United States,1681550402482,NY,New York,7049.5,341.0,341.0,//specials-images.forbesimg.com/imageserve/59dd43c04bbe6f37dda04a43/416x416.jpg?background=000000&cropX1=2035&cropX2=2775&cropY1=2370&cropY2=3111,801.0,764.0,2700.0,,,,
1641,Mark Walter,Walter,mark-walter,mark-walter,43.838,62.0,finance,Finance & Investments,M,United States,1681550402482,IL,Illinois,5308.357,520.0,520.0,//specials-images.forbesimg.com/imageserve/5d8af40922254b0008e16667/416x416.jpg?background=000000&cropX1=490&cropX2=2190&cropY1=80&cropY2=1779,802.0,764.0,2700.0,"CEO, Guggenheim Partners LLC",False,,
1642,Samuel Yin,Yin,samuel-yin,samuel-yin,-2.815,72.0,retail,Diversified,M,Taiwan,1681550402482,,,4319.606,667.0,667.0,https://specials-images.forbesimg.com/imageserve/79f9f719edb1a954ae3fd1229a2f9924/416x416.jpg?background=000000&cropX1=0&cropX2=744&cropY1=63&cropY2=807,803.0,764.0,2700.0,,,,
1643,Clifford Asness,Asness,clifford-asness,no-pic,0.0,56.0,money management,Finance & Investments,M,United States,1681550402483,CT,Connecticut,1624.0,1869.0,1869.0,https://specials-images.forbesimg.com/imageserve/642b3996e77e6518a7e1c15b/416x416.jpg?background=000000&cropX1=0&cropX2=2819&cropY1=450&cropY2=3270,804.0,804.0,2600.0,AQR Capital Management,False,0.0,
1644,William Berkley,Berkley,william-berkley,william-berkley,-63.471,76.0,insurance,Finance & Investments,M,United States,1681550402483,FL,Florida,3685.659,804.0,804.0,//specials-images.forbesimg.com/imageserve/5d8b0ac36de3150009a509e0/416x416.jpg?background=000000&cropX1=10&cropX2=1359&cropY1=112&cropY2=1461,805.0,804.0,2600.0,"Chairman and CEO, WR Berkley",False,,
1645,Eva Maria Bucher-Haefner,Bucher-Haefner,eva-maria-bucher-haefner,no-pic-female,0.0,66.0,"software, investments",Technology,F,Switzerland,1681550402483,,,2958.321,1042.0,1042.0,,806.0,804.0,2600.0,,,,
1646,Jim Coulter,Coulter,jim-coulter,no-pic,-26.46,63.0,private equity,Finance & Investments,M,United States,1681550402483,CA,California,3652.58,812.0,812.0,https://specials-images.forbesimg.com/imageserve/632cd0067cdb1c63da44b122/416x416.jpg?background=000000&cropX1=1349&cropX2=3126&cropY1=69&cropY2=1848,807.0,804.0,2600.0,,,,
1647,Jim Davis,Davis,jim-davis-1,no-pic,0.0,63.0,staffing & recruiting,Service,M,United States,1681550402482,MD,Maryland,4422.733,647.0,647.0,//specials-images.forbesimg.com/imageserve/5ab944eda7ea432fbc1d2d9c/416x416.jpg?background=000000&cropX1=0&cropX2=400&cropY1=0&cropY2=400,808.0,804.0,2600.0,,,,
1648,"John Dorrance, III.",Dorrance,john-dorrance-iii,no-pic,0.0,79.0,Campbell Soup,Food & Beverage,M,Ireland,1681550402483,,,2646.0,1204.0,1204.0,//specials-images.forbesimg.com/imageserve/5ab944eda7ea432fbc1d2d9c/416x416.jpg?background=000000&cropX1=0&cropX2=400&cropY1=0&cropY2=400,809.0,804.0,2600.0,,,,
1649,Jack Dorsey,Dorsey,jack-dorsey,jack-dorsey,-25.409,46.0,"Twitter, Square",Technology,M,United States,1681550402482,CA,California,4277.354,679.0,679.0,//specials-images.forbesimg.com/imageserve/5d8aca3e6de3150009a505c1/416x416.jpg?background=000000&cropX1=114&cropX2=2537&cropY1=240&cropY2=2662,810.0,804.0,2600.0,"Cofounder, Twitter",False,,
1650,Ivan Glasenberg,Glasenberg,ivan-glasenberg,ivan-glasenberg,60.651,66.0,mining,Metals & Mining,M,Switzerland,1681550402482,,,9476.52,212.0,212.0,//specials-images.forbesimg.com/imageserve/5e77d02310380d0006fbc6b6/416x416.jpg?background=000000&cropX1=1345&cropX2=4926&cropY1=255&cropY2=3840,811.0,804.0,2600.0,,,,
1651,Noam Gottesman,Gottesman,noam-gottesman,noam-gottesman,-3.182,61.0,hedge funds,Finance & Investments,M,United States,1681550402483,NY,New York,2216.807,1427.0,1427.0,//specials-images.forbesimg.com/imageserve/57e1835731358e16c589bfad/416x416.jpg?background=000000&cropX1=40&cropX2=741&cropY1=11&cropY2=712,812.0,804.0,2600.0,"Chief Executive Officer, TOMS Capital",False,,
1652,John Henry,Henry,john-henry,john-henry,0.0,73.0,sports,Sports,M,United States,1681550402483,FL,Florida,3956.993,736.0,736.0,//specials-images.forbesimg.com/imageserve/5d8b06fe6de3150009a5096f/416x416.jpg?background=000000&cropX1=510&cropX2=2975&cropY1=0&cropY2=2466,813.0,804.0,2600.0,,,,
1653,Hu Baifan,Hu,hu-baifan,hu-baifan,-0.807,60.0,pharmaceuticals,Healthcare,M,China,1681550402483,,,3198.81,950.0,950.0,//specials-images.forbesimg.com/imageserve/5e75419a07adf00006dbbf3b/416x416.jpg?background=000000&cropX1=1416&cropX2=3826&cropY1=1033&cropY2=3441,814.0,804.0,2600.0,,,,
1654,B. Wayne Hughes,Hughes,b-wayne-hughes,b-wayne-hughes,,89.0,self storage,Service,M,United States,1599249680169,KY,Kentucky,,,,//specials-images.forbesimg.com/imageserve/57e11ce9a7ea430a8a1a093c/416x416.jpg?background=000000&cropX1=0&cropX2=744&cropY1=48&cropY2=792,815.0,804.0,2600.0,,,,
1655,Travis Kalanick,Kalanick,travis-kalanick,travis-kalanick,0.0,46.0,Uber,Technology,M,United States,1681550402482,CA,California,4049.746,716.0,716.0,//specials-images.forbesimg.com/imageserve/5d8aea456de3150009a507a1/416x416.jpg?background=000000&cropX1=347&cropX2=1427&cropY1=340&cropY2=1420,816.0,804.0,2600.0,"Cofounder, Uber Technologies Inc.",False,,
1656,Kuan Kam Hon,Kuan,kuan-kam-hon,kuan-kam-hon,-3.974,75.0,synthetic gloves,Manufacturing,M,Malaysia,1681550402483,,,1196.772,2381.0,2381.0,https://specials-images.forbesimg.com/imageserve/60b13232bb6b12dc28564f27/416x416.jpg?background=000000&cropX1=343&cropX2=1618&cropY1=119&cropY2=1394,817.0,804.0,2600.0,,,,
1657,Raj Kumar & Kishin RK,Kumar & Kishin RK,raj-kumar-kishin-rk,raj-kumar-kishin-rk,,68.0,real estate,Real Estate,M,Singapore,1597818643689,,,,,,https://specials-images.forbesimg.com/imageserve/6037e1883a37343a44b36d13/416x416.jpg?background=000000&cropX1=0&cropX2=766&cropY1=0&cropY2=766,818.0,804.0,2600.0,,,,
1658,Chris Larsen,Larsen,chris-larsen,no-pic,0.0,62.0,cryptocurrency,Finance & Investments,M,United States,1681550402483,CA,California,2646.024,1203.0,1203.0,//specials-images.forbesimg.com/imageserve/5b9fb5e531358e5690cd26ce/416x416.jpg?background=000000&cropX1=1216&cropX2=4560&cropY1=384&cropY2=3725,819.0,804.0,2600.0,,,,
1659,Michel Leclercq,Leclercq,michel-leclercq,no-pic,0.0,83.0,sporting goods,Fashion & Retail,M,France,1681550402482,,,5171.233,538.0,538.0,,820.0,804.0,2600.0,,,,
1660,Lu Zhiqiang,Lu,lu-zhiqiang,lu-zhiqiang,,70.0,real estate,Real Estate,M,China,1604523190795,,,,,,//specials-images.forbesimg.com/imageserve/589d2c3931358e1a35ab0bd4/416x416.jpg?background=000000&cropX1=2&cropX2=743&cropY1=124&cropY2=865,821.0,804.0,2600.0,,,,
1661,Kiran Mazumdar-Shaw,Mazumdar-Shaw,kiran-mazumdar-shaw,kiran-mazumdar-shaw,0.0,70.0,biotech,Healthcare,F,India,1681550402483,,,2154.162,1472.0,1472.0,//specials-images.forbesimg.com/imageserve/5deec3bf25ab5d000700aa1a/416x416.jpg?background=000000&cropX1=136&cropX2=637&cropY1=0&cropY2=500,822.0,804.0,2600.0,"Founder, Chair and Managing Director, Biocon Ltd.",False,,
1662,Pawan Munjal,Munjal,pawan-munjal,pawan-munjal,,69.0,motorcycles,Automotive,M,India,1617122658358,,,,,,https://specials-images.forbesimg.com/imageserve/61577a2fb93d451f20ca2f35/416x416.jpg?background=000000&cropX1=0&cropX2=1683&cropY1=0&cropY2=1683,823.0,804.0,2600.0,,,,
1663,Georg Nemetschek,Nemetschek,georg-nemetschek,no-pic,-45.897,89.0,software,Technology,M,Germany,1681550402483,,,3542.901,845.0,845.0,//specials-images.forbesimg.com/imageserve/58c846bc4bbe6f0e55889231/416x416.jpg?background=000000&cropX1=0&cropX2=744&cropY1=64&cropY2=808,824.0,804.0,2600.0,,,,
1664,Michael Pieper,Pieper,michael-pieper,michael-pieper,8.601,77.0,kitchen appliances,Manufacturing,M,Switzerland,1681550402482,,,5628.658,478.0,478.0,//specials-images.forbesimg.com/imageserve/5e77d1efc7b02d000666de67/416x416.jpg?background=000000&cropX1=482&cropX2=2570&cropY1=154&cropY2=2243,825.0,804.0,2600.0,"CEO of Artemis Group, Artemis Real Estate Partners",False,,
1665,Sebastian Piñera,Piñera,sebastian-pinera,sebastian-pinera,-0.215,73.0,investments,Finance & Investments,M,Chile,1681550402483,,,2888.891,1078.0,1078.0,//specials-images.forbesimg.com/imageserve/5e744db02a573300068fcdfa/416x416.jpg?background=000000&cropX1=1620&cropX2=4659&cropY1=0&cropY2=3037,826.0,804.0,2600.0,"President, Chile",True,,
1666,John Pritzker,Pritzker,john-pritzker,john-pritzker,0.0,69.0,"hotels, investments",Finance & Investments,M,United States,1681550402483,CA,California,2458.0,1293.0,1293.0,//specials-images.forbesimg.com/imageserve/5b60c9414bbe6f48a94c6732/416x416.jpg?background=000000&cropX1=912&cropX2=2991&cropY1=530&cropY2=2611,827.0,804.0,2600.0,,,,
1667,Sumner Redstone,Redstone,sumner-redstone,sumner-redstone,,99.0,media,Media & Entertainment,M,United States,1599568383273,CA,California,,,,//specials-images.forbesimg.com/imageserve/5d961a574223bf0006b7a43b/416x416.jpg?background=000000&cropX1=49&cropX2=1347&cropY1=12&cropY2=1309,828.0,804.0,2600.0,,,,
1668,Dan Snyder,Snyder,dan-snyder,dan-snyder,0.0,58.0,Washington Redskins,Sports,M,United States,1681550402482,MD,Maryland,4903.3,578.0,578.0,//specials-images.forbesimg.com/imageserve/5f0db8e50c4b6b00071b266a/416x416.jpg?background=000000&cropX1=292&cropX2=2317&cropY1=83&cropY2=2109,829.0,804.0,2600.0,,,,
1669,Thomas Straumann,Straumann,thomas-straumann,thomas-straumann,20.704,59.0,dental implants,Healthcare,M,Switzerland,1681550402482,,,5548.907,487.0,487.0,//specials-images.forbesimg.com/imageserve/5e77d3b6d8e1ae0007b736a4/416x416.jpg?background=000000&cropX1=1902&cropX2=5027&cropY1=82&cropY2=3208,830.0,804.0,2600.0,,,,
1670,Lawrence Stroll,Stroll,lawrence-stroll,lawrence-stroll,9.458,63.0,fashion investments,Fashion & Retail,M,Canada,1681550402483,,,3641.569,817.0,817.0,//specials-images.forbesimg.com/imageserve/5e74479010380d0006bdad4c/416x416.jpg?background=000000&cropX1=141&cropX2=2909&cropY1=91&cropY2=2857,831.0,804.0,2600.0,,,,
1671,Ivar Tollefsen,Tollefsen,ivar-tollefsen,no-pic,0.0,61.0,real estate,Real Estate,M,Norway,1681550402482,,,7876.633,283.0,283.0,//specials-images.forbesimg.com/imageserve/5a9058534bbe6f0fa8266031/416x416.jpg?background=000000&cropX1=46&cropX2=1031&cropY1=78&cropY2=1064,832.0,804.0,2600.0,,,,
1672,Tsai Hong-tu,Tsai,tsai-hong-tu,tsai-hong-tu,40.831,70.0,finance,Finance & Investments,M,Taiwan,1681550402482,,,3978.892,730.0,730.0,https://specials-images.forbesimg.com/imageserve/6091b9de18caf49a8ffbc40f/416x416.jpg?background=000000&cropX1=0&cropX2=1014&cropY1=0&cropY2=1014,833.0,804.0,2600.0,,,,
1673,Ty Warner,Warner,ty-warner,ty-warner,-6.822,78.0,"real estate, plush toys",Real Estate,M,United States,1681550402482,IL,Illinois,5487.939,500.0,500.0,//specials-images.forbesimg.com/imageserve/8ee60287ddfbb68f562a1f22fb88f721/416x416.jpg?background=000000&cropX1=0&cropX2=744&cropY1=27&cropY2=771,834.0,804.0,2600.0,,,,
1674,Zhang Li,Zhang,zhang-li,zhang-li,7.967,70.0,real estate,Real Estate,M,China,1681550402483,,,1836.261,1693.0,1693.0,//specials-images.forbesimg.com/imageserve/589f297d31358e1a35ab26d9/416x416.jpg?background=000000&cropX1=85&cropX2=739&cropY1=3&cropY2=657,835.0,804.0,2600.0,,,,
1675,Brian Acton,Acton,brian-acton,brian-acton,0.0,51.0,WhatsApp,Technology,M,United States,1681550402483,CA,California,2429.0,1306.0,1306.0,//specials-images.forbesimg.com/imageserve/5d8b0d2022254b0008e16873/416x416.jpg?background=000000&cropX1=908&cropX2=3880&cropY1=1140&cropY2=4114,836.0,836.0,2500.0,"Cofounder, WhatsApp Inc.",False,,
1676,Michael Ashley,Ashley,michael-ashley,michael-ashley,49.543,58.0,sports retailing,Fashion & Retail,M,United Kingdom,1681550402482,,,5074.002,558.0,558.0,//specials-images.forbesimg.com/imageserve/5e77f678c7b02d000666e20c/416x416.jpg?background=000000&cropX1=241&cropX2=1618&cropY1=37&cropY2=1413,837.0,836.0,2500.0,,,,
1677,Rainer Blickle,Blickle,rainer-blickle,rainer-blickle,,75.0,auto parts,Manufacturing,M,Germany,1617669649691,,,,,,//specials-images.forbesimg.com/imageserve/250c3eea55c826ca89f092951d0882b3/416x416.jpg?background=000000&cropX1=55&cropX2=680&cropY1=256&cropY2=881,838.0,836.0,2500.0,,,,
1678,John Caudwell,Caudwell,john-caudwell,john-caudwell,0.0,70.0,mobile phones,Telecom,M,United Kingdom,1681550402483,,,2978.686,1033.0,1033.0,//specials-images.forbesimg.com/imageserve/5e77f52f10380d0006fbc978/416x416.jpg?background=000000&cropX1=2015&cropX2=5005&cropY1=158&cropY2=3146,839.0,836.0,2500.0,,,,
1679,Jason Chang,Chang,jason-chang,jason-chang,67.576,78.0,electronics,Technology,M,Singapore,1681550402482,,,4666.104,606.0,606.0,//specials-images.forbesimg.com/imageserve/5fc2a1468e3fa5f7e688c992791f5e72/416x416.jpg?background=000000&cropX1=26&cropX2=698&cropY1=102&cropY2=774,840.0,836.0,2500.0,,,,
1680,Choo Chong Ngen,Choo,choo-chong-ngen,choo-chong-ngen,0.0,69.0,hotels,Real Estate,M,Singapore,1681550402483,,,2805.161,1118.0,1118.0,https://specials-images.forbesimg.com/imageserve/631761ff8417e4652b8c36ad/416x416.jpg?background=000000&cropX1=915&cropX2=2708&cropY1=38&cropY2=1831,841.0,836.0,2500.0,,,,
1681,Mong-Koo Chung,Chung,mong-koo-chung,mong-koo-chung,-20.923,85.0,Hyundai,Automotive,M,South Korea,1681550402482,,,4277.081,680.0,680.0,https://specials-images.forbesimg.com/imageserve/625f1307e00af37ba126f9f0/416x416.jpg?background=000000&cropX1=37&cropX2=578&cropY1=7&cropY2=548,842.0,836.0,2500.0,"Chairman, Hyundai Motor",False,,
1682,Martin Ebner,Ebner,martin-ebner,martin-ebner,9.737,77.0,investments,Finance & Investments,M,Switzerland,1681550402483,,,3118.831,979.0,979.0,//specials-images.forbesimg.com/imageserve/5e77d16410380d0006fbc6bb/416x416.jpg?background=000000&cropX1=1938&cropX2=3845&cropY1=86&cropY2=1992,843.0,836.0,2500.0,,,,
1683,Archie Aldis Emmerson,Emmerson,archie-aldis-emmerson,archie-aldis-emmerson,0.0,94.0,"timberland, lumber mills",Manufacturing,M,United States,1681550402482,CA,California,5544.883,489.0,489.0,//specials-images.forbesimg.com/imageserve/5d8b02e022254b0008e167b6/416x416.jpg?background=000000&cropX1=227&cropX2=2910&cropY1=117&cropY2=2802,844.0,836.0,2500.0,,,,
1684,Judy Faulkner,Faulkner,judy-faulkner,judy-faulkner,0.0,79.0,health IT,Technology,F,United States,1681550402482,WI,Wisconsin,7107.056,338.0,338.0,https://specials-images.forbesimg.com/imageserve/63507a42f764049c77c9a295/416x416.jpg?background=000000&cropX1=0&cropX2=1080&cropY1=0&cropY2=1080,845.0,836.0,2500.0,"CEO and Founder, Epic Systems",False,,
1685,Philippe Foriel-Destezet,Foriel-Destezet,philippe-foriel-destezet,philippe-foriel-destezet,,87.0,employment agency,Service,M,France,1617669876232,,,,,,https://specials-images.forbesimg.com/imageserve/6050f48ca1ab099ed6e290cc/416x416.jpg?background=000000&cropX1=0&cropX2=800&cropY1=0&cropY2=800,846.0,836.0,2500.0,,,,
1686,Bob Gaglardi,Gaglardi,bob-gaglardi,no-pic,0.0,82.0,hotels,Real Estate,M,Canada,1681550402483,,,3704.348,798.0,798.0,//specials-images.forbesimg.com/imageserve/5c50c6a34bbe6f7020fd7880/416x416.jpg?background=000000&cropX1=8&cropX2=2210&cropY1=95&cropY2=2298,847.0,836.0,2500.0,,,,
1687,Luca Garavoglia,Garavoglia,luca-garavoglia,no-pic,18.694,54.0,spirits,Food & Beverage,M,Italy,1681550402482,,,4649.437,609.0,609.0,//specials-images.forbesimg.com/imageserve/5c70d1ce31358e35dd26ed81/416x416.jpg?background=000000&cropX1=0&cropX2=2667&cropY1=229&cropY2=2898,848.0,836.0,2500.0,,,,
1688,Peter Gassner,Gassner,peter-gassner,no-pic,-39.663,58.0,software,Technology,M,United States,1681550402483,CA,California,3791.478,779.0,779.0,//specials-images.forbesimg.com/imageserve/5d8b06c76de3150009a50960/416x416.jpg?background=000000&cropX1=703&cropX2=3840&cropY1=711&cropY2=3848,849.0,836.0,2500.0,,,,
1689,Huang Yi,Huang,huang-yi,no-pic,33.698,61.0,car dealerships,Automotive,M,Hong Kong,1681550402483,,,3894.035,755.0,755.0,//specials-images.forbesimg.com/imageserve/5e7648e4d8e1ae0007b71def/416x416.jpg?background=000000&cropX1=2227&cropX2=4640&cropY1=351&cropY2=2763,850.0,836.0,2500.0,,,,
1690,Johnelle Hunt,Hunt,johnelle-hunt,johnelle-hunt,39.401,91.0,trucking,Logistics,F,United States,1681550402482,AR,Arkansas,4355.487,661.0,661.0,//specials-images.forbesimg.com/imageserve/5ceaa4bacd1f12000a2a628b/416x416.jpg?background=000000&cropX1=999&cropX2=3840&cropY1=75&cropY2=2914,851.0,836.0,2500.0,,,,
1691,Arthur Irving,Irving,arthur-irving,arthur-irving,0.0,93.0,oil,Energy,M,Canada,1681550402482,,,5744.3,465.0,465.0,https://specials-images.forbesimg.com/imageserve/603e8f5d4a2df75cef4fb25a/416x416.jpg?background=000000&cropX1=0&cropX2=800&cropY1=0&cropY2=800,852.0,836.0,2500.0,,,,
1692,Samvel Karapetyan,Karapetyan,samvel-karapetyan,samvel-karapetyan,0.0,57.0,real estate,Construction & Engineering,M,Russia,1681550402483,,,2704.28,1169.0,1169.0,//specials-images.forbesimg.com/imageserve/5a80b4c84bbe6f2652f53fed/416x416.jpg?background=000000&cropX1=250&cropX2=2021&cropY1=100&cropY2=1872,853.0,836.0,2500.0,,,,
1693,Kwek Leng Beng,Kwek,kwek-leng-beng,kwek-leng-beng,0.0,82.0,diversified,Diversified,M,Singapore,1681550402483,,,3414.247,881.0,881.0,http://specials-images.forbesimg.com/imageserve/55a58da8e4b05c2c3431eb0f/416x416.jpg?background=000000&cropX1=43&cropX2=676&cropY1=23&cropY2=656,854.0,836.0,2500.0,,,,
1694,Geoffrey Kwok,Kwok,geoffrey-kwok,no-pic,4.856,37.0,real estate,Real Estate,M,Hong Kong,1681550402483,,,2854.492,1094.0,1094.0,,855.0,836.0,2500.0,,,,
1695,Maritsa Lazari,Lazari,maritsa-lazari,no-pic-female,0.0,78.0,real estate,Real Estate,F,United Kingdom,1681550402483,,,2752.408,1143.0,1143.0,,856.0,836.0,2500.0,,,,
1696,Li Shuirong,Li,li-shuirong,li-shuirong,-113.893,66.0,petrochemicals,Manufacturing,M,China,1681550402482,,,9266.796,216.0,216.0,https://specials-images.forbesimg.com/imageserve/603e8f5d4a2df75cef4fb25a/416x416.jpg?background=000000&cropX1=0&cropX2=800&cropY1=0&cropY2=800,857.0,836.0,2500.0,,,,
1697,Li Sze Lim,Li,li-sze-lim,li-sze-lim,0.0,66.0,real estate,Real Estate,M,Hong Kong,1681550402483,,,1561.108,1934.0,1934.0,https://specials-images.forbesimg.com/imageserve/60352efa58eb4b700ff83a34/416x416.jpg?background=000000&cropX1=141&cropX2=702&cropY1=0&cropY2=561,858.0,836.0,2500.0,,,,
1698,Liu Zhongtian,Liu,liu-zhongtian,liu-zhongtian,,59.0,aluminum products,Manufacturing,M,China,1604523253808,,,,,,//specials-images.forbesimg.com/imageserve/df84936e8fcbf434b70b70e60f5cfffc/416x416.jpg?background=000000&cropX1=97&cropX2=694&cropY1=297&cropY2=895,859.0,836.0,2500.0,,,,
1699,Sergio Mantegazza,Mantegazza,sergio-mantegazza,no-pic,0.0,95.0,travel,Service,M,Switzerland,1681550402483,,,2693.795,1180.0,1180.0,//specials-images.forbesimg.com/imageserve/5c72388a31358e35dd26ffe8/416x416.jpg?background=000000&cropX1=122&cropX2=973&cropY1=61&cropY2=912,860.0,836.0,2500.0,,,,
1700,Ravi Pillai,Pillai,ravi-pillai,ravi-pillai,0.0,69.0,construction,Construction & Engineering,M,India,1681550402483,,,3155.214,964.0,964.0,https://specials-images.forbesimg.com/imageserve/615b2fcf94e5e17a6379c049/416x416.jpg?background=000000&cropX1=66&cropX2=744&cropY1=66&cropY2=744,861.0,836.0,2500.0,,,,
1701,Penny Pritzker,Pritzker,penny-pritzker,penny-pritzker,-2.026,63.0,"hotels, investments",Finance & Investments,F,United States,1681550402483,IL,Illinois,3153.316,967.0,967.0,https://specials-images.forbesimg.com/imageserve/6333adf6c3db32dfe4377afe/416x416.jpg?background=000000&cropX1=0&cropX2=1080&cropY1=0&cropY2=1080,862.0,836.0,2500.0,,,,
1702,Renzo Rosso,Rosso,renzo-rosso,renzo-rosso,0.0,67.0,fashion,Fashion & Retail,M,Italy,1681550402483,,,3226.027,945.0,945.0,//specials-images.forbesimg.com/imageserve/5e76da76d8e1ae0007b72696/416x416.jpg?background=000000&cropX1=673&cropX2=2606&cropY1=15&cropY2=1947,863.0,836.0,2500.0,,,,
1703,Robert Rowling,Rowling,robert-rowling,robert-rowling,5.39,69.0,"hotels, investments",Service,M,United States,1681550402482,TX,Texas,5600.429,484.0,484.0,//specials-images.forbesimg.com/imageserve/59d6500131358e542c035c5d/416x416.jpg?background=000000&cropX1=64&cropX2=496&cropY1=48&cropY2=480,864.0,836.0,2500.0,,,,
1704,Phil Ruffin,Ruffin,phil-ruffin,no-pic,0.0,88.0,"casinos, real estate",Diversified,M,United States,1681550402483,NV,Nevada,3343.511,909.0,909.0,//specials-images.forbesimg.com/imageserve/5d8b08e36de3150009a509a2/416x416.jpg?background=000000&cropX1=380&cropX2=3145&cropY1=475&cropY2=3239,865.0,836.0,2500.0,,,,
1705,Herb Simon,Simon,herb-simon,no-pic,-12.328,88.0,real estate,Real Estate,M,United States,1681550402483,IN,Indiana,3375.451,898.0,898.0,//specials-images.forbesimg.com/imageserve/5d8aef6718444200084e7307/416x416.jpg?background=000000&cropX1=889&cropX2=4170&cropY1=178&cropY2=3456,866.0,836.0,2500.0,"Chairman Emeritus of the Board of Simon Property Group, Inc., Simon Property Group",False,,
1706,Mark Stevens,Stevens,mark-stevens,mark-stevens,17.371,63.0,venture capital,Finance & Investments,M,United States,1681550402482,CA,California,4205.099,694.0,694.0,//specials-images.forbesimg.com/imageserve/5a8372604bbe6f2652f5804d/416x416.jpg?background=000000&cropX1=422&cropX2=1553&cropY1=69&cropY2=1200,867.0,836.0,2500.0,,,,
1707,Sun Shoukuan,Sun,sun-shoukuan,sun-shoukuan,0.0,73.0,"metals, coal",Manufacturing,M,China,1681550402483,,,2835.982,1105.0,1105.0,https://specials-images.forbesimg.com/imageserve/6050f48ca1ab099ed6e290cc/416x416.jpg?background=000000&cropX1=0&cropX2=800&cropY1=0&cropY2=800,868.0,836.0,2500.0,,,,
1708,Alan Trefler,Trefler,alan-trefler,no-pic,-33.202,67.0,software,Technology,M,United States,1681550402483,MA,Massachusetts,1836.948,1691.0,1691.0,//specials-images.forbesimg.com/imageserve/58d1900ba7ea431f321b87eb/416x416.jpg?background=000000&cropX1=0&cropX2=744&cropY1=103&cropY2=847,869.0,836.0,2500.0,,,,
1709,Tsai Cheng-ta,Tsai,tsai-cheng-ta,no-pic,39.94,73.0,finance,Finance & Investments,M,Taiwan,1681550402483,,,3895.139,754.0,754.0,,870.0,836.0,2500.0,,,,
1710,Tung Chee Hwa,Tung,tung-chee-hwa,tung-chee-hwa,0.0,85.0,shipping,Logistics,M,Hong Kong,1681550402483,,,2793.207,1126.0,1126.0,//specials-images.forbesimg.com/imageserve/5e76537510380d0006fbb0fb/416x416.jpg?background=000000&cropX1=62&cropX2=918&cropY1=53&cropY2=909,871.0,836.0,2500.0,,,,
1711,Peter Unger,Unger,peter-unger,no-pic,0.0,78.0,auto repair,Automotive,M,Germany,1681550402483,,,2535.351,1252.0,1252.0,,872.0,836.0,2500.0,,,,
1712,Oprah Winfrey,Winfrey,oprah-winfrey,oprah-winfrey,0.164,69.0,TV shows,Media & Entertainment,F,United States,1681550402483,CA,California,2474.655,1279.0,1279.0,//specials-images.forbesimg.com/imageserve/5ed6730fc6ade40006ffd657/416x416.jpg?background=000000&cropX1=0&cropX2=1080&cropY1=0&cropY2=1080,873.0,836.0,2500.0,,,,
1713,Mortimer Zuckerman,Zuckerman,mortimer-zuckerman,mortimer-zuckerman,-6.491,85.0,"real estate, media",Real Estate,M,United States,1681550402483,NY,New York,2304.053,1377.0,1377.0,https://specials-images.forbesimg.com/imageserve/5f46b367c0fa61b273083f05/416x416.jpg?background=000000&cropX1=333&cropX2=2791&cropY1=105&cropY2=2564,874.0,836.0,2500.0,"Chairman and CEO, Boston Properties Inc.",False,,
1714,Rinat Akhmetov,Akhmetov,rinat-akhmetov,rinat-akhmetov,0.0,56.0,"steel, coal",Metals & Mining,M,Ukraine,1681550402482,,,5713.0,470.0,470.0,//specials-images.forbesimg.com/imageserve/5e77e575c7b02d000666e0f4/416x416.jpg?background=000000&cropX1=411&cropX2=3952&cropY1=111&cropY2=3656,875.0,875.0,2400.0,,,,
1715,George Bishop,Bishop,george-bishop,no-pic,0.0,85.0,oil & gas,Energy,M,United States,1681550402483,TX,Texas,3025.43,1015.0,1015.0,,876.0,875.0,2400.0,,,,
1716,Norman Braman,Braman,norman-braman,norman-braman,0.0,90.0,"art, car dealerships",Automotive,M,United States,1681550402483,FL,Florida,2993.777,1027.0,1027.0,https://specials-images.forbesimg.com/imageserve/5f46b164b82ea26e4ddc6618/416x416.jpg?background=000000&cropX1=42&cropX2=3280&cropY1=669&cropY2=3907,877.0,875.0,2400.0,,,,
1717,Jean Coutu,Coutu,jean-coutu,jean-coutu,9.347,95.0,drugstores,Fashion & Retail,M,Canada,1681550402483,,,3176.208,959.0,959.0,//specials-images.forbesimg.com/imageserve/5a7badf34bbe6f2652f4f383/416x416.jpg?background=000000&cropX1=3&cropX2=1249&cropY1=420&cropY2=1666,878.0,875.0,2400.0,"Chairman, Jean Coutu Group (PJC) Inc. (Cl A)",False,,
1718,Alexander Frolov,Frolov,alexander-frolov,alexander-frolov,0.0,58.0,"mining, steel",Metals & Mining,M,Russia,1681550402483,,,2657.96,1198.0,1198.0,//specials-images.forbesimg.com/imageserve/5c71ade8a7ea431000434a19/416x416.jpg?background=000000&cropX1=1414&cropX2=3084&cropY1=0&cropY2=1669,879.0,875.0,2400.0,,,,
1719,Rakesh Gangwal,Gangwal,rakesh-gangwal,rakesh-gangwal,0.0,69.0,airline,Service,M,United States,1681550402483,FL,Florida,3817.789,773.0,773.0,//specials-images.forbesimg.com/imageserve/5d8add5d18444200084e7268/416x416.jpg?background=000000&cropX1=139&cropX2=903&cropY1=96&cropY2=859,880.0,875.0,2400.0,,,,
1720,"Ernest Garcia, II.",Garcia,ernest-garcia-ii,no-pic,-21.151,65.0,used cars,Automotive,M,United States,1681550402483,AZ,Arizona,3109.48,982.0,982.0,//specials-images.forbesimg.com/imageserve/5ba3dab8a7ea434e4c693d17/416x416.jpg?background=000000&cropX1=263&cropX2=600&cropY1=192&cropY2=529,881.0,875.0,2400.0,,,,
1721,Paul Gauselmann,Gauselmann,paul-gauselmann,no-pic,0.0,88.0,gambling,Gambling & Casinos,M,Germany,1681550402483,,,2477.905,1276.0,1276.0,//specials-images.forbesimg.com/imageserve/5e7633a010380d0006fbadbe/416x416.jpg?background=000000&cropX1=1907&cropX2=4789&cropY1=0&cropY2=2880,882.0,875.0,2400.0,,,,
1722,Harold Hamm,Hamm,harold-hamm,harold-hamm,0.0,77.0,oil & gas,Energy,M,United States,1681550402482,OK,Oklahoma,18521.3,90.0,90.0,//specials-images.forbesimg.com/imageserve/5d8a634322254b0008e15a64/416x416.jpg?background=000000&cropX1=880&cropX2=1549&cropY1=0&cropY2=668,883.0,875.0,2400.0,"Chairman and CEO, Continental Resources",False,,
1723,"Edward Johnson, IV.",Johnson,edward-johnson-iv,no-pic,0.0,58.0,money management,Finance & Investments,M,United States,1681550402482,MA,Massachusetts,6814.017,371.0,371.0,,884.0,875.0,2400.0,,,,
1724,Elizabeth Johnson,Johnson,elizabeth-johnson,no-pic-female,0.0,59.0,money management,Finance & Investments,F,United States,1681550402482,MA,Massachusetts,5333.117,515.0,515.0,,885.0,875.0,2400.0,,,,
1725,Brad Kelley,Kelley,brad-kelley,brad-kelley,0.0,66.0,tobacco,Real Estate,M,United States,1681550402483,TN,Tennessee,2548.83,1241.0,1241.0,//specials-images.forbesimg.com/imageserve/5520633fa27facb88417bcf9fb84cd37/416x416.jpg?background=000000&cropX1=9&cropX2=1312&cropY1=174&cropY2=1477,886.0,875.0,2400.0,,,,
1726,Alicia Koplowitz,Koplowitz,alicia-koplowitz,alicia-koplowitz,-2.759,69.0,"construction, investments",Finance & Investments,F,Spain,1681550402483,,,2687.488,1182.0,1182.0,//specials-images.forbesimg.com/imageserve/5e77bc1bd8e1ae0007b734bb/416x416.jpg?background=000000&cropX1=263&cropX2=2309&cropY1=51&cropY2=2097,887.0,875.0,2400.0,,,,
1727,Kwek Leng Kee,Kwek,kwek-leng-kee,no-pic,0.0,68.0,diversified,Diversified,M,Singapore,1681550402483,,,2480.339,1275.0,1275.0,,888.0,875.0,2400.0,,,,
1728,Liang Xinjun,Liang,liang-xinjun,liang-xinjun,0.0,55.0,conglomerate,Diversified,M,China,1681550402483,,,2169.593,1463.0,1463.0,//specials-images.forbesimg.com/imageserve/5e756ba42a573300068fecb3/416x416.jpg?background=000000&cropX1=1258&cropX2=2732&cropY1=357&cropY2=1829,889.0,875.0,2400.0,,,,
1729,Liu Hanyuan,Liu,liu-hanyuan,no-pic,84.939,59.0,agribusiness,Food & Beverage,M,China,1681550402482,,,11767.239,151.0,151.0,https://specials-images.forbesimg.com/imageserve/636e8a40647724a613cb7ea0/416x416.jpg?background=000000&cropX1=73&cropX2=1424&cropY1=111&cropY2=1463,890.0,875.0,2400.0,,,,
1730,Liu Jincheng,Liu,liu-jincheng,no-pic,272.604,58.0,lithium batteries,Technology,M,China,1681550402482,,,6980.43,350.0,350.0,//specials-images.forbesimg.com/imageserve/5a8df936a7ea431690141033/416x416.jpg?background=000000&cropX1=1340&cropX2=4798&cropY1=0&cropY2=3456,891.0,875.0,2400.0,,,,
1731,C. Dean Metropoulos,Metropoulos,c-dean-metropoulos,c-dean-metropoulos,-0.115,76.0,investments,Food & Beverage,M,United States,1681550402483,FL,Florida,2620.339,1214.0,1214.0,https://specials-images.forbesimg.com/imageserve/58c3faf5fc4965181f190d24fe507787/416x416.jpg?background=000000&cropX1=222&cropX2=631&cropY1=85&cropY2=494,892.0,875.0,2400.0,,,,
1732,Richard Peery,Peery,richard-peery,no-pic,0.0,84.0,real estate,Real Estate,M,United States,1681550402483,CA,California,2682.81,1185.0,1185.0,,893.0,875.0,2400.0,,,,
1733,Pei Zhenhua,Pei,pei-zhenhua-1,no-pic,270.724,64.0,batteries,Energy,M,China,1681550402482,,,8743.017,240.0,240.0,,894.0,875.0,2400.0,,,,
1734,Prasert Prasarttong-Osoth,Prasarttong-Osoth,prasert-prasarttong-osoth,prasert-prasarttong-osoth,0.0,90.0,hospitals,Healthcare,M,Thailand,1681550402483,,,3752.427,787.0,787.0,https://specials-images.forbesimg.com/imageserve/60d9ee67db3c9fe8246c2abd/416x416.jpg?background=000000&cropX1=281&cropX2=1361&cropY1=54&cropY2=1135,895.0,875.0,2400.0,,,,
1735,Alberto Roemmers,Roemmers,alberto-roemmers,no-pic,,96.0,pharmaceuticals,Healthcare,M,Argentina,1617670090642,,,,,,https://specials-images.forbesimg.com/imageserve/603e8f5d4a2df75cef4fb25a/416x416.jpg?background=000000&cropX1=0&cropX2=800&cropY1=0&cropY2=800,896.0,875.0,2400.0,,,,
1736,Jeff Rothschild,Rothschild,jeff-rothschild,jeff-rothschild,10.547,68.0,Facebook,Technology,M,United States,1681550402483,CA,California,3083.264,993.0,993.0,//specials-images.forbesimg.com/imageserve/5d8b003918444200084e7425/416x416.jpg?background=000000&cropX1=73&cropX2=985&cropY1=24&cropY2=937,897.0,875.0,2400.0,"Advisor, Facebook",False,,
1737,Vijay Shekhar Sharma,Sharma,vijay-shekhar-sharma,no-pic,,44.0,financial technology,Service,M,India,1602558843953,,,,,,https://specials-images.forbesimg.com/imageserve/615b302450df12838dfe0d8b/416x416.jpg?background=000000&cropX1=1175&cropX2=3771&cropY1=94&cropY2=2688,898.0,875.0,2400.0,,,,
1738,E. Joe Shoen,Shoen,e-joe-shoen,e-joe-shoen,-3.45,73.0,U-Haul,Automotive,M,United States,1681550402482,AZ,Arizona,4145.66,707.0,707.0,//specials-images.forbesimg.com/imageserve/5d8b09756de3150009a509cc/416x416.jpg?background=000000&cropX1=90&cropX2=1191&cropY1=28&cropY2=1129,899.0,875.0,2400.0,,,,
1739,Shum Chiu Hung,Shum,shum-chiu-hung,no-pic,,53.0,real estate,Real Estate,M,China,1604523195291,,,,,,//specials-images.forbesimg.com/imageserve/5e74faa12a573300068fddeb/416x416.jpg?background=000000&cropX1=1201&cropX2=2871&cropY1=78&cropY2=1748,900.0,875.0,2400.0,,,,
1740,Zygmunt Solorz-Zak,Solorz-Zak,zygmunt-solorz-zak,zygmunt-solorz-zak,-2.576,66.0,TV broadcasting,Media & Entertainment,M,Poland,1681550402483,,,2054.923,1531.0,1531.0,//specials-images.forbesimg.com/imageserve/56cbd399e4b062f6b59a4865/416x416.jpg?background=000000&cropX1=0&cropX2=720&cropY1=3&cropY2=723,901.0,875.0,2400.0,,,,
1741,Katsumi Tada,Tada,katsumi-tada,katsumi-tada,0.024,77.0,real estate,Real Estate,M,Japan,1681550402483,,,2222.146,1418.0,1418.0,//specials-images.forbesimg.com/imageserve/10c5ecbe5c4b5ce4febd3e3afc9a5196/416x416.jpg?background=000000&cropX1=0&cropX2=372&cropY1=46&cropY2=418,902.0,875.0,2400.0,,,,
1742,Daniel Tsai,Tsai,daniel-tsai,daniel-tsai,66.378,66.0,finance,Finance & Investments,M,Taiwan,1681550402482,,,4468.65,637.0,637.0,//specials-images.forbesimg.com/imageserve/5e77d66a10380d0006fbc748/416x416.jpg?background=000000&cropX1=398&cropX2=3648&cropY1=821&cropY2=4073,903.0,875.0,2400.0,,,,
1743,Herbert Wertheim,Wertheim,herbert-wertheim,no-pic,-16.071,83.0,investments,Finance & Investments,M,United States,1681550402482,FL,Florida,4423.32,646.0,646.0,//specials-images.forbesimg.com/imageserve/5d8afb2522254b0008e166ee/416x416.jpg?background=000000&cropX1=354&cropX2=3058&cropY1=498&cropY2=3203,904.0,875.0,2400.0,,,,
1744,Jerry Yang,Yang,jerry-yang,jerry-yang,-4.044,54.0,Yahoo,Technology,M,United States,1681550402483,CA,California,2447.217,1299.0,1299.0,//specials-images.forbesimg.com/imageserve/59dd8e324bbe6f37dda04cd3/416x416.jpg?background=000000&cropX1=1344&cropX2=2990&cropY1=384&cropY2=2030,905.0,875.0,2400.0,"Cofounder, Yahoo!",False,,
1745,Michael Ying,Ying,michael-ying,michael-ying,0.0,73.0,retail,Fashion & Retail,M,Hong Kong,1681550402483,,,2121.626,1492.0,1492.0,https://specials-images.forbesimg.com/imageserve/63efeaddc3a033749bb8d5ba/416x416.jpg?background=000000&cropX1=813&cropX2=1707&cropY1=173&cropY2=1067,906.0,875.0,2400.0,,,,
1746,Zhang Daocai,Zhang,zhang-daocai,no-pic,44.865,73.0,valves,Diversified,M,China,1681550402482,,,4176.647,701.0,701.0,,907.0,875.0,2400.0,,,,
1747,Ron Baron,Baron,ron-baron,ron-baron,0.0,79.0,money management,Finance & Investments,M,United States,1681550402482,NY,New York,4961.321,568.0,568.0,//specials-images.forbesimg.com/imageserve/988a2396e97fe1c950b4a8a983f17c8d/416x416.jpg?background=000000&cropX1=64&cropX2=623&cropY1=2&cropY2=561,908.0,908.0,2300.0,,,,
1748,Yvonne Bauer,Bauer,yvonne-bauer,yvonne-bauer,0.0,46.0,media,Media & Entertainment,F,Germany,1681550402483,,,2702.718,1171.0,1171.0,//specials-images.forbesimg.com/imageserve/5c702ac84bbe6f79679f00d7/416x416.jpg?background=000000&cropX1=734&cropX2=2882&cropY1=258&cropY2=2408,909.0,908.0,2300.0,,,,
1749,Otto Philipp Braun,Braun,otto-philipp-braun,otto-philipp-braun,0.0,45.0,medical technology,Healthcare,M,Germany,1681550402483,,,2438.356,1300.0,1300.0,//specials-images.forbesimg.com/imageserve/5e76336b10380d0006fbadbb/416x416.jpg?background=000000&cropX1=141&cropX2=728&cropY1=4&cropY2=591,910.0,908.0,2300.0,,,,
1750,Jim Breyer,Breyer,jim-breyer,jim-breyer,0.114,61.0,venture capital,Technology,M,United States,1681550402483,CA,California,1722.149,1791.0,1791.0,//specials-images.forbesimg.com/imageserve/58d13bcea7ea431f321b80b8/416x416.jpg?background=000000&cropX1=26&cropX2=664&cropY1=55&cropY2=693,911.0,908.0,2300.0,"Founder, CEO, Breyer Capital",False,,
1751,Charles Bronfman,Bronfman,charles-bronfman,charles-bronfman,0.0,91.0,liquor,Food & Beverage,M,Canada,1681550402483,,,2458.5,1291.0,1291.0,//specials-images.forbesimg.com/imageserve/5e74403707adf00006db9fbc/416x416.jpg?background=000000&cropX1=1440&cropX2=2420&cropY1=210&cropY2=1190,912.0,908.0,2300.0,,,,
1752,Vivek Chand Burman,Burman,vivek-chand-burman,no-pic,0.0,85.0,consumer goods,Food & Beverage,M,India,1681550402483,,,2475.586,1278.0,1278.0,//specials-images.forbesimg.com/imageserve/5c708ca64bbe6f65d4665a0b/416x416.jpg?background=000000&cropX1=385&cropX2=1776&cropY1=13&cropY2=1403,913.0,908.0,2300.0,,,,
1753,Cai Dongchen,Cai,cai-dongchen,no-pic,21.571,70.0,pharmaceuticals,Healthcare,M,China,1681550402483,,,3116.594,980.0,980.0,https://specials-images.forbesimg.com/imageserve/603e8f5d4a2df75cef4fb25a/416x416.jpg?background=000000&cropX1=0&cropX2=800&cropY1=0&cropY2=800,914.0,908.0,2300.0,,,,
1754,Andrew & Peggy Cherng,Cherng,andrew-peggy-cherng,andrew-peggy-cherng,,,restaurants,Food & Beverage,,United States,1617670100500,NV,Nevada,,,,//specials-images.forbesimg.com/imageserve/57d80a5a4bbe6f6781c4e59f/416x416.jpg?background=000000&cropX1=0&cropX2=744&cropY1=85&cropY2=829,915.0,908.0,2300.0,,,,
1755,Oleg Deripaska,Deripaska,oleg-deripaska,oleg-deripaska,17.311,55.0,"aluminum, utilities",Metals & Mining,M,Russia,1681550402483,,,2578.168,1231.0,1231.0,https://specials-images.forbesimg.com/imageserve/622915346fb19ba3632edc8a/416x416.jpg?background=000000&cropX1=589&cropX2=3252&cropY1=6&cropY2=2667,916.0,908.0,2300.0,,,,
1756,Abilio dos Santos Diniz,Diniz,abilio-dos-santos-diniz,abilio-dos-santos-diniz,-12.334,86.0,retail,Fashion & Retail,M,Brazil,1681550402483,,,2495.119,1267.0,1267.0,https://specials-images.forbesimg.com/imageserve/603e8f5d4a2df75cef4fb25a/416x416.jpg?background=000000&cropX1=0&cropX2=800&cropY1=0&cropY2=800,917.0,908.0,2300.0,,,,
1757,Dong Fan,Dong,dong-fan,no-pic,-9.817,53.0,medical devices,Healthcare,M,China,1681550402483,,,1995.533,1570.0,1570.0,//specials-images.forbesimg.com/imageserve/5c6f04ff31358e35dd26c742/416x416.jpg?background=000000&cropX1=3&cropX2=408&cropY1=8&cropY2=413,918.0,908.0,2300.0,,,,
1758,Chang-Woo Han,Han,chang-woo-han,chang-woo-han,,92.0,pachinko parlors,Gambling & Casinos,M,Japan,1588016540742,,,,,,//specials-images.forbesimg.com/imageserve/78fb1fa189e0d8396577f225bb3d720e/416x416.jpg?background=000000&cropX1=21&cropX2=744&cropY1=68&cropY2=792,919.0,908.0,2300.0,,,,
1759,Hortensia Herrero,Herrero,hortensia-herrero,hortensia-herrero,0.0,72.0,supermarkets,Fashion & Retail,F,Spain,1681550402483,,,2146.938,1476.0,1476.0,//specials-images.forbesimg.com/imageserve/5e77bd9ed8e1ae0007b734f3/416x416.jpg?background=000000&cropX1=2210&cropX2=3399&cropY1=414&cropY2=1604,920.0,908.0,2300.0,,,,
1760,Ravi Jaipuria,Jaipuria,ravi-jaipuria,ravi-jaipuria,0.0,68.0,soft drinks,Food & Beverage,M,India,1681550402482,,,9098.719,222.0,222.0,https://specials-images.forbesimg.com/imageserve/61576dd5657c72d8c6ca2f35/416x416.jpg?background=000000&cropX1=0&cropX2=377&cropY1=0&cropY2=377,921.0,908.0,2300.0,,,,
1761,Viktor Kharitonin,Kharitonin,viktor-kharitonin,no-pic,0.0,50.0,pharmaceuticals,Healthcare,M,Russia,1681550402482,,,5043.439,563.0,563.0,//specials-images.forbesimg.com/imageserve/5a80c7da31358e4955ad2c92/416x416.jpg?background=000000&cropX1=407&cropX2=1611&cropY1=274&cropY2=1479,922.0,908.0,2300.0,,,,
1762,Kurt Krieger,Krieger,kurt-krieger,no-pic,,75.0,furniture retailing,Fashion & Retail,M,Germany,1617670181523,,,,,,//specials-images.forbesimg.com/imageserve/5c702c8da7ea431000432e96/416x416.jpg?background=000000&cropX1=245&cropX2=1895&cropY1=103&cropY2=1754,923.0,908.0,2300.0,,,,
1763,Lin Ming-hsiung,Lin,lin-ming-hsiung,lin-ming-hsiung,0.0,73.0,supermarkets,Fashion & Retail,M,Taiwan,1681550402483,,,3054.218,1000.0,1000.0,https://specials-images.forbesimg.com/imageserve/63a0cacec894b4f0c7e821a0/416x416.jpg?background=000000&cropX1=7&cropX2=424&cropY1=1&cropY2=418,924.0,908.0,2300.0,,,,
1764,Liu Ming Hui,Liu,liu-ming-hui,liu-ming-hui,-1.756,60.0,natural gas distribution,Energy,M,China,1681550402483,,,1210.551,2357.0,2357.0,//specials-images.forbesimg.com/imageserve/5e7576e910380d0006bdcdf2/416x416.jpg?background=000000&cropX1=1000&cropX2=2988&cropY1=680&cropY2=2667,925.0,908.0,2300.0,,,,
1765,Charles Zhengyao Lu,Lu,charles-zhengyao-lu,no-pic,,53.0,"coffee chain, car rentals",Service,M,China,1587679209048,,,,,,//specials-images.forbesimg.com/imageserve/5dc2fd6bb4d5050007a4fe07/416x416.jpg?background=000000&cropX1=1211&cropX2=3548&cropY1=331&cropY2=2668,926.0,908.0,2300.0,,,,
1766,Alexander Mamut,Mamut,alexander-mamut,alexander-mamut,31.292,63.0,investments,Finance & Investments,M,Russia,1681550402483,,,2051.788,1534.0,1534.0,//specials-images.forbesimg.com/imageserve/5e77715b10380d0006fbbcf4/416x416.jpg?background=000000&cropX1=1198&cropX2=4149&cropY1=0&cropY2=2952,927.0,908.0,2300.0,,,,
1767,Clayton Mathile,Mathile,clayton-mathile,clayton-mathile,0.0,82.0,pet food,Food & Beverage,M,United States,1681550402483,OH,Ohio,2300.0,1378.0,1378.0,//specials-images.forbesimg.com/imageserve/6baeba7b35427c8c258c195dd674a0f7/416x416.jpg?background=000000&cropX1=0&cropX2=744&cropY1=37&cropY2=781,928.0,908.0,2300.0,,,,
1768,James Packer,Packer,james-packer,james-packer,0.0,55.0,casinos,Gambling & Casinos,M,Australia,1681550402483,CA,California,2696.041,1177.0,1177.0,//specials-images.forbesimg.com/imageserve/5e73f78c07adf00006db9b99/416x416.jpg?background=000000&cropX1=1097&cropX2=3748&cropY1=0&cropY2=2654,929.0,908.0,2300.0,,,,
1769,Daniel Pritzker,Pritzker,daniel-pritzker,daniel-pritzker,0.0,63.0,"hotels, investments",Service,M,United States,1681550402483,CA,California,2424.524,1309.0,1309.0,//specials-images.forbesimg.com/imageserve/5d8b10aa6de3150009a50a58/416x416.jpg?background=000000&cropX1=62&cropX2=747&cropY1=35&cropY2=720,930.0,908.0,2300.0,,,,
1770,Jean (Gigi) Pritzker,Pritzker,jean-gigi-pritzker,jean-gigi-pritzker,-5.114,60.0,"hotels, investments",Service,F,United States,1681550402482,CA,California,4223.85,692.0,692.0,//specials-images.forbesimg.com/imageserve/5d8af60418444200084e7355/416x416.jpg?background=000000&cropX1=274&cropX2=1713&cropY1=69&cropY2=1509,931.0,908.0,2300.0,,,,
1771,Stewart Rahr,Rahr,stewart-rahr,stewart-rahr,0.0,77.0,drug distribution,Healthcare,M,United States,1681550402483,NY,New York,2751.4,1144.0,1144.0,https://specials-images.forbesimg.com/imageserve/632e0f5fbffd29114444b125/416x416.jpg?background=000000&cropX1=1154&cropX2=3011&cropY1=617&cropY2=2472,932.0,908.0,2300.0,,,,
1772,Ferit Faik Sahenk,Sahenk,ferit-faik-sahenk,ferit-faik-sahenk,-20.012,59.0,diversified,Diversified,M,Turkey,1681550402483,,,2747.446,1147.0,1147.0,//specials-images.forbesimg.com/imageserve/5e77e0be10380d0006fbc815/416x416.jpg?background=000000&cropX1=139&cropX2=727&cropY1=5&cropY2=592,933.0,908.0,2300.0,,,,
1773,Jean Salata,Salata,jean-salata,no-pic,85.654,57.0,finance,Finance & Investments,M,Chile,1681550402482,,,5563.732,485.0,485.0,https://specials-images.forbesimg.com/imageserve/63f675ce1a22c17165bb951b/416x416.jpg?background=000000&cropX1=189&cropX2=816&cropY1=29&cropY2=656,934.0,908.0,2300.0,,,,
1774,Richard Sands,Sands,richard-sands,no-pic,10.265,72.0,liquor,Food & Beverage,M,United States,1681550402483,FL,Florida,2402.318,1322.0,1322.0,//specials-images.forbesimg.com/imageserve/5d8bc22318444200084e855e/416x416.jpg?background=000000&cropX1=49&cropX2=1185&cropY1=175&cropY2=1312,935.0,908.0,2300.0,,,,
1775,Stephan Schmidheiny,Schmidheiny,stephan-schmidheiny,stephan-schmidheiny,0.0,75.0,investments,Finance & Investments,M,Switzerland,1681550402483,,,2300.0,1378.0,1379.0,//specials-images.forbesimg.com/imageserve/bac4220ceab8f57ff9c9be926eeb8092/416x416.jpg?background=000000&cropX1=6&cropX2=744&cropY1=90&cropY2=828,936.0,908.0,2300.0,,,,
1776,Gil Shwed,Shwed,gil-shwed,gil-shwed,-58.158,54.0,software,Technology,M,Israel,1681550402483,,,3548.202,842.0,842.0,//specials-images.forbesimg.com/imageserve/5c70c5fa4bbe6f79c5474086/416x416.jpg?background=000000&cropX1=3541&cropX2=5409&cropY1=1250&cropY2=3117,937.0,908.0,2300.0,,,,
1777,Warren Stephens,Stephens,warren-stephens,warren-stephens,0.312,66.0,investment banking,Finance & Investments,M,United States,1681550402483,AR,Arkansas,3217.591,947.0,947.0,//specials-images.forbesimg.com/imageserve/5d8b111822254b0008e168f4/416x416.jpg?background=000000&cropX1=200&cropX2=854&cropY1=66&cropY2=720,938.0,908.0,2300.0,,,,
1778,Peter Thiel,Thiel,peter-thiel,peter-thiel,17.963,55.0,"Facebook, Palantir",Finance & Investments,M,United States,1681550402482,CA,California,4280.987,678.0,678.0,//specials-images.forbesimg.com/imageserve/5a836fff31358e4955ad6549/416x416.jpg?background=000000&cropX1=234&cropX2=790&cropY1=7&cropY2=563,939.0,908.0,2300.0,"Partner, Founders Fund",False,,
1779,Maximilian Viessmann,Viessmann,maximilian-viessmann,no-pic,0.0,,heating and cooling equipment,Manufacturing,M,Germany,1681550402482,,,4771.321,591.0,591.0,//specials-images.forbesimg.com/imageserve/5e763207d8e1ae0007b71c19/416x416.jpg?background=000000&cropX1=185&cropX2=1016&cropY1=38&cropY2=869,940.0,908.0,2300.0,,,,
1780,David Walentas,Walentas,david-walentas,david-walentas,0.0,84.0,real estate,Real Estate,M,United States,1681550402483,NY,New York,2375.6,1343.0,1343.0,//specials-images.forbesimg.com/imageserve/5d8b11656de3150009a50a5b/416x416.jpg?background=000000&cropX1=486&cropX2=803&cropY1=234&cropY2=551,941.0,908.0,2300.0,,,,
1781,Wang Yanqing,Wang,wang-yanqing,no-pic,80.044,57.0,electrical equipment,Manufacturing,M,China,1681550402483,,,3546.442,844.0,844.0,,942.0,908.0,2300.0,,,,
1782,Gustav Magnar Witzoe,Witzoe,gustav-magnar-witzoe,no-pic,20.401,29.0,fish farming,Food & Beverage,M,Norway,1681550402483,,,2984.691,1029.0,1029.0,//specials-images.forbesimg.com/imageserve/5e9f5e1092076f000700e668/416x416.jpg?background=000000&cropX1=2108&cropX2=3710&cropY1=729&cropY2=2332,943.0,908.0,2300.0,,,,
1783,Ye Chenghai,Ye,chenghai-ye,chenghai-ye,-12.106,79.0,pharmaceuticals,Healthcare,M,Hong Kong,1681550402483,,,3067.352,996.0,996.0,//specials-images.forbesimg.com/imageserve/f4143f928bec51caf481ad44beb7d878/416x416.jpg?background=000000&cropX1=0&cropX2=742&cropY1=180&cropY2=923,944.0,908.0,2300.0,,,,
1784,Patrizio Bertelli,Bertelli,patrizio-bertelli,patrizio-bertelli,301.128,77.0,luxury goods,Fashion & Retail,M,Italy,1681550402482,,,5758.452,462.0,462.0,//specials-images.forbesimg.com/imageserve/5e76d9a3d8e1ae0007b72654/416x416.jpg?background=000000&cropX1=236&cropX2=3184&cropY1=214&cropY2=3164,945.0,945.0,2200.0,,,,
1785,Cheng Yixiao,Cheng,cheng-yixiao,no-pic,-34.072,,video streaming app,Media & Entertainment,M,China,1681550402483,,,2649.449,1202.0,1202.0,//specials-images.forbesimg.com/imageserve/5e74f7e810380d0006bdbe1a/416x416.jpg?background=000000&cropX1=925&cropX2=4408&cropY1=0&cropY2=3481,946.0,945.0,2200.0,,,,
1786,Ben Chestnut,Chestnut,ben-chestnut,no-pic,-0.889,48.0,email marketing,Technology,M,United States,1681550402482,GA,Georgia,4272.34,682.0,682.0,https://specials-images.forbesimg.com/imageserve/5c7438c431358e35dd272b5d/416x416.jpg?background=000000&cropX1=1123&cropX2=3591&cropY1=891&cropY2=3360,947.0,945.0,2200.0,,,,
1787,Todd Christopher,Christopher,todd-christopher,no-pic,0.0,60.0,hair care products,Fashion & Retail,M,United States,1681550402483,FL,Florida,2970.8,1034.0,1034.0,https://specials-images.forbesimg.com/imageserve/61424fa329945091a3f5c3fa/416x416.jpg?background=000000&cropX1=0&cropX2=1088&cropY1=80&cropY2=1168,948.0,945.0,2200.0,,,,
1788,James Clark,Clark,james-clark,james-clark,6.797,79.0,"Netscape, investments",Technology,M,United States,1681550402483,FL,Florida,3116.192,981.0,981.0,//specials-images.forbesimg.com/imageserve/59de798131358e542c039ef4/416x416.jpg?background=000000&cropX1=437&cropX2=1424&cropY1=237&cropY2=1224,949.0,945.0,2200.0,"Cofounder, Netscape Communications Corporation",False,,
1789,James Dinan,Dinan,james-dinan,james-dinan,0.0,63.0,hedge funds,Finance & Investments,M,United States,1681550402483,NY,New York,1884.8,1648.0,1648.0,//specials-images.forbesimg.com/imageserve/5d8b3c9322254b0008e16bb8/416x416.jpg?background=000000&cropX1=76&cropX2=1190&cropY1=58&cropY2=1172,950.0,945.0,2200.0,"Founder, York Capital Management",False,,
1790,Bergit Douglas,Douglas,bergit-douglas,bergit-douglas,,76.0,consumer goods,Food & Beverage,F,Germany,1617669928592,,,,,,//specials-images.forbesimg.com/imageserve/5c70325ea7ea431000432f95/416x416.jpg?background=000000&cropX1=330&cropX2=1248&cropY1=155&cropY2=1073,951.0,945.0,2200.0,,,,
1791,Doris Fisher,Fisher,doris-fisher,doris-fisher,-2.191,91.0,Gap,Fashion & Retail,F,United States,1681550402483,CA,California,2356.026,1351.0,1351.0,//specials-images.forbesimg.com/imageserve/8f509677141935bbb172e12367d1e853/416x416.jpg?background=000000&cropX1=0&cropX2=744&cropY1=106&cropY2=850,952.0,945.0,2200.0,"Cofounder, Gap Inc.",False,,
1792,Lindsay Fox,Fox,lindsay-fox,lindsay-fox,0.489,85.0,"logistics, real estate",Logistics,M,Australia,1681550402483,,,3254.744,936.0,936.0,//specials-images.forbesimg.com/imageserve/5e73fe8507adf00006db9c50/416x416.jpg?background=000000&cropX1=903&cropX2=4197&cropY1=0&cropY2=3291,953.0,945.0,2200.0,,,,
1793,Gao Dekang,Gao,gao-dekang,gao-dekang,85.134,71.0,apparel,Fashion & Retail,M,China,1681550402482,,,5060.083,560.0,560.0,https://specials-images.forbesimg.com/imageserve/5dc0ca51b4d505000678e615/416x416.jpg?background=000000&cropX1=20&cropX2=1525&cropY1=152&cropY2=1656,954.0,945.0,2200.0,,,,
1794,Philippe Ginestet,Ginestet,philippe-ginestet,no-pic,0.0,69.0,retail stores,Fashion & Retail,M,France,1681550402483,,,1578.657,1915.0,1915.0,//specials-images.forbesimg.com/imageserve/5e75a50bc7b02d000666c467/416x416.jpg?background=000000&cropX1=718&cropX2=3327&cropY1=673&cropY2=3283,955.0,945.0,2200.0,,,,
1795,Mitchell Goldhar,Goldhar,mitchell-goldhar,mitchell-goldhar,-5.326,61.0,real estate,Real Estate,M,Canada,1681550402483,,,2467.237,1287.0,1287.0,//specials-images.forbesimg.com/imageserve/5a7bb1184bbe6f2652f4f38a/416x416.jpg?background=000000&cropX1=14&cropX2=2141&cropY1=478&cropY2=2607,956.0,945.0,2200.0,"Owner, SmartCentres",False,,
1796,Joseph Grendys,Grendys,joseph-grendys,joseph-grendys,0.0,61.0,poultry processing,Food & Beverage,M,United States,1681550402483,IL,Illinois,3768.077,783.0,783.0,//specials-images.forbesimg.com/imageserve/55fb1bb3e4b0ffa7afe4b5c5/416x416.jpg?background=000000&cropX1=63&cropX2=411&cropY1=100&cropY2=448,957.0,945.0,2200.0,,,,
1797,Hans-Werner Hector,Hector,hans-werner-hector,no-pic,0.0,83.0,SAP,Technology,M,Germany,1681550402483,,,2265.798,1387.0,1387.0,//specials-images.forbesimg.com/imageserve/5a7e15ec31358e4955ad1042/416x416.jpg?background=000000&cropX1=317&cropX2=1248&cropY1=121&cropY2=1053,958.0,945.0,2200.0,,,,
1798,Jeffery Hildebrand,Hildebrand,jeffery-hildebrand,jeffery-hildebrand,-0.167,64.0,oil,Energy,M,United States,1681550402482,TX,Texas,10173.164,186.0,186.0,https://specials-images.forbesimg.com/imageserve/5d8addf818444200084e726c/416x416.jpg?background=000000&cropX1=802&cropX2=1319&cropY1=710&cropY2=1228,959.0,945.0,2200.0,,,,
1799,Huang Zhenda,Huang,zhenda-huang,no-pic,-0.942,75.0,construction,Construction & Engineering,M,China,1681550402483,,,2597.739,1226.0,1226.0,//specials-images.forbesimg.com/imageserve/102108d15afa7dd7e7a7e1fbcda3d866/416x416.jpg?background=000000&cropX1=129&cropX2=694&cropY1=151&cropY2=717,960.0,945.0,2200.0,,,,
1800,Micky Jagtiani,Jagtiani,micky-jagtiani,micky-jagtiani,0.0,71.0,retail,Fashion & Retail,M,India,1681550402482,,,5200.0,535.0,535.0,//specials-images.forbesimg.com/imageserve/5c707eb54bbe6f65d4665798/416x416.jpg?background=000000&cropX1=237&cropX2=678&cropY1=0&cropY2=441,961.0,945.0,2200.0,,,,
1801,Jiang Weiping,Jiang,jiang-weiping,jiang-weiping,292.983,68.0,chemicals,Manufacturing,M,China,1681550402482,,,5733.195,467.0,467.0,https://specials-images.forbesimg.com/imageserve/6182cbe5cb5a71d9103d1ca0/416x416.jpg?background=000000&cropX1=0&cropX2=744&cropY1=156&cropY2=900,962.0,945.0,2200.0,,,,
1802,Bruce Karsh,Karsh,bruce-karsh,bruce-karsh,0.0,67.0,private equity,Finance & Investments,M,United States,1681550402483,CA,California,2325.0,1367.0,1367.0,http://specials-images.forbesimg.com/imageserve/37cb3c5439cefb35fd4e59b7834e34a8/416x416.jpg?background=000000&cropX1=0&cropX2=744&cropY1=139&cropY2=883,963.0,945.0,2200.0,"President, Oaktree Capital Group LLC",False,,
1803,Jim Kavanaugh,Kavanaugh,jim-kavanaugh,no-pic,0.0,60.0,IT provider,Technology,M,United States,1681550402483,MO,Missouri,3713.0,797.0,797.0,//specials-images.forbesimg.com/imageserve/5bbbc451a7ea4342a949d23b/416x416.jpg?background=000000&cropX1=42&cropX2=3312&cropY1=427&cropY2=3695,964.0,945.0,2200.0,,,,
1804,Dan Kurzius,Kurzius,dan-kurzius,no-pic,-0.889,51.0,email marketing,Technology,M,United States,1681550402482,GA,Georgia,4272.34,682.0,683.0,https://specials-images.forbesimg.com/imageserve/6050f48ca1ab099ed6e290cc/416x416.jpg?background=000000&cropX1=0&cropX2=800&cropY1=0&cropY2=800,965.0,945.0,2200.0,,,,
1805,William Lauder,Lauder,william-lauder,no-pic,31.39,63.0,Estee Lauder,Fashion & Retail,M,United States,1681550402483,NY,New York,3582.549,832.0,832.0,//specials-images.forbesimg.com/imageserve/5d8b03a818444200084e744c/416x416.jpg?background=000000&cropX1=336&cropX2=3503&cropY1=194&cropY2=3363,966.0,945.0,2200.0,,,,
1806,Li Zhenguo,Li,li-zhenguo-1,no-pic,-24.713,55.0,photovoltaics,Manufacturing,M,China,1681550402482,,,8068.463,271.0,271.0,//specials-images.forbesimg.com/imageserve/5e75684107adf00006dbc190/416x416.jpg?background=000000&cropX1=70&cropX2=695&cropY1=70&cropY2=696,967.0,945.0,2200.0,,,,
1807,Scott Lin,Lin,scott-lin,scott-lin,-50.895,90.0,optical components,Technology,M,Taiwan,1681550402483,,,1316.772,2210.0,2210.0,https://specials-images.forbesimg.com/imageserve/63a0cbcb19ae5f47238ceb42/416x416.jpg?background=000000&cropX1=28&cropX2=1648&cropY1=429&cropY2=2048,968.0,945.0,2200.0,,,,
1808,Harald Link,Link,harald-link,harald-link,0.0,68.0,diversified,Diversified,M,Thailand,1681550402483,,,2390.809,1336.0,1336.0,//specials-images.forbesimg.com/imageserve/5e78c6e2d8e1ae0007b74175/416x416.jpg?background=000000&cropX1=875&cropX2=2263&cropY1=1435&cropY2=2824,969.0,945.0,2200.0,,,,
1809,Yasseen Mansour,Mansour,yasseen-mansour,yasseen-mansour,0.0,61.0,diversified,Diversified,M,Egypt,1681550402483,,,1257.0,2295.0,2295.0,//specials-images.forbesimg.com/imageserve/e64883d7382b4c35f0fdba9c0e3bf35f/416x416.jpg?background=000000&cropX1=0&cropX2=744&cropY1=118&cropY2=862,970.0,945.0,2200.0,,,,
1810,Mao Lixiang,Mao,mao-lixiang,no-pic,0.0,82.0,cooking appliances,Technology,M,China,1681550402483,,,1397.765,2111.0,2111.0,https://specials-images.forbesimg.com/imageserve/6050f48ca1ab099ed6e290cc/416x416.jpg?background=000000&cropX1=0&cropX2=800&cropY1=0&cropY2=800,971.0,945.0,2200.0,,,,
1811,Howard Marks,Marks,howard-marks,howard-marks,-0.372,76.0,private equity,Finance & Investments,M,United States,1681550402483,NY,New York,2156.22,1470.0,1470.0,//specials-images.forbesimg.com/imageserve/5d8b3d536de3150009a50c7d/416x416.jpg?background=000000&cropX1=960&cropX2=2829&cropY1=0&cropY2=1867,972.0,945.0,2200.0,"Chairman, Oaktree Capital Group LLC",False,,
1812,Gilles Martin,Martin,gilles-martin,no-pic,-20.638,59.0,laboratory services,Healthcare,M,France,1681550402483,,,3090.569,988.0,988.0,//specials-images.forbesimg.com/imageserve/5c6f8f2431358e35dd26d07f/416x416.jpg?background=000000&cropX1=614&cropX2=3435&cropY1=0&cropY2=2820,973.0,945.0,2200.0,,,,
1813,Taha Mikati,Mikati,taha-mikati,no-pic,-1.342,78.0,telecom,Telecom,M,Lebanon,1681550402483,,,2733.946,1156.0,1156.0,//specials-images.forbesimg.com/imageserve/5a7fc2eca7ea431690133122/416x416.jpg?background=000000&cropX1=0&cropX2=271&cropY1=14&cropY2=285,974.0,945.0,2200.0,,,,
1814,Farhad Moshiri,Moshiri,farhad-moshiri,farhad-moshiri,0.0,67.0,diversified,Diversified,M,United Kingdom,1681550402483,,,3087.022,989.0,989.0,//specials-images.forbesimg.com/imageserve/5e77f192c7b02d000666e1b7/416x416.jpg?background=000000&cropX1=1181&cropX2=2390&cropY1=138&cropY2=1346,975.0,945.0,2200.0,,,,
1815,Alexander Nesis,Nesis,alexander-nesis,alexander-nesis,0.0,60.0,"metals, banking, fertilizers",Finance & Investments,M,Russia,1681550402483,,,2091.926,1506.0,1506.0,//specials-images.forbesimg.com/imageserve/5e7771a510380d0006fbbd02/416x416.jpg?background=000000&cropX1=1451&cropX2=3268&cropY1=46&cropY2=1865,976.0,945.0,2200.0,,,,
1816,Alfred Oetker,Oetker,alfred-oetker,alfred-oetker,0.0,56.0,consumer goods,Fashion & Retail,M,Germany,1681550402482,,,3996.429,723.0,723.0,//specials-images.forbesimg.com/imageserve/5a7e0642a7ea431690131d18/416x416.jpg?background=000000&cropX1=1&cropX2=560&cropY1=74&cropY2=633,977.0,945.0,2200.0,,,,
1817,August Oetker,Oetker,august-oetker,august-oetker,,78.0,consumer goods,Fashion & Retail,M,Germany,1617669935882,,,,,,//specials-images.forbesimg.com/imageserve/5e7617a410380d0006fbabba/416x416.jpg?background=000000&cropX1=601&cropX2=1947&cropY1=22&cropY2=1367,978.0,945.0,2200.0,,,,
1818,Carl Ferdinand Oetker,Oetker,carl-ferdinand-oetker,no-pic,0.0,50.0,consumer goods,Fashion & Retail,M,Germany,1681550402482,,,3996.429,723.0,724.0,//specials-images.forbesimg.com/imageserve/5a7e0dda31358e4955ad0e11/416x416.jpg?background=000000&cropX1=886&cropX2=3401&cropY1=293&cropY2=2806,979.0,945.0,2200.0,,,,
1819,Christian Oetker,Oetker,christian-oetker,no-pic,,74.0,consumer goods,Fashion & Retail,M,Germany,1617669936266,,,,,,,980.0,945.0,2200.0,,,,
1820,Julia Oetker,Oetker,julia-oetker,julia-oetker,0.0,44.0,consumer goods,Fashion & Retail,F,Germany,1681550402482,,,3996.429,723.0,725.0,//specials-images.forbesimg.com/imageserve/5e7629b7c7b02d000666c856/416x416.jpg?background=000000&cropX1=851&cropX2=2990&cropY1=259&cropY2=2399,981.0,945.0,2200.0,,,,
1821,Richard Oetker,Oetker,richard-oetker,richard-oetker,,72.0,consumer goods,Fashion & Retail,M,Germany,1617669946146,,,,,,//specials-images.forbesimg.com/imageserve/56c9d350e4b062f6b59a2c99/416x416.jpg?background=000000&cropX1=0&cropX2=744&cropY1=118&cropY2=862,982.0,945.0,2200.0,,,,
1822,Ou Zongrong,Ou,ou-zongrong,ou-zongrong,,59.0,real estate,Real Estate,M,China,1604523199394,,,,,,https://specials-images.forbesimg.com/imageserve/5c6e96354bbe6f2fbddc4dc0/416x416.jpg?background=000000&cropX1=406&cropX2=2012&cropY1=337&cropY2=1943,983.0,945.0,2200.0,,,,
1823,Pan Weiming,Pan,pan-weiming,pan-weiming,,59.0,real estate,Real Estate,M,China,1587678855469,,,,,,//specials-images.forbesimg.com/imageserve/56c7548ee4b062f6b59a1c94/416x416.jpg?background=000000&cropX1=2&cropX2=744&cropY1=5&cropY2=748,984.0,945.0,2200.0,,,,
1824,Miuccia Prada,Prada,miuccia-prada,miuccia-prada,300.87,73.0,luxury goods,Fashion & Retail,F,Italy,1681550402482,,,5752.295,463.0,463.0,//specials-images.forbesimg.com/imageserve/5e76d828d8e1ae0007b7263e/416x416.jpg?background=000000&cropX1=808&cropX2=2296&cropY1=681&cropY2=2171,985.0,945.0,2200.0,"CEO, Fashion Designer, Prada S.p.A",False,,
1825,Shashi & Ravi Ruia,Ruia,shashi-ravi-ruia,shashi-ravi-ruia,,,diversified,Diversified,M,India,1602557876845,,,,,,//specials-images.forbesimg.com/imageserve/5d9f585567dd830006a32383/416x416.jpg?background=000000&cropX1=670&cropX2=3510&cropY1=0&cropY2=2839,986.0,945.0,2200.0,,,,
1826,Rosely Schweizer,Schweizer,rosely-schweizer,rosely-schweizer,,82.0,consumer goods,Fashion & Retail,F,Germany,1617669946132,,,,,,//specials-images.forbesimg.com/imageserve/5c7034b331358e35dd26df5c/416x416.jpg?background=000000&cropX1=153&cropX2=1254&cropY1=25&cropY2=1126,987.0,945.0,2200.0,,,,
1827,Brian Sheth,Sheth,brian-sheth,brian-sheth,,47.0,investments,Finance & Investments,M,United States,1599249705518,TX,Texas,,,,//specials-images.forbesimg.com/imageserve/5d8b3ed76de3150009a50d04/416x416.jpg?background=000000&cropX1=526&cropX2=2646&cropY1=40&cropY2=2159,988.0,945.0,2200.0,,,,
1828,Kavitark Ram Shriram,Shriram,kavitark-ram-shriram,kavitark-ram-shriram,7.599,66.0,"venture capital, Google",Technology,M,United States,1681550402483,CA,California,2337.131,1359.0,1359.0,//specials-images.forbesimg.com/imageserve/59de75594bbe6f37dda0582b/416x416.jpg?background=000000&cropX1=645&cropX2=1715&cropY1=135&cropY2=1205,989.0,945.0,2200.0,"Managing Partner, Sherpalo Ventures",False,,
1829,Sze Man Bok,Sze,sze-man-bok,sze-man-bok,-3.045,73.0,hygiene products,Manufacturing,M,China,1681550402483,,,1811.545,1706.0,1706.0,https://specials-images.forbesimg.com/imageserve/6050f48ca1ab099ed6e290cc/416x416.jpg?background=000000&cropX1=0&cropX2=800&cropY1=0&cropY2=800,990.0,945.0,2200.0,,,,
1830,Tang Yiu,Tang,tang-yiu,tang-yiu,0.0,89.0,fashion retail,Fashion & Retail,M,Hong Kong,1681550402483,,,2317.182,1370.0,1370.0,https://specials-images.forbesimg.com/imageserve/603531e36ddcc3f739f6361e/416x416.jpg?background=000000&cropX1=955&cropX2=3819&cropY1=50&cropY2=2912,991.0,945.0,2200.0,,,,
1831,Arvind Tiku,Tiku,arvind-tiku,arvind-tiku,0.0,53.0,"oil & gas, investments",Energy,M,India,1681550402483,,,2460.91,1289.0,1289.0,//specials-images.forbesimg.com/imageserve/579b39f7a7ea4374a7c66ecf/416x416.jpg?background=000000&cropX1=60&cropX2=711&cropY1=103&cropY2=754,992.0,945.0,2200.0,,,,
1832,Tong Jinquan,Tong,tong-jinquan,no-pic,,68.0,real estate,Real Estate,M,China,1604523198992,,,,,,//specials-images.forbesimg.com/imageserve/5a904e3831358e79a28a164d/416x416.jpg?background=000000&cropX1=375&cropX2=675&cropY1=113&cropY2=413,993.0,945.0,2200.0,,,,
1833,T.Y. Tsai,Tsai,ty-tsai,ty-tsai,0.0,70.0,finance,Finance & Investments,M,Taiwan,1681550402483,,,2358.347,1350.0,1350.0,https://specials-images.forbesimg.com/imageserve/63a0cc5219ae5f47238ceb48/416x416.jpg?background=000000&cropX1=12&cropX2=648&cropY1=12&cropY2=648,994.0,945.0,2200.0,,,,
1834,Kelcy Warren,Warren,kelcy-warren,kelcy-warren,22.522,67.0,pipelines,Energy,M,United States,1681550402482,TX,Texas,4937.755,574.0,574.0,https://specials-images.forbesimg.com/imageserve/5f517e3eddda7926b1505add/416x416.jpg?background=000000&cropX1=569&cropX2=3400&cropY1=216&cropY2=3050,995.0,945.0,2200.0,,,,
1835,Wu Shaoxun,Wu,wu-shaoxun,no-pic,0.0,67.0,wine,Food & Beverage,M,China,1681550402483,,,2953.117,1044.0,1044.0,https://specials-images.forbesimg.com/imageserve/6050f48ca1ab099ed6e290cc/416x416.jpg?background=000000&cropX1=0&cropX2=800&cropY1=0&cropY2=800,996.0,945.0,2200.0,,,,
1836,Jon Yarbrough,Yarbrough,jon-yarbrough,jon-yarbrough,0.0,65.0,video games,Gambling & Casinos,M,United States,1681550402483,TN,Tennessee,3155.0,965.0,965.0,//specials-images.forbesimg.com/imageserve/dd7552476d261280b2c8fcc28c43eb78/416x416.jpg?background=000000&cropX1=137&cropX2=577&cropY1=48&cropY2=488,997.0,945.0,2200.0,,,,
1837,Barry Zekelman,Zekelman,barry-zekelman,no-pic,0.0,56.0,steel,Manufacturing,M,Canada,1681550402483,,,3542.0,846.0,846.0,//specials-images.forbesimg.com/imageserve/5e7b74ded11f0d0007cd516c/416x416.jpg?background=000000&cropX1=1917&cropX2=4547&cropY1=463&cropY2=3091,998.0,945.0,2200.0,,,,
1838,Zhang Xuezheng,Zhang,zhang-xuezheng,no-pic,44.459,47.0,telecom,Technology,M,China,1681550402483,,,1538.293,1956.0,1956.0,,999.0,945.0,2200.0,,,,
1839,Zuo Hui,Zuo,zuo-hui,no-pic,,52.0,real estate services,Real Estate,M,China,1617122327391,,,,,,https://specials-images.forbesimg.com/imageserve/6050f48ca1ab099ed6e290cc/416x416.jpg?background=000000&cropX1=0&cropX2=800&cropY1=0&cropY2=800,1000.0,945.0,2200.0,,,,
1840,Abdulla Al Futtaim,Al Futtaim,abdulla-al-futtaim,abdulla-al-futtaim,-6.174,,"auto dealers, investments",Automotive,M,United Arab Emirates,1681550402483,,,2373.189,1345.0,1345.0,https://specials-images.forbesimg.com/imageserve/62fa59a265f7542457fe6376/416x416.jpg?background=000000&cropX1=1147&cropX2=2946&cropY1=87&cropY2=1885,1001.0,1001.0,2100.0,,,,
1841,John Arrillaga,Arrillaga,john-arrillaga,john-arrillaga,,86.0,real estate,Real Estate,M,United States,1599249692356,CA,California,,,,//specials-images.forbesimg.com/imageserve/945fe0ddbac172f5cc502aa692162731/416x416.jpg?background=000000&cropX1=156&cropX2=668&cropY1=39&cropY2=551,1002.0,1001.0,2100.0,,,,
1842,Bill Austin,Austin,bill-austin,no-pic,0.0,81.0,hearing aids,Manufacturing,M,United States,1681550402483,TX,Texas,3282.037,931.0,931.0,//specials-images.forbesimg.com/imageserve/5d8b11a66de3150009a50a64/416x416.jpg?background=000000&cropX1=1173&cropX2=3575&cropY1=0&cropY2=2400,1003.0,1001.0,2100.0,,,,
1843,Suhail Bahwan,Bahwan,suhail-bahwan,no-pic,0.0,84.0,diversified,Diversified,M,Oman,1681550402483,,,2676.792,1190.0,1190.0,//specials-images.forbesimg.com/imageserve/58accd954bbe6f0e55873ffd/416x416.jpg?background=000000&cropX1=0&cropX2=744&cropY1=39&cropY2=783,1004.0,1001.0,2100.0,,,,
1844,Joesley Batista,Batista,joesley-batista,no-pic,-35.049,51.0,beef processing,Food & Beverage,M,Brazil,1681550402483,,,2408.438,1318.0,1318.0,//specials-images.forbesimg.com/imageserve/5e74298e07adf00006db9ec0/416x416.jpg?background=000000&cropX1=913&cropX2=4756&cropY1=0&cropY2=3840,1005.0,1001.0,2100.0,,,,
1845,Wesley Batista,Batista,wesley-batista,no-pic,-35.049,50.0,beef packing,Food & Beverage,M,Brazil,1681550402483,,,2408.438,1318.0,1319.0,//specials-images.forbesimg.com/imageserve/5e743b6610380d0006bdaccf/416x416.jpg?background=000000&cropX1=417&cropX2=3079&cropY1=6&cropY2=2667,1006.0,1001.0,2100.0,,,,
1846,Chen Jinxia,Chen,chen-jinxia,no-pic-female,-1.2,55.0,investments,Finance & Investments,F,China,1681550402483,,,2216.834,1426.0,1426.0,,1007.0,1001.0,2100.0,,,,
1847,Chen Kaixuan,Chen,chen-kaixuan,no-pic,4.099,64.0,household chemicals,Manufacturing,M,China,1681550402483,,,3191.145,954.0,954.0,https://specials-images.forbesimg.com/imageserve/603e8f5d4a2df75cef4fb25a/416x416.jpg?background=000000&cropX1=0&cropX2=800&cropY1=0&cropY2=800,1008.0,1001.0,2100.0,,,,
1848,Chen Xueli,Chen,chen-xueli,no-pic,5.548,71.0,pharmaceuticals,Healthcare,M,China,1681550402483,,,2422.85,1310.0,1310.0,//specials-images.forbesimg.com/imageserve/5c6ee8b6a7ea431000430f6a/416x416.jpg?background=000000&cropX1=447&cropX2=2278&cropY1=4&cropY2=1834,1009.0,1001.0,2100.0,,,,
1849,Chi Yufeng,Chi,chi-yufeng,no-pic,26.651,52.0,software,Technology,M,China,1681550402483,,,2672.315,1193.0,1193.0,https://specials-images.forbesimg.com/imageserve/6050f48ca1ab099ed6e290cc/416x416.jpg?background=000000&cropX1=0&cropX2=800&cropY1=0&cropY2=800,1010.0,1001.0,2100.0,,,,
1850,John Coates,Coates,john-coates,john-coates,0.0,53.0,online gambling,Gambling & Casinos,M,United Kingdom,1681550402483,,,3198.549,951.0,951.0,//specials-images.forbesimg.com/imageserve/5ab130dba7ea434a0c294b2e/416x416.jpg?background=000000&cropX1=696&cropX2=2026&cropY1=691&cropY2=2021,1011.0,1001.0,2100.0,,,,
1851,Charles Edelstenne,Edelstenne,charles-edelstenne,charles-edelstenne,-5.193,85.0,aviation,Manufacturing,M,France,1681550402483,,,3359.985,902.0,902.0,//specials-images.forbesimg.com/imageserve/5c6f8bc64bbe6f79679ef3ad/416x416.jpg?background=000000&cropX1=723&cropX2=3986&cropY1=7&cropY2=3268,1012.0,1001.0,2100.0,,,,
1852,Alceu Elias Feldmann,Feldmann,alceu-elias-feldmann,no-pic,0.0,73.0,fertilizer,Energy,M,Brazil,1681550402483,,,2681.921,1188.0,1188.0,//specials-images.forbesimg.com/imageserve/5c6ccb8631358e1c187f1105/416x416.jpg?background=000000&cropX1=19&cropX2=617&cropY1=5&cropY2=603,1013.0,1001.0,2100.0,,,,
1853,Jose E. Feliciano,Feliciano,jose-e-feliciano,no-pic,0.0,49.0,private equity,Finance & Investments,M,United States,1681550402482,CA,California,4323.0,665.0,665.0,https://specials-images.forbesimg.com/imageserve/5f651e133f39219b4852680e/416x416.jpg?background=000000&cropX1=1926&cropX2=3214&cropY1=567&cropY2=1856,1014.0,1001.0,2100.0,,,,
1854,Carlo Fidani,Fidani,carlo-fidani,carlo-fidani,0.0,68.0,real estate,Real Estate,M,Canada,1681550402482,,,4815.701,583.0,583.0,//specials-images.forbesimg.com/imageserve/b5db05ee754e520e9b3e3c6b12abd1a5/416x416.jpg?background=000000&cropX1=76&cropX2=673&cropY1=27&cropY2=625,1015.0,1001.0,2100.0,"Chairman, Orlando Corporation",False,,
1855,David Filo,Filo,david-filo,david-filo,0.0,57.0,Yahoo,Technology,M,United States,1681550402483,CA,California,3215.7,948.0,948.0,//specials-images.forbesimg.com/imageserve/5d8abc8018444200084e7092/416x416.jpg?background=000000&cropX1=117&cropX2=822&cropY1=24&cropY2=728,1016.0,1001.0,2100.0,"Chief Yahoo, Yahoo!",False,,
1856,John Fisher,Fisher,john-fisher,john-fisher,-0.452,61.0,Gap,Fashion & Retail,M,United States,1681550402483,CA,California,2222.556,1417.0,1417.0,//specials-images.forbesimg.com/imageserve/5d8b0ff822254b0008e168d7/416x416.jpg?background=000000&cropX1=858&cropX2=3345&cropY1=629&cropY2=3117,1017.0,1001.0,2100.0,"President, Pisces, Inc.",False,,
1857,Gerald Ford,Ford,gerald-ford,gerald-ford,17.449,78.0,banking,Finance & Investments,M,United States,1681550402483,TX,Texas,2392.359,1335.0,1335.0,//specials-images.forbesimg.com/imageserve/9ee2e42bc1195265baa0e64db3eca460/416x416.jpg?background=000000&cropX1=108&cropX2=717&cropY1=116&cropY2=725,1018.0,1001.0,2100.0,"Managing Member, Ford Financial Fund",False,,
1858,Gordon Getty,Getty,gordon-getty,gordon-getty,0.0,89.0,Getty Oil,Energy,M,United States,1681550402483,CA,California,2131.605,1485.0,1485.0,//specials-images.forbesimg.com/imageserve/5ba67f0d4bbe6f79516f6c24/416x416.jpg?background=000000&cropX1=504&cropX2=1789&cropY1=108&cropY2=1394,1019.0,1001.0,2100.0,"President and Chairman, Ann & Gordon Getty Foundation",False,,
1859,Philip & Cristina Green,Green,philip-cristina-green,philip-cristina-green,,71.0,fashion retail,Fashion & Retail,,United Kingdom,1617670019098,,,,,,//specials-images.forbesimg.com/imageserve/5e77f7fcd8e1ae0007b7390d/416x416.jpg?background=000000&cropX1=93&cropX2=2138&cropY1=97&cropY2=2143,1020.0,1001.0,2100.0,,,,
1860,Jeffrey Gundlach,Gundlach,jeffrey-gundlach,jeffrey-gundlach,0.0,64.0,investments,Finance & Investments,M,United States,1681550402483,CA,California,2222.0,1419.0,1419.0,//specials-images.forbesimg.com/imageserve/5d8b402418444200084e77ee/416x416.jpg?background=000000&cropX1=1349&cropX2=2903&cropY1=74&cropY2=1627,1021.0,1001.0,2100.0,"CEO, DoubleLine Capital",False,,
1861,Vinod & Anil Rai Gupta,Gupta,vinod-rai-gupta,no-pic,0.0,,electrical equipment,Manufacturing,,India,1681550402483,,,3930.509,744.0,744.0,https://specials-images.forbesimg.com/imageserve/6157595ff27ca15790ca2f35/416x416.jpg?background=000000&cropX1=1336&cropX2=2601&cropY1=24&cropY2=1289,1022.0,1001.0,2100.0,,,,
1862,Mikhail Gutseriev,Gutseriev,mikhail-gutseriev,mikhail-gutseriev,0.0,65.0,"oil, real estate",Energy,M,Russia,1681550402483,,,3529.317,847.0,847.0,https://specials-images.forbesimg.com/imageserve/5a80ad5c4bbe6f2652f53f26/416x416.jpg?background=000000&cropX1=754&cropX2=3423&cropY1=0&cropY2=2667,1023.0,1001.0,2100.0,,,,
1863,Huang Shih Tsai,Huang,huang-shih-tsai,huang-shih-tsai,,71.0,real estate,Real Estate,M,Hong Kong,1604523226652,,,,,,//specials-images.forbesimg.com/imageserve/ea3db0dc53d296877dc4d8565c7627ef/416x416.jpg?background=000000&cropX1=0&cropX2=600&cropY1=93&cropY2=693,1024.0,1001.0,2100.0,,,,
1864,Hui Lin Chit,Hui,hui-lin-chit,hui-lin-chit,-3.123,69.0,hygiene products,Manufacturing,M,China,1681550402483,,,1616.336,1877.0,1877.0,//specials-images.forbesimg.com/imageserve/5e754615015297000794d91d/416x416.jpg?background=000000&cropX1=315&cropX2=1004&cropY1=13&cropY2=703,1025.0,1001.0,2100.0,,,,
1865,Michael Jordan,Jordan,michael-jordan,michael-jordan,0.0,60.0,"Charlotte Hornets, endorsements",Sports,M,United States,1681550402483,FL,Florida,1991.5,1576.0,1576.0,https://specials-images.forbesimg.com/imageserve/603811ed0f3061f16a7be88c/416x416.jpg?background=000000&cropX1=598&cropX2=2175&cropY1=97&cropY2=1675,1026.0,1001.0,2100.0,,,,
1866,Dmitry Kamenshchik,Kamenshchik,dmitry-kamenshchik,dmitry-kamenshchik,0.0,54.0,airport,Service,M,Russia,1681550402483,,,2625.079,1213.0,1213.0,//specials-images.forbesimg.com/imageserve/5e777b7b10380d0006fbbd6b/416x416.jpg?background=000000&cropX1=737&cropX2=2731&cropY1=69&cropY2=2063,1027.0,1001.0,2100.0,,,,
1867,Kong Jian Min,Kong,kong-jian-min,kong-jian-min,,55.0,real estate,Real Estate,M,China,1617122741889,,,,,,https://specials-images.forbesimg.com/imageserve/6050f48ca1ab099ed6e290cc/416x416.jpg?background=000000&cropX1=0&cropX2=800&cropY1=0&cropY2=800,1028.0,1001.0,2100.0,,,,
1868,Kuok Khoon Hong,Kuok,kuok-khoon-hong,kuok-khoon-hong,-15.88,73.0,palm oil,Manufacturing,M,Singapore,1681550402483,,,3242.292,938.0,938.0,,1029.0,1001.0,2100.0,,,,
1869,Adam Kwok,Kwok,adam-kwok,no-pic,5.81,40.0,real estate,Real Estate,M,Hong Kong,1681550402483,,,2763.289,1138.0,1138.0,//specials-images.forbesimg.com/imageserve/5e763fa010380d0006fbaed4/416x416.jpg?background=000000&cropX1=509&cropX2=3088&cropY1=0&cropY2=2579,1030.0,1001.0,2100.0,,,,
1870,Heikki Kyostila,Kyostila,heikki-kyostila,no-pic,0.0,77.0,dental products,Healthcare,M,Finland,1681550402483,,,2059.191,1527.0,1527.0,//specials-images.forbesimg.com/imageserve/58c70b80a7ea431f321b0d52/416x416.jpg?background=000000&cropX1=0&cropX2=744&cropY1=48&cropY2=792,1031.0,1001.0,2100.0,,,,
1871,Stephen Lansdown,Lansdown,stephen-lansdown,stephen-lansdown,1.626,70.0,financial services,Finance & Investments,M,Guernsey,1681550402483,,,2330.821,1362.0,1362.0,//specials-images.forbesimg.com/imageserve/5e763e6ed8e1ae0007b71cf1/416x416.jpg?background=000000&cropX1=198&cropX2=1033&cropY1=144&cropY2=979,1032.0,1001.0,2100.0,,,,
1872,Christian Latouche,Latouche,christian-latouche,no-pic,0.0,82.0,accounting services,Finance & Investments,M,France,1681550402483,,,2569.32,1234.0,1234.0,//specials-images.forbesimg.com/imageserve/5e759c24d8e1ae0007b71694/416x416.jpg?background=000000&cropX1=1742&cropX2=5703&cropY1=34&cropY2=3992,1033.0,1001.0,2100.0,,,,
1873,Aerin Lauder,Lauder,aerin-lauder,aerin-lauder,29.737,52.0,cosmetics,Fashion & Retail,F,United States,1681550402483,NY,New York,3347.125,907.0,907.0,https://specials-images.forbesimg.com/imageserve/5f46b424808a289780083f05/416x416.jpg?background=000000&cropX1=895&cropX2=2304&cropY1=287&cropY2=1696,1034.0,1001.0,2100.0,,,,
1874,Henry Laufer,Laufer,henry-laufer,no-pic,0.0,77.0,hedge funds,Finance & Investments,M,United States,1681550402483,FL,Florida,2600.0,1223.0,1223.0,//specials-images.forbesimg.com/imageserve/5d8b416218444200084e7839/416x416.jpg?background=000000&cropX1=163&cropX2=1047&cropY1=112&cropY2=997,1035.0,1001.0,2100.0,,,,
1875,Li Gaiteng,Li,li-gaiteng,no-pic,-88.501,51.0,hair dryers,Manufacturing,M,China,1681550402482,,,4729.714,594.0,594.0,//specials-images.forbesimg.com/imageserve/5a904c9d4bbe6f0fa8265ebe/416x416.jpg?background=000000&cropX1=26&cropX2=321&cropY1=38&cropY2=333,1036.0,1001.0,2100.0,,,,
1876,Li Weiwei,Li,li-weiwei,no-pic,-25.416,46.0,online games,Technology,M,China,1681550402483,,,1872.811,1658.0,1658.0,,1037.0,1001.0,2100.0,,,,
1877,Lin Jianhua,Lin,lin-jianhua,lin-jianhua,40.519,60.0,solar panel components,Manufacturing,M,China,1681550402482,,,5794.021,459.0,459.0,https://specials-images.forbesimg.com/imageserve/6050f48ca1ab099ed6e290cc/416x416.jpg?background=000000&cropX1=0&cropX2=800&cropY1=0&cropY2=800,1038.0,1001.0,2100.0,,,,
1878,Luo Liguo,Luo,luo-liguo,no-pic,164.126,67.0,chemicals,Manufacturing,M,China,1681550402482,,,8987.665,229.0,229.0,,1039.0,1001.0,2100.0,,,,
1879,Igor Makarov,Makarov,igor-makarov,igor-makarov,-0.115,61.0,investments,Energy,M,Russia,1681550402483,FL,Florida,2201.054,1436.0,1436.0,//specials-images.forbesimg.com/imageserve/5e777e1c10380d0006fbbe25/416x416.jpg?background=000000&cropX1=457&cropX2=2451&cropY1=16&cropY2=2008,1040.0,1001.0,2100.0,,,,
1880,Najib Mikati,Mikati,najib-mikati,najib-mikati,-1.342,67.0,telecom,Telecom,M,Lebanon,1681550402483,,,2722.723,1163.0,1163.0,//specials-images.forbesimg.com/imageserve/589fcf4c31358e1a35ab2cd7/416x416.jpg?background=000000&cropX1=50&cropX2=647&cropY1=122&cropY2=720,1041.0,1001.0,2100.0,,,,
1881,Nguyen Thi Phuong Thao,Nguyen,thi-phuong-thao-nguyen,no-pic-female,-18.853,52.0,airlines,Diversified,F,Vietnam,1681550402483,,,2211.285,1432.0,1432.0,//specials-images.forbesimg.com/imageserve/5deea6ee25ab5d000700a77f/416x416.jpg?background=000000&cropX1=1274&cropX2=3102&cropY1=485&cropY2=2312,1042.0,1001.0,2100.0,"Cofounder and Chairman, Sovico Holdings",False,,
1882,Husnu Ozyegin,Ozyegin,husnu-ozyegin,husnu-ozyegin,,78.0,"finance, diversified",Finance & Investments,M,Turkey,1617670222092,,,,,,//specials-images.forbesimg.com/imageserve/5e77e1a8d8e1ae0007b7386e/416x416.jpg?background=000000&cropX1=1035&cropX2=2696&cropY1=135&cropY2=1797,1043.0,1001.0,2100.0,,,,
1883,Jay Paul,Paul,jay-paul,jay-paul,0.0,75.0,real estate,Real Estate,M,United States,1681550402482,CA,California,4327.74,664.0,664.0,//specials-images.forbesimg.com/imageserve/57ea964331358e16c589f9ca/416x416.jpg?background=000000&cropX1=2&cropX2=744&cropY1=3&cropY2=746,1044.0,1001.0,2100.0,,,,
1884,Krit Ratanarak,Ratanarak,krit-ratanarak,krit-ratanarak,0.0,76.0,"media, real estate",Media & Entertainment,M,Thailand,1681550402483,,,1836.432,1692.0,1692.0,//specials-images.forbesimg.com/imageserve/592861b54bbe6f1b730ac92a/416x416.jpg?background=000000&cropX1=71&cropX2=496&cropY1=42&cropY2=467,1045.0,1001.0,2100.0,,,,
1885,Alexey Repik,Repik,alexey-repik,no-pic,0.0,43.0,pharmaceuticals,Healthcare,M,Russia,1681550402483,,,2937.122,1055.0,1055.0,//specials-images.forbesimg.com/imageserve/5e777314d8e1ae0007b72c49/416x416.jpg?background=000000&cropX1=583&cropX2=3046&cropY1=23&cropY2=2483,1046.0,1001.0,2100.0,,,,
1886,Filiz Sahenk,Sahenk,filiz-sahenk,filiz-sahenk,-18.819,56.0,diversified,Diversified,F,Turkey,1681550402483,,,2545.287,1242.0,1242.0,//specials-images.forbesimg.com/imageserve/5a70dd074bbe6f2652f40843/416x416.jpg?background=000000&cropX1=101&cropX2=1676&cropY1=0&cropY2=1577,1047.0,1001.0,2100.0,,,,
1887,Alejandro Santo Domingo,Santo Domingo,alejandro-santo-domingo,alejandro-santo-domingo,5.813,46.0,beer,Food & Beverage,M,United States,1681550402483,NY,New York,2777.75,1132.0,1132.0,//specials-images.forbesimg.com/imageserve/5d8ac16618444200084e70cf/416x416.jpg?background=000000&cropX1=481&cropX2=1533&cropY1=60&cropY2=1113,1048.0,1001.0,2100.0,,,,
1888,Andres Santo Domingo,Santo Domingo,andres-santo-domingo,andres-santo-domingo,3.521,44.0,beer,Food & Beverage,M,United States,1681550402483,NY,New York,1680.545,1824.0,1824.0,//specials-images.forbesimg.com/imageserve/5d8ac21318444200084e70d8/416x416.jpg?background=000000&cropX1=202&cropX2=1311&cropY1=5&cropY2=1113,1049.0,1001.0,2100.0,,,,
1889,Leonard Schleifer,Schleifer,leonard-schleifer,leonard-schleifer,-3.274,70.0,pharmaceuticals,Healthcare,M,United States,1681550402483,NY,New York,2843.39,1097.0,1097.0,//specials-images.forbesimg.com/imageserve/5a908f4831358e79a28a1f00/416x416.jpg?background=000000&cropX1=1703&cropX2=3960&cropY1=354&cropY2=2613,1050.0,1001.0,2100.0,"CEO and Founder, Regeneron Pharmaceuticals",False,,
1890,Shen Guojun,Shen,shen-guojun,shen-guojun,5.264,60.0,retail,Fashion & Retail,M,China,1681550402483,,,3356.439,904.0,904.0,https://specials-images.forbesimg.com/imageserve/60c0e482f89a541403622ce6/416x416.jpg?background=000000&cropX1=963&cropX2=1535&cropY1=228&cropY2=799,1051.0,1001.0,2100.0,,,,
1891,Donald Trump,Trump,donald-trump,donald-trump,0.0,76.0,real estate,Real Estate,M,United States,1681550402483,DC,District of Columbia,2531.0,1255.0,1255.0,https://specials-images.forbesimg.com/imageserve/5638e53de4b0ffa7afe6a26a/416x416.jpg?background=000000&cropX1=27&cropX2=731&cropY1=32&cropY2=736,1052.0,1001.0,2100.0,,,,
1892,Ted Turner,Turner,ted-turner,ted-turner,0.0,84.0,cable television,Media & Entertainment,M,United States,1681550402483,GA,Georgia,2350.2,1355.0,1355.0,https://specials-images.forbesimg.com/imageserve/6000c01d0887dafe93771150/416x416.jpg?background=000000&cropX1=1614&cropX2=4458&cropY1=614&cropY2=3456,1053.0,1001.0,2100.0,,,,
1893,Masateru Uno,Uno,masateru-uno,no-pic,30.851,76.0,drugstores,Fashion & Retail,M,Japan,1681550402483,,,2086.936,1509.0,1509.0,,1054.0,1001.0,2100.0,,,,
1894,Stefan von Holtzbrinck,von Holtzbrinck,stefan-von-holtzbrinck,stefan-von-holtzbrinck,0.0,59.0,publishing,Media & Entertainment,M,Germany,1681550402483,,,3484.389,856.0,856.0,//specials-images.forbesimg.com/imageserve/5c70300731358e35dd26de72/416x416.jpg?background=000000&cropX1=56&cropX2=1972&cropY1=69&cropY2=1985,1055.0,1001.0,2100.0,,,,
1895,Wang Xicheng,Wang,xicheng-wang,no-pic,25.548,74.0,tires,Manufacturing,M,China,1681550402483,,,2536.093,1251.0,1251.0,,1056.0,1001.0,2100.0,,,,
1896,William Young,Young,william-young,no-pic,0.0,82.0,plastics,Manufacturing,M,United States,1681550402483,MI,Michigan,2022.65,1550.0,1550.0,,1057.0,1001.0,2100.0,,,,
1897,Charles Zegar,Zegar,charles-zegar,no-pic,0.0,75.0,Bloomberg LP,Media & Entertainment,M,United States,1681550402483,NY,New York,3391.0,890.0,890.0,,1058.0,1001.0,2100.0,,,,
1898,Zhang Xuansong,Zhang,zhang-xuansong,zhang-xuansong,-5.123,51.0,supermarkets,Fashion & Retail,M,China,1681550402483,,,1062.638,2558.0,2558.0,https://specials-images.forbesimg.com/imageserve/6050f48ca1ab099ed6e290cc/416x416.jpg?background=000000&cropX1=0&cropX2=800&cropY1=0&cropY2=800,1059.0,1001.0,2100.0,,,,
1899,Zhang Xuexin,Zhang,zhang-xuexin,no-pic,0.0,75.0,aluminum,Metals & Mining,M,China,1681550402483,,,1432.687,2077.0,2077.0,https://specials-images.forbesimg.com/imageserve/6050f48ca1ab099ed6e290cc/416x416.jpg?background=000000&cropX1=0&cropX2=800&cropY1=0&cropY2=800,1060.0,1001.0,2100.0,,,,
1900,Zhao Weiguo,Zhao,weiguo-zhao,no-pic,,56.0,IT products,Technology,M,China,1604523252949,,,,,,//specials-images.forbesimg.com/imageserve/589f2d6e31358e1a35ab274c/416x416.jpg?background=000000&cropX1=43&cropX2=703&cropY1=192&cropY2=853,1061.0,1001.0,2100.0,,,,
1901,Zhou Bajin,Zhou,zhou-bajin,no-pic,41.083,87.0,auto parts,Manufacturing,M,China,1681550402483,,,2906.213,1070.0,1070.0,,1062.0,1001.0,2100.0,,,,
1902,S. Daniel Abraham,Abraham,s-daniel-abraham,s-daniel-abraham,0.0,98.0,Slim-Fast,Food & Beverage,M,United States,1681550402483,FL,Florida,2500.06,1263.0,1263.0,//specials-images.forbesimg.com/imageserve/face056db8f0401bbb4ab99b79acfefb/416x416.jpg?background=000000&cropX1=0&cropX2=744&cropY1=47&cropY2=791,1063.0,1063.0,2000.0,"Chairman, S. Daniel Abraham Center for Middle East Peace",False,,
1903,John Armitage,Armitage,john-armitage,no-pic,0.0,63.0,hedge funds,Finance & Investments,M,Ireland,1681550402483,,,2263.0,1388.0,1388.0,//specials-images.forbesimg.com/imageserve/5c70c20631358e35dd26ec94/416x416.jpg?background=000000&cropX1=314&cropX2=1628&cropY1=1224&cropY2=2537,1064.0,1063.0,2000.0,Egerton Capital,False,,
1904,Carol Jenkins Barnett,Barnett,carol-jenkins-barnett,no-pic-female,,66.0,Publix supermarkets,Food & Beverage,F,United States,1638997617164,FL,Florida,,,,,1065.0,1063.0,2000.0,"Chairman, Publix  Super Markets",False,,
1905,Koos Bekker,Bekker,koos-bekker,koos-bekker,15.146,70.0,"media, investments",Media & Entertainment,M,South Africa,1681550402483,,,2488.738,1272.0,1272.0,https://specials-images.forbesimg.com/imageserve/600ae661a8213429e2ca1f4e/416x416.jpg?background=000000&cropX1=497&cropX2=1828&cropY1=0&cropY2=1332,1066.0,1063.0,2000.0,,,,
1906,Giuliana Benetton,Benetton,giuliana-benetton,giuliana-benetton,7.597,85.0,"fashion retail, investments",Fashion & Retail,F,Italy,1681550402483,,,3389.066,892.0,892.0,//specials-images.forbesimg.com/imageserve/6a21667aaf0bc07cb3c22f8c52558dd8/416x416.jpg?background=000000&cropX1=1&cropX2=300&cropY1=1&cropY2=300,1067.0,1063.0,2000.0,,,,
1907,Luciano Benetton,Benetton,luciano-benetton,luciano-benetton,7.598,87.0,"fashion retail, investments",Fashion & Retail,M,Italy,1681550402483,,,3388.746,893.0,893.0,//specials-images.forbesimg.com/imageserve/5e76d63f10380d0006fbb836/416x416.jpg?background=000000&cropX1=8&cropX2=1331&cropY1=35&cropY2=1359,1068.0,1063.0,2000.0,,,,
1908,Thor Bjorgolfsson,Bjorgolfsson,thor-bjorgolfsson,thor-bjorgolfsson,0.0,56.0,investments,Diversified,M,Iceland,1681550402483,,,2531.0,1255.0,1256.0,//specials-images.forbesimg.com/imageserve/5e76590a10380d0006fbb132/416x416.jpg?background=000000&cropX1=145&cropX2=1383&cropY1=172&cropY2=1409,1069.0,1063.0,2000.0,,,,
1909,Cao Longxiang,Cao,cao-longxiang,no-pic,21.353,65.0,pharmaceuticals,Healthcare,M,China,1681550402483,,,3130.261,976.0,976.0,https://specials-images.forbesimg.com/imageserve/6050f48ca1ab099ed6e290cc/416x416.jpg?background=000000&cropX1=0&cropX2=800&cropY1=0&cropY2=800,1070.0,1063.0,2000.0,,,,
1910,Chen Hua,Chen,chen-hua-1,chen-hua-1,-28.158,57.0,real estate,Real Estate,M,China,1681550402482,,,4357.773,660.0,660.0,https://specials-images.forbesimg.com/imageserve/61a52212402ed8086d7a1ac9/416x416.jpg?background=000000&cropX1=0&cropX2=800&cropY1=0&cropY2=800,1071.0,1063.0,2000.0,,,,
1911,Chen Tei-fu,Chen,chen-tei-fu,no-pic,0.0,74.0,herbal products,Fashion & Retail,M,Taiwan,1681550402483,CA,California,2430.45,1304.0,1304.0,https://specials-images.forbesimg.com/imageserve/6091c813dd227d1400675c51/416x416.jpg?background=000000&cropX1=6&cropX2=1049&cropY1=1&cropY2=1045,1072.0,1063.0,2000.0,,,,
1912,Cho Tak Wong,Cho,cho-tak-wong,cho-tak-wong,4.959,76.0,auto parts,Manufacturing,M,Hong Kong,1681550402483,,,3050.557,1002.0,1002.0,//specials-images.forbesimg.com/imageserve/5e76438cd8e1ae0007b71d2a/416x416.jpg?background=000000&cropX1=903&cropX2=3092&cropY1=319&cropY2=2508,1073.0,1063.0,2000.0,,,,
1913,Dermot Desmond,Desmond,dermot-desmond,dermot-desmond,-0.455,72.0,finance,Finance & Investments,M,Ireland,1681550402483,,,2219.035,1422.0,1422.0,//specials-images.forbesimg.com/imageserve/5e76c7dc10380d0006fbb7db/416x416.jpg?background=000000&cropX1=79&cropX2=695&cropY1=2&cropY2=619,1074.0,1063.0,2000.0,,,,
1914,Ennio Doris,Doris,ennio-doris,ennio-doris,,82.0,financial services,Finance & Investments,M,Italy,1638209089332,,,,,,//specials-images.forbesimg.com/imageserve/5e76d3b210380d0006fbb825/416x416.jpg?background=000000&cropX1=576&cropX2=1639&cropY1=0&cropY2=1063,1075.0,1063.0,2000.0,,,,
1915,Glenn Dubin,Dubin,glenn-dubin,glenn-dubin,0.0,66.0,hedge funds,Finance & Investments,M,United States,1681550402483,NY,New York,2750.0,1146.0,1146.0,//specials-images.forbesimg.com/imageserve/5ba67b61a7ea434e4c696e24/416x416.jpg?background=000000&cropX1=218&cropX2=1648&cropY1=3&cropY2=1434,1076.0,1063.0,2000.0,"Co-Founder, Highbridge Capital Management",False,,
1916,Behdad Eghbali,Eghbali,behdad-eghbali,no-pic,0.0,46.0,private equity,Finance & Investments,M,United States,1681550402482,CA,California,4276.0,681.0,681.0,https://specials-images.forbesimg.com/imageserve/5f651d983be3dbe8691f947b/416x416.jpg?background=000000&cropX1=0&cropX2=2400&cropY1=34&cropY2=2434,1077.0,1063.0,2000.0,,,,
1917,Daniel Ek,Ek,daniel-ek,daniel-ek,-3.19,40.0,Spotify,Technology,M,Sweden,1681550402483,,,2539.917,1248.0,1248.0,https://specials-images.forbesimg.com/imageserve/619e6309d734b7239959f54f/416x416.jpg?background=000000&cropX1=607&cropX2=2136&cropY1=186&cropY2=1716,1078.0,1063.0,2000.0,"CEO, Spotify",False,,
1918,Marcel Erni,Erni,marcel-erni,no-pic,21.996,58.0,private equity,Finance & Investments,M,Switzerland,1681550402483,,,2605.259,1220.0,1221.0,//specials-images.forbesimg.com/imageserve/5f442b528f9b3a258faf0e9e/416x416.jpg?background=000000&cropX1=496&cropX2=3223&cropY1=684&cropY2=3413,1079.0,1063.0,2000.0,,,,
1919,Kenneth Feld,Feld,kenneth-feld,kenneth-feld,0.0,74.0,live entertainment,Media & Entertainment,M,United States,1681550402483,FL,Florida,2899.551,1072.0,1072.0,https://specials-images.forbesimg.com/imageserve/59dd88d1a7ea436b47b3af5f/416x416.jpg?background=000000&cropX1=267&cropX2=1573&cropY1=194&cropY2=1500,1080.0,1063.0,2000.0,"Chairman, Feld Entertainment",False,,
1920,Marcos Galperin,Galperin,marcos-galperin,no-pic,22.464,,e-commerce,Technology,M,Argentina,1681550402482,,,5471.332,503.0,503.0,//specials-images.forbesimg.com/imageserve/5e73d2a007adf00006db9596/416x416.jpg?background=000000&cropX1=760&cropX2=3393&cropY1=11&cropY2=2644,1081.0,1063.0,2000.0,,,,
1921,Alfred Gantner,Gantner,alfred-gantner,no-pic,21.996,55.0,private equity,Finance & Investments,M,Switzerland,1681550402483,,,2605.259,1220.0,1220.0,https://specials-images.forbesimg.com/imageserve/63caf1e9dab18886d3922d8a/416x416.jpg?background=000000&cropX1=0&cropX2=1181&cropY1=332&cropY2=1514,1082.0,1063.0,2000.0,,,,
1922,Alessandra Garavoglia,Garavoglia,alessandra-garavoglia,no-pic-female,16.113,63.0,spirits,Food & Beverage,F,Italy,1681550402483,,,3890.67,756.0,756.0,,1083.0,1063.0,2000.0,,,,
1923,Fiona Geminder,Geminder,fiona-geminder,fiona-geminder,-4.067,58.0,manufacturing,Manufacturing,F,Australia,1681550402483,,,2636.394,1206.0,1206.0,https://specials-images.forbesimg.com/imageserve/63ea675b80bdafcc16d77e9c/416x416.jpg?background=000000&cropX1=94&cropX2=984&cropY1=43&cropY2=933,1084.0,1063.0,2000.0,,,,
1924,Geng Jianming,Geng,jianming-geng,jianming-geng,-4.523,60.0,real estate,Real Estate,M,China,1681550402483,,,1000.381,2643.0,2643.0,https://specials-images.forbesimg.com/imageserve/603e8f5d4a2df75cef4fb25a/416x416.jpg?background=000000&cropX1=0&cropX2=800&cropY1=0&cropY2=800,1085.0,1063.0,2000.0,,,,
1925,Alec Gores,Gores,alec-gores,alec-gores,-6.942,70.0,private equity,Finance & Investments,M,United States,1681550402483,CA,California,2426.364,1308.0,1308.0,//specials-images.forbesimg.com/imageserve/5d8b3fd422254b0008e16c50/416x416.jpg?background=000000&cropX1=238&cropX2=1179&cropY1=74&cropY2=1015,1086.0,1063.0,2000.0,,,,
1926,David Gottesman,Gottesman,david-gottesman,david-gottesman,,96.0,investments,Finance & Investments,M,United States,1599249707013,NY,New York,,,,//specials-images.forbesimg.com/imageserve/5d8b39fb18444200084e7730/416x416.jpg?background=000000&cropX1=745&cropX2=1470&cropY1=58&cropY2=783,1087.0,1063.0,2000.0,"Chief Executive Officer, First Manhattan Co.",False,,
1927,Alexandre Grendene Bartelle,Grendene Bartelle,alexandre-grendene-bartelle,alexandre-grendene-bartelle,5.471,73.0,shoes,Fashion & Retail,M,Brazil,1681550402483,,,1995.944,1569.0,1569.0,https://specials-images.forbesimg.com/imageserve/61a52212402ed8086d7a1ac9/416x416.jpg?background=000000&cropX1=0&cropX2=800&cropY1=0&cropY2=800,1088.0,1063.0,2000.0,,,,
1928,Stein Erik Hagen,Hagen,stein-erik-hagen,stein-erik-hagen,-3.087,66.0,consumer goods,Fashion & Retail,M,Norway,1681550402483,,,2181.224,1452.0,1452.0,//specials-images.forbesimg.com/imageserve/5e770410c7b02d000666d40d/416x416.jpg?background=000000&cropX1=49&cropX2=880&cropY1=38&cropY2=870,1089.0,1063.0,2000.0,,,,
1929,Caroline Hagen Kjos,Hagen Kjos,caroline-hagen-kjos,caroline-hagen-kjos,-64.599,39.0,conglomerate,Diversified,F,Norway,1681550402483,,,2007.892,1560.0,1560.0,//specials-images.forbesimg.com/imageserve/58a388ad31358e1a35ab6393/416x416.jpg?background=000000&cropX1=0&cropX2=736&cropY1=35&cropY2=771,1090.0,1063.0,2000.0,,,,
1930,Carlos Hank Rhon,Hank Rhon,carlos-hank-rhon,carlos-hank-rhon,-4.551,75.0,banking,Diversified,M,Mexico,1681550402483,,,2965.73,1037.0,1037.0,//specials-images.forbesimg.com/imageserve/5a7fcbf031358e4955ad2203/416x416.jpg?background=000000&cropX1=221&cropX2=1028&cropY1=88&cropY2=895,1091.0,1063.0,2000.0,,,,
1931,Bahaa Hariri,Hariri,bahaa-hariri,bahaa-hariri,0.0,56.0,"real estate, investments",Real Estate,M,Lebanon,1681550402483,,,2139.8,1481.0,1481.0,//specials-images.forbesimg.com/imageserve/107c94488c258501ef379d8bffaf7d4f/416x416.jpg?background=000000&cropX1=6&cropX2=744&cropY1=124&cropY2=862,1092.0,1063.0,2000.0,,,,
1932,He Zhaoxi,He,he-zhaoxi,no-pic,-31.87,49.0,software,Technology,M,China,1681550402483,,,1693.386,1814.0,1814.0,,1093.0,1063.0,2000.0,,,,
1933,Stanley Hubbard,Hubbard,stanley-hubbard,stanley-hubbard,-0.57,89.0,DirecTV,Media & Entertainment,M,United States,1681550402483,MN,Minnesota,1674.984,1829.0,1829.0,https://specials-images.forbesimg.com/imageserve/59de6c0f4bbe6f37dda056b5/416x416.jpg?background=000000&cropX1=163&cropX2=871&cropY1=150&cropY2=858,1094.0,1063.0,2000.0,"Chairman and CEO, Hubbard Broadcasting, Inc.",False,,
1934,Ji Qi,Ji,ji-qi,no-pic,-46.204,56.0,"hotels, motels",Real Estate,M,China,1681550402483,,,3649.281,815.0,815.0,https://specials-images.forbesimg.com/imageserve/6050f48ca1ab099ed6e290cc/416x416.jpg?background=000000&cropX1=0&cropX2=800&cropY1=0&cropY2=800,1095.0,1063.0,2000.0,,,,
1935,Vinod Khosla,Khosla,vinod-khosla,vinod-khosla,25.296,68.0,venture capital,Technology,M,United States,1681550402482,CA,California,5237.596,528.0,528.0,https://specials-images.forbesimg.com/imageserve/5f46afa046b2d491d2f8814a/416x416.jpg?background=000000&cropX1=1053&cropX2=4764&cropY1=132&cropY2=3840,1096.0,1063.0,2000.0,"Partner, Khosla Ventures",False,,
1936,Jonathan Kwok,Kwok,jonathan-kwok,no-pic,4.856,31.0,Real Estate,Real Estate,M,Hong Kong,1681550402483,,,2854.505,1093.0,1093.0,,1097.0,1063.0,2000.0,,,,
1937,Martin Lau,Lau,martin-lau,no-pic,13.004,50.0,e-commerce,Technology,M,Hong Kong,1681550402483,,,2211.438,1431.0,1431.0,//specials-images.forbesimg.com/imageserve/5e764d63d8e1ae0007b71e78/416x416.jpg?background=000000&cropX1=1264&cropX2=3452&cropY1=201&cropY2=2391,1098.0,1063.0,2000.0,,,,
1938,Thomas Lee,Lee,thomas-lee,thomas-lee,,79.0,private equity,Finance & Investments,M,United States,1617670145453,NY,New York,,,,//specials-images.forbesimg.com/imageserve/55fb08f5e4b0ffa7afe4b3f6/416x416.jpg?background=000000&cropX1=97&cropX2=641&cropY1=44&cropY2=589,1099.0,1063.0,2000.0,,,,
1939,Michael Lee-Chin,Lee-Chin,michael-lee-chin,michael-lee-chin,0.0,72.0,mutual funds,Finance & Investments,M,Canada,1681550402483,,,1393.363,2115.0,2115.0,//specials-images.forbesimg.com/imageserve/9e4f6675e2ba8919ad43e68506b785f3/416x416.jpg?background=000000&cropX1=0&cropX2=600&cropY1=51&cropY2=651,1100.0,1063.0,2000.0,,,,
1940,Li Ping,Li,li-ping-1,no-pic,148.015,55.0,batteries,Automotive,M,Hong Kong,1681550402482,,,6674.067,390.0,390.0,https://specials-images.forbesimg.com/imageserve/6182c14679844b6688e9678e/416x416.jpg?background=000000&cropX1=1460&cropX2=2555&cropY1=493&cropY2=1587,1101.0,1063.0,2000.0,,,,
1941,Li Yongxin,Li,li-yongxin,no-pic,-25.349,47.0,education,Service,M,China,1681550402483,,,2489.281,1271.0,1271.0,//specials-images.forbesimg.com/imageserve/5e75580110380d0006bdcc7a/416x416.jpg?background=000000&cropX1=1400&cropX2=4185&cropY1=252&cropY2=3035,1102.0,1063.0,2000.0,,,,
1942,Lim Kok Thay,Lim,lim-kok-thay,lim-kok-thay,24.752,71.0,casinos,Gambling & Casinos,M,Malaysia,1681550402483,,,2387.695,1339.0,1339.0,https://specials-images.forbesimg.com/imageserve/629fb93a5f305623cf1682ad/416x416.jpg?background=000000&cropX1=9&cropX2=940&cropY1=23&cropY2=954,1103.0,1063.0,2000.0,,,,
1943,Lin Chang Su-O,Lin,lin-chang-su-o,no-pic-female,,82.0,real estate,Real Estate,F,Taiwan,1681130061799,,,,,,,1104.0,1063.0,2000.0,,,,
1944,Lin Yinsun,Lin,lin-yinsun,no-pic,,59.0,agribusiness,Food & Beverage,M,China,1604523222497,,,,,,https://specials-images.forbesimg.com/imageserve/6050f48ca1ab099ed6e290cc/416x416.jpg?background=000000&cropX1=0&cropX2=800&cropY1=0&cropY2=800,1105.0,1063.0,2000.0,,,,
1945,Rudy Ma,Ma,rudy-ma,rudy-ma,,82.0,finance,Finance & Investments,M,Taiwan,1617669935807,,,,,,https://specials-images.forbesimg.com/imageserve/6050f48ca1ab099ed6e290cc/416x416.jpg?background=000000&cropX1=0&cropX2=800&cropY1=0&cropY2=800,1106.0,1063.0,2000.0,,,,
1946,Hans Melchers,Melchers,hans-melchers,hans-melchers,-18.915,84.0,"chemicals, investments",Finance & Investments,M,Netherlands,1681550402483,,,2654.237,1200.0,1200.0,//specials-images.forbesimg.com/imageserve/5e76fdeb10380d0006fbb9e6/416x416.jpg?background=000000&cropX1=109&cropX2=592&cropY1=26&cropY2=508,1107.0,1063.0,2000.0,,,,
1947,Jorge Moll Filho,Moll Filho,jorge-moll-filho,no-pic,-305.116,78.0,hospitals,Healthcare,M,Brazil,1681550402483,,,3860.726,762.0,762.0,//specials-images.forbesimg.com/imageserve/5c6ccd99a7ea437e33f37640/416x416.jpg?background=000000&cropX1=304&cropX2=987&cropY1=0&cropY2=683,1108.0,1063.0,2000.0,,,,
1948,Pedro Moreira Salles,Moreira Salles,pedro-moreira-salles,pedro-moreira-salles,8.491,63.0,"banking, minerals",Diversified,M,Brazil,1681550402482,,,4167.424,703.0,704.0,//specials-images.forbesimg.com/imageserve/5e7437fd2a573300068fccbf/416x416.jpg?background=000000&cropX1=1022&cropX2=2667&cropY1=0&cropY2=1644,1109.0,1063.0,2000.0,,,,
1949,David Murdock,Murdock,david-murdock,david-murdock,-1.43,100.0,"Dole, real estate",Food & Beverage,M,United States,1681550402483,CA,California,2258.696,1392.0,1392.0,//specials-images.forbesimg.com/imageserve/59dd6e0031358e542c03936e/416x416.jpg?background=000000&cropX1=160&cropX2=2065&cropY1=0&cropY2=1905,1110.0,1063.0,2000.0,,,,
1950,Katharina Otto-Bernstein,Otto-Bernstein,katharina-otto-bernstein,no-pic-female,-21.779,59.0,real estate,Real Estate,F,Germany,1681550402483,NY,New York,3188.136,956.0,956.0,//specials-images.forbesimg.com/imageserve/5c7024be4bbe6f79679eff60/416x416.jpg?background=000000&cropX1=1751&cropX2=3061&cropY1=0&cropY2=1310,1111.0,1063.0,2000.0,,,,
1951,Madhukar Parekh,Parekh,madhukar-parekh-1,no-pic,0.0,76.0,adhesives,Manufacturing,M,India,1681550402483,,,2869.743,1084.0,1084.0,,1112.0,1063.0,2000.0,,,,
1952,"H. Ross Perot, Jr.",Perot,h-ross-perot-jr,h-ross-perot-jr,0.0,64.0,real estate,Real Estate,M,United States,1681550402483,TX,Texas,3846.05,767.0,767.0,//specials-images.forbesimg.com/imageserve/264843f32d21bece8257bac7ddf752ab/416x416.jpg?background=000000&cropX1=53&cropX2=673&cropY1=114&cropY2=734,1113.0,1063.0,2000.0,,,,
1953,Linda Pritzker,Pritzker,linda-pritzker,linda-pritzker,0.0,69.0,"hotels, investments",Service,F,United States,1681550402483,MT,Montana,1980.96,1584.0,1584.0,//specials-images.forbesimg.com/imageserve/28dbf303ade0c2929ed7f04b8da8d7f4/416x416.jpg?background=000000&cropX1=0&cropX2=744&cropY1=0&cropY2=744,1114.0,1063.0,2000.0,,,,
1954,Rodney Sacks,Sacks,rodney-sacks,rodney-sacks,-14.582,73.0,energy drinks,Food & Beverage,M,United States,1681550402483,CA,California,2966.913,1036.0,1036.0,//specials-images.forbesimg.com/imageserve/5a8ee8a44bbe6f2652f63740/416x416.jpg?background=000000&cropX1=505&cropX2=2548&cropY1=0&cropY2=2044,1115.0,1063.0,2000.0,"CEO, Monster Beverage",False,,
1955,T. Denny Sanford,Sanford,t-denny-sanford,t-denny-sanford,0.0,87.0,"banking, credit cards",Finance & Investments,M,United States,1681550402483,SD,South Dakota,2019.137,1551.0,1551.0,https://specials-images.forbesimg.com/imageserve/614b5fd82b2aaa7d55f46262/416x416.jpg?background=000000&cropX1=0&cropX2=2154&cropY1=162&cropY2=2315,1116.0,1063.0,2000.0,,,,
1956,Erik Selin,Selin,erik-selin,no-pic,94.547,55.0,real estate,Real Estate,M,Sweden,1681550402483,,,3238.062,942.0,942.0,//specials-images.forbesimg.com/imageserve/5c72233e31358e35dd26feb8/416x416.jpg?background=000000&cropX1=162&cropX2=679&cropY1=2&cropY2=520,1117.0,1063.0,2000.0,,,,
1957,Shen Wenrong,Shen,wenrong-shen,wenrong-shen,-0.402,77.0,steel production,Metals & Mining,M,China,1681550402483,,,2575.597,1233.0,1233.0,https://specials-images.forbesimg.com/imageserve/6050f48ca1ab099ed6e290cc/416x416.jpg?background=000000&cropX1=0&cropX2=800&cropY1=0&cropY2=800,1118.0,1063.0,2000.0,,,,
1958,Kerry Stokes,Stokes,kerry-stokes,kerry-stokes,0.194,82.0,"construction equipment, media",Diversified,M,Australia,1681550402482,,,4185.099,699.0,699.0,https://specials-images.forbesimg.com/imageserve/63ea5cf6f210943ee9e3c457/416x416.jpg?background=000000&cropX1=412&cropX2=1611&cropY1=8&cropY2=1208,1119.0,1063.0,2000.0,,,,
1959,Konstantin Strukov,Strukov,konstantin-strukov,no-pic,0.0,64.0,"gold, coal mining",Metals & Mining,M,Russia,1681550402483,,,1265.331,2283.0,2283.0,//specials-images.forbesimg.com/imageserve/5c71c41531358e35dd26f9aa/416x416.jpg?background=000000&cropX1=438&cropX2=2671&cropY1=10&cropY2=2242,1120.0,1063.0,2000.0,,,,
1960,Pat Stryker,Stryker,pat-stryker,pat-stryker,1.495,67.0,medical equipment,Healthcare,F,United States,1681550402483,CO,Colorado,3485.722,855.0,855.0,//specials-images.forbesimg.com/imageserve/aba94df76c2e1ac2ae94fa21e2d7214e/416x416.jpg?background=000000&cropX1=0&cropX2=744&cropY1=148&cropY2=892,1121.0,1063.0,2000.0,,,,
1961,Sun Guangxin,Sun,guangxin-sun,guangxin-sun,2.473,60.0,diversified,Diversified,M,China,1681550402483,,,2925.939,1059.0,1059.0,https://specials-images.forbesimg.com/imageserve/6050f48ca1ab099ed6e290cc/416x416.jpg?background=000000&cropX1=0&cropX2=800&cropY1=0&cropY2=800,1122.0,1063.0,2000.0,,,,
1962,Alexander Svetakov,Svetakov,alexander-svetakov,alexander-svetakov,0.0,55.0,real estate,Finance & Investments,M,Russia,1681550402483,,,2093.205,1503.0,1503.0,//specials-images.forbesimg.com/imageserve/5c71b5b54bbe6f24567aebf0/416x416.jpg?background=000000&cropX1=658&cropX2=3695&cropY1=0&cropY2=3038,1123.0,1063.0,2000.0,,,,
1963,Hans Sy,Sy,hans-sy,no-pic,53.699,67.0,diversified,Diversified,M,Philippines,1681550402483,,,2421.684,1312.0,1312.0,//specials-images.forbesimg.com/imageserve/5e770874d8e1ae0007b728b1/416x416.jpg?background=000000&cropX1=1086&cropX2=5413&cropY1=9&cropY2=4339,1124.0,1063.0,2000.0,,,,
1964,Herbert Sy,Sy,herbert-sy,no-pic,51.318,66.0,diversified,Diversified,M,Philippines,1681550402483,,,2409.929,1317.0,1317.0,//specials-images.forbesimg.com/imageserve/5c716f494bbe6f79c5474858/416x416.jpg?background=000000&cropX1=5&cropX2=927&cropY1=5&cropY2=927,1125.0,1063.0,2000.0,,,,
1965,Tian Ming,Tian,tian-ming,no-pic,-7.821,69.0,measuring instruments,Technology,M,China,1681550402483,,,2738.614,1150.0,1150.0,,1126.0,1063.0,2000.0,,,,
1966,Vincent Viola,Viola,vincent-viola,vincent-viola,-5.599,67.0,electronic trading,Finance & Investments,M,United States,1681550402483,NY,New York,3294.351,925.0,925.0,//specials-images.forbesimg.com/imageserve/5ba659eba7ea434e4c696c90/416x416.jpg?background=000000&cropX1=193&cropX2=1902&cropY1=56&cropY2=1766,1127.0,1063.0,2000.0,,,,
1967,Ronald Wanek,Wanek,ronald-wanek,ronald-wanek,0.0,81.0,furniture,Manufacturing,M,United States,1681550402482,FL,Florida,5315.472,519.0,519.0,//specials-images.forbesimg.com/imageserve/59de76b431358e542c039eea/416x416.jpg?background=000000&cropX1=116&cropX2=1254&cropY1=44&cropY2=1181,1128.0,1063.0,2000.0,,,,
1968,Urs Wietlisbach,Wietlisbach,urs-wietlisbach,urs-wietlisbach,21.996,61.0,private equity,Finance & Investments,M,Switzerland,1681550402483,,,2605.259,1220.0,1222.0,//specials-images.forbesimg.com/imageserve/5f442c10a5307fdfae419369/416x416.jpg?background=000000&cropX1=1125&cropX2=3599&cropY1=204&cropY2=2678,1129.0,1063.0,2000.0,,,,
1969,Wu Guangming,Wu,guangming-wu,guangming-wu,-27.377,61.0,medical equipment,Healthcare,M,China,1681550402483,,,2735.66,1155.0,1155.0,https://specials-images.forbesimg.com/imageserve/88d81f9606a4339ce991b3b4fe569c67/416x416.jpg?background=000000&cropX1=195&cropX2=712&cropY1=95&cropY2=612,1130.0,1063.0,2000.0,,,,
1970,Amy Wyss,Wyss,amy-wyss,amy-wyss,0.0,52.0,medical equipment,Healthcare,F,United States,1681550402483,WY,Wyoming,1845.3,1686.0,1686.0,//specials-images.forbesimg.com/imageserve/55fb1546e4b0ffa7afe4b467/416x416.jpg?background=000000&cropX1=93&cropX2=632&cropY1=53&cropY2=593,1131.0,1063.0,2000.0,,,,
1971,Xu Chuanhua,Xu,chuanhua-xu,no-pic,4.478,88.0,"chemicals, logistics",Manufacturing,M,China,1681550402483,,,1901.216,1634.0,1634.0,,1132.0,1063.0,2000.0,"Founder, Transfar Group",False,,
1972,Yan Zhi,Yan,yan-zhi,yan-zhi,-0.388,50.0,real estate,Real Estate,M,China,1681550402483,,,1771.311,1744.0,1744.0,https://specials-images.forbesimg.com/imageserve/6050f48ca1ab099ed6e290cc/416x416.jpg?background=000000&cropX1=0&cropX2=800&cropY1=0&cropY2=800,1133.0,1063.0,2000.0,,,,
1973,Zhong Shanshan,Zhong,zhong-shanshan,no-pic,63.052,68.0,"beverages, pharmaceuticals",Food & Beverage,M,China,1681550402482,,,65473.363,16.0,16.0,https://specials-images.forbesimg.com/imageserve/60380e390357bc1fbfc0bc32/416x416.jpg?background=000000&cropX1=116&cropX2=1327&cropY1=201&cropY2=1413,1134.0,1063.0,2000.0,,,,
1974,Jose Joao Abdalla Filho,Abdalla Filho,jose-joao-abdalla-filho,no-pic,32.08,77.0,investments,Finance & Investments,M,Brazil,1681550402483,,,3095.529,987.0,987.0,,1135.0,1135.0,1900.0,,,,
1975,George Argyros,Argyros,george-argyros,george-argyros,0.561,86.0,"real estate, investments",Real Estate,M,United States,1681550402483,CA,California,2194.087,1441.0,1441.0,//specials-images.forbesimg.com/imageserve/5d8b0e8a22254b0008e168a6/416x416.jpg?background=000000&cropX1=16&cropX2=681&cropY1=105&cropY2=770,1136.0,1135.0,1900.0,"Chairman and CEO, Arnel & Affiliates",False,,
1976,Sid Bass,Bass,sid-bass,sid-bass,6.736,81.0,"oil, investments",Energy,M,United States,1681550402482,TX,Texas,4153.815,705.0,705.0,https://specials-images.forbesimg.com/imageserve/632e0bfa1bd61f0dd644b124/416x416.jpg?background=000000&cropX1=971&cropX2=2153&cropY1=190&cropY2=1373,1137.0,1135.0,1900.0,,,,
1977,Miriam Baumann-Blocher,Baumann-Blocher,miriam-baumann-blocher,miriam-baumann-blocher,16.682,48.0,chemicals,Manufacturing,F,Switzerland,1681550402483,,,2813.462,1114.0,1114.0,//specials-images.forbesimg.com/imageserve/5c723bb331358e35dd270033/416x416.jpg?background=000000&cropX1=302&cropX2=1017&cropY1=2&cropY2=717,1138.0,1135.0,1900.0,,,,
1978,Riley Bechtel,Bechtel,riley-bechtel,riley-bechtel,0.0,71.0,"engineering, construction",Construction & Engineering,M,United States,1681550402483,CA,California,2461.632,1288.0,1288.0,//specials-images.forbesimg.com/imageserve/5d8b0ef518444200084e74b7/416x416.jpg?background=000000&cropX1=635&cropX2=2183&cropY1=30&cropY2=1579,1139.0,1135.0,1900.0,"former Chairman and CEO, Bechtel Corp.",False,,
1979,"Stephen Bechtel, Jr.",Bechtel,stephen-bechtel-jr,stephen-bechtel-jr,,97.0,"engineering, construction",Construction & Engineering,M,United States,1639183624914,CA,California,,,,//specials-images.forbesimg.com/imageserve/57f2a847a7ea435a1e1f60fd/416x416.jpg?background=000000&cropX1=3&cropX2=744&cropY1=15&cropY2=756,1140.0,1135.0,1900.0,"Former Chairman, Bechtel",False,,
1980,Nick Caporella,Caporella,nick-caporella,no-pic,-81.509,87.0,beverages,Food & Beverage,M,United States,1681550402482,FL,Florida,4203.659,695.0,695.0,,1141.0,1135.0,1900.0,,,,
1981,Chu Lam Yiu,Chu,chu-lam-yiu,chu-lam-yiu,0.0,53.0,flavorings,Manufacturing,F,Hong Kong,1681550402483,,,2315.632,1372.0,1372.0,https://specials-images.forbesimg.com/imageserve/6050f48ca1ab099ed6e290cc/416x416.jpg?background=000000&cropX1=0&cropX2=800&cropY1=0&cropY2=800,1142.0,1135.0,1900.0,,,,
1982,Smita Crishna-Godrej,Crishna-Godrej,smita-crishna-godrej,no-pic-female,0.0,72.0,consumer goods,Diversified,F,India,1681550402483,,,2854.52,1089.0,1092.0,//specials-images.forbesimg.com/imageserve/5a7f5040a7ea431690132bc3/416x416.jpg?background=000000&cropX1=27&cropX2=809&cropY1=55&cropY2=836,1143.0,1135.0,1900.0,,,,
1983,Jose Luis Cutrale,Cutrale,jose-luis-cutrale,jose-luis-cutrale,,76.0,orange juice,Food & Beverage,M,Brazil,1617669993620,,,,,,//specials-images.forbesimg.com/imageserve/5e742d662a573300068fcc5a/416x416.jpg?background=000000&cropX1=720&cropX2=3366&cropY1=23&cropY2=2667,1144.0,1135.0,1900.0,,,,
1984,Maria Franca Fissolo,Fissolo,maria-franca-fissolo,maria-franca-fissolo,0.0,88.0,"Nutella, chocolates",Food & Beverage,F,Italy,1681550402483,,,2043.858,1541.0,1541.0,//specials-images.forbesimg.com/imageserve/5c70d7be31358e35dd26ee06/416x416.jpg?background=000000&cropX1=122&cropX2=2456&cropY1=228&cropY2=2561,1145.0,1135.0,1900.0,,,,
1985,Bruce Flatt,Flatt,bruce-flatt,no-pic,-23.931,57.0,money management,Finance & Investments,M,Canada,1681550402483,,,2942.93,1052.0,1052.0,//specials-images.forbesimg.com/imageserve/5e743fc207adf00006db9faf/416x416.jpg?background=000000&cropX1=817&cropX2=3451&cropY1=34&cropY2=2667,1146.0,1135.0,1900.0,,,,
1986,Fong Yun Wah,Fong,fong-yun-wah,fong-yun-wah,,98.0,real estate,Real Estate,M,Hong Kong,1614191767139,,,,,,https://specials-images.forbesimg.com/imageserve/6035318187ff113102f83a34/416x416.jpg?background=000000&cropX1=0&cropX2=770&cropY1=327&cropY2=1098,1147.0,1135.0,1900.0,,,,
1987,Adi Godrej,Godrej,adi-godrej,adi-godrej,0.0,81.0,consumer goods,Diversified,M,India,1681550402483,,,2854.52,1089.0,1089.0,//specials-images.forbesimg.com/imageserve/5e765ce6c7b02d000666ccdf/416x416.jpg?background=000000&cropX1=230&cropX2=1664&cropY1=71&cropY2=1506,1148.0,1135.0,1900.0,,,,
1988,Jamshyd Godrej,Godrej,jamshyd-godrej,jamshyd-godrej,0.0,74.0,consumer goods,Diversified,M,India,1681550402483,,,2854.52,1089.0,1090.0,https://specials-images.forbesimg.com/imageserve/6149ed2191d29fbac055ed22/416x416.jpg?background=000000&cropX1=0&cropX2=2454&cropY1=0&cropY2=2455,1149.0,1135.0,1900.0,,,,
1989,Nadir Godrej,Godrej,nadir-godrej,nadir-godrej,0.0,72.0,consumer goods,Diversified,M,India,1681550402483,,,2795.376,1124.0,1124.0,//specials-images.forbesimg.com/imageserve/58a21abea7ea431f32196f68/416x416.jpg?background=000000&cropX1=101&cropX2=640&cropY1=47&cropY2=587,1150.0,1135.0,1900.0,,,,
1990,Suat Gunsel,Gunsel,suat-gunsel,suat-gunsel,,70.0,"real estate, education",Real Estate,M,Cyprus,1586220640227,,,,,,//specials-images.forbesimg.com/imageserve/32ae3665d79edb059b0d655c2f4ac964/416x416.jpg?background=000000&cropX1=118&cropX2=664&cropY1=127&cropY2=673,1151.0,1135.0,1900.0,,,,
1991,Hao Hong,Hao,hao-hong,no-pic,4.026,67.0,pharmaceuticals,Healthcare,M,United States,1681550402483,,,2397.128,1328.0,1328.0,https://specials-images.forbesimg.com/imageserve/6050f48ca1ab099ed6e290cc/416x416.jpg?background=000000&cropX1=0&cropX2=800&cropY1=0&cropY2=800,1152.0,1135.0,1900.0,,,,
1992,Gudrun Heine,Heine,gudrun-heine,no-pic-female,0.0,68.0,medical devices,Healthcare,F,Germany,1681550402483,,,2947.415,1049.0,1049.0,,1153.0,1135.0,1900.0,,,,
1993,Hoi Kin Hong,Hoi,hoi-kin-hong,no-pic,-6.958,70.0,real estate,Real Estate,M,Macao,1681550402483,,,1302.821,2223.0,2223.0,//specials-images.forbesimg.com/imageserve/5c70f1d031358e35dd26eeca/416x416.jpg?background=000000&cropX1=109&cropX2=529&cropY1=0&cropY2=420,1154.0,1135.0,1900.0,,,,
1994,Rakesh Jhunjhunwala,Jhunjhunwala,rakesh-jhunjhunwala,rakesh-jhunjhunwala,,62.0,investments,Finance & Investments,M,India,1617122658317,,,,,,//specials-images.forbesimg.com/imageserve/5bad50cea7ea4342a948e250/416x416.jpg?background=000000&cropX1=1355&cropX2=3450&cropY1=105&cropY2=2198,1155.0,1135.0,1900.0,,,,
1995,Randal J. Kirk,Kirk,randal-j-kirk,no-pic,-9.342,69.0,pharmaceuticals,Healthcare,M,United States,1681550402483,FL,Florida,1572.679,1924.0,1924.0,//specials-images.forbesimg.com/imageserve/5a825b3aa7ea431690135c09/416x416.jpg?background=000000&cropX1=444&cropX2=2978&cropY1=27&cropY2=2561,1156.0,1135.0,1900.0,,,,
1996,Forrest Li,Li,forrest-li,no-pic,-28.812,45.0,gaming,Media & Entertainment,M,Singapore,1681550402482,,,5260.295,523.0,523.0,https://specials-images.forbesimg.com/imageserve/61114e7fd646cf8cd829e63c/416x416.jpg?background=000000&cropX1=0&cropX2=1348&cropY1=0&cropY2=1348,1157.0,1135.0,1900.0,,,,
1997,Li Guoqiang,Li,li-guoqiang,no-pic,24.828,59.0,auto dealerships,Automotive,M,China,1681550402483,,,2837.417,1101.0,1101.0,,1158.0,1135.0,1900.0,,,,
1998,Liang Yunchao,Liang,liang-yunchao,liang-yunchao,-18.503,54.0,nutritional supplements,Food & Beverage,M,China,1681550402483,,,2728.908,1159.0,1159.0,//specials-images.forbesimg.com/imageserve/05045a69750222dbe55bce25e523ad1c/416x416.jpg?background=000000&cropX1=3&cropX2=744&cropY1=224&cropY2=965,1159.0,1135.0,1900.0,,,,
1999,Vincent Lo,Lo,vincent-lo,vincent-lo,5.897,74.0,real estate,Real Estate,M,Hong Kong,1681550402483,,,1586.507,1904.0,1904.0,https://specials-images.forbesimg.com/imageserve/63eff425c058e9c91fed2989/416x416.jpg?background=000000&cropX1=38&cropX2=991&cropY1=180&cropY2=1133,1160.0,1135.0,1900.0,,,,
2000,Yusaku Maezawa,Maezawa,yusaku-maezawa,yusaku-maezawa,2.657,47.0,online retail,Technology,M,Japan,1681550402483,,,1721.969,1792.0,1792.0,https://specials-images.forbesimg.com/imageserve/607dd1bebeae3972b1e0b999/416x416.jpg?background=000000&cropX1=92&cropX2=826&cropY1=33&cropY2=767,1161.0,1135.0,1900.0,,,,
2001,Youssef Mansour,Mansour,youssef-mansour,youssef-mansour,0.0,77.0,diversified,Diversified,M,Egypt,1681550402483,,,1498.0,2009.0,2009.0,//specials-images.forbesimg.com/imageserve/72835a43efc192956271eb1c1b055490/416x416.jpg?background=000000&cropX1=0&cropX2=744&cropY1=45&cropY2=789,1162.0,1135.0,1900.0,,,,
2002,Ermirio Pereira de Moraes,Moraes,ermirio-pereira-de-moraes,no-pic,,90.0,diversified,Diversified,M,Brazil,1617670189684,,,,,,,1163.0,1135.0,1900.0,,,,
2003,Maria Helena Moraes Scripilliti,Moraes Scripilliti,maria-helena-moraes-scripilliti,no-pic-female,,92.0,diversified,Diversified,F,Brazil,1617670189688,,,,,,,1164.0,1135.0,1900.0,,,,
2004,Fernando Roberto Moreira Salles,Moreira Salles,fernando-roberto-moreira-salles,no-pic,8.491,76.0,"banking, minerals",Diversified,M,Brazil,1681550402482,,,4167.424,703.0,703.0,https://specials-images.forbesimg.com/imageserve/61a52212402ed8086d7a1ac9/416x416.jpg?background=000000&cropX1=0&cropX2=800&cropY1=0&cropY2=800,1165.0,1135.0,1900.0,,,,
2005,Joao Moreira Salles,Moreira Salles,joao-moreira-salles,joao-moreira-salles,5.012,61.0,"banking, minerals",Diversified,M,Brazil,1681550402482,,,4396.706,652.0,652.0,//specials-images.forbesimg.com/imageserve/5c6cc5aa31358e1c187f10b2/416x416.jpg?background=000000&cropX1=1638&cropX2=5117&cropY1=7&cropY2=3488,1166.0,1135.0,1900.0,,,,
2006,Walther Moreira Salles Junior,Moreira Salles Junior,walther-moreira-salles-junior,walther-moreira-salles-junior,5.012,67.0,"banking, minerals",Finance & Investments,M,Brazil,1681550402482,,,4396.706,652.0,653.0,//specials-images.forbesimg.com/imageserve/5c6cc6b34bbe6f3a74231da2/416x416.jpg?background=000000&cropX1=266&cropX2=1269&cropY1=2&cropY2=1005,1167.0,1135.0,1900.0,,,,
2007,Bobby Murphy,Murphy,bobby-murphy,bobby-murphy,-9.636,34.0,Snapchat,Technology,M,United States,1681550402483,CA,California,2539.134,1249.0,1249.0,https://specials-images.forbesimg.com/imageserve/618e9d085c54b67a7e93c0c6/416x416.jpg?background=000000&cropX1=0&cropX2=1080&cropY1=0&cropY2=1080,1168.0,1135.0,1900.0,"Cofounder, Snap",False,,
2008,N.R. Narayana Murthy,Murthy,nr-narayana-murthy,nr-narayana-murthy,0.0,76.0,software services,Technology,M,India,1681550402482,,,4318.569,668.0,668.0,https://specials-images.forbesimg.com/imageserve/5e769955c7b02d000666d027/416x416.jpg?background=000000&cropX1=1797&cropX2=2798&cropY1=870&cropY2=1870,1169.0,1135.0,1900.0,,,,
2009,Rishad Naoroji,Naoroji,rishad-naoroji,rishad-naoroji,0.0,71.0,consumer goods,Diversified,M,India,1681550402483,,,2854.52,1089.0,1091.0,//specials-images.forbesimg.com/imageserve/3d6327ec52d731d04f873fb1bed5b59b/416x416.jpg?background=000000&cropX1=0&cropX2=744&cropY1=256&cropY2=1000,1170.0,1135.0,1900.0,,,,
2010,Jorge Perez,Perez,jorge-perez,jorge-perez,0.0,73.0,real estate,Real Estate,M,United States,1681550402483,FL,Florida,1673.0,1833.0,1833.0,//specials-images.forbesimg.com/imageserve/5ba59fc94bbe6f79516f67e8/416x416.jpg?background=000000&cropX1=13&cropX2=1560&cropY1=0&cropY2=1547,1171.0,1135.0,1900.0,,,,
2011,Jennifer Pritzker,Pritzker,jennifer-pritzker,jennifer-pritzker,-0.654,72.0,"hotels, investments",Service,F,United States,1681550402483,IL,Illinois,1945.967,1607.0,1607.0,https://specials-images.forbesimg.com/imageserve/5f6cd94c20f01cf9fb5cc2a6/416x416.jpg?background=000000&cropX1=0&cropX2=1200&cropY1=52&cropY2=1253,1172.0,1135.0,1900.0,"CEO, Tawani Enterprises",False,,
2012,Nicholas Pritzker,Pritzker,nicholas-pritzker,nicholas-pritzker,-0.192,79.0,"hotels, investments",Service,M,United States,1681550402483,CA,California,2552.544,1239.0,1239.0,//specials-images.forbesimg.com/imageserve/fff68dcb9c3c68ba93698e62f1fe80ce/416x416.jpg?background=000000&cropX1=5&cropX2=627&cropY1=21&cropY2=643,1173.0,1135.0,1900.0,,,,
2013,J. Joe Ricketts,Ricketts,j-joe-ricketts,j-joe-ricketts,-32.697,81.0,TD Ameritrade,Finance & Investments,M,United States,1681550402483,WY,Wyoming,3050.127,1003.0,1003.0,https://specials-images.forbesimg.com/imageserve/5f46b08d7bc6f82d41a077ad/416x416.jpg?background=000000&cropX1=98&cropX2=2000&cropY1=213&cropY2=2114,1174.0,1135.0,1900.0,,,,
2014,Larry Robbins,Robbins,larry-robbins,larry-robbins,0.0,53.0,hedge funds,Finance & Investments,M,United States,1681550402483,NJ,New Jersey,1905.645,1632.0,1632.0,//specials-images.forbesimg.com/imageserve/5ba66430a7ea434e4c696d0a/416x416.jpg?background=000000&cropX1=989&cropX2=2423&cropY1=457&cropY2=1892,1175.0,1135.0,1900.0,"Founder, Glenview Capital Management",False,,
2015,Ruan Shuilong,Ruan,ruan-shuilong,no-pic,0.0,87.0,chemicals,Manufacturing,M,China,1681550402483,,,1702.682,1805.0,1805.0,,1176.0,1135.0,1900.0,,,,
2016,Carlos Sanchez,Sanchez,carlos-sanchez,carlos-sanchez,0.0,61.0,generic drugs,Healthcare,M,Brazil,1681550402483,,,1461.388,2053.0,2053.0,//specials-images.forbesimg.com/imageserve/58a0f626a7ea431f32195be9/416x416.jpg?background=000000&cropX1=0&cropX2=744&cropY1=29&cropY2=773,1177.0,1135.0,1900.0,,,,
2017,Hilton Schlosberg,Schlosberg,hilton-schlosberg,no-pic,-21.521,70.0,energy drinks,Food & Beverage,M,United Kingdom,1681550402483,CA,California,3319.531,914.0,914.0,//specials-images.forbesimg.com/imageserve/56cc6b78e4b062f6b59a5137/416x416.jpg?background=000000&cropX1=134&cropX2=654&cropY1=44&cropY2=564,1178.0,1135.0,1900.0,,,,
2018,Klaus-Peter Schulenberg,Schulenberg,klaus-peter-schulenberg,klaus-peter-schulenberg,18.53,,ticketing service,Service,M,Germany,1681550402483,,,3193.31,952.0,952.0,//specials-images.forbesimg.com/imageserve/58c84fd631358e1a35acffa9/416x416.jpg?background=000000&cropX1=100&cropX2=593&cropY1=305&cropY2=798,1179.0,1135.0,1900.0,,,,
2019,Helmut Sohmen,Sohmen,helmut-sohmen,helmut-sohmen,4.379,83.0,shipping,Logistics,M,Austria,1681550402482,,,5614.303,481.0,481.0,https://specials-images.forbesimg.com/imageserve/63efa388e79227c27db8d5b2/416x416.jpg?background=000000&cropX1=0&cropX2=609&cropY1=0&cropY2=609,1180.0,1135.0,1900.0,,,,
2020,Evan Spiegel,Spiegel,evan-spiegel,evan-spiegel,-8.272,32.0,Snapchat,Technology,M,United States,1681550402483,CA,California,2738.457,1151.0,1151.0,//specials-images.forbesimg.com/imageserve/5d2e2895513b72000715c4c9/416x416.jpg?background=000000&cropX1=0&cropX2=2666&cropY1=340&cropY2=3006,1181.0,1135.0,1900.0,"Cofounder and CEO, Snap",False,,
2021,Jerzy Starak,Starak,jerzy-starak,no-pic,0.0,75.0,pharmaceuticals,Healthcare,M,Poland,1681550402482,,,4169.199,702.0,702.0,//specials-images.forbesimg.com/imageserve/5c717efe4bbe6f24567ae7f7/416x416.jpg?background=000000&cropX1=109&cropX2=977&cropY1=3&cropY2=872,1182.0,1135.0,1900.0,,,,
2022,Sybill Storz,Storz,sybill-storz,no-pic-female,0.0,86.0,medical devices,Healthcare,F,Germany,1681550402483,,,2947.415,1049.0,1050.0,//specials-images.forbesimg.com/imageserve/5c703a14a7ea431000433157/416x416.jpg?background=000000&cropX1=43&cropX2=411&cropY1=41&cropY2=409,1183.0,1135.0,1900.0,,,,
2023,Sylvia Stroeher,Stroeher,sylvia-stroeher,no-pic-female,0.0,67.0,cosmetics,Fashion & Retail,F,Germany,1681550402483,,,1985.48,1580.0,1580.0,https://specials-images.forbesimg.com/imageserve/6050f48ca1ab099ed6e290cc/416x416.jpg?background=000000&cropX1=0&cropX2=800&cropY1=0&cropY2=800,1184.0,1135.0,1900.0,,,,
2024,Harley Sy,Sy,harley-sy,no-pic,49.804,63.0,diversified,Diversified,M,Philippines,1681550402483,,,2240.886,1404.0,1404.0,,1185.0,1135.0,1900.0,,,,
2025,"Henry Sy, Jr.",Sy,henry-sy-jr,no-pic,27.543,70.0,diversified,Diversified,M,Philippines,1681550402483,,,2509.753,1261.0,1261.0,//specials-images.forbesimg.com/imageserve/5e7708bd10380d0006fbba3f/416x416.jpg?background=000000&cropX1=0&cropX2=2100&cropY1=52&cropY2=2153,1186.0,1135.0,1900.0,,,,
2026,Andrew Tan,Tan,andrew-tan,andrew-tan,-31.933,73.0,diversified,Diversified,M,Philippines,1681550402483,,,2473.441,1280.0,1280.0,https://specials-images.forbesimg.com/imageserve/612e4661a7757a542e4e4bdc/416x416.jpg?background=000000&cropX1=0&cropX2=1094&cropY1=0&cropY2=1094,1187.0,1135.0,1900.0,,,,
2027,Michael Tojner,Tojner,michael-tojner,no-pic,-4.316,57.0,"batteries, investments",Manufacturing,M,Austria,1681550402483,,,1537.223,1959.0,1959.0,//specials-images.forbesimg.com/imageserve/5e8b669213f3c100062748e6/416x416.jpg?background=000000&cropX1=0&cropX2=4000&cropY1=720&cropY2=4723,1188.0,1135.0,1900.0,,,,
2028,Georg von Opel,von Opel,georg-von-opel,georg-von-opel,0.0,56.0,"real estate, investments",Finance & Investments,M,Switzerland,1681550402483,,,2327.67,1363.0,1363.0,//specials-images.forbesimg.com/imageserve/5a81bee54bbe6f2652f55107/416x416.jpg?background=000000&cropX1=431&cropX2=2653&cropY1=122&cropY2=2343,1189.0,1135.0,1900.0,,,,
2029,Wang Chaobin,Wang,wang-chaobin,wang-chaobin,0.0,67.0,real estate,Real Estate,M,China,1681550402483,,,1900.0,1638.0,1639.0,//specials-images.forbesimg.com/imageserve/5c6ed65ea7ea431000430c84/416x416.jpg?background=000000&cropX1=1041&cropX2=2755&cropY1=287&cropY2=2000,1190.0,1135.0,1900.0,,,,
2030,Gordon Wu,Wu,gordon-wu,gordon-wu,0.0,87.0,real estate,Real Estate,M,Hong Kong,1681550402483,,,1524.575,1966.0,1966.0,https://specials-images.forbesimg.com/imageserve/63eff5f06593e31ec1b8d5b7/416x416.jpg?background=000000&cropX1=951&cropX2=3930&cropY1=0&cropY2=2981,1191.0,1135.0,1900.0,,,,
2031,Wu Jianshu,Wu,wu-jianshu,no-pic,205.069,59.0,auto parts,Automotive,M,Hong Kong,1681550402482,,,6157.505,423.0,423.0,,1192.0,1135.0,1900.0,,,,
2032,Wu Xushun,Wu,wu-xushun,no-pic,-10.58,74.0,"internet, auto parts",Diversified,M,China,1681550402483,,,1422.387,2093.0,2093.0,,1193.0,1135.0,1900.0,,,,
2033,Gavril Yushvaev,Yushvaev,gavril-yushvaev,gavril-yushvaev,2.904,65.0,"precious metals, real estate",Finance & Investments,M,Russia,1681550402483,,,1871.058,1661.0,1661.0,//specials-images.forbesimg.com/imageserve/5c71cb414bbe6f24567aed4e/416x416.jpg?background=000000&cropX1=397&cropX2=1325&cropY1=197&cropY2=1125,1194.0,1135.0,1900.0,,,,
2034,Zeng Kaitian,Zeng,zeng-kaitian,no-pic,-20.833,48.0,online games,Technology,M,China,1681550402483,,,1814.141,1704.0,1704.0,,1195.0,1135.0,1900.0,,,,
2035,Andrey Andreev,Andreev,andrey-andreev,no-pic,0.0,49.0,online dating,Technology,M,United Kingdom,1681550402483,,,2046.413,1539.0,1539.0,//specials-images.forbesimg.com/imageserve/5e77eac9c7b02d000666e124/416x416.jpg?background=000000&cropX1=1198&cropX2=3974&cropY1=213&cropY2=2987,1196.0,1196.0,1800.0,,,,
2036,Edward Bass,Bass,edward-bass,edward-bass,2.369,77.0,"oil, investments",Energy,M,United States,1681550402483,TX,Texas,2476.664,1277.0,1277.0,//specials-images.forbesimg.com/imageserve/5d8b3b0a22254b0008e16b74/416x416.jpg?background=000000&cropX1=439&cropX2=3790&cropY1=7&cropY2=3355,1197.0,1196.0,1800.0,,,,
2037,Lee Bass,Bass,lee-bass,lee-bass,2.699,66.0,"oil, investments",Energy,M,United States,1681550402483,TX,Texas,2394.606,1334.0,1334.0,//specials-images.forbesimg.com/imageserve/db064336a2edd9c66daa21ddc22a8695/416x416.jpg?background=000000&cropX1=0&cropX2=744&cropY1=18&cropY2=762,1198.0,1196.0,1800.0,,,,
2038,Tomasz Biernacki,Biernacki,tomasz-biernacki,no-pic,58.545,50.0,supermarkets,Fashion & Retail,M,Poland,1681550402482,,,4694.36,601.0,601.0,https://specials-images.forbesimg.com/imageserve/61a52212402ed8086d7a1ac9/416x416.jpg?background=000000&cropX1=0&cropX2=800&cropY1=0&cropY2=800,1199.0,1196.0,1800.0,,,,
2039,Josef Boquoi,Boquoi,josef-boquoi,no-pic,0.0,89.0,frozen foods,Food & Beverage,M,Germany,1681550402483,,,1686.92,1820.0,1820.0,,1200.0,1196.0,1800.0,,,,
2040,Julio Bozano,Bozano,julio-bozano,julio-bozano,-0.474,87.0,banking,Finance & Investments,M,Brazil,1681550402483,,,1925.248,1622.0,1622.0,//specials-images.forbesimg.com/imageserve/7c49586f49000892959270e53710d139/416x416.jpg?background=000000&cropX1=3&cropX2=744&cropY1=44&cropY2=785,1201.0,1196.0,1800.0,,,,
2041,Anand Burman,Burman,anand-burman-1,anand-burman-1,0.0,70.0,consumer goods,Food & Beverage,M,India,1681550402483,,,2103.535,1496.0,1496.0,,1202.0,1196.0,1800.0,,,,
2042,Francesco Gaetano Caltagirone,Caltagirone,francesco-gaetano-caltagirone,francesco-gaetano-caltagirone,24.641,80.0,"cement, diversified",Construction & Engineering,M,Italy,1681550402482,,,3974.416,731.0,731.0,//specials-images.forbesimg.com/imageserve/5e76d3f1c7b02d000666d2fc/416x416.jpg?background=000000&cropX1=865&cropX2=2685&cropY1=125&cropY2=1946,1203.0,1196.0,1800.0,,,,
2043,Chen Wenyuan,Chen,chen-wenyuan,no-pic,57.189,55.0,testing equipment,Technology,M,China,1681550402483,,,1658.901,1845.0,1845.0,,1204.0,1196.0,1800.0,,,,
2044,Maria Del Pino,Del Pino,maria-del-pino,no-pic-female,14.164,67.0,construction,Construction & Engineering,F,Spain,1681550402483,,,2706.327,1167.0,1167.0,//specials-images.forbesimg.com/imageserve/e16f32e7a5efbd4ac1b94e727f0b236f/416x416.jpg?background=000000&cropX1=2&cropX2=744&cropY1=0&cropY2=743,1205.0,1196.0,1800.0,,,,
2045,Robert Duggan,Duggan,robert-duggan,robert-duggan,-15.214,78.0,pharmaceuticals,Healthcare,M,United States,1681550402483,FL,Florida,1928.417,1618.0,1618.0,https://specials-images.forbesimg.com/imageserve/5f468cb82c82b7ad3997f726/416x416.jpg?background=000000&cropX1=1267&cropX2=1880&cropY1=126&cropY2=739,1206.0,1196.0,1800.0,,,,
2046,James France,France,james-france,james-france,0.0,78.0,"Nascar, racing",Sports,M,United States,1681550402483,FL,Florida,1771.443,1743.0,1743.0,https://specials-images.forbesimg.com/imageserve/57e1991931358e16c589c119/416x416.jpg?background=000000&cropX1=35&cropX2=703&cropY1=29&cropY2=698,1207.0,1196.0,1800.0,,,,
2047,Peter Gilgan,Gilgan,peter-gilgan,peter-gilgan,0.0,72.0,homebuilding,Construction & Engineering,M,Canada,1681550402483,,,3400.374,888.0,888.0,//specials-images.forbesimg.com/imageserve/5e74493a10380d0006bdad62/416x416.jpg?background=000000&cropX1=1639&cropX2=2929&cropY1=842&cropY2=2131,1208.0,1196.0,1800.0,"Founder, CEO and Chairman, Mattamy Group Corp.",False,,
2048,Senapathy Gopalakrishnan,Gopalakrishnan,senapathy-gopalakrishnan,senapathy-gopalakrishnan,0.0,68.0,software services,Technology,M,India,1681550402483,,,3060.303,999.0,999.0,//specials-images.forbesimg.com/imageserve/5e76a94ed8e1ae0007b724cc/416x416.jpg?background=000000&cropX1=239&cropX2=1918&cropY1=59&cropY2=1739,1209.0,1196.0,1800.0,,,,
2049,Peter Grogg,Grogg,peter-grogg,no-pic,19.602,81.0,biochemicals,Healthcare,M,Switzerland,1681550402482,,,4952.797,570.0,570.0,//specials-images.forbesimg.com/imageserve/5c723c4931358e35dd27003f/416x416.jpg?background=000000&cropX1=152&cropX2=659&cropY1=25&cropY2=533,1210.0,1196.0,1800.0,,,,
2050,Gu Yuhua,Gu,gu-yuhua,no-pic,-22.913,73.0,furniture,Manufacturing,M,China,1681550402483,,,2836.539,1102.0,1102.0,,1211.0,1196.0,1800.0,,,,
2051,Reid Hoffman,Hoffman,reid-hoffman,reid-hoffman,0.957,55.0,LinkedIn,Technology,M,United States,1681550402483,CA,California,2001.166,1565.0,1565.0,https://specials-images.forbesimg.com/imageserve/624efe8b6745de5c69ca5af6/416x416.jpg?background=000000&cropX1=832&cropX2=2484&cropY1=114&cropY2=1764,1212.0,1196.0,1800.0,"Chairman and Cofounder, LinkedIn Corp",False,,
2052,Huang Qiaoling,Huang,huang-qiaoling,huang-qiaoling,-70.314,64.0,amusement parks,Media & Entertainment,M,China,1681550402483,,,2085.193,1511.0,1511.0,https://specials-images.forbesimg.com/imageserve/6050f48ca1ab099ed6e290cc/416x416.jpg?background=000000&cropX1=0&cropX2=800&cropY1=0&cropY2=800,1213.0,1196.0,1800.0,,,,
2053,Kim Taek-jin,Kim,kim-taek-jin,kim-taek-jin,11.031,56.0,online games,Media & Entertainment,M,South Korea,1681550402483,,,1426.347,2087.0,2087.0,//specials-images.forbesimg.com/imageserve/5b71cae531358e0429c5d8d1/416x416.jpg?background=000000&cropX1=479&cropX2=1101&cropY1=182&cropY2=804,1214.0,1196.0,1800.0,NCSOFT Corporation,False,,
2054,Friedrich Knapp,Knapp,friedrich-knapp,friedrich-knapp,0.0,71.0,fashion retail,Fashion & Retail,M,Germany,1681550402483,,,3120.857,978.0,978.0,//specials-images.forbesimg.com/imageserve/5c703af7a7ea43100043317b/416x416.jpg?background=000000&cropX1=48&cropX2=646&cropY1=10&cropY2=608,1215.0,1196.0,1800.0,,,,
2055,Yuri Kovalchuk,Kovalchuk,yuri-kovalchuk,yuri-kovalchuk,81.79,71.0,"banking, insurance, media",Finance & Investments,M,Russia,1681550402483,,,2753.846,1141.0,1141.0,//specials-images.forbesimg.com/imageserve/c4c9576de7cabcb986363f5b2963c9e5/416x416.jpg?background=000000&cropX1=126&cropX2=711&cropY1=32&cropY2=617,1216.0,1196.0,1800.0,,,,
2056,Thomas Kwok,Kwok,thomas-kwok,no-pic,4.17,71.0,real estate,Real Estate,M,Hong Kong,1681550402483,,,2246.433,1399.0,1399.0,//specials-images.forbesimg.com/imageserve/5e765335c7b02d000666cb9c/416x416.jpg?background=000000&cropX1=1169&cropX2=2446&cropY1=44&cropY2=1320,1217.0,1196.0,1800.0,,,,
2057,Marc Lasry,Lasry,marc-lasry,marc-lasry,0.0,62.0,hedge funds,Finance & Investments,M,United States,1681550402483,NY,New York,2097.0,1499.0,1499.0,//specials-images.forbesimg.com/imageserve/56d1c883e4b0c144a7f66626/416x416.jpg?background=000000&cropX1=126&cropX2=588&cropY1=5&cropY2=467,1218.0,1196.0,1800.0,"Founder, Avenue Capital Group",False,,
2058,Lee Yin Yee,Lee,yin-yee-lee,no-pic,86.61,71.0,glass,Manufacturing,M,China,1681550402483,,,3144.154,969.0,969.0,https://specials-images.forbesimg.com/imageserve/6050f48ca1ab099ed6e290cc/416x416.jpg?background=000000&cropX1=0&cropX2=800&cropY1=0&cropY2=800,1219.0,1196.0,1800.0,,,,
2059,Li Hongxin,Li,li-hongxin,no-pic,-19.771,70.0,paper & related products,Manufacturing,M,China,1681550402483,,,2405.155,1320.0,1320.0,//specials-images.forbesimg.com/imageserve/5e7554ce2a573300068feba9/416x416.jpg?background=000000&cropX1=633&cropX2=3227&cropY1=0&cropY2=2592,1220.0,1196.0,1800.0,,,,
2060,Li Li,Li,li-li-3,no-pic,45.587,57.0,healthcare,Healthcare,M,China,1681550402483,,,3007.532,1022.0,1022.0,,1221.0,1196.0,1800.0,,,,
2061,Li Min,Li,li-min,no-pic,58.932,57.0,semiconductor,Technology,M,China,1681550402483,,,2530.892,1257.0,1257.0,,1222.0,1196.0,1800.0,,,,
2062,Peter Lim,Lim,peter-lim,peter-lim,0.0,69.0,investments,Finance & Investments,M,Singapore,1681550402483,,,2422.247,1311.0,1311.0,//specials-images.forbesimg.com/imageserve/5e779f66c7b02d000666d9cd/416x416.jpg?background=000000&cropX1=68&cropX2=930&cropY1=74&cropY2=937,1223.0,1196.0,1800.0,,,,
2063,Lin Fanlian,Lin,lin-fanlian,no-pic,0.0,61.0,"energy, real estate",Energy,M,China,1681550402483,,,2032.303,1546.0,1546.0,,1224.0,1196.0,1800.0,,,,
2064,Mangal Prabhat Lodha,Lodha,mangal-prabhat-lodha,mangal-prabhat-lodha,0.0,67.0,real estate,Real Estate,M,India,1681550402482,,,4424.797,644.0,644.0,//specials-images.forbesimg.com/imageserve/5e76921dc7b02d000666cfcc/416x416.jpg?background=000000&cropX1=364&cropX2=1902&cropY1=187&cropY2=1726,1225.0,1196.0,1800.0,,,,
2065,Joao Roberto Marinho,Marinho,joao-roberto-marinho,joao-roberto-marinho,0.0,69.0,media,Media & Entertainment,M,Brazil,1681550402483,,,1872.764,1659.0,1659.0,//specials-images.forbesimg.com/imageserve/5a7b7fd231358e4955acddb8/416x416.jpg?background=000000&cropX1=234&cropX2=1084&cropY1=2&cropY2=853,1226.0,1196.0,1800.0,,,,
2066,Jose Roberto Marinho,Marinho,jose-roberto-marinho,jose-roberto-marinho,0.0,67.0,media,Media & Entertainment,M,Brazil,1681550402483,,,1872.764,1659.0,1660.0,https://specials-images.forbesimg.com/imageserve/603e8f5d4a2df75cef4fb25a/416x416.jpg?background=000000&cropX1=0&cropX2=800&cropY1=0&cropY2=800,1227.0,1196.0,1800.0,,,,
2067,Roberto Irineu Marinho,Marinho,roberto-irineu-marinho,roberto-irineu-marinho,0.0,75.0,media,Media & Entertainment,M,Brazil,1681550402483,,,1856.457,1672.0,1672.0,//specials-images.forbesimg.com/imageserve/5e7438532a573300068fccc8/416x416.jpg?background=000000&cropX1=51&cropX2=1996&cropY1=60&cropY2=2006,1228.0,1196.0,1800.0,,,,
2068,Craig McCaw,McCaw,craig-mccaw,craig-mccaw,-0.059,73.0,telecom,Telecom,M,United States,1681550402483,WA,Washington,2016.012,1553.0,1553.0,//specials-images.forbesimg.com/imageserve/5a8ed8b831358e4955ae0801/416x416.jpg?background=000000&cropX1=2340&cropX2=3117&cropY1=334&cropY2=1110,1229.0,1196.0,1800.0,,,,
2069,Vincent McMahon,McMahon,vincent-mcmahon,vincent-mcmahon,38.413,77.0,entertainment,Sports,M,United States,1681550402483,CT,Connecticut,3238.283,941.0,941.0,//specials-images.forbesimg.com/imageserve/5a9089da31358e79a28a1e8b/416x416.jpg?background=000000&cropX1=158&cropX2=1687&cropY1=287&cropY2=1817,1230.0,1196.0,1800.0,,,,
2070,Miao Shouliang,Miao,miao-shouliang,miao-shouliang,0.0,68.0,real estate,Real Estate,M,China,1681550402483,,,1396.271,2114.0,2114.0,//specials-images.forbesimg.com/imageserve/589d2e55a7ea431f32192a5e/416x416.jpg?background=000000&cropX1=29&cropX2=723&cropY1=103&cropY2=798,1231.0,1196.0,1800.0,,,,
2071,Robert G. Miller,Miller,robert-g-miller,no-pic,0.0,77.0,electronics components,Technology,M,Canada,1681550402483,,,1764.561,1753.0,1753.0,//specials-images.forbesimg.com/imageserve/ed24ab436c3c663da00f7fb579f7b55b/416x416.jpg?background=000000&cropX1=113&cropX2=607&cropY1=44&cropY2=539,1232.0,1196.0,1800.0,"President and CEO, Future Electronics",False,,
2072,Tom Morris,Morris,tom-morris,no-pic,0.0,68.0,retail,Fashion & Retail,M,United Kingdom,1681550402483,,,3782.059,780.0,780.0,,1233.0,1196.0,1800.0,,,,
2073,David Nahmad,Nahmad,david-nahmad,david-nahmad,0.0,76.0,art collection,Fashion & Retail,M,Monaco,1681550402483,NY,New York,2326.9,1364.0,1364.0,//specials-images.forbesimg.com/imageserve/5e76f9a0c7b02d000666d3e5/416x416.jpg?background=000000&cropX1=2968&cropX2=5115&cropY1=820&cropY2=2965,1234.0,1196.0,1800.0,,,,
2074,Jonathan Nelson,Nelson,jonathan-nelson,jonathan-nelson,0.0,66.0,private equity,Finance & Investments,M,United States,1681550402483,RI,Rhode Island,3064.0,998.0,998.0,//specials-images.forbesimg.com/imageserve/5cf810dacd1f12000a2b85ea/416x416.jpg?background=000000&cropX1=1374&cropX2=2617&cropY1=822&cropY2=2064,1235.0,1196.0,1800.0,"Chief executive officer, Providence Equity Partners",False,,
2075,Vikas Oberoi,Oberoi,vikas-oberoi,vikas-oberoi,0.0,52.0,real estate,Real Estate,M,India,1681550402483,,,3016.041,1018.0,1018.0,//specials-images.forbesimg.com/imageserve/5d9f5a6d4223bf0006b829d4/416x416.jpg?background=000000&cropX1=210&cropX2=1212&cropY1=7&cropY2=1010,1236.0,1196.0,1800.0,,,,
2076,Tomas Olivo Lopez,Olivo Lopez,tomas-olivo-lopez,no-pic,3.493,49.0,shopping centers,Real Estate,M,Spain,1681550402483,,,2593.531,1227.0,1227.0,//specials-images.forbesimg.com/imageserve/5a8115e1a7ea43169013404b/416x416.jpg?background=000000&cropX1=714&cropX2=1463&cropY1=120&cropY2=868,1237.0,1196.0,1800.0,,,,
2077,Pan Laican,Pan,pan-laican,no-pic,-20.32,,soy sauce,Food & Beverage,M,China,1681550402483,,,2403.785,1321.0,1321.0,,1238.0,1196.0,1800.0,,,,
2078,Dmitry Pumpyansky,Pumpyansky,dmitry-pumpyansky,dmitry-pumpyansky,0.0,59.0,steel pipes,Metals & Mining,M,Russia,1681550402483,,,1725.309,1786.0,1786.0,https://specials-images.forbesimg.com/imageserve/6229130c334651defd7a7528/416x416.jpg?background=000000&cropX1=543&cropX2=2719&cropY1=308&cropY2=2483,1239.0,1196.0,1800.0,,,,
2079,Byju Raveendran and Divya Gokulnath,Raveendran,raveendran-byju,no-pic,0.0,41.0,education technology,Technology,M,India,1681550402483,,,1419.93,2095.0,2095.0,https://specials-images.forbesimg.com/imageserve/6345c9ee6429ff9a37de06ab/416x416.jpg?background=000000&cropX1=0&cropX2=2082&cropY1=0&cropY2=2082,1240.0,1196.0,1800.0,,,,
2080,Ren Jianhua,Ren,ren-jianhua,ren-jianhua,-38.793,66.0,kitchen appliances,Manufacturing,M,China,1681550402483,,,1879.49,1649.0,1649.0,//specials-images.forbesimg.com/imageserve/562a5a9ee4b0ffa7afe63015/416x416.jpg?background=000000&cropX1=2&cropX2=744&cropY1=84&cropY2=827,1241.0,1196.0,1800.0,,,,
2081,Remo Ruffini,Ruffini,remo-ruffini,remo-ruffini,7.705,61.0,winter jackets,Fashion & Retail,M,Italy,1681550402483,,,3866.137,758.0,758.0,//specials-images.forbesimg.com/imageserve/5e76da27d8e1ae0007b72692/416x416.jpg?background=000000&cropX1=407&cropX2=1689&cropY1=0&cropY2=1280,1242.0,1196.0,1800.0,,,,
2082,Robert Sands,Sands,robert-sands,no-pic,16.706,64.0,liquor,Food & Beverage,M,United States,1681550402483,NY,New York,3083.848,992.0,992.0,//specials-images.forbesimg.com/imageserve/5d8b015722254b0008e1679c/416x416.jpg?background=000000&cropX1=278&cropX2=2312&cropY1=563&cropY2=2599,1243.0,1196.0,1800.0,"CEO, Constellation Brands",False,,
2083,Christiane Schoeller,Schoeller,christiane-schoeller,no-pic-female,0.0,,publishing,Media & Entertainment,F,Germany,1681550402483,,,2790.725,1129.0,1129.0,https://specials-images.forbesimg.com/imageserve/5c6dbdc531358e35dd26a61d/416x416.jpg?background=000000&cropX1=0&cropX2=416&cropY1=0&cropY2=416,1244.0,1196.0,1800.0,,,,
2084,Thaksin Shinawatra,Shinawatra,thaksin-shinawatra,thaksin-shinawatra,0.0,73.0,investments,Finance & Investments,M,Thailand,1681550402483,,,2076.103,1520.0,1520.0,//specials-images.forbesimg.com/imageserve/5e780e37c7b02d000666e34e/416x416.jpg?background=000000&cropX1=1474&cropX2=3223&cropY1=11&cropY2=1759,1245.0,1196.0,1800.0,,,,
2085,Martua Sitorus,Sitorus,martua-sitorus,martua-sitorus,38.879,63.0,palm oil,Manufacturing,M,Indonesia,1681550402483,,,3189.0,955.0,955.0,//specials-images.forbesimg.com/imageserve/5834b29931358e698ada7d4b/416x416.jpg?background=000000&cropX1=50&cropX2=668&cropY1=53&cropY2=672,1246.0,1196.0,1800.0,,,,
2086,Henry Swieca,Swieca,henry-swieca,henry-swieca,0.0,65.0,hedge funds,Finance & Investments,M,United States,1681550402483,NY,New York,2259.056,1391.0,1391.0,//specials-images.forbesimg.com/imageserve/5a84af4b31358e4955ad7b2f/416x416.jpg?background=000000&cropX1=1314&cropX2=2556&cropY1=18&cropY2=1259,1247.0,1196.0,1800.0,"Founder, Talpion Fund Management",False,,
2087,Teresita Sy-Coson,Sy-Coson,teresita-sy-coson,no-pic-female,46.568,72.0,diversified,Diversified,F,Philippines,1681550402483,,,2190.893,1445.0,1445.0,//specials-images.forbesimg.com/imageserve/5e770a49d8e1ae0007b728b9/416x416.jpg?background=000000&cropX1=1529&cropX2=4881&cropY1=0&cropY2=3348,1248.0,1196.0,1800.0,,,,
2088,Peter Szulczewski,Szulczewski,peter-szulczewski,peter-szulczewski,,41.0,e-commerce,Technology,M,Canada,1617734302070,CA,California,,,,//specials-images.forbesimg.com/imageserve/5e7b971a08d8460006c88cad/416x416.jpg?background=000000&cropX1=609&cropX2=3687&cropY1=574&cropY2=3651,1249.0,1196.0,1800.0,"CEO and Chairman, ContextLogic",False,,
2089,Leena Tewari,Tewari,leena-tewari,leena-tewari,0.0,65.0,pharmaceuticals,Healthcare,F,India,1681550402483,,,3451.275,869.0,869.0,https://specials-images.forbesimg.com/imageserve/6050f48ca1ab099ed6e290cc/416x416.jpg?background=000000&cropX1=0&cropX2=800&cropY1=0&cropY2=800,1250.0,1196.0,1800.0,,,,
2090,Lottie Tham,Tham,lottie-tham,no-pic-female,21.902,73.0,H&M,Fashion & Retail,F,Sweden,1681550402483,,,2469.588,1283.0,1283.0,//specials-images.forbesimg.com/imageserve/5c722543a7ea43100043518e/416x416.jpg?background=000000&cropX1=135&cropX2=1001&cropY1=63&cropY2=930,1251.0,1196.0,1800.0,,,,
2091,Clemens Toennies,Toennies,clemens-toennies,clemens-toennies,0.0,66.0,meat processing,Food & Beverage,M,Germany,1681550402483,,,1292.532,2240.0,2240.0,//specials-images.forbesimg.com/imageserve/5e76204610380d0006fbac5a/416x416.jpg?background=000000&cropX1=815&cropX2=3344&cropY1=28&cropY2=2557,1252.0,1196.0,1800.0,,,,
2092,Robert Toennies,Toennies,robert-toennies,robert-toennies,0.0,44.0,meat processing,Food & Beverage,M,Germany,1681550402483,,,1292.532,2240.0,2241.0,https://specials-images.forbesimg.com/imageserve/6050f48ca1ab099ed6e290cc/416x416.jpg?background=000000&cropX1=0&cropX2=800&cropY1=0&cropY2=800,1253.0,1196.0,1800.0,,,,
2093,Torbjorn Tornqvist,Tornqvist,torbjorn-tornqvist,torbjorn-tornqvist,0.0,69.0,oil trading,Energy,M,Sweden,1681550402483,,,3970.0,732.0,732.0,//specials-images.forbesimg.com/imageserve/5c7223b031358e35dd26febc/416x416.jpg?background=000000&cropX1=34&cropX2=5639&cropY1=34&cropY2=5636,1254.0,1196.0,1800.0,,,,
2094,Hamdi Ulukaya,Ulukaya,hamdi-ulukaya,hamdi-ulukaya,0.0,50.0,greek yogurt,Food & Beverage,M,Turkey,1681550402483,NY,New York,2143.7,1479.0,1479.0,//specials-images.forbesimg.com/imageserve/5e77e12210380d0006fbc828/416x416.jpg?background=000000&cropX1=303&cropX2=2947&cropY1=23&cropY2=2667,1255.0,1196.0,1800.0,"Founder and CEO, Chobani",False,,
2095,Todd Wagner,Wagner,todd-wagner,todd-wagner,0.0,62.0,online media,Media & Entertainment,M,United States,1681550402483,TX,Texas,1819.62,1700.0,1700.0,//specials-images.forbesimg.com/imageserve/5a8f0d5c4bbe6f0fa82646b3/416x416.jpg?background=000000&cropX1=0&cropX2=1997&cropY1=133&cropY2=2130,1256.0,1196.0,1800.0,,,,
2096,Wei Ying-Chiao,Wei,wei-ying-chiao,wei-ying-chiao,10.573,68.0,"food, beverages",Food & Beverage,M,Taiwan,1681550402483,,,2079.609,1516.0,1518.0,//specials-images.forbesimg.com/imageserve/5c72489331358e35dd2700e7/416x416.jpg?background=000000&cropX1=18&cropX2=2702&cropY1=30&cropY2=2716,1257.0,1196.0,1800.0,,,,
2097,Evan Williams,Williams,evan-williams,evan-williams,-0.012,51.0,Twitter,Technology,M,United States,1681550402483,CA,California,1784.233,1731.0,1731.0,//specials-images.forbesimg.com/imageserve/5f442fba6eb909db375d0172/416x416.jpg?background=000000&cropX1=669&cropX2=4226&cropY1=1080&cropY2=4637,1258.0,1196.0,1800.0,"Cofounder and Director, Twitter",False,,
2098,Wu Guanjiang,Wu,wu-guanjiang,no-pic,-3.496,54.0,pharmaceuticals,Healthcare,M,China,1681550402483,,,3377.577,897.0,897.0,,1259.0,1196.0,1800.0,,,,
2099,Jihan Wu,Wu,jihan-wu,no-pic,,37.0,cryptocurrency mining chips,Technology,M,China,1640188315038,,,,,,//specials-images.forbesimg.com/imageserve/5e754aa110380d0006bdcbcd/416x416.jpg?background=000000&cropX1=1147&cropX2=2746&cropY1=13&cropY2=1611,1260.0,1196.0,1800.0,,,,
2100,Xiong Wu,Xiong,xiong-wu,no-pic,-27.621,47.0,software,Technology,M,China,1681550402483,,,1467.817,2039.0,2039.0,,1261.0,1196.0,1800.0,,,,
2101,Xue Hua,Xue,xue-hua,no-pic,-27.052,53.0,agribusiness,Manufacturing,M,China,1681550402483,,,2957.627,1043.0,1043.0,,1262.0,1196.0,1800.0,,,,
2102,Yang Jian,Yang,yang-jian,no-pic,,51.0,real estate,Real Estate,M,China,1604523212819,,,,,,,1263.0,1196.0,1800.0,,,,
2103,Ye Xiaoping,Ye,ye-xiaoping,no-pic,-12.637,60.0,pharmaceuticals,Healthcare,M,China,1681550402483,,,2888.335,1079.0,1079.0,,1264.0,1196.0,1800.0,,,,
2104,Zhang Zhixiang,Zhang,zhang-zhixiang,zhang-zhixiang,,56.0,steel,Metals & Mining,M,China,1604523208789,,,,,,https://specials-images.forbesimg.com/imageserve/6050f48ca1ab099ed6e290cc/416x416.jpg?background=000000&cropX1=0&cropX2=800&cropY1=0&cropY2=800,1265.0,1196.0,1800.0,,,,
2105,Zhao Tao,Zhao,zhao-tao,zhao-tao,-1.729,57.0,pharmaceuticals,Healthcare,M,Singapore,1681550402483,,,2223.929,1416.0,1416.0,//specials-images.forbesimg.com/imageserve/5a80f59c4bbe6f2652f543c3/416x416.jpg?background=000000&cropX1=315&cropX2=2923&cropY1=563&cropY2=3172,1266.0,1196.0,1800.0,,,,
2106,Aras Agalarov,Agalarov,aras-agalarov,aras-agalarov,,67.0,real estate,Fashion & Retail,M,Russia,1617670465953,,,,,,//specials-images.forbesimg.com/imageserve/5e7778c3d8e1ae0007b72cc6/416x416.jpg?background=000000&cropX1=588&cropX2=2208&cropY1=31&cropY2=1652,1267.0,1267.0,1700.0,,,,
2107,Leslie Alexander,Alexander,leslie-alexander,leslie-alexander,0.0,79.0,sports team,Sports,M,United States,1681550402483,TX,Texas,1775.0,1740.0,1740.0,//specials-images.forbesimg.com/imageserve/5ba6785831358e5690cdc0c6/416x416.jpg?background=000000&cropX1=56&cropX2=683&cropY1=53&cropY2=681,1268.0,1267.0,1700.0,,,,
2108,Michael Ashcroft,Ashcroft,michael-ashcroft,michael-ashcroft,1.431,77.0,security,Finance & Investments,M,United Kingdom,1681550402483,,,2045.297,1540.0,1540.0,//specials-images.forbesimg.com/imageserve/5c72779c31358e35dd2702a8/416x416.jpg?background=000000&cropX1=407&cropX2=2519&cropY1=5&cropY2=2117,1269.0,1267.0,1700.0,,,,
2109,Sezai Bacaksiz,Bacaksiz,sezai-bacaksiz,no-pic,0.0,73.0,diversified,Diversified,M,Turkey,1681550402483,,,2225.2,1412.0,1413.0,//specials-images.forbesimg.com/imageserve/5a70d3e631358e4955ac0a68/416x416.jpg?background=000000&cropX1=117&cropX2=1154&cropY1=325&cropY2=1362,1270.0,1267.0,1700.0,,,,
2110,Aneel Bhusri,Bhusri,aneel-bhusri,aneel-bhusri,-6.372,57.0,business software,Technology,M,United States,1681550402483,CA,California,2399.184,1326.0,1326.0,//specials-images.forbesimg.com/imageserve/5d8b3ba422254b0008e16ba6/416x416.jpg?background=000000&cropX1=1821&cropX2=2361&cropY1=455&cropY2=995,1271.0,1267.0,1700.0,"CEO and Cofounder, Workday",False,,
2111,Andrei Bokarev,Bokarev,andrei-bokarev,andrei-bokarev,0.0,56.0,"metals, mining",Manufacturing,M,Russia,1681550402483,,,2718.356,1164.0,1164.0,//specials-images.forbesimg.com/imageserve/5e7774f9d8e1ae0007b72c87/416x416.jpg?background=000000&cropX1=749&cropX2=3970&cropY1=0&cropY2=3220,1272.0,1267.0,1700.0,,,,
2112,Timothy Boyle,Boyle,timothy-boyle,timothy-boyle,-7.782,73.0,Columbia Sportswear,Fashion & Retail,M,United States,1681550402483,OR,Oregon,2352.767,1353.0,1353.0,//specials-images.forbesimg.com/imageserve/5d8b0b1a6de3150009a509e7/416x416.jpg?background=000000&cropX1=814&cropX2=3788&cropY1=334&cropY2=3308,1273.0,1267.0,1700.0,,,,
2113,Garrett Camp,Camp,garrett-camp,garrett-camp,1.952,44.0,Uber,Technology,M,Canada,1681550402483,CA,California,2842.224,1098.0,1098.0,//specials-images.forbesimg.com/imageserve/5c6d4e5d4bbe6f3a742322a6/416x416.jpg?background=000000&cropX1=1649&cropX2=3734&cropY1=0&cropY2=2083,1274.0,1267.0,1700.0,"Cofounder and Chairman, Uber Technologies Inc.",False,,
2114,Tony Chen,Chen,tony-chen,tony-chen,-42.065,73.0,electronics,Technology,M,Taiwan,1681550402483,,,1011.897,2632.0,2632.0,https://specials-images.forbesimg.com/imageserve/6091cca44ec54be5529d4448/416x416.jpg?background=000000&cropX1=0&cropX2=356&cropY1=2&cropY2=358,1275.0,1267.0,1700.0,,,,
2115,Chen Yung-tai,Chen,chen-yung-tai,chen-yung-tai,-0.872,87.0,real estate,Real Estate,M,Taiwan,1681550402483,,,1665.039,1840.0,1840.0,https://specials-images.forbesimg.com/imageserve/63a0c8d1c894b4f0c7e82195/416x416.jpg?background=000000&cropX1=17&cropX2=1674&cropY1=0&cropY2=1658,1276.0,1267.0,1700.0,,,,
2116,Mark Coombs,Coombs,mark-coombs,no-pic,1.121,62.0,finance,Finance & Investments,M,United Kingdom,1681550402483,,,1837.639,1690.0,1690.0,,1277.0,1267.0,1700.0,,,,
2117,Ray Davis,Davis,ray-davis,ray-davis,5.92,81.0,pipelines,Energy,M,United States,1681550402483,TX,Texas,2609.16,1219.0,1219.0,//specials-images.forbesimg.com/imageserve/5d8b38d418444200084e76cd/416x416.jpg?background=000000&cropX1=673&cropX2=2827&cropY1=341&cropY2=2496,1278.0,1267.0,1700.0,,,,
2118,John de Mol,de Mol,john-de-mol,john-de-mol,0.0,68.0,TV programs,Media & Entertainment,M,Netherlands,1681550402483,,,1818.383,1703.0,1703.0,//specials-images.forbesimg.com/imageserve/58a241814bbe6f0e5586b932/416x416.jpg?background=000000&cropX1=0&cropX2=744&cropY1=327&cropY2=1071,1279.0,1267.0,1700.0,,,,
2119,Aloysio de Andrade Faria,Faria,aloysio-de-andrade-faria,no-pic,,102.0,banking,Finance & Investments,M,Brazil,1600197282590,,,,,,https://specials-images.forbesimg.com/imageserve/603e8f5d4a2df75cef4fb25a/416x416.jpg?background=000000&cropX1=0&cropX2=800&cropY1=0&cropY2=800,1280.0,1267.0,1700.0,,,,
2120,Michael Federmann,Federmann,michael-federmann,michael-federmann,0.0,79.0,"defense, hotels",Technology,M,Israel,1681550402483,,,2907.14,1068.0,1068.0,//specials-images.forbesimg.com/imageserve/5c70c75931358e35dd26ecc7/416x416.jpg?background=000000&cropX1=378&cropX2=1419&cropY1=97&cropY2=1138,1281.0,1267.0,1700.0,,,,
2121,Fu Guangming,Fu,fu-guangming,fu-guangming,-20.114,69.0,poultry,Food & Beverage,M,China,1681550402483,,,2125.895,1487.0,1487.0,//specials-images.forbesimg.com/imageserve/562e5762e4b0ffa7afe645e2/416x416.jpg?background=000000&cropX1=0&cropX2=676&cropY1=171&cropY2=848,1282.0,1267.0,1700.0,,,,
2122,Geng Diangen,Geng,geng-diangen,no-pic,0.0,66.0,Internet,Technology,M,China,1681550402483,,,1039.28,2591.0,2591.0,,1283.0,1267.0,1700.0,,,,
2123,Christopher Goldsbury,Goldsbury,christopher-goldsbury,christopher-goldsbury,0.0,80.0,salsa,Food & Beverage,M,United States,1681550402483,TX,Texas,1797.758,1725.0,1725.0,//specials-images.forbesimg.com/imageserve/5a86c7ba4bbe6f2652f5bab3/416x416.jpg?background=000000&cropX1=1270&cropX2=3101&cropY1=106&cropY2=1936,1284.0,1267.0,1700.0,"Chief Executive Officer, Silver Ventures",False,,
2124,Torstein Hagen,Hagen,torstein-hagen,no-pic,0.0,80.0,cruises,Service,M,Norway,1681550402483,,,1356.48,2159.0,2159.0,//specials-images.forbesimg.com/imageserve/5e7b9a2c15b23e00065239fc/416x416.jpg?background=000000&cropX1=735&cropX2=2850&cropY1=0&cropY2=2114,1285.0,1267.0,1700.0,,,,
2125,David Hains,Hains,david-hains,david-hains,,92.0,Investments,Finance & Investments,M,Australia,1617670047798,,,,,,https://specials-images.forbesimg.com/imageserve/5ab944eda7ea432fbc1d2d9c/416x416.jpg?background=000000&cropX1=0&cropX2=400&cropY1=0&cropY2=400,1286.0,1267.0,1700.0,,,,
2126,Roberto Hernandez Ramirez,Hernandez Ramirez,roberto-hernandez-ramirez,roberto-hernandez-ramirez,14.192,81.0,banking,Finance & Investments,M,Mexico,1681550402483,,,1877.397,1651.0,1651.0,//specials-images.forbesimg.com/imageserve/5e76f83c10380d0006fbb96f/416x416.jpg?background=000000&cropX1=495&cropX2=1411&cropY1=178&cropY2=1093,1287.0,1267.0,1700.0,,,,
2127,Alan Howard,Howard,alan-howard,alan-howard,0.0,59.0,hedge funds,Finance & Investments,M,United Kingdom,1681550402483,,,3580.0,833.0,833.0,//specials-images.forbesimg.com/imageserve/1c400b27776030240a1380c018559a12/416x416.jpg?background=000000&cropX1=0&cropX2=744&cropY1=31&cropY2=775,1288.0,1267.0,1700.0,"Founder, Brevan Howard Asset Management",False,300.0,
2128,Manuel Jove,Jove,manuel-jove,manuel-jove,,81.0,real estate,Real Estate,M,Spain,1588877416532,,,,,,//specials-images.forbesimg.com/imageserve/56cc1c31e4b062f6b59a4f50/416x416.jpg?background=000000&cropX1=103&cropX2=739&cropY1=0&cropY2=637,1289.0,1267.0,1700.0,,,,
2129,Baba Kalyani,Kalyani,baba-kalyani,baba-kalyani,0.0,74.0,engineering,Construction & Engineering,M,India,1681550402483,,,2398.492,1327.0,1327.0,https://specials-images.forbesimg.com/imageserve/615b208454b2c7e9a7f49baa/416x416.jpg?background=000000&cropX1=330&cropX2=1268&cropY1=195&cropY2=1132,1290.0,1267.0,1700.0,,,,
2130,Keeree Kanjanapas,Kanjanapas,keeree-kanjanapas,keeree-kanjanapas,0.0,72.0,transportation,Real Estate,M,Thailand,1681550402483,,,1698.847,1807.0,1807.0,https://specials-images.forbesimg.com/imageserve/5e780a6d10380d0006fbca70/416x416.jpg?background=000000&cropX1=700&cropX2=2099&cropY1=876&cropY2=2276,1291.0,1267.0,1700.0,,,,
2131,Mustafa Kucuk,Kucuk,mustafa-kucuk,no-pic,0.0,59.0,fashion retail,Fashion & Retail,M,Turkey,1681550402483,,,1661.235,1843.0,1843.0,//specials-images.forbesimg.com/imageserve/5a70e937a7ea43169012254c/416x416.jpg?background=000000&cropX1=81&cropX2=946&cropY1=460&cropY2=1325,1292.0,1267.0,1700.0,,,,
2132,Dominika Kulczyk,Kulczyk,dominika-kulczyk,no-pic-female,1.677,45.0,diversified,Finance & Investments,F,Poland,1681550402483,,,1953.244,1599.0,1599.0,https://specials-images.forbesimg.com/imageserve/642b3599641e50b0dfdeb16e/416x416.jpg?background=000000&cropX1=729&cropX2=1209&cropY1=1132&cropY2=1612,1293.0,1267.0,1700.0,,,,
2133,Lai Jianfa,Lai,lai-jianfa,no-pic,-6.345,53.0,express delivery,Logistics,M,China,1681550402483,,,1885.414,1647.0,1647.0,,1294.0,1267.0,1700.0,,,,
2134,Lai Jianping,Lai,jianping-lai,no-pic,-17.061,,soy sauce,Food & Beverage,M,China,1681550402483,,,2293.873,1382.0,1382.0,,1295.0,1267.0,1700.0,,,,
2135,Anthony Langley,Langley,anthony-langley,anthony-langley,0.0,68.0,manufacturing,Diversified,M,United Kingdom,1681550402483,,,1685.815,1821.0,1821.0,//specials-images.forbesimg.com/imageserve/56d867e1e4b0c144a7f6ab88/416x416.jpg?background=000000&cropX1=3&cropX2=744&cropY1=6&cropY2=747,1296.0,1267.0,1700.0,,,,
2136,Lau Cho Kun,Lau,lau-cho-kun,lau-cho-kun,5.953,87.0,"palm oil, property",Diversified,M,Malaysia,1681550402483,,,1612.532,1880.0,1880.0,https://specials-images.forbesimg.com/imageserve/6050f48ca1ab099ed6e290cc/416x416.jpg?background=000000&cropX1=0&cropX2=800&cropY1=0&cropY2=800,1297.0,1267.0,1700.0,,,,
2137,Jimmy John Liautaud,Liautaud,jimmy-john-liautaud,no-pic,0.0,59.0,sandwich chain,Food & Beverage,M,United States,1681550402483,FL,Florida,1700.0,1806.0,1806.0,//specials-images.forbesimg.com/imageserve/5bbf9b084bbe6f5889fca77a/416x416.jpg?background=000000&cropX1=995&cropX2=4824&cropY1=266&cropY2=4091,1298.0,1267.0,1700.0,,,,
2138,David Lichtenstein,Lichtenstein,david-lichtenstein,david-lichtenstein,0.0,61.0,real estate,Real Estate,M,United States,1681550402483,NY,New York,1875.0,1653.0,1653.0,//specials-images.forbesimg.com/imageserve/58c07bad4bbe6f0e558835c3/416x416.jpg?background=000000&cropX1=40&cropX2=683&cropY1=19&cropY2=662,1299.0,1267.0,1700.0,,,,
2139,Bill Liu,Liu,bill-liu,no-pic,,40.0,electronics,Technology,M,China,1604523252675,,,,,,https://specials-images.forbesimg.com/imageserve/6179620922c581143539f84e/416x416.jpg?background=000000&cropX1=289&cropX2=728&cropY1=5&cropY2=444,1300.0,1267.0,1700.0,,,,
2140,Lu Di,Lu,lu-di,no-pic,0.0,,drones,Technology,M,China,1681550402483,,,1680.0,1826.0,1826.0,,1301.0,1267.0,1700.0,,,,
2141,Samir Mehta,Mehta,samir-mehta,no-pic,0.0,59.0,"pharmaceuticals, power",Healthcare,M,India,1681550402483,,,3339.792,911.0,911.0,,1302.0,1267.0,1700.0,,,,
2142,Sudhir Mehta,Mehta,sudhir-mehta,sudhir-mehta,0.0,69.0,"pharmaceuticals, power",Healthcare,M,India,1681550402483,,,3339.853,910.0,910.0,,1303.0,1267.0,1700.0,,,,
2143,Miao Hangen,Miao,miao-hangen,miao-hangen,-11.288,58.0,"textiles, petrochemicals",Diversified,M,China,1681550402482,,,4980.318,566.0,566.0,https://specials-images.forbesimg.com/imageserve/6182c972d97d5ce24ce42480/416x416.jpg?background=000000&cropX1=663&cropX2=1956&cropY1=1466&cropY2=2760,1304.0,1267.0,1700.0,,,,
2144,Miao Yongjun,Miao,miao-yongjun,no-pic,-28.186,55.0,clinical diagnostics,Healthcare,M,China,1681550402483,,,1403.182,2106.0,2106.0,,1305.0,1267.0,1700.0,,,,
2145,Gary Michelson,Michelson,gary-michelson,gary-michelson,0.0,74.0,medical patents,Healthcare,M,United States,1681550402483,CA,California,1782.9,1732.0,1732.0,//specials-images.forbesimg.com/imageserve/5a84b50f31358e4955ad7bea/416x416.jpg?background=000000&cropX1=0&cropX2=1708&cropY1=114&cropY2=1823,1306.0,1267.0,1700.0,,,,
2146,Gail Miller,Miller,gail-miller,gail-miller,0.0,79.0,car dealerships,Automotive,F,United States,1681550402482,UT,Utah,4020.21,719.0,719.0,https://specials-images.forbesimg.com/imageserve/60f7355fc0b1bf1fe886f223/416x416.jpg?background=000000&cropX1=1864&cropX2=3045&cropY1=390&cropY2=1571,1307.0,1267.0,1700.0,,,,
2147,Vadim Moshkovich,Moshkovich,vadim-moshkovich,vadim-moshkovich,0.0,56.0,"agriculture, land",Food & Beverage,M,Russia,1681550402483,,,2261.839,1390.0,1390.0,//specials-images.forbesimg.com/imageserve/5e778f0210380d0006fbc07f/416x416.jpg?background=000000&cropX1=305&cropX2=2747&cropY1=53&cropY2=2494,1308.0,1267.0,1700.0,,,,
2148,Roberto Ongpin,Ongpin,roberto-ongpin,roberto-ongpin,,86.0,diversified,Diversified,M,Philippines,1600180485659,,,,,,//specials-images.forbesimg.com/imageserve/c0d4f1ff9a0d79b34b9afad599537fae/416x416.jpg?background=000000&cropX1=177&cropX2=559&cropY1=2&cropY2=384,1309.0,1267.0,1700.0,,,,
2149,Maren Otto,Otto,maren-otto,no-pic-female,-1.213,,"retail, real estate",Diversified,F,Germany,1681550402483,,,2878.597,1082.0,1082.0,//specials-images.forbesimg.com/imageserve/5e763039c7b02d000666c8e4/416x416.jpg?background=000000&cropX1=257&cropX2=1383&cropY1=6&cropY2=1132,1310.0,1267.0,1700.0,,,,
2150,Nihat Ozdemir,Ozdemir,nihat-ozdemir,nihat-ozdemir,0.0,73.0,diversified,Diversified,M,Turkey,1681550402483,,,2225.2,1412.0,1412.0,//specials-images.forbesimg.com/imageserve/5e77e30e10380d0006fbc84b/416x416.jpg?background=000000&cropX1=805&cropX2=2976&cropY1=76&cropY2=2246,1311.0,1267.0,1700.0,,,,
2151,Lee Paul,Paul,paul-lee-1,no-pic,45.95,65.0,packaging,Manufacturing,M,United States,1681550402482,,,4180.739,700.0,700.0,,1312.0,1267.0,1700.0,,,,
2152,Gregorio Perez Companc,Perez Companc,gregorio-perez-companc,gregorio-perez-companc,-3.843,87.0,oil & gas,Energy,M,Argentina,1681550402483,,,2928.168,1057.0,1057.0,https://specials-images.forbesimg.com/imageserve/603e8f5d4a2df75cef4fb25a/416x416.jpg?background=000000&cropX1=0&cropX2=800&cropY1=0&cropY2=800,1313.0,1267.0,1700.0,,,,
2153,Ajay Piramal,Piramal,ajay-piramal,ajay-piramal,0.0,67.0,pharmaceuticals,Healthcare,M,India,1681550402483,,,2910.023,1064.0,1064.0,//specials-images.forbesimg.com/imageserve/5e765d3810380d0006fbb1a9/416x416.jpg?background=000000&cropX1=648&cropX2=1642&cropY1=68&cropY2=1061,1314.0,1267.0,1700.0,,,,
2154,Julio Ponce Lerou,Ponce Lerou,julio-ponce-lerou,no-pic,91.991,77.0,fertilizer,Metals & Mining,M,Chile,1681550402483,,,3408.498,884.0,884.0,,1315.0,1267.0,1700.0,,,,
2155,Mahendra Prasad,Prasad,mahendra-prasad,no-pic,,83.0,pharmaceuticals,Healthcare,M,India,1602078842286,,,,,,https://specials-images.forbesimg.com/imageserve/6050f48ca1ab099ed6e290cc/416x416.jpg?background=000000&cropX1=0&cropX2=800&cropY1=0&cropY2=800,1316.0,1267.0,1700.0,,,,
2156,Phillip T. (Terry) Ragon,Ragon,phillip-t-terry-ragon,no-pic,0.0,73.0,health IT,Technology,M,United States,1681550402483,MA,Massachusetts,2218.478,1423.0,1423.0,//specials-images.forbesimg.com/imageserve/12cec189312ff7ec643365d00e008b56/416x416.jpg?background=000000&cropX1=0&cropX2=744&cropY1=47&cropY2=791,1317.0,1267.0,1700.0,,,,
2157,Mochtar Riady,Riady,mochtar-riady,mochtar-riady,-2.51,93.0,diversified,Diversified,M,Indonesia,1681550402483,,,1463.161,2048.0,2048.0,//specials-images.forbesimg.com/imageserve/5de28ddfea103f000653be8a/416x416.jpg?background=000000&cropX1=194&cropX2=2387&cropY1=228&cropY2=2421,1318.0,1267.0,1700.0,,,,
2158,Brian Roberts,Roberts,brian-roberts,brian-roberts,-3.466,63.0,Comcast,Service,M,United States,1681550402483,PA,Pennsylvania,1834.179,1696.0,1696.0,https://specials-images.forbesimg.com/imageserve/618be22a430d0dd3ba3b72d2/416x416.jpg?background=000000&cropX1=1050&cropX2=1670&cropY1=279&cropY2=898,1319.0,1267.0,1700.0,"CEO, Comcast",False,,
2159,Kjell Inge Rokke,Rokke,kjell-inge-rokke,kjell-inge-rokke,44.139,64.0,"shipping, seafood",Logistics,M,Norway,1681550402482,,,5209.953,533.0,533.0,//specials-images.forbesimg.com/imageserve/58a244daa7ea431f32197300/416x416.jpg?background=000000&cropX1=167&cropX2=573&cropY1=55&cropY2=461,1320.0,1267.0,1700.0,,,,
2160,"Karl Scheufele, III.",Scheufele,karl-scheufele-iii,karl-scheufele-iii,0.0,84.0,jewelry,Fashion & Retail,M,Switzerland,1681550402483,,,2227.723,1410.0,1410.0,//specials-images.forbesimg.com/imageserve/5c723ad731358e35dd270010/416x416.jpg?background=000000&cropX1=3&cropX2=1305&cropY1=14&cropY2=1317,1321.0,1267.0,1700.0,,,,
2161,Vivek Chaand Sehgal,Sehgal,vivek-chaand-sehgal,vivek-chaand-sehgal,0.0,66.0,auto parts,Automotive,M,Australia,1681550402483,,,2904.69,1071.0,1071.0,https://specials-images.forbesimg.com/imageserve/603eab25a5f320822476aba3/416x416.jpg?background=000000&cropX1=1222&cropX2=2117&cropY1=106&cropY2=1001,1322.0,1267.0,1700.0,,,,
2162,Shin Chang-jae,Shin,shin-chang-jae,shin-chang-jae,,69.0,insurance,Finance & Investments,M,South Korea,1594234215004,,,,,,https://specials-images.forbesimg.com/imageserve/60b125e1d0e7e6be96564f27/416x416.jpg?background=000000&cropX1=547&cropX2=985&cropY1=138&cropY2=575,1323.0,1267.0,1700.0,Kyobo Life Insurance,False,,
2163,Song Zuowen,Song,zuowen-song,zuowen-song,-11.915,76.0,"aluminum, diversified",Diversified,M,China,1681550402483,,,3475.737,863.0,863.0,https://specials-images.forbesimg.com/imageserve/6050f48ca1ab099ed6e290cc/416x416.jpg?background=000000&cropX1=0&cropX2=800&cropY1=0&cropY2=800,1324.0,1267.0,1700.0,,,,
2164,Jeffrey Talpins,Talpins,jeffrey-talpins,no-pic,0.0,48.0,hedge fund,Finance & Investments,M,United States,1681550402483,NY,New York,3302.0,920.0,920.0,,1325.0,1267.0,1700.0,"Founder, Element Capital Management",False,500.0,
2165,Lucio Tan,Tan,lucio-tan,lucio-tan,-19.928,88.0,diversified,Diversified,M,Philippines,1681550402483,,,2311.336,1375.0,1375.0,https://specials-images.forbesimg.com/imageserve/62f2d81178fba0f6ef60c8b6/416x416.jpg?background=000000&cropX1=0&cropX2=921&cropY1=1&cropY2=922,1326.0,1267.0,1700.0,,,,
2166,Tony Tan Caktiong,Tan Caktiong,tony-tan-caktiong,tony-tan-caktiong,8.962,70.0,food,Food & Beverage,M,Philippines,1681550402483,,,1129.777,2471.0,2471.0,//specials-images.forbesimg.com/imageserve/599b5d1b4bbe6f5997f04310/416x416.jpg?background=000000&cropX1=1131&cropX2=3022&cropY1=0&cropY2=1890,1327.0,1267.0,1700.0,,,,
2167,Wichai Thongtang,Thongtang,wichai-thongtang,wichai-thongtang,0.0,76.0,investments,Real Estate,M,Thailand,1681550402483,,,2058.91,1528.0,1528.0,https://specials-images.forbesimg.com/imageserve/60d9f1892014462fc79cb54d/416x416.jpg?background=000000&cropX1=0&cropX2=844&cropY1=0&cropY2=844,1328.0,1267.0,1700.0,,,,
2168,Luiza Helena Trajano,Trajano,luiza-helena-trajano,no-pic-female,-27.183,71.0,retail chain,Fashion & Retail,F,Brazil,1681550402483,,,1018.212,2622.0,2622.0,https://specials-images.forbesimg.com/imageserve/61aa9bde5d03d1003f204fe6/416x416.jpg?background=000000&cropX1=498&cropX2=2922&cropY1=0&cropY2=2422,1329.0,1267.0,1700.0,,,,
2169,Wang Wenbiao,Wang,wenbiao-wang,no-pic,,66.0,"natural gas, fertilizers",Manufacturing,M,China,1617670352108,,,,,,//specials-images.forbesimg.com/imageserve/5e7905cbd8e1ae0007b74c30/416x416.jpg?background=000000&cropX1=489&cropX2=1470&cropY1=43&cropY2=1025,1330.0,1267.0,1700.0,,,,
2170,Charlotte Colket Weber,Weber,charlotte-colket-weber,charlotte-colket-weber,-5.326,80.0,Campbell Soup,Food & Beverage,F,United States,1681550402483,FL,Florida,1919.257,1628.0,1628.0,//specials-images.forbesimg.com/imageserve/4261ede6963e00c839342eb5e764441c/416x416.jpg?background=000000&cropX1=5&cropX2=669&cropY1=21&cropY2=685,1331.0,1267.0,1700.0,"Director, Campbell Soup Co.",False,,
2171,David Wertheim,Wertheim,david-wertheim,no-pic,0.0,65.0,Coca Cola Israel,Food & Beverage,M,Israel,1681550402483,,,2074.406,1521.0,1521.0,,1332.0,1267.0,1700.0,,,,
2172,You Xiaoping,You,you-xiaoping,you-xiaoping,-54.59,65.0,"chemicals, spandex",Manufacturing,M,China,1681550402482,,,4449.334,639.0,639.0,https://specials-images.forbesimg.com/imageserve/6182e727ddb3f1de7de42480/416x416.jpg?background=000000&cropX1=600&cropX2=2620&cropY1=326&cropY2=2345,1333.0,1267.0,1700.0,,,,
2173,Yu Peidi,Yu,yu-peidi,yu-peidi,-2.03,63.0,real estate,Real Estate,M,Hong Kong,1681550402483,,,1428.741,2081.0,2081.0,https://specials-images.forbesimg.com/imageserve/6050f48ca1ab099ed6e290cc/416x416.jpg?background=000000&cropX1=0&cropX2=800&cropY1=0&cropY2=800,1334.0,1267.0,1700.0,,,,
2174,Semahat Sevim Arsel,Arsel,semahat-sevim-arsel,semahat-sevim-arsel,-4.694,94.0,diversified,Diversified,F,Turkey,1681550402483,,,2795.628,1123.0,1123.0,//specials-images.forbesimg.com/imageserve/5c725a27a7ea4310004353c6/416x416.jpg?background=000000&cropX1=164&cropX2=600&cropY1=31&cropY2=467,1335.0,1335.0,1600.0,,,,
2175,Angela Bennett,Bennett,angela-bennett,no-pic-female,0.0,79.0,mining,Metals & Mining,F,Australia,1681550402483,,,1480.003,2029.0,2029.0,https://specials-images.forbesimg.com/imageserve/6050f48ca1ab099ed6e290cc/416x416.jpg?background=000000&cropX1=0&cropX2=800&cropY1=0&cropY2=800,1336.0,1335.0,1600.0,,,,
2176,O. Francis Biondi,Biondi,o-francis-biondi,no-pic,0.0,58.0,hedge funds,Finance & Investments,M,United States,1681550402483,NY,New York,1800.0,1720.0,1723.0,,1337.0,1335.0,1600.0,,,,
2177,John Bloor,Bloor,john-bloor,no-pic,0.0,79.0,"real estate, manufacturing",Diversified,M,United Kingdom,1681550402483,,,1450.144,2064.0,2064.0,,1338.0,1335.0,1600.0,,,,
2178,J. Hyatt Brown,Brown,j-hyatt-brown,no-pic,-7.171,85.0,insurance,Finance & Investments,M,United States,1681550402483,FL,Florida,2315.656,1371.0,1371.0,,1339.0,1335.0,1600.0,,,,
2179,Thomas Bruch,Bruch,thomas-bruch,thomas-bruch,0.0,72.0,retail,Fashion & Retail,M,Germany,1681550402483,,,1104.728,2497.0,2497.0,//specials-images.forbesimg.com/imageserve/1edeb6db1484069b9169eba6abaacea4/416x416.jpg?background=000000&cropX1=5&cropX2=744&cropY1=6&cropY2=746,1340.0,1335.0,1600.0,,,,
2180,Chuck Bundrant,Bundrant,chuck-bundrant,no-pic,,81.0,fishing,Food & Beverage,M,United States,1634599697811,WA,Washington,,,,//specials-images.forbesimg.com/imageserve/5d8b3be018444200084e775a/416x416.jpg?background=000000&cropX1=546&cropX2=1455&cropY1=536&cropY2=1445,1341.0,1335.0,1600.0,,,,
2181,Herb Chambers,Chambers,herb-chambers,herb-chambers,0.0,81.0,car dealerships,Automotive,M,United States,1681550402483,MA,Massachusetts,2472.0,1281.0,1281.0,//specials-images.forbesimg.com/imageserve/5601a83fe4b0ffa7afe4f33d/416x416.jpg?background=000000&cropX1=163&cropX2=596&cropY1=124&cropY2=557,1342.0,1335.0,1600.0,,,,
2182,Chen Huwen,Chen,huwen-chen,no-pic,-0.333,52.0,stationery,Manufacturing,M,China,1681550402483,,,1876.277,1652.0,1652.0,,1343.0,1335.0,1600.0,,,,
2183,Chen Liying,Chen,liying-chen,no-pic-female,0.0,47.0,package delivery,Logistics,F,China,1681550402483,,,1075.576,2541.0,2541.0,,1344.0,1335.0,1600.0,,,,
2184,Chen Zhisong,Chen,chen-zhisong,no-pic,-15.273,57.0,communication equipment,Technology,M,China,1681550402483,,,1822.491,1699.0,1699.0,,1345.0,1335.0,1600.0,,,,
2185,Kiat Chiaravanont,Chiaravanont,kiat-chiaravanont,no-pic,,,diversified,Diversified,M,Thailand,1617670014285,,,,,,,1346.0,1335.0,1600.0,,,,
2186,Euisun Chung,Chung,euisun-chung,no-pic,-18.748,52.0,Hyundai,Logistics,M,South Korea,1681550402483,,,3053.957,1001.0,1001.0,https://specials-images.forbesimg.com/imageserve/625f1a39847f2f3b2226f9f0/416x416.jpg?background=000000&cropX1=0&cropX2=1933&cropY1=166&cropY2=2100,1347.0,1335.0,1600.0,Hyundai Motor,False,,
2187,Jack Cowin,Cowin,jack-cowin,jack-cowin,35.888,80.0,fast food,Food & Beverage,M,Australia,1681550402483,,,2886.036,1080.0,1080.0,https://specials-images.forbesimg.com/imageserve/63ea65d93566dd44e5ffa64a/416x416.jpg?background=000000&cropX1=614&cropX2=2964&cropY1=0&cropY2=2348,1348.0,1335.0,1600.0,,,,
2188,Luigi Cremonini,Cremonini,luigi-cremonini,luigi-cremonini,-1.483,83.0,meat processing,Food & Beverage,M,Italy,1681550402483,,,1058.964,2563.0,2563.0,//specials-images.forbesimg.com/imageserve/5c70d9664bbe6f79c54741d0/416x416.jpg?background=000000&cropX1=208&cropX2=2456&cropY1=557&cropY2=2805,1349.0,1335.0,1600.0,,,,
2189,"Edward DeBartolo, Jr.",DeBartolo,edward-debartolo-jr,edward-debartolo-jr,-13.8,76.0,shopping centers,Real Estate,M,United States,1681550402483,FL,Florida,3004.6,1023.0,1023.0,https://specials-images.forbesimg.com/imageserve/632cc5ab3b3068af937d2c2d/416x416.jpg?background=000000&cropX1=477&cropX2=900&cropY1=360&cropY2=783,1350.0,1335.0,1600.0,,,,
2190,Antonio Del Valle Ruiz,Del Valle Ruiz,antonio-del-valle-ruiz,antonio-del-valle-ruiz,-9.986,84.0,chemicals,Manufacturing,M,Mexico,1681550402483,,,3487.46,854.0,854.0,//specials-images.forbesimg.com/imageserve/5a7fca614bbe6f2652f53674/416x416.jpg?background=000000&cropX1=364&cropX2=2631&cropY1=4&cropY2=2272,1351.0,1335.0,1600.0,,,,
2191,Deng Wen,Deng,deng-wen,no-pic,-20.865,55.0,flavorings,Food & Beverage,M,China,1681550402483,,,2944.535,1051.0,1051.0,,1352.0,1335.0,1600.0,,,,
2192,Mohammed Dewji,Dewji,mohammed-dewji,mohammed-dewji,0.0,47.0,diversified,Diversified,M,Tanzania,1681550402483,,,1510.24,1983.0,1983.0,//specials-images.forbesimg.com/imageserve/5e77dd8710380d0006fbc7d0/416x416.jpg?background=000000&cropX1=2412&cropX2=4183&cropY1=331&cropY2=2103,1353.0,1335.0,1600.0,,,,
2193,Carl Douglas,Douglas,carl-douglas,no-pic,11.463,61.0,investments,Diversified,M,Sweden,1681550402483,,,2680.391,1189.0,1189.0,//specials-images.forbesimg.com/imageserve/5c72265e4bbe6f51818ab98c/416x416.jpg?background=000000&cropX1=17&cropX2=4690&cropY1=33&cropY2=4709,1354.0,1335.0,1600.0,,,,
2194,Eric Douglas,Douglas,eric-douglas,no-pic,11.624,54.0,investments,Diversified,M,Sweden,1681550402483,,,2703.251,1170.0,1170.0,,1355.0,1335.0,1600.0,,,,
2195,Alfredo Egydio Arruda Villela Filho,Egydio Arruda Villela Filho,alfredo-egydio-arruda-villela-filho,no-pic,8.763,53.0,banking,Finance & Investments,M,Brazil,1681550402483,,,1785.893,1729.0,1729.0,//specials-images.forbesimg.com/imageserve/5c6cc7cd31358e1c187f10bb/416x416.jpg?background=000000&cropX1=135&cropX2=1004&cropY1=3&cropY2=872,1356.0,1335.0,1600.0,,,,
2196,Walter Faria,Faria,walter-faria,walter-faria,,68.0,beer,Food & Beverage,M,Brazil,1617669904115,,,,,,https://specials-images.forbesimg.com/imageserve/603e8f5d4a2df75cef4fb25a/416x416.jpg?background=000000&cropX1=0&cropX2=800&cropY1=0&cropY2=800,1357.0,1335.0,1600.0,,,,
2197,Clement Fayat,Fayat,clement-fayat,no-pic,,91.0,construction,Construction & Engineering,M,France,1617670472592,,,,,,https://specials-images.forbesimg.com/imageserve/6050f48ca1ab099ed6e290cc/416x416.jpg?background=000000&cropX1=0&cropX2=800&cropY1=0&cropY2=800,1358.0,1335.0,1600.0,,,,
2198,Bernard Fraisse,Fraisse,bernard-fraisse,no-pic,0.0,66.0,pharmaceuticals,Healthcare,M,France,1681550402483,,,2695.537,1178.0,1178.0,https://specials-images.forbesimg.com/imageserve/6050f48ca1ab099ed6e290cc/416x416.jpg?background=000000&cropX1=0&cropX2=800&cropY1=0&cropY2=800,1359.0,1335.0,1600.0,,,,
2199,Valentin Gapontsev,Gapontsev,valentin-gapontsev,valentin-gapontsev,,84.0,lasers,Manufacturing,M,United States,1599249701405,MA,Massachusetts,,,,//specials-images.forbesimg.com/imageserve/5c76ea8131358e35dd277f34/416x416.jpg?background=000000&cropX1=2132&cropX2=4036&cropY1=610&cropY2=2513,1360.0,1335.0,1600.0,,,,
2200,Sam Goi,Goi,sam-goi,sam-goi,-0.321,76.0,frozen foods,Food & Beverage,M,Singapore,1681550402483,,,3084.505,990.0,990.0,//specials-images.forbesimg.com/imageserve/5a80f48da7ea431690133ed6/416x416.jpg?background=000000&cropX1=2618&cropX2=4474&cropY1=500&cropY2=2356,1361.0,1335.0,1600.0,,,,
2201,Sergei Gordeev,Gordeev,sergei-gordeev,no-pic,0.0,50.0,real estate,Real Estate,M,Russia,1681550402483,,,3138.542,972.0,972.0,//specials-images.forbesimg.com/imageserve/58a397fa31358e1a35ab6448/416x416.jpg?background=000000&cropX1=0&cropX2=739&cropY1=119&cropY2=859,1362.0,1335.0,1600.0,,,,
2202,Shmuel Harlap,Harlap,shmuel-harlap,no-pic,0.0,78.0,automotive,Automotive,M,Israel,1681550402483,,,2171.811,1462.0,1462.0,//specials-images.forbesimg.com/imageserve/5a90cc2ca7ea434a0c272532/416x416.jpg?background=000000&cropX1=27&cropX2=4254&cropY1=528&cropY2=4757,1363.0,1335.0,1600.0,,,,
2203,Bill Haslam,Haslam,bill-haslam,bill-haslam,0.0,64.0,gas stations,Fashion & Retail,M,United States,1681550402483,TN,Tennessee,2485.801,1273.0,1273.0,//specials-images.forbesimg.com/imageserve/5a8deca3a7ea431690140e2c/416x416.jpg?background=000000&cropX1=620&cropX2=1454&cropY1=82&cropY2=916,1364.0,1335.0,1600.0,,,,
2204,Brian Higgins,Higgins,brian-higgins,no-pic,0.0,58.0,hedge funds,Finance & Investments,M,United States,1681550402483,NY,New York,1800.0,1720.0,1720.0,,1365.0,1335.0,1600.0,"Co-Founder, King Street Capital Management",False,,
2205,J. Tomilson Hill,Hill,j-tomilson-hill,j-tomilson-hill,15.15,74.0,investments,Finance & Investments,M,United States,1681550402483,NY,New York,2566.3,1235.0,1235.0,//specials-images.forbesimg.com/imageserve/5a908f074bbe6f0fa82668a3/416x416.jpg?background=000000&cropX1=1033&cropX2=1968&cropY1=144&cropY2=1080,1366.0,1335.0,1600.0,,,,
2206,Asok Kumar Hiranandani,Hiranandani,asok-kumar-hiranandani,asok-kumar-hiranandani,0.0,68.0,real estate,Real Estate,M,Singapore,1681550402483,,,1724.289,1789.0,1789.0,https://specials-images.forbesimg.com/imageserve/61115e4fe1be2f8419419c4e/416x416.jpg?background=000000&cropX1=0&cropX2=322&cropY1=254&cropY2=576,1367.0,1335.0,1600.0,,,,
2207,Lawrence Ho,Ho,lawrence-ho,lawrence-ho,-3.384,46.0,casinos,Gambling & Casinos,M,Hong Kong,1681550402483,,,1240.475,2310.0,2310.0,https://specials-images.forbesimg.com/imageserve/620d3da910597db10b14ade6/416x416.jpg?background=000000&cropX1=1664&cropX2=3414&cropY1=221&cropY2=1971,1368.0,1335.0,1600.0,,,,
2208,Jiang Yehua,Jiang,jiang-yehua,jiang-yehua,,60.0,real estate,Real Estate,M,China,1604523222775,,,,,,//specials-images.forbesimg.com/imageserve/5e754a1a10380d0006bdcbc3/416x416.jpg?background=000000&cropX1=148&cropX2=1245&cropY1=48&cropY2=1145,1369.0,1335.0,1600.0,,,,
2209,Jin Lei,Jin,lei-jin,no-pic,-4.334,57.0,pharmaceuticals,Healthcare,M,China,1681550402483,,,1694.723,1812.0,1812.0,,1370.0,1335.0,1600.0,,,,
2210,Alexander Klyachin,Klyachin,alexander-klyachin,no-pic,0.0,55.0,real estate,Real Estate,M,Russia,1681550402483,,,1348.901,2170.0,2170.0,//specials-images.forbesimg.com/imageserve/5e777116c7b02d000666d6ff/416x416.jpg?background=000000&cropX1=441&cropX2=1351&cropY1=112&cropY2=1022,1371.0,1335.0,1600.0,,,,
2211,Lam Kong,Lam,lam-kong,lam-kong,-5.794,58.0,pharmaceuticals,Healthcare,M,China,1681550402483,,,2497.737,1265.0,1265.0,https://specials-images.forbesimg.com/imageserve/6050f48ca1ab099ed6e290cc/416x416.jpg?background=000000&cropX1=0&cropX2=800&cropY1=0&cropY2=800,1372.0,1335.0,1600.0,,,,
2212,Lee Joong-keun,Lee,lee-joong-keun,lee-joong-keun,0.0,82.0,"construction, real estate",Construction & Engineering,M,South Korea,1681550402483,,,1129.749,2472.0,2472.0,//specials-images.forbesimg.com/imageserve/5c71ffac4bbe6f51818ab6ca/416x416.jpg?background=000000&cropX1=174&cropX2=1016&cropY1=15&cropY2=857,1373.0,1335.0,1600.0,Booyoung Group,False,,
2213,Li Li,Li,li-li-2,li-li-2,0.0,59.0,pharmaceuticals,Healthcare,M,China,1681550402483,,,1232.503,2325.0,2325.0,https://specials-images.forbesimg.com/imageserve/6050f48ca1ab099ed6e290cc/416x416.jpg?background=000000&cropX1=0&cropX2=800&cropY1=0&cropY2=800,1374.0,1335.0,1600.0,,,,
2214,Li Weiguo,Li,li-weiguo,no-pic,-10.692,58.0,construction materials,Manufacturing,M,China,1681550402483,,,2853.544,1095.0,1095.0,//specials-images.forbesimg.com/imageserve/5a8df8614bbe6f2652f62c5c/416x416.jpg?background=000000&cropX1=19&cropX2=2906&cropY1=905&cropY2=3794,1375.0,1335.0,1600.0,,,,
2215,Liang Feng,Liang,liang-feng,no-pic,34.431,54.0,manufacturing,Manufacturing,M,China,1681550402483,,,3464.14,867.0,867.0,https://specials-images.forbesimg.com/imageserve/6050f48ca1ab099ed6e290cc/416x416.jpg?background=000000&cropX1=0&cropX2=800&cropY1=0&cropY2=800,1376.0,1335.0,1600.0,,,,
2216,Lin Chen-hai,Lin,lin-chen-hai,no-pic,-14.733,76.0,real estate,Real Estate,M,Taiwan,1681550402483,,,2794.924,1125.0,1125.0,https://specials-images.forbesimg.com/imageserve/63a0ca7549b4b4d012f318fb/416x416.jpg?background=000000&cropX1=272&cropX2=959&cropY1=178&cropY2=866,1377.0,1335.0,1600.0,,,,
2217,Lin Zhijun,Lin,lin-zhijun,no-pic,6.665,47.0,medical devices,Healthcare,M,China,1681550402483,,,1028.337,2607.0,2607.0,,1378.0,1335.0,1600.0,,,,
2218,Lin Zhixiong,Lin,lin-zhixiong,no-pic,6.806,49.0,medical devices,Healthcare,M,China,1681550402483,,,1070.919,2545.0,2545.0,,1379.0,1335.0,1600.0,,,,
2219,Catherine Lozick,Lozick,catherine-lozick,no-pic-female,0.0,77.0,valve manufacturing,Manufacturing,F,United States,1681550402483,FL,Florida,2416.3,1314.0,1314.0,,1380.0,1335.0,1600.0,,,,
2220,Kalanithi Maran,Maran,kalanithi-maran,kalanithi-maran,0.0,57.0,media,Media & Entertainment,M,India,1681550402483,,,2326.672,1365.0,1365.0,https://specials-images.forbesimg.com/imageserve/615b2ce02324216fa0fe0d6d/416x416.jpg?background=000000&cropX1=164&cropX2=1058&cropY1=91&cropY2=986,1381.0,1335.0,1600.0,,,,
2221,Harsh Mariwala,Mariwala,harsh-mariwala,harsh-mariwala,0.0,71.0,consumer goods,Food & Beverage,M,India,1681550402483,,,2896.697,1074.0,1074.0,//specials-images.forbesimg.com/imageserve/59cc09d2a7ea434a34f46b80/416x416.jpg?background=000000&cropX1=1069&cropX2=3709&cropY1=17&cropY2=2658,1382.0,1335.0,1600.0,,,,
2222,Romano Minozzi,Minozzi,romano-minozzi,no-pic,-32.353,88.0,"utilities, diversified",Diversified,M,Italy,1681550402483,,,1714.953,1796.0,1796.0,,1383.0,1335.0,1600.0,,,,
2223,Charles Munger,Munger,charles-munger,charles-munger,20.76,99.0,Berkshire Hathaway,Finance & Investments,M,United States,1681550402483,CA,California,2390.65,1337.0,1337.0,//specials-images.forbesimg.com/imageserve/88da1feb2b57450c4b7fe5a4423a1f8d/416x416.jpg?background=000000&cropX1=53&cropX2=721&cropY1=16&cropY2=685,1384.0,1335.0,1600.0,"Vice Chairman, Berkshire Hathaway Inc. (Cl A)",False,,
2224,Nan Cunhui,Nan,cunhui-nan,no-pic,0.752,59.0,power equipment,Manufacturing,M,China,1681550402483,,,1895.575,1642.0,1642.0,https://specials-images.forbesimg.com/imageserve/60bfc4a039671e95929b077f/416x416.jpg?background=000000&cropX1=1274&cropX2=2298&cropY1=769&cropY2=1793,1385.0,1335.0,1600.0,,,,
2225,Nelson Peltz,Peltz,nelson-peltz,nelson-peltz,-1.021,80.0,investments,Finance & Investments,M,United States,1681550402483,NY,New York,1491.639,2015.0,2015.0,//specials-images.forbesimg.com/imageserve/5a8ee57ca7ea4316901419c6/416x416.jpg?background=000000&cropX1=373&cropX2=1209&cropY1=142&cropY2=979,1386.0,1335.0,1600.0,"Founder, Trian Fund Management",False,,
2226,Markus Persson,Persson,markus-persson,markus-persson,0.0,43.0,computer games,Media & Entertainment,M,Sweden,1681550402483,,,1286.622,2254.0,2254.0,//specials-images.forbesimg.com/imageserve/5c7227ada7ea4310004351c2/416x416.jpg?background=000000&cropX1=680&cropX2=2462&cropY1=560&cropY2=2343,1387.0,1335.0,1600.0,,,,
2227,Candido Pinheiro Koren de Lima,Pinheiro Koren de Lima,candido-pinheiro-koren-de-lima,no-pic,,76.0,"hospitals, health insurance",Healthcare,M,Brazil,1617669791204,,,,,,,1388.0,1335.0,1600.0,,,,
2228,P.P. Reddy,Reddy,pp-reddy,no-pic,0.0,65.0,infrastructure,Construction & Engineering,M,India,1681550402483,,,2057.475,1529.0,1529.0,//specials-images.forbesimg.com/imageserve/5c7feb8131358e35dd282c71/416x416.jpg?background=000000&cropX1=1629&cropX2=3369&cropY1=836&cropY2=2575,1389.0,1335.0,1600.0,,,,
2229,P.V.Krishna Reddy,Reddy,pv-krishna-reddy,no-pic,0.0,53.0,infrastructure,Construction & Engineering,M,India,1681550402483,,,1976.789,1586.0,1586.0,//specials-images.forbesimg.com/imageserve/5c7ff64c31358e35dd282e1b/416x416.jpg?background=000000&cropX1=1714&cropX2=4680&cropY1=514&cropY2=3478,1390.0,1335.0,1600.0,,,,
2230,Matthias Reinhart,Reinhart,matthias-reinhart,matthias-reinhart,129.176,63.0,finance,Finance & Investments,M,Switzerland,1681550402483,,,2778.065,1131.0,1131.0,//specials-images.forbesimg.com/imageserve/58a1dfaa4bbe6f0e5586a999/416x416.jpg?background=000000&cropX1=3&cropX2=744&cropY1=97&cropY2=838,1391.0,1335.0,1600.0,,,,
2231,Chad Richison,Richison,chad-richison,no-pic,1.493,52.0,payroll processing,Technology,M,United States,1681550402483,OK,Oklahoma,2429.82,1305.0,1305.0,//specials-images.forbesimg.com/imageserve/5bbbc6bc31358e4b20817602/416x416.jpg?background=000000&cropX1=0&cropX2=2048&cropY1=182&cropY2=2231,1392.0,1335.0,1600.0,,,,
2232,Ivan Savvidis,Savvidis,ivan-savvidis,no-pic,0.0,64.0,agribusiness,Diversified,M,Russia,1681550402483,,,1694.811,1811.0,1811.0,//specials-images.forbesimg.com/imageserve/5e777ee0c7b02d000666d7e9/416x416.jpg?background=000000&cropX1=579&cropX2=2273&cropY1=21&cropY2=1716,1393.0,1335.0,1600.0,,,,
2233,Maria-Elisabeth Schaeffler-Thumann,Schaeffler-Thumann,maria-elisabeth-schaeffler-thumann,no-pic-female,49.692,81.0,auto parts,Automotive,F,Germany,1681550402483,,,2652.256,1201.0,1201.0,//specials-images.forbesimg.com/imageserve/5e7630f7d8e1ae0007b71bff/416x416.jpg?background=000000&cropX1=289&cropX2=971&cropY1=17&cropY2=699,1394.0,1335.0,1600.0,,,,
2234,Antonio Luiz Seabra,Seabra,antonio-luiz-seabra,antonio-luiz-seabra,-5.448,80.0,cosmetics,Fashion & Retail,M,Brazil,1681550402483,,,1211.705,2354.0,2354.0,//specials-images.forbesimg.com/imageserve/5e74234007adf00006db9e3e/416x416.jpg?background=000000&cropX1=1239&cropX2=3466&cropY1=183&cropY2=2410,1395.0,1335.0,1600.0,,,,
2235,Martin Selig,Selig,martin-selig,no-pic,0.0,85.0,real estate,Real Estate,M,United States,1681550402483,WA,Washington,1390.01,2116.0,2116.0,//specials-images.forbesimg.com/imageserve/5a88d4274bbe6f2652f5d94e/416x416.jpg?background=000000&cropX1=21&cropX2=620&cropY1=33&cropY2=632,1396.0,1335.0,1600.0,,,,
2236,Yuri Shefler,Shefler,yuri-shefler,yuri-shefler,0.0,55.0,alcohol,Food & Beverage,M,Russia,1681550402483,,,1598.0,1894.0,1894.0,//specials-images.forbesimg.com/imageserve/5c71c6944bbe6f24567aecee/416x416.jpg?background=000000&cropX1=7&cropX2=943&cropY1=0&cropY2=935,1397.0,1335.0,1600.0,,,,
2237,Neil Shen,Shen,neil-shen,neil-shen,-14.606,55.0,venture capital,Finance & Investments,M,Hong Kong,1681550402483,,,3241.082,939.0,939.0,https://specials-images.forbesimg.com/imageserve/624ef558d1369aee3936cc1b/416x416.jpg?background=000000&cropX1=96&cropX2=1883&cropY1=272&cropY2=2060,1398.0,1335.0,1600.0,"Founding Managing Partner, Sequoia China",False,,
2238,Shi Wen-long,Shi,shi-wen-long,shi-wen-long,0.0,95.0,plastics,Manufacturing,M,Taiwan,1681550402483,,,1938.218,1613.0,1613.0,https://specials-images.forbesimg.com/imageserve/6091cc3d93e0d10c2f9d4448/416x416.jpg?background=000000&cropX1=7&cropX2=2516&cropY1=0&cropY2=2509,1399.0,1335.0,1600.0,,,,
2239,Evgeny (Eugene) Shvidler,Shvidler,evgeny-eugene-shvidler,evgeny-eugene-shvidler,182.041,59.0,"oil & gas, investments",Energy,M,United States,1681550402483,,,1732.376,1781.0,1781.0,//specials-images.forbesimg.com/imageserve/56d0cda7e4b0c144a7f65cb5/416x416.jpg?background=000000&cropX1=0&cropX2=744&cropY1=48&cropY2=792,1400.0,1335.0,1600.0,,,,
2240,Peter Sondakh,Sondakh,peter-sondakh,peter-sondakh,13.445,73.0,investments,Finance & Investments,M,Indonesia,1681550402483,,,1927.028,1620.0,1620.0,//specials-images.forbesimg.com/imageserve/5c09702ca7ea437059198481/416x416.jpg?background=000000&cropX1=40&cropX2=1486&cropY1=463&cropY2=1908,1401.0,1335.0,1600.0,,,,
2241,Thomas Steyer,Steyer,thomas-steyer,thomas-steyer,0.0,65.0,hedge funds,Finance & Investments,M,United States,1681550402483,CA,California,1500.0,1997.0,2005.0,//specials-images.forbesimg.com/imageserve/5a8f089e31358e79a289ff38/416x416.jpg?background=000000&cropX1=543&cropX2=2766&cropY1=445&cropY2=2667,1402.0,1335.0,1600.0,,,,
2242,Elizabeth Sy,Sy,elizabeth-sy,no-pic-female,43.383,70.0,diversified,Diversified,F,Philippines,1681550402483,,,1952.03,1601.0,1601.0,,1403.0,1335.0,1600.0,,,,
2243,Oleg Tinkov,Tinkov,oleg-tinkov,oleg-tinkov,,55.0,banking,Finance & Investments,M,Russia,1617669703646,,,,,,https://specials-images.forbesimg.com/imageserve/622919bd708238de267a7528/416x416.jpg?background=000000&cropX1=440&cropX2=1861&cropY1=451&cropY2=1874,1404.0,1335.0,1600.0,,,,
2244,Sunil Vaswani,Vaswani,sunil-vaswani,sunil-vaswani,,59.0,diversified,Diversified,M,United Kingdom,1586220729085,,,,,,https://specials-images.forbesimg.com/imageserve/5ab944eda7ea432fbc1d2d9c/416x416.jpg?background=000000&cropX1=0&cropX2=400&cropY1=0&cropY2=400,1405.0,1335.0,1600.0,,,,
2245,Sandro Veronesi,Veronesi,sandro-veronesi,sandro-veronesi,35.437,63.0,fashion,Fashion & Retail,M,Italy,1681550402483,,,1307.093,2219.0,2219.0,//specials-images.forbesimg.com/imageserve/5e76db69d8e1ae0007b726aa/416x416.jpg?background=000000&cropX1=170&cropX2=1398&cropY1=13&cropY2=1241,1406.0,1335.0,1600.0,,,,
2246,Jitendra Virwani,Virwani,jitendra-virwani,jitendra-virwani,0.0,57.0,real estate,Real Estate,M,India,1681550402483,,,1900.178,1637.0,1637.0,https://specials-images.forbesimg.com/imageserve/6345d924439e23240cde06a9/416x416.jpg?background=000000&cropX1=2847&cropX2=4833&cropY1=878&cropY2=2863,1407.0,1335.0,1600.0,,,,
2247,Wang Changtian,Wang,wang-changtian,wang-changtian,-2.06,57.0,"TV, movie production",Media & Entertainment,M,China,1681550402483,,,2173.698,1458.0,1458.0,https://specials-images.forbesimg.com/imageserve/6050f48ca1ab099ed6e290cc/416x416.jpg?background=000000&cropX1=0&cropX2=800&cropY1=0&cropY2=800,1408.0,1335.0,1600.0,,,,
2248,Anthony Wood,Wood,anthony-wood,no-pic,-28.49,57.0,Roku,Technology,M,United States,1681550402483,CA,California,1648.139,1852.0,1852.0,//specials-images.forbesimg.com/imageserve/5c743514a7ea4310004380ec/416x416.jpg?background=000000&cropX1=352&cropX2=2081&cropY1=0&cropY2=1728,1409.0,1335.0,1600.0,,,,
2249,Wu Yulan,Wu,wu-yulan,no-pic-female,0.0,53.0,pharmaceuticals,Healthcare,F,China,1681550402483,,,1618.314,1876.0,1876.0,,1410.0,1335.0,1600.0,,,,
2250,Wu Zhongyi,Wu,zhongyi-wu,no-pic,-12.834,49.0,electronics,Technology,M,China,1681550402483,,,1521.655,1970.0,1970.0,,1411.0,1335.0,1600.0,,,,
2251,Xu Xudong,Xu,xu-xudong,no-pic,46.546,53.0,auto parts,Automotive,M,China,1681550402483,,,2172.287,1461.0,1461.0,,1412.0,1335.0,1600.0,,,,
2252,Yi Xianzhong,Yi,yi-xianzhong,yi-xianzhong,60.755,63.0,pharmaceuticals,Healthcare,M,China,1681550402483,,,1248.558,2303.0,2303.0,,1413.0,1335.0,1600.0,,,,
2253,Yu Huijiao,Yu,huijiao-yu,no-pic,-14.165,57.0,package delivery,Logistics,M,China,1681550402483,,,2332.819,1360.0,1360.0,https://specials-images.forbesimg.com/imageserve/6050f48ca1ab099ed6e290cc/416x416.jpg?background=000000&cropX1=0&cropX2=800&cropY1=0&cropY2=800,1414.0,1335.0,1600.0,"Founder and Chairman, Shanghai YTO Express (Logistics)",False,,
2254,Marcel Adams,Adams,marcel-adams,marcel-adams,,102.0,real estate,Real Estate,M,Canada,1611252415211,,,,,,https://specials-images.forbesimg.com/imageserve/61a52212402ed8086d7a1ac9/416x416.jpg?background=000000&cropX1=0&cropX2=800&cropY1=0&cropY2=800,1415.0,1415.0,1500.0,"Founder, Iberville Development Limited",False,,
2255,Somphote Ahunai,Ahunai,somphote-ahunai,somphote-ahunai,0.0,55.0,renewable energy,Energy,M,Thailand,1681550402483,,,3497.211,853.0,853.0,//specials-images.forbesimg.com/imageserve/5e865d3910005200067de785/416x416.jpg?background=000000&cropX1=789&cropX2=2433&cropY1=802&cropY2=2446,1416.0,1415.0,1500.0,,,,
2256,Hamdi Akin,Akin,hamdi-akin,no-pic,-5.593,68.0,diversified,Diversified,M,Turkey,1681550402483,,,1358.34,2157.0,2157.0,//specials-images.forbesimg.com/imageserve/5e77e164c7b02d000666e0aa/416x416.jpg?background=000000&cropX1=37&cropX2=1079&cropY1=181&cropY2=1223,1417.0,1415.0,1500.0,,,,
2257,Nigel Austin,Austin,nigel-austin,no-pic,0.0,52.0,retail,Fashion & Retail,M,Australia,1681550402483,,,1443.838,2070.0,2070.0,//specials-images.forbesimg.com/imageserve/591c5aec4bbe6f1b730a5377/416x416.jpg?background=000000&cropX1=414&cropX2=866&cropY1=103&cropY2=555,1418.0,1415.0,1500.0,,,,
2258,Louis Bacon,Bacon,louis-bacon,louis-bacon,0.0,66.0,hedge funds,Finance & Investments,M,United States,1681550402483,NY,New York,1600.0,1888.0,1889.0,//specials-images.forbesimg.com/imageserve/5a8ede9131358e4955ae08e1/416x416.jpg?background=000000&cropX1=171&cropX2=2280&cropY1=189&cropY2=2298,1419.0,1415.0,1500.0,"Founder, Moore Capital Management, LP",False,,
2259,Bang Jun-hyuk,Bang,bang-jun-hyuk,no-pic,-18.983,54.0,online gaming,Technology,M,South Korea,1681550402483,,,1137.774,2458.0,2458.0,https://specials-images.forbesimg.com/imageserve/60b1244847392947cd5f6bbe/416x416.jpg?background=000000&cropX1=0&cropX2=744&cropY1=122&cropY2=866,1420.0,1415.0,1500.0,,,,
2260,Harindarpal Banga,Banga,harindarpal-banga,harindarpal-banga,0.0,72.0,commodities,Finance & Investments,M,India,1681550402483,,,2698.836,1175.0,1175.0,//specials-images.forbesimg.com/imageserve/5e768b1210380d0006fbb3d1/416x416.jpg?background=000000&cropX1=931&cropX2=3496&cropY1=63&cropY2=2627,1421.0,1415.0,1500.0,,,,
2261,Nicolas Berggruen,Berggruen,nicolas-berggruen,nicolas-berggruen,0.0,61.0,investments,Finance & Investments,M,United States,1681550402483,CA,California,3050.0,1004.0,1004.0,https://specials-images.forbesimg.com/imageserve/632cd14fe06f3f48e97d2c2f/416x416.jpg?background=000000&cropX1=555&cropX2=1988&cropY1=205&cropY2=1639,1422.0,1415.0,1500.0,,,,
2262,Leonid Boguslavsky,Boguslavsky,leonid-boguslavsky,leonid-boguslavsky,-16.627,71.0,venture capital,Finance & Investments,M,Russia,1681550402483,,,3574.827,834.0,834.0,//specials-images.forbesimg.com/imageserve/5e777f4c10380d0006fbbe73/416x416.jpg?background=000000&cropX1=1416&cropX2=4639&cropY1=0&cropY2=3221,1423.0,1415.0,1500.0,,,,
2263,Ahmet Calik,Calik,ahmet-calik,ahmet-calik,0.0,65.0,"energy, banking, construction",Diversified,M,Turkey,1681550402483,,,1516.6,1973.0,1973.0,//specials-images.forbesimg.com/imageserve/5e77de68d8e1ae0007b73860/416x416.jpg?background=000000&cropX1=1616&cropX2=2709&cropY1=60&cropY2=1152,1424.0,1415.0,1500.0,,,,
2264,Cao Ji,Cao,cao-ji,no-pic,84.984,71.0,manufacturing,Manufacturing,M,China,1681550402483,,,1901.198,1635.0,1635.0,,1425.0,1415.0,1500.0,,,,
2265,Chan Tan Ching-fen,Chan,chan-tan-ching-fen,no-pic-female,-4.314,,real estate,Real Estate,F,Hong Kong,1681550402483,,,3035.52,1011.0,1011.0,,1426.0,1415.0,1500.0,,,,
2266,Chen Fashu,Chen,fashu-chen,fashu-chen,-12.034,62.0,investments,Finance & Investments,M,China,1681550402483,,,3557.378,839.0,839.0,https://specials-images.forbesimg.com/imageserve/5a061a6b31358e542c051d52/416x416.jpg?background=000000&cropX1=666&cropX2=2508&cropY1=210&cropY2=2051,1427.0,1415.0,1500.0,,,,
2267,Chen Huxiong,Chen,huxiong-chen,no-pic,-0.331,52.0,stationery,Manufacturing,M,China,1681550402483,,,1738.446,1776.0,1776.0,,1428.0,1415.0,1500.0,,,,
2268,Chey Tae-won,Chey,chey-tae-won,chey-tae-won,17.373,62.0,"oil, semiconductor",Telecom,M,South Korea,1681550402483,,,1671.523,1836.0,1836.0,//specials-images.forbesimg.com/imageserve/5d25f0544c687b00085c3ef0/416x416.jpg?background=000000&cropX1=651&cropX2=3409&cropY1=1106&cropY2=3866,1429.0,1415.0,1500.0,SK Holdings,False,,
2269,Ivan Chrenko,Chrenko,ivan-chrenko,no-pic,0.0,55.0,real estate,Real Estate,M,Slovakia,1681550402483,,,1674.768,1830.0,1830.0,//specials-images.forbesimg.com/imageserve/5c71f307a7ea431000434ea4/416x416.jpg?background=000000&cropX1=132&cropX2=612&cropY1=2&cropY2=481,1430.0,1415.0,1500.0,,,,
2270,Jacques D'Amours,D'Amours,jacques-damours,no-pic,10.254,66.0,retail,Fashion & Retail,M,Canada,1681550402483,,,3207.523,949.0,949.0,,1431.0,1415.0,1500.0,"Vice President and Cofounder, Alimentation Couche Tard Inc. Cl A",False,,
2271,Kommer Damen,Damen,kommer-damen,kommer-damen,0.0,79.0,shipbuilding,Manufacturing,M,Netherlands,1681550402483,,,1971.111,1591.0,1591.0,//specials-images.forbesimg.com/imageserve/58a241e3a7ea431f321972d9/416x416.jpg?background=000000&cropX1=0&cropX2=744&cropY1=356&cropY2=1100,1432.0,1415.0,1500.0,,,,
2272,Ana Lucia de Mattos Barretto Villela,de Mattos Barretto Villela,ana-lucia-de-mattos-barretto-villela,no-pic-female,8.891,49.0,banking,Finance & Investments,F,Brazil,1681550402483,,,1766.282,1750.0,1750.0,//specials-images.forbesimg.com/imageserve/5e7422c310380d0006bdac2a/416x416.jpg?background=000000&cropX1=176&cropX2=2832&cropY1=268&cropY2=2925,1433.0,1415.0,1500.0,,,,
2273,D. Leopoldo Del Pino,Del Pino,d-leopoldo-del-pino,no-pic,6.279,60.0,construction,Construction & Engineering,M,Spain,1681550402483,,,1902.4,1633.0,1633.0,,1434.0,1415.0,1500.0,,,,
2274,Stephen Feinberg,Feinberg,stephen-feinberg,no-pic,0.0,63.0,private equity,Finance & Investments,M,United States,1681550402483,NY,New York,3750.564,789.0,789.0,//specials-images.forbesimg.com/imageserve/5898b33e31358e590cda3d77/416x416.jpg?background=000000&cropX1=55&cropX2=744&cropY1=26&cropY2=716,1435.0,1415.0,1500.0,"Co-founder and CEO, Cerberus Capital Management",False,,
2275,"Frank Fertitta, III.",Fertitta,frank-fertitta-iii,frank-fertitta-iii,-4.703,61.0,"casinos, mixed martial arts",Sports,M,United States,1681550402483,NV,Nevada,2739.875,1149.0,1149.0,//specials-images.forbesimg.com/imageserve/5ba67c214bbe6f79516f6c10/416x416.jpg?background=000000&cropX1=105&cropX2=676&cropY1=151&cropY2=722,1436.0,1415.0,1500.0,,,,
2276,Lorenzo Fertitta,Fertitta,lorenzo-fertitta,lorenzo-fertitta,-4.703,54.0,"casinos, mixed martial arts",Sports,M,United States,1681550402483,NV,Nevada,2761.675,1139.0,1139.0,//specials-images.forbesimg.com/imageserve/5ba67eaea7ea434e4c696e8e/416x416.jpg?background=000000&cropX1=37&cropX2=587&cropY1=174&cropY2=724,1437.0,1415.0,1500.0,,,,
2277,Abhay Firodia,Firodia,abhay-firodia,abhay-firodia,0.0,78.0,automobiles,Automotive,M,India,1681550402483,,,2791.06,1128.0,1128.0,https://specials-images.forbesimg.com/imageserve/5d9f59e9793bd50006ea45cd/416x416.jpg?background=000000&cropX1=411&cropX2=707&cropY1=27&cropY2=323,1438.0,1415.0,1500.0,,,,
2278,Phillip Frost,Frost,phillip-frost,phillip-frost,-13.28,86.0,pharmaceuticals,Healthcare,M,United States,1681550402483,FL,Florida,1870.197,1662.0,1662.0,//specials-images.forbesimg.com/imageserve/5ba59e7c4bbe6f79516f67c1/416x416.jpg?background=000000&cropX1=139&cropX2=990&cropY1=21&cropY2=872,1439.0,1415.0,1500.0,,,,
2279,Yasuhiro Fukushima,Fukushima,yasuhiro-fukushima,yasuhiro-fukushima,6.885,75.0,video games,Media & Entertainment,M,Japan,1681550402483,,,1725.054,1788.0,1788.0,//specials-images.forbesimg.com/imageserve/5c70e72c31358e35dd26ee51/416x416.jpg?background=000000&cropX1=60&cropX2=566&cropY1=2&cropY2=508,1440.0,1415.0,1500.0,,,,
2280,Mario Gabelli,Gabelli,mario-gabelli,mario-gabelli,12.456,81.0,money management,Finance & Investments,M,United States,1681550402483,CT,Connecticut,1682.167,1823.0,1823.0,//specials-images.forbesimg.com/imageserve/5a8ee00ca7ea43169014191b/416x416.jpg?background=000000&cropX1=1466&cropX2=4449&cropY1=128&cropY2=3109,1441.0,1415.0,1500.0,,,,
2281,Rolf Gerling,Gerling,rolf-gerling,rolf-gerling,0.0,68.0,insurance,Finance & Investments,M,Germany,1681550402483,,,1754.308,1758.0,1758.0,//specials-images.forbesimg.com/imageserve/56c9dd05e4b062f6b59a2cd5/416x416.jpg?background=000000&cropX1=0&cropX2=744&cropY1=113&cropY2=857,1442.0,1415.0,1500.0,,,,
2282,Alan Gerry,Gerry,alan-gerry,alan-gerry,0.0,94.0,cable television,Media & Entertainment,M,United States,1681550402483,NY,New York,1477.31,2031.0,2031.0,//specials-images.forbesimg.com/imageserve/e520ca6f0acfc9c577cccce57d14dddf/416x416.jpg?background=000000&cropX1=0&cropX2=2336&cropY1=275&cropY2=2613,1443.0,1415.0,1500.0,,,,
2283,Harsh Goenka,Goenka,harsh-goenka,harsh-goenka,0.0,65.0,diversified,Diversified,M,India,1681550402483,,,2136.652,1483.0,1483.0,//specials-images.forbesimg.com/imageserve/57d88fc5a7ea430a8a19de14/416x416.jpg?background=000000&cropX1=71&cropX2=491&cropY1=243&cropY2=664,1444.0,1415.0,1500.0,,,,
2284,Esther Grether,Grether,esther-grether,no-pic-female,0.0,87.0,art collection,Fashion & Retail,F,Switzerland,1681550402483,,,1500.0,1997.0,1998.0,//specials-images.forbesimg.com/imageserve/5e77ce17c7b02d000666de1d/416x416.jpg?background=000000&cropX1=106&cropX2=899&cropY1=13&cropY2=806,1445.0,1415.0,1500.0,,,,
2285,Bill Gross,Gross,bill-gross,bill-gross,0.0,79.0,investments,Finance & Investments,M,United States,1681550402483,CA,California,1577.471,1918.0,1918.0,//specials-images.forbesimg.com/imageserve/59dd8a2831358e542c0394b0/416x416.jpg?background=000000&cropX1=914&cropX2=3337&cropY1=246&cropY2=2667,1446.0,1415.0,1500.0,"Cofounder and Co-Chief Investment Officer, Pacific Investment Management Company LLC",False,,
2286,Gu Wei,Gu,wei-gu-1,no-pic,2.823,58.0,consumer electronics,Manufacturing,M,China,1681550402483,,,1520.219,1971.0,1971.0,//specials-images.forbesimg.com/imageserve/5a97219931358e79a28a9b01/416x416.jpg?background=000000&cropX1=120&cropX2=4005&cropY1=549&cropY2=4432,1447.0,1415.0,1500.0,,,,
2287,Mehmet Nazif Gunal,Gunal,mehmet-nazif-gunal,mehmet-nazif-gunal,,75.0,"tourism, construction",Diversified,M,Turkey,1617670472218,,,,,,//specials-images.forbesimg.com/imageserve/5c7261e5a7ea4310004353ed/416x416.jpg?background=000000&cropX1=115&cropX2=706&cropY1=1&cropY2=592,1448.0,1415.0,1500.0,,,,
2288,Guo Ziwen,Guo,guo-ziwen,no-pic,,59.0,real estate,Real Estate,M,China,1604523268948,,,,,,https://specials-images.forbesimg.com/imageserve/6050f48ca1ab099ed6e290cc/416x416.jpg?background=000000&cropX1=0&cropX2=800&cropY1=0&cropY2=800,1449.0,1415.0,1500.0,,,,
2289,Christian Herz,Herz,christian-herz,no-pic,0.0,,coffee,Finance & Investments,M,Germany,1681550402483,,,1178.745,2412.0,2412.0,//specials-images.forbesimg.com/imageserve/5e7ba54610380d0006fc13e2/416x416.jpg?background=000000&cropX1=176&cropX2=1371&cropY1=80&cropY2=1276,1450.0,1415.0,1500.0,,,,
2290,Michaela Herz,Herz,michaela-herz,no-pic-female,0.0,,coffee,Finance & Investments,F,Germany,1681550402483,,,1178.745,2412.0,2413.0,,1451.0,1415.0,1500.0,,,,
2291,Orion Hindawi,Hindawi,orion-hindawi,orion-hindawi,0.0,43.0,software,Technology,M,United States,1681550402483,CA,California,1187.3,2400.0,2400.0,https://specials-images.forbesimg.com/imageserve/642c2d45b3329571c4e1c15f/416x416.jpg?background=000000&cropX1=870&cropX2=1819&cropY1=230&cropY2=1180,1452.0,1415.0,1500.0,"CEO, Tanium",False,,
2292,Stewart Horejsi,Horejsi,stewart-horejsi,no-pic,23.943,85.0,Berkshire Hathaway,Finance & Investments,M,United States,1681550402483,AZ,Arizona,2770.209,1136.0,1136.0,,1453.0,1415.0,1500.0,,,,
2293,Douglas Hsu,Hsu,douglas-hsu,douglas-hsu,10.336,80.0,diversified,Diversified,M,Taiwan,1681550402483,,,2184.956,1449.0,1449.0,https://specials-images.forbesimg.com/imageserve/62680848cbf73520d8639f9a/416x416.jpg?background=000000&cropX1=474&cropX2=3143&cropY1=0&cropY2=2668,1454.0,1415.0,1500.0,,,,
2294,Huang Wei,Huang,wei-huang,no-pic,3.213,63.0,real estate,Real Estate,M,China,1681550402483,,,1937.056,1614.0,1614.0,,1455.0,1415.0,1500.0,,,,
2295,Huang Xiaofen,Huang,huang-xiaofen,no-pic-female,17.097,61.0,printed circuit boards,Technology,F,China,1681550402483,,,1174.804,2419.0,2419.0,,1456.0,1415.0,1500.0,,,,
2296,Bradley Jacobs,Jacobs,brad-jacobs,no-pic,-1.504,66.0,logistics,Logistics,M,United States,1681550402483,CT,Connecticut,3752.29,788.0,788.0,//specials-images.forbesimg.com/imageserve/5d92021b6de3150009a58b52/416x416.jpg?background=000000&cropX1=525&cropX2=1914&cropY1=812&cropY2=2203,1457.0,1415.0,1500.0,,,,
2297,Stephen Jarislowsky,Jarislowsky,stephen-jarislowsky,stephen-jarislowsky,-1.741,97.0,money management,Finance & Investments,M,Canada,1681550402483,,,1549.29,1945.0,1945.0,//specials-images.forbesimg.com/imageserve/5e744a152a573300068fcd93/416x416.jpg?background=000000&cropX1=284&cropX2=1738&cropY1=0&cropY2=1455,1458.0,1415.0,1500.0,"Cofounder and Chairman, Jarislowsky & Fraser",False,,
2298,Jia Tianjiang,Jia,tianjiang-jia,no-pic,0.0,60.0,non-ferrous metals,Metals & Mining,M,China,1681550402483,,,1599.458,1891.0,1891.0,,1459.0,1415.0,1500.0,,,,
2299,Sergei Katsiev,Katsiev,sergei-katsiev,sergei-katsiev,0.0,65.0,"retail, wholesale",Fashion & Retail,M,Russia,1681550402483,,,1595.231,1897.0,1897.0,//specials-images.forbesimg.com/imageserve/e753977d890754dbba7047e45c7f4f80/416x416.jpg?background=000000&cropX1=2&cropX2=744&cropY1=27&cropY2=770,1460.0,1415.0,1500.0,,,,
2300,Michael Kim,Kim,michael-kim,no-pic,0.0,59.0,Investment,Finance & Investments,M,South Korea,1681550402482,,,9706.15,200.0,200.0,https://specials-images.forbesimg.com/imageserve/60b1234a57b6567f575f6bbe/416x416.jpg?background=000000&cropX1=0&cropX2=1559&cropY1=341&cropY2=1900,1461.0,1415.0,1500.0,MBK Partners,False,,
2301,Seth Klarman,Klarman,seth-klarman,seth-klarman,0.0,65.0,investments,Finance & Investments,M,United States,1681550402483,MA,Massachusetts,1280.533,2263.0,2263.0,//specials-images.forbesimg.com/imageserve/5c82c7664bbe6f3f4f4beb9b/416x416.jpg?background=000000&cropX1=837&cropX2=2241&cropY1=330&cropY2=1733,1462.0,1415.0,1500.0,"CEO & President, Baupost Group",False,,
2302,Mustafa Rahmi Koc,Koc,mustafa-rahmi-koc,mustafa-rahmi-koc,-4.034,92.0,diversified,Diversified,M,Turkey,1681550402483,,,2549.1,1240.0,1240.0,//specials-images.forbesimg.com/imageserve/56cc5097e4b062f6b59a505c/416x416.jpg?background=000000&cropX1=2&cropX2=738&cropY1=95&cropY2=831,1463.0,1415.0,1500.0,,,,
2303,William Koch,Koch,william-koch,william-koch,0.0,82.0,"oil, investments",Energy,M,United States,1681550402483,FL,Florida,1558.388,1939.0,1939.0,//specials-images.forbesimg.com/imageserve/5a8eecc84bbe6f2652f637b6/416x416.jpg?background=000000&cropX1=955&cropX2=3256&cropY1=142&cropY2=2442,1464.0,1415.0,1500.0,,,,
2304,"Andre Koo, Sr.",Koo,andre-koo-sr,no-pic,62.294,55.0,financial services,Finance & Investments,M,Taiwan,1681550402482,,,4732.405,593.0,593.0,https://specials-images.forbesimg.com/imageserve/6091bac098a99aea07723c48/416x416.jpg?background=000000&cropX1=2&cropX2=1572&cropY1=7&cropY2=1577,1465.0,1415.0,1500.0,,,,
2305,Christopher Kwok,Kwok,christopher-kwok,no-pic,3.588,37.0,real estate,Real Estate,M,Hong Kong,1681550402483,,,1767.179,1747.0,1747.0,https://specials-images.forbesimg.com/imageserve/6050f48ca1ab099ed6e290cc/416x416.jpg?background=000000&cropX1=0&cropX2=800&cropY1=0&cropY2=800,1466.0,1415.0,1500.0,,,,
2306,Edward Kwok,Kwok,edward-kwok,no-pic,3.587,42.0,real estate,Real Estate,M,Hong Kong,1681550402483,,,1766.745,1748.0,1748.0,,1467.0,1415.0,1500.0,,,,
2307,James Leininger,Leininger,james-leininger,james-leininger,0.0,78.0,medical products,Healthcare,M,United States,1681550402483,TX,Texas,1687.041,1819.0,1819.0,//specials-images.forbesimg.com/imageserve/041a945d6f58b58c25ed00c227dde161/416x416.jpg?background=000000&cropX1=35&cropX2=718&cropY1=92&cropY2=775,1468.0,1415.0,1500.0,,,,
2308,Li Guangyu,Li,li-guangyu,no-pic,,59.0,education,Service,M,China,1604523233508,,,,,,https://specials-images.forbesimg.com/imageserve/603e8f5d4a2df75cef4fb25a/416x416.jpg?background=000000&cropX1=0&cropX2=800&cropY1=0&cropY2=800,1469.0,1415.0,1500.0,,,,
2309,Li Liangbin,Li,li-liangbin,no-pic,177.262,55.0,lithium,Manufacturing,M,China,1681550402483,,,3276.862,932.0,932.0,https://specials-images.forbesimg.com/imageserve/6182e625fd46d40beab82195/416x416.jpg?background=000000&cropX1=0&cropX2=1080&cropY1=0&cropY2=1080,1470.0,1415.0,1500.0,,,,
2310,Li Xuhui,Li,xuhui-li,no-pic-female,-6.284,54.0,soy sauce,Food & Beverage,F,China,1681550402483,,,1695.356,1809.0,1809.0,,1471.0,1415.0,1500.0,,,,
2311,Prayudh Mahagitsiri,Mahagitsiri,prayudh-mahagitsiri,prayudh-mahagitsiri,-0.407,77.0,"coffee, shipping",Food & Beverage,M,Thailand,1681550402483,,,2520.11,1260.0,1260.0,//specials-images.forbesimg.com/imageserve/59270e39a7ea434078d466b4/416x416.jpg?background=000000&cropX1=21&cropX2=744&cropY1=0&cropY2=724,1472.0,1415.0,1500.0,,,,
2312,Katarina Martinson,Martinson,katarina-martinson,no-pic-female,17.321,41.0,investments,Diversified,F,Sweden,1681550402483,,,2243.403,1400.0,1400.0,//specials-images.forbesimg.com/imageserve/5c722b8b4bbe6f51818aba2b/416x416.jpg?background=000000&cropX1=182&cropX2=1014&cropY1=2&cropY2=833,1473.0,1415.0,1500.0,,,,
2313,Mi Enhua,Mi,mi-enhua,no-pic,0.231,65.0,retail,Fashion & Retail,M,China,1681550402483,,,2383.45,1342.0,1342.0,,1474.0,1415.0,1500.0,,,,
2314,Martin Moller Nielsen,Moller Nielsen,martin-moller-nielsen,no-pic,0.0,58.0,aircraft leasing,Logistics,M,Denmark,1681550402483,,,1274.96,2270.0,2270.0,https://specials-images.forbesimg.com/imageserve/632b491b3265f4d9da44b124/416x416.jpg?background=000000&cropX1=18&cropX2=1000&cropY1=199&cropY2=1181,1475.0,1415.0,1500.0,,,,
2315,Manuel Moroun,Moroun,manuel-moroun,manuel-moroun,,95.0,transportation,Logistics,M,United States,1594680201252,MI,Michigan,,,,//specials-images.forbesimg.com/imageserve/5a84c06b4bbe6f2652f59aee/416x416.jpg?background=000000&cropX1=231&cropX2=2206&cropY1=325&cropY2=2302,1476.0,1415.0,1500.0,,,,
2316,Robert Mouawad,Mouawad,robert-mouawad,no-pic,0.0,78.0,fine jewelry,Service,M,Lebanon,1681550402483,,,1537.5,1958.0,1958.0,//specials-images.forbesimg.com/imageserve/589fcfdf4bbe6f0e5586905e/416x416.jpg?background=000000&cropX1=3&cropX2=742&cropY1=40&cropY2=780,1477.0,1415.0,1500.0,,,,
2317,Ezra Nahmad,Nahmad,ezra-nahmad,ezra-nahmad,0.0,77.0,art,Finance & Investments,M,Monaco,1681550402483,,,1750.0,1766.0,1766.0,//specials-images.forbesimg.com/imageserve/5c70fed0a7ea431000434169/416x416.jpg?background=000000&cropX1=410&cropX2=1740&cropY1=126&cropY2=1455,1478.0,1415.0,1500.0,,,,
2318,Stefan Olsson,Olsson,stefan-olsson,stefan-olsson,0.0,74.0,diversified,Diversified,M,Sweden,1681550402483,,,1575.798,1920.0,1920.0,//specials-images.forbesimg.com/imageserve/0979fd4703a71dcf6d05021a5d278189/416x416.jpg?background=000000&cropX1=0&cropX2=744&cropY1=95&cropY2=839,1479.0,1415.0,1500.0,,,,
2319,Gretel Packer,Packer,gretel-packer,gretel-packer,-0.762,57.0,casinos,Media & Entertainment,F,Australia,1681550402483,,,1485.652,2022.0,2022.0,https://specials-images.forbesimg.com/imageserve/63ea7c85eaefa9570ee3c459/416x416.jpg?background=000000&cropX1=262&cropX2=1329&cropY1=14&cropY2=1080,1480.0,1415.0,1500.0,,,,
2320,Ranjan Pai,Pai,ranjan-pai,ranjan-pai,0.0,50.0,education,Service,M,India,1681550402483,,,2756.384,1140.0,1140.0,//specials-images.forbesimg.com/imageserve/5c79ae76a7ea431000441f32/416x416.jpg?background=000000&cropX1=2076&cropX2=4832&cropY1=541&cropY2=3295,1481.0,1415.0,1500.0,,,,
2321,Lirio Parisotto,Parisotto,lirio-parisotto,lirio-parisotto,0.0,69.0,investments,Finance & Investments,M,Brazil,1681550402483,,,2433.334,1302.0,1302.0,//specials-images.forbesimg.com/imageserve/56c619bce4b062f6b59a0c55/416x416.jpg?background=000000&cropX1=156&cropX2=692&cropY1=3&cropY2=540,1482.0,1415.0,1500.0,,,,
2322,G. Rajendran,Rajendran,g-rajendran,no-pic,0.0,80.0,jewellery,Fashion & Retail,M,India,1681550402483,,,1933.793,1616.0,1616.0,,1483.0,1415.0,1500.0,,,,
2323,Jerry Reinsdorf,Reinsdorf,jerry-reinsdorf,jerry-reinsdorf,0.0,87.0,sports teams,Sports,M,United States,1681550402483,IL,Illinois,2214.64,1429.0,1429.0,https://specials-images.forbesimg.com/imageserve/60381da7b017abb1996a3b92/416x416.jpg?background=000000&cropX1=859&cropX2=1988&cropY1=107&cropY2=1235,1484.0,1415.0,1500.0,,,,
2324,Duke Reyes,Reyes,duke-reyes,no-pic,0.0,66.0,beer distribution,Food & Beverage,M,United States,1681550402483,FL,Florida,1548.0,1947.0,1947.0,,1485.0,1415.0,1500.0,,,,
2325,Sheryl Sandberg,Sandberg,sheryl-sandberg,sheryl-sandberg,1.547,53.0,Facebook,Technology,F,United States,1681550402483,CA,California,1590.791,1902.0,1902.0,https://specials-images.forbesimg.com/imageserve/5f7794e2f96d8cf1ef36a5e7/416x416.jpg?background=000000&cropX1=168&cropX2=1430&cropY1=132&cropY2=1394,1486.0,1415.0,1500.0,"COO, Facebook",False,,
2326,Alice Schwartz,Schwartz,alice-schwartz,no-pic-female,-85.859,96.0,biotech,Healthcare,F,United States,1681550402483,CA,California,2177.376,1456.0,1456.0,,1487.0,1415.0,1500.0,,,,
2327,Peter Sperling,Sperling,peter-sperling,peter-sperling,0.0,63.0,education,Service,M,United States,1681550402483,AZ,Arizona,1573.15,1923.0,1923.0,//specials-images.forbesimg.com/imageserve/91f3da758eeea38c95c76fe1260352d0/416x416.jpg?background=000000&cropX1=0&cropX2=744&cropY1=0&cropY2=744,1488.0,1415.0,1500.0,,,,
2328,Vonnarat Tangkaravakoon,Tangkaravakoon,vonnarat-tangkaravakoon,no-pic,0.0,51.0,"wire & cables, paints",Manufacturing,M,Thailand,1681550402483,,,1144.934,2450.0,2450.0,https://specials-images.forbesimg.com/imageserve/60196fa8c70eb1a885b36c0e/416x416.jpg?background=000000&cropX1=0&cropX2=2253&cropY1=71&cropY2=2323,1489.0,1415.0,1500.0,,,,
2329,Tran Ba Duong,Tran,tran-ba-duong,no-pic,-0.271,63.0,automotive,Automotive,M,Vietnam,1681550402483,,,1511.163,1981.0,1981.0,,1490.0,1415.0,1500.0,,,,
2330,Kenny Troutt,Troutt,kenny-troutt,kenny-troutt,0.0,75.0,telecom,Telecom,M,United States,1681550402483,TX,Texas,1535.0,1962.0,1962.0,//specials-images.forbesimg.com/imageserve/b491c82df35b9f005aeda31736537e21/416x416.jpg?background=000000&cropX1=0&cropX2=744&cropY1=98&cropY2=842,1491.0,1415.0,1500.0,,,,
2331,Tseng Cheng,Tseng,tseng-cheng,no-pic,0.0,61.0,petrochemicals,Manufacturing,M,Taiwan,1681550402483,,,2813.365,1115.0,1115.0,,1492.0,1415.0,1500.0,,,,
2332,John Tyson,Tyson,john-tyson,no-pic,-37.337,69.0,food processing,Food & Beverage,M,United States,1681550402483,AR,Arkansas,2792.151,1127.0,1127.0,//specials-images.forbesimg.com/imageserve/5d64062e673aa300083c1626/416x416.jpg?background=000000&cropX1=1563&cropX2=4896&cropY1=263&cropY2=3593,1493.0,1415.0,1500.0,,,,
2333,Wan Long,Wan,long-wan,no-pic,-9.588,82.0,food,Food & Beverage,M,China,1681550402483,,,1174.115,2421.0,2421.0,https://specials-images.forbesimg.com/imageserve/6050f48ca1ab099ed6e290cc/416x416.jpg?background=000000&cropX1=0&cropX2=800&cropY1=0&cropY2=800,1494.0,1415.0,1500.0,,,,
2334,Wei Ing-Chou,Wei,wei-ing-chou,wei-ing-chou,10.891,69.0,"food, beverages",Food & Beverage,M,Taiwan,1681550402483,,,2103.228,1497.0,1497.0,//specials-images.forbesimg.com/imageserve/5c7247d5a7ea431000435306/416x416.jpg?background=000000&cropX1=1071&cropX2=2428&cropY1=54&cropY2=1411,1495.0,1415.0,1500.0,,,,
2335,Wei Yin-Chun,Wei,wei-yin-chun,wei-yin-chun,10.573,66.0,"food, beverages",Food & Beverage,M,Taiwan,1681550402483,,,2079.609,1516.0,1516.0,//specials-images.forbesimg.com/imageserve/5c72483c4bbe6f51818abb48/416x416.jpg?background=000000&cropX1=39&cropX2=2225&cropY1=252&cropY2=2439,1496.0,1415.0,1500.0,,,,
2336,Wei Yin-Heng,Wei,wei-yin-heng,wei-yin-heng,10.573,64.0,"food, beverages",Food & Beverage,M,Taiwan,1681550402483,,,2079.609,1516.0,1517.0,//specials-images.forbesimg.com/imageserve/5c7d5afc4bbe6f5e1846588e/416x416.jpg?background=000000&cropX1=421&cropX2=724&cropY1=157&cropY2=460,1497.0,1415.0,1500.0,,,,
2337,Arne Wilhelmsen,Wilhelmsen,arne-wilhelmsen,arne-wilhelmsen,,93.0,cruise ships,Logistics,M,Norway,1586843228550,,,,,,//specials-images.forbesimg.com/imageserve/58a386e64bbe6f0e5586cff9/416x416.jpg?background=000000&cropX1=2&cropX2=744&cropY1=5&cropY2=748,1498.0,1415.0,1500.0,,,,
2338,Wong Man Li,Wong,wong-man-li,wong-man-li,3.065,58.0,furniture,Manufacturing,M,Hong Kong,1681550402483,,,2544.985,1244.0,1244.0,https://specials-images.forbesimg.com/imageserve/60352ceeb298c5f4cc71abaa/416x416.jpg?background=000000&cropX1=0&cropX2=423&cropY1=0&cropY2=423,1499.0,1415.0,1500.0,,,,
2339,Ian Wood,Wood,ian-wood,ian-wood,0.03,80.0,energy services,Energy,M,United Kingdom,1681550402483,,,1664.115,1841.0,1841.0,//specials-images.forbesimg.com/imageserve/5e77f25dd8e1ae0007b738e5/416x416.jpg?background=000000&cropX1=79&cropX2=978&cropY1=83&cropY2=982,1500.0,1415.0,1500.0,,,,
2340,Wu Junbao,Wu,wu-junbao,no-pic,,57.0,education,Service,M,China,1604523240316,,,,,,//specials-images.forbesimg.com/imageserve/5dc2fef7b4d5050007a4fe22/416x416.jpg?background=000000&cropX1=42&cropX2=344&cropY1=81&cropY2=383,1501.0,1415.0,1500.0,,,,
2341,Wu Yiling,Wu,wu-yiling,wu-yiling,36.943,73.0,pharmaceuticals,Healthcare,M,China,1681550402482,,,4306.302,671.0,671.0,//specials-images.forbesimg.com/imageserve/52fe6d2bf24e45432177784f7e1b8666/416x416.jpg?background=000000&cropX1=0&cropX2=744&cropY1=66&cropY2=810,1502.0,1415.0,1500.0,,,,
2342,Xia Shudong,Xia,xia-shudong,no-pic,,50.0,IT service,Technology,M,China,1617670455825,,,,,,,1503.0,1415.0,1500.0,,,,
2343,Xu Shugen,Xu,xu-shugen,no-pic,21.791,57.0,"construction, mining machinery",Manufacturing,M,China,1681550402483,,,2087.137,1508.0,1508.0,,1504.0,1415.0,1500.0,,,,
2344,Vladimir Yevtushenkov,Yevtushenkov,vladimir-yevtushenkov,vladimir-yevtushenkov,0.0,74.0,"telecom, investments",Telecom,M,Russia,1681550402483,,,1725.612,1785.0,1785.0,//specials-images.forbesimg.com/imageserve/5e77925210380d0006fbc11f/416x416.jpg?background=000000&cropX1=370&cropX2=3190&cropY1=20&cropY2=2841,1505.0,1415.0,1500.0,,,,
2345,Yu Faxiang,Yu,yu-faxiang,no-pic,-2.408,51.0,"tourism, cultural industry",Media & Entertainment,M,China,1681550402483,,,1130.073,2468.0,2468.0,,1506.0,1415.0,1500.0,,,,
2346,Zhang Liaoyuan,Zhang,zhang-liaoyuan,no-pic,,47.0,food,Food & Beverage,M,China,1586220766997,,,,,,//specials-images.forbesimg.com/imageserve/5e793662d8e1ae0007b75372/416x416.jpg?background=000000&cropX1=1872&cropX2=3705&cropY1=733&cropY2=2566,1507.0,1415.0,1500.0,,,,
2347,Shusheng Zheng,Zheng,shusheng-zheng-1,no-pic,56.993,57.0,telecom,Telecom,M,China,1681550402483,,,1088.059,2519.0,2519.0,https://specials-images.forbesimg.com/imageserve/6050f48ca1ab099ed6e290cc/416x416.jpg?background=000000&cropX1=0&cropX2=800&cropY1=0&cropY2=800,1508.0,1415.0,1500.0,,,,
2348,Zhou Jian,Zhou,zhou-jian-1,no-pic,,46.0,robotics,Technology,M,China,1617670362220,,,,,,https://specials-images.forbesimg.com/imageserve/6050f48ca1ab099ed6e290cc/416x416.jpg?background=000000&cropX1=0&cropX2=800&cropY1=0&cropY2=800,1509.0,1415.0,1500.0,,,,
2349,Zhu Gongshan,Zhu,zhu-gongshan,zhu-gongshan,2.715,65.0,solar panel materials,Manufacturing,M,China,1681550402483,,,2994.134,1026.0,1026.0,https://specials-images.forbesimg.com/imageserve/6050f48ca1ab099ed6e290cc/416x416.jpg?background=000000&cropX1=0&cropX2=800&cropY1=0&cropY2=800,1510.0,1415.0,1500.0,,,,
2350,Zhu Xingliang,Zhu,zhu-xingliang,zhu-xingliang,0.0,63.0,construction,Construction & Engineering,M,China,1681550402483,,,1208.926,2359.0,2359.0,//specials-images.forbesimg.com/imageserve/f893b3ba5dfb8226119a6f70602a1477/416x416.jpg?background=000000&cropX1=0&cropX2=744&cropY1=121&cropY2=865,1511.0,1415.0,1500.0,,,,
2351,Zhuo Jun,Zhuo,zhuo-jun-1,no-pic-female,17.096,57.0,printed circuit boards,Manufacturing,F,Hong Kong,1681550402483,,,1188.492,2398.0,2398.0,,1512.0,1415.0,1500.0,,,,
2352,William Ackman,Ackman,william-ackman,william-ackman,12.337,56.0,hedge funds,Finance & Investments,M,United States,1681550402483,NY,New York,3450.75,870.0,870.0,//specials-images.forbesimg.com/imageserve/5e88e40d9d77ca0007ba9dcd/416x416.jpg?background=000000&cropX1=1451&cropX2=3824&cropY1=404&cropY2=2775,1513.0,1513.0,1400.0,"Founder, CEO, Pershing Square Capital Management, L.P.",False,0.0,
2353,Farkhad Akhmedov,Akhmedov,farkhad-akhmedov,farkhad-akhmedov,0.0,67.0,investments,Energy,M,Russia,1681550402483,,,1080.0,2536.0,2536.0,//specials-images.forbesimg.com/imageserve/5c71cb9931358e35dd26fa12/416x416.jpg?background=000000&cropX1=140&cropX2=1588&cropY1=6&cropY2=1455,1514.0,1513.0,1400.0,,,,
2354,Mohamed Al Fayed,Al Fayed,mohamed-al-fayed,mohamed-al-fayed,0.0,94.0,"retail, investments",Fashion & Retail,M,Egypt,1681550402483,,,2024.859,1548.0,1548.0,//specials-images.forbesimg.com/imageserve/5e7592f1c7b02d000666c3f5/416x416.jpg?background=000000&cropX1=868&cropX2=2380&cropY1=37&cropY2=1548,1515.0,1513.0,1400.0,,,,
2355,Bill Alfond,Alfond,bill-alfond,no-pic,23.528,74.0,shoes,Fashion & Retail,M,United States,1681550402483,MA,Massachusetts,2635.04,1207.0,1207.0,,1516.0,1513.0,1400.0,,,,
2356,Susan Alfond,Alfond,susan-alfond,susan-alfond,23.528,77.0,shoes,Fashion & Retail,F,United States,1681550402483,ME,Maine,2635.04,1207.0,1208.0,//specials-images.forbesimg.com/imageserve/5744d15531358e68498f9c24/416x416.jpg?background=000000&cropX1=0&cropX2=744&cropY1=6&cropY2=750,1517.0,1513.0,1400.0,,,,
2357,Ted Alfond,Alfond,ted-alfond,no-pic,23.528,78.0,shoes,Fashion & Retail,M,United States,1681550402483,MA,Massachusetts,2635.04,1207.0,1209.0,,1518.0,1513.0,1400.0,,,,
2358,"Herbert Allen, Jr.",Allen,herbert-allen-jr,herbert-allen-jr,-1.207,83.0,investment banking,Finance & Investments,M,United States,1681550402483,NY,New York,1658.917,1844.0,1844.0,//specials-images.forbesimg.com/imageserve/56d0d6d0e4b0c144a7f65d76/416x416.jpg?background=000000&cropX1=34&cropX2=675&cropY1=15&cropY2=656,1519.0,1513.0,1400.0,,,,
2359,Ramon Ang,Ang,ramon-ang,ramon-ang,15.098,69.0,Diversified,Food & Beverage,M,Philippines,1681550402483,,,3378.324,896.0,896.0,https://specials-images.forbesimg.com/imageserve/612e470680b65a5b65373cd6/416x416.jpg?background=000000&cropX1=0&cropX2=1615&cropY1=0&cropY2=1615,1520.0,1513.0,1400.0,,,,
2360,Vasily Anisimov,Anisimov,vasily-anisimov,vasily-anisimov,0.0,71.0,real estate,Metals & Mining,M,Russia,1681550402483,,,1623.902,1871.0,1871.0,//specials-images.forbesimg.com/imageserve/5e778fc9c7b02d000666d8ea/416x416.jpg?background=000000&cropX1=15&cropX2=2408&cropY1=80&cropY2=2475,1521.0,1513.0,1400.0,,,,
2361,Felix Baker,Baker,felix-baker,no-pic,0.0,54.0,biotech investing,Finance & Investments,M,United States,1681550402483,NY,New York,2585.9,1228.0,1228.0,//specials-images.forbesimg.com/imageserve/5e88d1c0b0a4e4000746beff/416x416.jpg?background=000000&cropX1=521&cropX2=1265&cropY1=265&cropY2=1010,1522.0,1513.0,1400.0,,,,
2362,Julian Baker,Baker,julian-baker,no-pic,0.0,56.0,investing,Finance & Investments,M,United States,1681550402483,NY,New York,2562.0,1237.0,1237.0,,1523.0,1513.0,1400.0,,,,
2363,John Bicket,Bicket,john-bicket,no-pic,53.848,43.0,sensor systems,Technology,M,United States,1681550402483,CA,California,2332.233,1361.0,1361.0,//specials-images.forbesimg.com/imageserve/5e88d27fb0a4e4000746bf08/416x416.jpg?background=000000&cropX1=18&cropX2=775&cropY1=43&cropY2=800,1524.0,1513.0,1400.0,,,,
2364,Maurizio Billi,Billi,maurizio-billi,no-pic,0.0,65.0,generic drugs,Healthcare,M,Brazil,1681550402483,,,3637.385,818.0,818.0,//specials-images.forbesimg.com/imageserve/5a7b8e8ea7ea43169012f07e/416x416.jpg?background=000000&cropX1=307&cropX2=843&cropY1=812&cropY2=1349,1525.0,1513.0,1400.0,,,,
2365,Sanjit Biswas,Biswas,sanjit-biswas,no-pic,55.858,41.0,sensor systems,Technology,M,United States,1681550402483,CA,California,2385.489,1340.0,1340.0,https://specials-images.forbesimg.com/imageserve/606e1265797164d4154a34e6/416x416.jpg?background=000000&cropX1=7&cropX2=800&cropY1=0&cropY2=793,1526.0,1513.0,1400.0,,,,
2366,David Booth,Booth,david-booth,david-booth,0.0,77.0,mutual funds,Finance & Investments,M,United States,1681550402483,TX,Texas,1678.023,1828.0,1828.0,//specials-images.forbesimg.com/imageserve/5559e7a5e4b0bacdbd752599/416x416.jpg?background=000000&cropX1=2&cropX2=744&cropY1=98&cropY2=841,1527.0,1513.0,1400.0,"Chairman and CEO, Dimensional Fund Advisors",False,,
2367,Peter Buck,Buck,peter-buck,peter-buck,,92.0,Subway sandwich shops,Food & Beverage,M,United States,1639618526404,CT,Connecticut,,,,//specials-images.forbesimg.com/imageserve/d49004dde899836482456b533a9e22d9/416x416.jpg?background=000000&cropX1=159&cropX2=612&cropY1=47&cropY2=500,1528.0,1513.0,1400.0,"Co-Founder, Doctor's Associates (Subway)",False,,
2368,Nikolai Buinov,Buinov,nikolai-buinov,no-pic,0.0,55.0,"oil, gas",Energy,M,Russia,1681550402483,,,1920.985,1626.0,1626.0,//specials-images.forbesimg.com/imageserve/58a268b24bbe6f0e5586ba78/416x416.jpg?background=000000&cropX1=81&cropX2=637&cropY1=193&cropY2=749,1529.0,1513.0,1400.0,,,,
2369,Nicola Bulgari,Bulgari,nicola-bulgari,nicola-bulgari,7.853,82.0,luxury goods,Fashion & Retail,M,Italy,1681550402483,,,2081.919,1514.0,1514.0,//specials-images.forbesimg.com/imageserve/5e76d8c9c7b02d000666d334/416x416.jpg?background=000000&cropX1=187&cropX2=2120&cropY1=332&cropY2=2265,1530.0,1513.0,1400.0,,,,
2370,Ron Burkle,Burkle,ron-burkle,ron-burkle,1.749,70.0,"supermarkets, investments",Finance & Investments,M,United States,1681550402483,,,3143.183,970.0,970.0,//specials-images.forbesimg.com/imageserve/55fab50ee4b0ffa7afe4aef8/416x416.jpg?background=000000&cropX1=127&cropX2=744&cropY1=60&cropY2=677,1531.0,1513.0,1400.0,"Founder, The Yucaipa Companies, LLC",False,,
2371,Saket Burman,Burman,saket-burman,no-pic,0.0,46.0,consumer goods,Food & Beverage,M,United Kingdom,1681550402483,,,1513.553,1978.0,1978.0,//specials-images.forbesimg.com/imageserve/58a0dd82a7ea431f32195ac2/416x416.jpg?background=000000&cropX1=114&cropX2=674&cropY1=50&cropY2=611,1532.0,1513.0,1400.0,,,,
2372,Steve Case,Case,steve-case,steve-case,3.063,64.0,AOL,Technology,M,United States,1681550402483,VA,Virginia,1449.181,2065.0,2065.0,//specials-images.forbesimg.com/imageserve/5a908ff631358e79a28a1f18/416x416.jpg?background=000000&cropX1=26&cropX2=2250&cropY1=77&cropY2=2300,1533.0,1513.0,1400.0,,,,
2373,Binod Chaudhary,Chaudhary,binod-chaudhary,binod-chaudhary,0.0,68.0,diversified,Diversified,M,Nepal,1681550402483,,,1779.8,1736.0,1736.0,//specials-images.forbesimg.com/imageserve/5e76fc47c7b02d000666d3f6/416x416.jpg?background=000000&cropX1=1134&cropX2=4052&cropY1=350&cropY2=3265,1534.0,1513.0,1400.0,,,,
2374,Vivien Chen,Chen,vivien-chen,vivien-chen,,64.0,real estate,Real Estate,F,Hong Kong,1614191771421,,,,,,https://specials-images.forbesimg.com/imageserve/603533f0bfcb225ca6e3eeaf/416x416.jpg?background=000000&cropX1=195&cropX2=1114&cropY1=76&cropY2=994,1535.0,1513.0,1400.0,,,,
2375,"Robert Coyiuto, Jr.",Coyiuto,robert-coyiuto-jr,robert-coyiuto-jr,,70.0,power,Energy,M,Philippines,1600180487378,,,,,,//specials-images.forbesimg.com/imageserve/5d8a449f18444200084e60f1/416x416.jpg?background=000000&cropX1=149&cropX2=781&cropY1=0&cropY2=633,1536.0,1513.0,1400.0,,,,
2376,Deng Yingzhong,Deng,deng-yingzhong,no-pic,-29.526,72.0,papers,Manufacturing,M,China,1681550402483,,,1111.245,2489.0,2489.0,,1537.0,1513.0,1400.0,,,,
2377,Norbert Dentressangle,Dentressangle,norbert-dentressangle,norbert-dentressangle,0.0,68.0,"transport, logistics",Logistics,M,France,1681550402483,,,1651.016,1850.0,1850.0,//specials-images.forbesimg.com/imageserve/5a7df3f94bbe6f2652f520e6/416x416.jpg?background=000000&cropX1=0&cropX2=899&cropY1=276&cropY2=1175,1538.0,1513.0,1400.0,,,,
2378,Bharat Desai,Desai,bharat-desai,bharat-desai,0.0,70.0,IT consulting,Technology,M,United States,1681550402483,FL,Florida,1492.3,2014.0,2014.0,//specials-images.forbesimg.com/imageserve/73371aed5d8a47d09f73069801fb7c45/416x416.jpg?background=000000&cropX1=206&cropX2=522&cropY1=60&cropY2=375,1539.0,1513.0,1400.0,"Chairman and Co-founder, Syntel Inc.",False,,
2379,Beda Diethelm,Diethelm,beda-diethelm,no-pic,-32.477,82.0,hearing aids,Healthcare,M,Switzerland,1681550402483,,,2489.761,1269.0,1269.0,,1540.0,1513.0,1400.0,,,,
2380,Isabel dos Santos,dos Santos,isabel-dos-santos,isabel-dos-santos,,49.0,investments,Finance & Investments,F,Angola,1657283260231,,,,,,//specials-images.forbesimg.com/imageserve/5e73ced907adf00006db9416/416x416.jpg?background=000000&cropX1=447&cropX2=3981&cropY1=8&cropY2=3539,1541.0,1513.0,1400.0,,,,
2381,James Duff,Duff,james-duff,no-pic,0.0,62.0,"tires, diversified",Diversified,M,United States,1681550402483,MS,Mississippi,2254.4,1394.0,1394.0,//specials-images.forbesimg.com/imageserve/5af9d22331358e612fb8f357/416x416.jpg?background=000000&cropX1=2&cropX2=999&cropY1=82&cropY2=1079,1542.0,1513.0,1400.0,,,,
2382,Thomas Duff,Duff,thomas-duff,no-pic,0.0,66.0,"tires, diversified",Diversified,M,United States,1681550402483,MS,Mississippi,2253.9,1395.0,1395.0,//specials-images.forbesimg.com/imageserve/5af9d1bba7ea436b547d3893/416x416.jpg?background=000000&cropX1=20&cropX2=961&cropY1=117&cropY2=1058,1543.0,1513.0,1400.0,,,,
2383,Gary Fegel,Fegel,gary-fegel,gary-fegel,0.0,49.0,"commodities, investments",Metals & Mining,M,Switzerland,1681550402483,,,1615.8,1878.0,1878.0,https://specials-images.forbesimg.com/imageserve/64245c0926c40785bd66de23/416x416.jpg?background=000000&cropX1=0&cropX2=1504&cropY1=48&cropY2=1552,1544.0,1513.0,1400.0,,,,
2384,Kathy Fields,Fields,kathy-fields,kathy-fields,,64.0,skin care,Fashion & Retail,F,United States,1586220774645,CA,California,,,,//specials-images.forbesimg.com/imageserve/5bbbc6494bbe6f67d2e8d8eb/416x416.jpg?background=000000&cropX1=36&cropX2=2637&cropY1=158&cropY2=2760,1545.0,1513.0,1400.0,,,,
2385,Paul Foster,Foster,paul-foster,paul-foster,1.759,65.0,oil refining,Energy,M,United States,1681550402483,TX,Texas,2065.002,1526.0,1526.0,//specials-images.forbesimg.com/imageserve/5a84c3ff31358e4955ad7cdd/416x416.jpg?background=000000&cropX1=0&cropX2=576&cropY1=23&cropY2=599,1546.0,1513.0,1400.0,"Chairman, Western Refining",False,,
2386,Luis Frias,Frias,luiz-frias,no-pic,,60.0,mobile payments,Technology,M,Brazil,1617669704478,,,,,,//specials-images.forbesimg.com/imageserve/5c6ccc5131358e1c187f1109/416x416.jpg?background=000000&cropX1=69&cropX2=335&cropY1=0&cropY2=266,1547.0,1513.0,1400.0,,,,
2387,Fu Kwan,Fu,fu-kwan,fu-kwan,,65.0,"real estate, diversified",Diversified,M,China,1586220774705,,,,,,https://specials-images.forbesimg.com/imageserve/5c6eede131358e35dd26c2f4/416x416.jpg?background=000000&cropX1=488&cropX2=1583&cropY1=489&cropY2=1584,1548.0,1513.0,1400.0,,,,
2388,Dennis Gillings,Gillings,dennis-gillings,no-pic,-10.605,78.0,drug testing,Healthcare,M,United Kingdom,1681550402483,NC,North Carolina,2119.647,1493.0,1493.0,,1549.0,1513.0,1400.0,,,,
2389,Serge Godin,Godin,serge-godin,serge-godin,17.433,73.0,information technology,Technology,M,Canada,1681550402483,,,2827.601,1107.0,1107.0,//specials-images.forbesimg.com/imageserve/5e7449c710380d0006bdad6d/416x416.jpg?background=000000&cropX1=1360&cropX2=5075&cropY1=0&cropY2=3712,1550.0,1513.0,1400.0,"Chairman and CEO, CGI Group",False,,
2390,Sanjiv Goenka,Goenka,sanjiv-goenka,sanjiv-goenka,0.0,62.0,diversified,Diversified,M,India,1681550402483,,,2068.497,1525.0,1525.0,//specials-images.forbesimg.com/imageserve/5d9f6b4867dd830006a32602/416x416.jpg?background=000000&cropX1=202&cropX2=1568&cropY1=3&cropY2=1368,1551.0,1513.0,1400.0,,,,
2391,Sue Gross,Gross,sue-gross,no-pic-female,0.0,73.0,investments,Finance & Investments,F,United States,1681550402483,CA,California,1554.923,1942.0,1942.0,//specials-images.forbesimg.com/imageserve/5bb38c964bbe6f67d2e84e56/416x416.jpg?background=000000&cropX1=0&cropX2=2751&cropY1=212&cropY2=2965,1552.0,1513.0,1400.0,,,,
2392,Maggie Hardy Knox,Hardy Knox,maggie-hardy-knox,no-pic-female,0.0,57.0,building materials,Service,F,United States,1681550402483,PA,Pennsylvania,2702.2,1172.0,1172.0,//specials-images.forbesimg.com/imageserve/5e5023386751660007c7e61c/416x416.jpg?background=000000&cropX1=518&cropX2=3717&cropY1=25&cropY2=3226,1553.0,1513.0,1400.0,,,,
2393,David Hindawi,Hindawi,david-hindawi,no-pic,0.0,78.0,software,Technology,M,United States,1681550402483,CA,California,1102.9,2499.0,2499.0,https://specials-images.forbesimg.com/imageserve/642c30f7393370ffbfe1c15d/416x416.jpg?background=000000&cropX1=185&cropX2=846&cropY1=50&cropY2=712,1554.0,1513.0,1400.0,"Executive Chairman, Tanium",False,,
2394,Hu Kaijun,Hu,hu-kaijun,no-pic,-239.47,61.0,pharmaceuticals,Healthcare,M,China,1681550402482,,,4224.706,691.0,691.0,,1555.0,1513.0,1400.0,,,,
2395,W. Herbert Hunt,Hunt,w-herbert-hunt,w-herbert-hunt,0.0,94.0,oil,Energy,M,United States,1681550402483,TX,Texas,3853.521,765.0,765.0,//specials-images.forbesimg.com/imageserve/8fb2161d3cd11b07d39227faf600d16f/416x416.jpg?background=000000&cropX1=200&cropX2=638&cropY1=11&cropY2=449,1556.0,1513.0,1400.0,,,,
2396,Hal Jackman,Jackman,hal-jackman,hal-jackman,0.0,90.0,"insurance, investments",Finance & Investments,M,Canada,1681550402483,,,1752.141,1761.0,1761.0,//specials-images.forbesimg.com/imageserve/56c65371e4b062f6b59a0fb1/416x416.jpg?background=000000&cropX1=2&cropX2=744&cropY1=3&cropY2=746,1557.0,1513.0,1400.0,,,,
2397,Hamilton James,James,hamilton-james,hamilton-james,15.944,71.0,investments,Finance & Investments,M,United States,1681550402483,NY,New York,3315.933,915.0,915.0,https://specials-images.forbesimg.com/imageserve/614b5aeff199e384eaf46262/416x416.jpg?background=000000&cropX1=640&cropX2=3052&cropY1=0&cropY2=2410,1558.0,1513.0,1400.0,,,,
2398,George Joseph,Joseph,george-joseph,george-joseph,-16.67,101.0,insurance,Finance & Investments,M,United States,1681550402483,CA,California,1309.101,2216.0,2216.0,//specials-images.forbesimg.com/imageserve/f8b168c4a7bfccd92602385364f691b7/416x416.jpg?background=000000&cropX1=106&cropX2=641&cropY1=68&cropY2=603,1559.0,1513.0,1400.0,,,,
2399,Scott Kapnick,Kapnick,scott-kapnick,no-pic,0.0,64.0,private equity,Finance & Investments,M,United States,1681550402483,FL,Florida,1870.0,1663.0,1663.0,//specials-images.forbesimg.com/imageserve/5e14f22a888ec00006906b07/416x416.jpg?background=000000&cropX1=119&cropX2=1141&cropY1=239&cropY2=1263,1560.0,1513.0,1400.0,,,,
2400,Osman Kibar,Kibar,osman-kibar,osman-kibar,0.0,52.0,biotech,Healthcare,M,United States,1681550402483,CA,California,1710.331,1799.0,1799.0,http://specials-images.forbesimg.com/imageserve/5706d043e4b018cf494e5f3e/416x416.jpg?background=000000&cropX1=2&cropX2=744&cropY1=74&cropY2=816,1561.0,1513.0,1400.0,"Founder, CEO, Samumed",False,,
2401,Suna Kirac,Kirac,suna-kirac,suna-kirac,,81.0,diversified,Diversified,F,Turkey,1600182237695,,,,,,//specials-images.forbesimg.com/imageserve/fe7bd4a88f7182c8343ea40c37bb3711/416x416.jpg?background=000000&cropX1=0&cropX2=744&cropY1=79&cropY2=823,1562.0,1513.0,1400.0,,,,
2402,Leo Koguan,Koguan,leo-koguan,no-pic,-20.343,68.0,IT provider,Technology,M,United States,1681550402482,TX,Texas,5627.939,480.0,480.0,https://specials-images.forbesimg.com/imageserve/631761a4d1aaf7cc2fb3ab77/416x416.jpg?background=000000&cropX1=0&cropX2=2041&cropY1=300&cropY2=2340,1563.0,1513.0,1400.0,,,,
2403,Pyotr Kondrashev,Kondrashev,pyotr-kondrashev,pyotr-kondrashev,4.659,73.0,investments,Manufacturing,M,Russia,1681550402483,,,1578.144,1916.0,1916.0,//specials-images.forbesimg.com/imageserve/58a26ad4a7ea431f3219745b/416x416.jpg?background=000000&cropX1=0&cropX2=744&cropY1=48&cropY2=792,1564.0,1513.0,1400.0,,,,
2404,Philippe Laffont,Laffont,philippe-laffont,no-pic,0.0,55.0,hedge fund,Finance & Investments,M,United States,1681550402482,NY,New York,6852.0,370.0,370.0,//specials-images.forbesimg.com/imageserve/5ac9597e31358e4112b7204d/416x416.jpg?background=000000&cropX1=369&cropX2=2949&cropY1=200&cropY2=2780,1565.0,1513.0,1400.0,"Founder, Coatue Management",False,,
2405,Manuel Lao Hernandez,Lao Hernandez,manuel-lao-hernandez,no-pic,0.327,78.0,casinos,Gambling & Casinos,M,Spain,1681550402483,,,1164.259,2433.0,2433.0,//specials-images.forbesimg.com/imageserve/5e5d77047a0098000734b918/416x416.jpg?background=000000&cropX1=124&cropX2=1175&cropY1=61&cropY2=1112,1566.0,1513.0,1400.0,,,,
2406,Louis Le Duff,Le Duff,louis-le-duff,louis-le-duff,0.0,76.0,bakeries,Food & Beverage,M,France,1681550402483,,,1898.945,1641.0,1641.0,//specials-images.forbesimg.com/imageserve/56c7b8d6e4b062f6b59a23be/416x416.jpg?background=000000&cropX1=0&cropX2=741&cropY1=82&cropY2=823,1567.0,1513.0,1400.0,,,,
2407,Lee Ho-jin,Lee,lee-ho-jin,lee-ho-jin,0.528,60.0,diversified,Diversified,M,South Korea,1681550402483,,,1454.311,2063.0,2063.0,https://specials-images.forbesimg.com/imageserve/60b126a3557d0924ae564f27/416x416.jpg?background=000000&cropX1=95&cropX2=733&cropY1=87&cropY2=725,1568.0,1513.0,1400.0,Taekwang Industrial,False,,
2408,Lei Jufang,Lei,lei-jufang,lei-jufang,-3.231,70.0,pharmaceuticals,Healthcare,F,China,1681550402483,,,1863.18,1668.0,1668.0,https://specials-images.forbesimg.com/imageserve/603e8f5d4a2df75cef4fb25a/416x416.jpg?background=000000&cropX1=0&cropX2=800&cropY1=0&cropY2=800,1569.0,1513.0,1400.0,,,,
2409,Theodore Leonsis,Leonsis,theodore-leonsis,no-pic,-0.035,67.0,sports teams,Sports,M,United States,1681550402483,MD,Maryland,2069.925,1524.0,1524.0,//specials-images.forbesimg.com/imageserve/5c817682a7ea434b351c0059/416x416.jpg?background=000000&cropX1=0&cropX2=1728&cropY1=196&cropY2=1925,1570.0,1513.0,1400.0,,,,
2410,Li Chunan,Li,li-chunan,no-pic,-2.796,54.0,renewable energy,Manufacturing,M,China,1681550402482,,,4567.562,627.0,627.0,,1571.0,1513.0,1400.0,,,,
2411,K.C. Liu,Liu,kc-liu,no-pic,5.577,69.0,manufacturing,Technology,M,Taiwan,1681550402483,,,1535.739,1961.0,1961.0,https://specials-images.forbesimg.com/imageserve/6091c690e9fd7f0ff59d4448/416x416.jpg?background=000000&cropX1=2&cropX2=1254&cropY1=2&cropY2=1253,1572.0,1513.0,1400.0,,,,
2412,Anatoly Lomakin,Lomakin,anatoly-lomakin,anatoly-lomakin,0.0,70.0,investments,Metals & Mining,M,Russia,1681550402483,,,1397.0,2112.0,2112.0,//specials-images.forbesimg.com/imageserve/591833ed1fba28af6faa0f802f51940a/416x416.jpg?background=000000&cropX1=3&cropX2=744&cropY1=50&cropY2=791,1573.0,1513.0,1400.0,,,,
2413,Billy Joe (Red) McCombs,McCombs,billy-joe-red-mccombs,billy-joe-red-mccombs,,95.0,"real estate, oil, cars, sports",Diversified,M,United States,1617670341262,TX,Texas,,,,//specials-images.forbesimg.com/imageserve/c1df391b52ec95ff9604ca40b9ed0222/416x416.jpg?background=000000&cropX1=0&cropX2=744&cropY1=21&cropY2=765,1574.0,1513.0,1400.0,,,,
2414,Willy Michel,Michel,willy-michel,willy-michel,2.236,76.0,medical devices,Healthcare,M,Switzerland,1681550402483,,,2870.289,1083.0,1083.0,//specials-images.forbesimg.com/imageserve/5c723cfa4bbe6f51818aba88/416x416.jpg?background=000000&cropX1=42&cropX2=3300&cropY1=431&cropY2=3688,1575.0,1513.0,1400.0,,,,
2415,Massimo Moratti,Moratti,massimo-moratti,massimo-moratti,-6.623,77.0,oil refinery,Energy,M,Italy,1681550402483,,,1667.685,1839.0,1839.0,//specials-images.forbesimg.com/imageserve/5e76d7cfc7b02d000666d32d/416x416.jpg?background=000000&cropX1=47&cropX2=1761&cropY1=47&cropY2=1761,1576.0,1513.0,1400.0,,,,
2416,Toshio Motoya,Motoya,toshio-motoya,no-pic,,79.0,hotels,Service,M,Japan,1588016545564,,,,,,//specials-images.forbesimg.com/imageserve/5e76e601d8e1ae0007b726f9/416x416.jpg?background=000000&cropX1=183&cropX2=2744&cropY1=153&cropY2=2714,1577.0,1513.0,1400.0,,,,
2417,Patrice Motsepe,Motsepe,patrice-motsepe,patrice-motsepe,-12.628,61.0,mining,Metals & Mining,M,South Africa,1681550402483,,,2656.283,1199.0,1199.0,//specials-images.forbesimg.com/imageserve/5e77ad2cd8e1ae0007b73263/416x416.jpg?background=000000&cropX1=1014&cropX2=3703&cropY1=21&cropY2=2710,1578.0,1513.0,1400.0,,,,
2418,Eugene Murtagh,Murtagh,eugene-murtagh,no-pic,-16.416,80.0,building materials,Manufacturing,M,Ireland,1681550402483,,,1957.416,1598.0,1598.0,,1579.0,1513.0,1400.0,,,,
2419,Marius Nacht,Nacht,marius-nacht,marius-nacht,0.0,57.0,software,Technology,M,Israel,1681550402483,,,1415.65,2098.0,2098.0,//specials-images.forbesimg.com/imageserve/5c70c6f94bbe6f79c5474094/416x416.jpg?background=000000&cropX1=0&cropX2=1275&cropY1=180&cropY2=1456,1580.0,1513.0,1400.0,,,,
2420,Nandan Nilekani,Nilekani,nandan-nilekani,nandan-nilekani,0.0,67.0,software services,Technology,M,India,1681550402483,,,2750.379,1145.0,1145.0,https://specials-images.forbesimg.com/imageserve/6345d60898759f7f46b5c039/416x416.jpg?background=000000&cropX1=1458&cropX2=2284&cropY1=49&cropY2=875,1581.0,1513.0,1400.0,,,,
2421,Eren Ozmen,Ozmen,eren-ozmen,eren-ozmen,0.0,64.0,aerospace,Manufacturing,F,United States,1681550402483,NV,Nevada,2456.5,1294.0,1294.0,https://specials-images.forbesimg.com/imageserve/60aed2cd5eb4550111f94d8c/416x416.jpg?background=000000&cropX1=2&cropX2=1080&cropY1=0&cropY2=1078,1582.0,1513.0,1400.0,,,,
2422,Fatih Ozmen,Ozmen,fatih-ozmen,no-pic,0.0,65.0,aerospace,Manufacturing,M,United States,1681550402483,NV,Nevada,2358.5,1349.0,1349.0,//specials-images.forbesimg.com/imageserve/5a9f218d31358e79a28b2d7f/416x416.jpg?background=000000&cropX1=0&cropX2=2472&cropY1=89&cropY2=2559,1583.0,1513.0,1400.0,,,,
2423,Ajay Parekh,Parekh,ajay-parekh,no-pic,0.0,65.0,adhesives,Manufacturing,M,India,1681550402483,,,1974.445,1588.0,1588.0,,1584.0,1513.0,1400.0,,,,
2424,Narendrakumar Parekh,Parekh,narendrakumar-parekh,no-pic,0.0,84.0,adhesives,Manufacturing,M,India,1681550402483,,,1981.522,1583.0,1583.0,,1585.0,1513.0,1400.0,,,,
2425,Pierre Karl Péladeau,Péladeau,pierre-karl-peladeau,no-pic,-65.549,61.0,media,Media & Entertainment,M,Canada,1681550402483,,,1947.419,1606.0,1606.0,//specials-images.forbesimg.com/imageserve/5c6da05331358e1c187f2214/416x416.jpg?background=000000&cropX1=9&cropX2=1903&cropY1=13&cropY2=1906,1586.0,1513.0,1400.0,,,,
2426,Pu Zhongjie,Pu,pu-zhongjie,no-pic,3.663,60.0,medical equipment,Healthcare,M,China,1681550402483,,,1222.526,2345.0,2345.0,,1587.0,1513.0,1400.0,,,,
2427,Qian Ying,Qian,qian-ying,no-pic-female,-4.494,57.0,pig breeding,Food & Beverage,F,China,1681550402483,,,1282.301,2257.0,2257.0,,1588.0,1513.0,1400.0,,,,
2428,Qiu Jianping,Qiu,qiu-jianping,qiu-jianping,-0.405,61.0,hand tools,Manufacturing,M,China,1681550402483,,,2388.057,1338.0,1338.0,https://specials-images.forbesimg.com/imageserve/6050f48ca1ab099ed6e290cc/416x416.jpg?background=000000&cropX1=0&cropX2=800&cropY1=0&cropY2=800,1589.0,1513.0,1400.0,,,,
2429,P.V. Ramprasad Reddy,Reddy,pv-ramprasad-reddy,pv-ramprasad-reddy,0.0,65.0,pharmaceuticals,Healthcare,M,India,1681550402483,,,1634.039,1860.0,1860.0,https://specials-images.forbesimg.com/imageserve/6050f48ca1ab099ed6e290cc/416x416.jpg?background=000000&cropX1=0&cropX2=800&cropY1=0&cropY2=800,1590.0,1513.0,1400.0,,,,
2430,Katie Rodan,Rodan,katie-rodan,katie-rodan,,67.0,skin care,Fashion & Retail,F,United States,1586220790180,CA,California,,,,//specials-images.forbesimg.com/imageserve/5bbbc5cfa7ea4342a949d25e/416x416.jpg?background=000000&cropX1=0&cropX2=2832&cropY1=79&cropY2=2912,1591.0,1513.0,1400.0,,,,
2431,Hussain Sajwani,Sajwani,hussain-sajwani,hussain-sajwani,0.0,70.0,real estate,Real Estate,M,United Arab Emirates,1681550402482,,,4498.759,634.0,634.0,https://specials-images.forbesimg.com/imageserve/603d60e6d1100129fa70b050/416x416.jpg?background=000000&cropX1=382&cropX2=1181&cropY1=216&cropY2=1015,1592.0,1513.0,1400.0,,,,
2432,Karin Schick,Schick,karin-schick,no-pic-female,16.635,,information technology,Technology,F,Germany,1681550402483,,,2085.131,1513.0,1513.0,//specials-images.forbesimg.com/imageserve/5a7e1c0131358e4955ad10a9/416x416.jpg?background=000000&cropX1=2030&cropX2=5379&cropY1=270&cropY2=3616,1593.0,1513.0,1400.0,,,,
2433,Arnout Schuijff,Schuijff,arnout-schuijff,no-pic,-10.304,55.0,payments software,Technology,M,Netherlands,1681550402483,,,2673.174,1191.0,1191.0,,1594.0,1513.0,1400.0,,,,
2434,Shao Qinxiang,Shao,qinxiang-shao,no-pic,-1.08,68.0,diversified,Manufacturing,M,China,1681550402483,,,1911.25,1630.0,1630.0,,1595.0,1513.0,1400.0,,,,
2435,Prachak Tangkaravakoon,Tangkaravakoon,prachak-tangkaravakoon,no-pic,0.0,79.0,paints,Manufacturing,M,Thailand,1681550402483,,,1444.641,2069.0,2069.0,//specials-images.forbesimg.com/imageserve/5ad8df8031358e4112b82e99/416x416.jpg?background=000000&cropX1=1002&cropX2=2560&cropY1=453&cropY2=2012,1596.0,1513.0,1400.0,,,,
2436,David Teoh,Teoh,david-teoh,no-pic,5.362,67.0,telecom,Telecom,M,Australia,1681550402483,,,1511.222,1980.0,1980.0,//specials-images.forbesimg.com/imageserve/5e73f4c110380d0006bda8f8/416x416.jpg?background=000000&cropX1=1174&cropX2=4628&cropY1=120&cropY2=3572,1597.0,1513.0,1400.0,,,,
2437,Jonathan Tisch,Tisch,jonathan-tisch,no-pic,-2.11,69.0,"insurance, NFL team",Diversified,M,United States,1681550402483,NY,New York,1671.461,1837.0,1837.0,,1598.0,1513.0,1400.0,,,,
2438,Pavel Tykac,Tykac,pavel-tykac,pavel-tykac,6.516,58.0,coal mines,Metals & Mining,M,Czechia,1681550402482,,,8571.185,248.0,248.0,//specials-images.forbesimg.com/imageserve/5a7dd4e9a7ea431690131787/416x416.jpg?background=000000&cropX1=1134&cropX2=2843&cropY1=0&cropY2=1710,1599.0,1513.0,1400.0,,,,
2439,Wang Jianfeng,Wang,wang-jianfeng,no-pic,-6.041,53.0,auto parts,Automotive,M,China,1681550402483,,,1028.162,2609.0,2609.0,,1600.0,1513.0,1400.0,,,,
2440,Wang Jilei,Wang,wang-jilei,no-pic,-4.92,58.0,logistics,Logistics,M,China,1681550402483,,,1536.872,1960.0,1960.0,,1601.0,1513.0,1400.0,,,,
2441,Wang Ren-sheng,Wang,wang-ren-sheng,wang-ren-sheng,0.0,91.0,retail,Fashion & Retail,M,Taiwan,1681550402483,,,1969.472,1592.0,1592.0,https://specials-images.forbesimg.com/imageserve/63a0cd2fc894b4f0c7e821b3/416x416.jpg?background=000000&cropX1=0&cropX2=2000&cropY1=197&cropY2=2201,1602.0,1513.0,1400.0,,,,
2442,Chris Wanstrath,Wanstrath,chris-wanstrath,chris-wanstrath,,38.0,software,Technology,M,United States,1586220796190,CA,California,,,,//specials-images.forbesimg.com/imageserve/564a5703e4b0ffa7afe73337/416x416.jpg?background=000000&cropX1=122&cropX2=632&cropY1=29&cropY2=540,1603.0,1513.0,1400.0,,,,
2443,Stephen Winn,Winn,stephen-winn,no-pic,0.0,76.0,real estate services,Real Estate,M,United States,1681550402483,TX,Texas,1672.0,1835.0,1835.0,//specials-images.forbesimg.com/imageserve/5a90b07531358e79a28a2165/416x416.jpg?background=000000&cropX1=4&cropX2=2083&cropY1=210&cropY2=2290,1604.0,1513.0,1400.0,,,,
2444,Elaine Wynn,Wynn,elaine-wynn,elaine-wynn,7.41,80.0,"casinos, hotels",Gambling & Casinos,F,United States,1681550402483,NV,Nevada,2134.462,1484.0,1484.0,https://specials-images.forbesimg.com/imageserve/59de488331358e542c039b45/416x416.jpg?background=000000&cropX1=805&cropX2=3550&cropY1=741&cropY2=3488,1605.0,1513.0,1400.0,"Board Member, Wynn Las Vegas, LLC",False,,
2445,Swift Xie,Xie,swift-xie,no-pic,0.0,43.0,drones,Technology,M,China,1681550402483,,,1440.0,2074.0,2074.0,https://specials-images.forbesimg.com/imageserve/6050f48ca1ab099ed6e290cc/416x416.jpg?background=000000&cropX1=0&cropX2=800&cropY1=0&cropY2=800,1606.0,1513.0,1400.0,"Chief Marketing Officer, DJI Technology Co.",False,,
2446,Jane Yan,Yan,yan-jane,no-pic-female,-6.37,53.0,software,Technology,F,China,1681550402483,,,1389.239,2117.0,2117.0,//specials-images.forbesimg.com/imageserve/58c32b964bbe6f0e55885cca/416x416.jpg?background=000000&cropX1=0&cropX2=416&cropY1=0&cropY2=416,1607.0,1513.0,1400.0,,,,
2447,Yang Erzhu,Yang,yang-erzhu,no-pic,,72.0,real estate,Real Estate,M,China,1604523261232,,,,,,,1608.0,1513.0,1400.0,,,,
2448,Yuan Fugen,Yuan,yuan-fugen,no-pic,5.361,72.0,metal processing,Manufacturing,M,China,1681550402483,,,2048.867,1538.0,1538.0,,1609.0,1513.0,1400.0,,,,
2449,David Zalik,Zalik,david-zalik,no-pic,6.898,49.0,financial technology,Technology,M,United States,1681550402483,GA,Georgia,1749.165,1767.0,1767.0,//specials-images.forbesimg.com/imageserve/59e786c6a7ea436b47b40253/416x416.jpg?background=000000&cropX1=1071&cropX2=2905&cropY1=1106&cropY2=2941,1610.0,1513.0,1400.0,"CEO, GreenSky",False,,
2450,Clayton Zekelman,Zekelman,clayton-zekelman,no-pic,0.0,54.0,steel,Manufacturing,M,Canada,1681550402483,,,2184.0,1450.0,1450.0,,1611.0,1513.0,1400.0,,,,
2451,Zhang Yuanlin,Zhang,zhang-yuanlin,no-pic,,47.0,real estate,Real Estate,M,China,1604523253194,,,,,,,1612.0,1513.0,1400.0,,,,
2452,Antti Aarnio-Wihuri,Aarnio-Wihuri,antti-aarnio-wihuri,no-pic,-3.257,83.0,diversified,Diversified,M,Finland,1681550402483,,,1500.237,1996.0,1996.0,//specials-images.forbesimg.com/imageserve/58b739304bbe6f0e5587d172/416x416.jpg?background=000000&cropX1=0&cropX2=744&cropY1=176&cropY2=920,1613.0,1613.0,1300.0,,,,
2453,Rajendra Agarwal,Agarwal,rajendra-agarwal,rajendra-agarwal,0.0,64.0,pharmaceuticals,Healthcare,M,India,1681550402483,,,1352.789,2164.0,2164.0,,1614.0,1613.0,1300.0,,,,
2454,Kutayba Alghanim,Alghanim,kutayba-alghanim,kutayba-alghanim,,77.0,diversified,Diversified,M,Kuwait,1603907319035,,,,,,//specials-images.forbesimg.com/imageserve/58d3cbeb4bbe6f0e5589280b/416x416.jpg?background=000000&cropX1=0&cropX2=1497&cropY1=57&cropY2=1554,1615.0,1613.0,1300.0,,,,
2455,Roberto Angelini Rossi,Angelini Rossi,roberto-angelini-rossi,roberto-angelini-rossi,1.317,74.0,"forestry, mining",Diversified,M,Chile,1681550402483,,,1842.206,1688.0,1688.0,//specials-images.forbesimg.com/imageserve/5a67596fa7ea4316901185cf/416x416.jpg?background=000000&cropX1=1582&cropX2=3501&cropY1=204&cropY2=2122,1616.0,1613.0,1300.0,,,,
2456,Mika Anttonen,Anttonen,mika-anttonen,no-pic,0.0,56.0,oil & gas,Energy,M,Finland,1681550402483,,,1993.659,1571.0,1571.0,//specials-images.forbesimg.com/imageserve/58b061b1a7ea431f321a1929/416x416.jpg?background=000000&cropX1=0&cropX2=744&cropY1=79&cropY2=823,1617.0,1613.0,1300.0,,,,
2457,Carlos Ardila Lülle,Ardila Lülle,carlos-ardila-lulle,carlos-ardila-lulle,,92.0,"soft drinks, diversified",Food & Beverage,M,Colombia,1628868213499,,,,,,//specials-images.forbesimg.com/imageserve/5a985de531358e79a28abaee/416x416.jpg?background=000000&cropX1=0&cropX2=2348&cropY1=45&cropY2=2394,1618.0,1613.0,1300.0,,,,
2458,Lesley Bamberger,Bamberger,lesley-bamberger,no-pic,0.0,57.0,real estate,Real Estate,M,Netherlands,1681550402483,,,1778.612,1737.0,1737.0,//specials-images.forbesimg.com/imageserve/58a380994bbe6f0e5586cf65/416x416.jpg?background=000000&cropX1=129&cropX2=712&cropY1=135&cropY2=718,1619.0,1613.0,1300.0,,,,
2459,Elena Baturina,Baturina,elena-baturina,elena-baturina,0.0,60.0,"investments, real estate",Construction & Engineering,F,Russia,1681550402483,,,1303.0,2222.0,2222.0,//specials-images.forbesimg.com/imageserve/5c71d32531358e35dd26fa5d/416x416.jpg?background=000000&cropX1=465&cropX2=2053&cropY1=177&cropY2=1764,1620.0,1613.0,1300.0,,,,
2460,Banwari Lal Bawri,Bawri,banwari-lal-bawri,no-pic,0.0,70.0,pharmaceuticals,Healthcare,M,India,1681550402483,,,1352.862,2163.0,2163.0,,1621.0,1613.0,1300.0,,,,
2461,Girdhari Lal Bawri,Bawri,girdhari-lal-bawri,no-pic,0.0,75.0,pharmaceuticals,Healthcare,M,India,1681550402483,,,1388.875,2119.0,2119.0,https://specials-images.forbesimg.com/imageserve/60401fd746275cec21413b67/416x416.jpg?background=000000&cropX1=22&cropX2=1137&cropY1=74&cropY2=1189,1622.0,1613.0,1300.0,,,,
2462,Wilhelm Beier,Beier,wilhelm-beier,no-pic,17.717,66.0,pharmaceuticals,Healthcare,M,Germany,1681550402483,,,2188.263,1448.0,1448.0,//specials-images.forbesimg.com/imageserve/5e763abdd8e1ae0007b71cd8/416x416.jpg?background=000000&cropX1=356&cropX2=3110&cropY1=462&cropY2=3218,1623.0,1613.0,1300.0,,,,
2463,Vladimir Bogdanov,Bogdanov,vladimir-bogdanov,vladimir-bogdanov,0.0,71.0,oil,Energy,M,Russia,1681550402483,,,1362.398,2154.0,2154.0,//specials-images.forbesimg.com/imageserve/5e779103d8e1ae0007b72ee5/416x416.jpg?background=000000&cropX1=963&cropX2=3864&cropY1=0&cropY2=2904,1624.0,1613.0,1300.0,,,,
2464,Ana Maria Brescia Cafferata,Brescia Cafferata,ana-maria-brescia-cafferata,no-pic-female,0.0,98.0,"mining, banking",Diversified,F,Peru,1681550402483,,,1000.0,2644.0,2644.0,,1625.0,1613.0,1300.0,,,,
2465,Paolo Bulgari,Bulgari,paolo-bulgari,paolo-bulgari,4.056,85.0,luxury goods,Fashion & Retail,M,Italy,1681550402483,,,1628.621,1865.0,1865.0,//specials-images.forbesimg.com/imageserve/589faa694bbe6f0e55868f1c/416x416.jpg?background=000000&cropX1=184&cropX2=694&cropY1=56&cropY2=567,1626.0,1613.0,1300.0,,,,
2466,Amit Burman,Burman,amit-burman,amit-burman,0.0,53.0,consumer goods,Food & Beverage,M,India,1681550402483,,,1441.906,2071.0,2071.0,//specials-images.forbesimg.com/imageserve/5e765dcb10380d0006fbb1c4/416x416.jpg?background=000000&cropX1=998&cropX2=2236&cropY1=63&cropY2=1302,1627.0,1613.0,1300.0,,,,
2467,Chao Teng-hsiung,Chao,chao-teng-hsiung,chao-teng-hsiung,22.782,78.0,real estate,Real Estate,M,Taiwan,1681550402483,,,2312.184,1374.0,1374.0,https://specials-images.forbesimg.com/imageserve/6091c8a1a69315da50a65df5/416x416.jpg?background=000000&cropX1=8&cropX2=1792&cropY1=8&cropY2=1792,1628.0,1613.0,1300.0,,,,
2468,Cheng Lili,Cheng,cheng-lili,no-pic,-14.592,58.0,poultry breeding,Food & Beverage,M,China,1681550402483,,,1080.342,2535.0,2535.0,https://specials-images.forbesimg.com/imageserve/6050f48ca1ab099ed6e290cc/416x416.jpg?background=000000&cropX1=0&cropX2=800&cropY1=0&cropY2=800,1629.0,1613.0,1300.0,,,,
2469,Chin Jong Hwa,Chin,chin-jong-hwa,chin-jong-hwa,22.948,64.0,auto parts,Automotive,M,Taiwan,1681550402483,,,1512.791,1979.0,1979.0,https://specials-images.forbesimg.com/imageserve/63a0c94dc894b4f0c7e82199/416x416.jpg?background=000000&cropX1=548&cropX2=1800&cropY1=8&cropY2=1259,1630.0,1613.0,1300.0,,,,
2470,Daniel Chiu,Chiu,daniel-chiu,no-pic,-1.077,62.0,oil & gas,Energy,M,Hong Kong,1681550402483,,,2106.949,1495.0,1495.0,//specials-images.forbesimg.com/imageserve/5e3b38098b6cf300071df45c/416x416.jpg?background=000000&cropX1=337&cropX2=1080&cropY1=206&cropY2=950,1631.0,1613.0,1300.0,,,,
2471,Turgay Ciner,Ciner,turgay-ciner,turgay-ciner,,67.0,diversified,Diversified,M,Turkey,1617670424608,,,,,,//specials-images.forbesimg.com/imageserve/5c725c0aa7ea4310004353c9/416x416.jpg?background=000000&cropX1=272&cropX2=1487&cropY1=39&cropY2=1255,1632.0,1613.0,1300.0,,,,
2472,Jack Cockwell,Cockwell,jack-cockwell,no-pic,-13.89,82.0,"real estate, private equity",Finance & Investments,M,Canada,1681550402483,,,1674.582,1831.0,1831.0,//specials-images.forbesimg.com/imageserve/5c6dad7ca7ea43100042f171/416x416.jpg?background=000000&cropX1=53&cropX2=2773&cropY1=4&cropY2=2725,1633.0,1613.0,1300.0,,,,
2473,Jim Crane,Crane,jim-crane,no-pic,0.0,69.0,"logistics, baseball",Sports,M,United States,1681550402483,TX,Texas,1634.0,1861.0,1861.0,//specials-images.forbesimg.com/imageserve/5e134e634e291700061a8b06/416x416.jpg?background=000000&cropX1=206&cropX2=2525&cropY1=44&cropY2=2364,1634.0,1613.0,1300.0,,,,
2474,Brunello Cucinelli,Cucinelli,brunello-cucinelli,brunello-cucinelli,99.635,69.0,fashion,Fashion & Retail,M,Italy,1681550402483,,,3777.342,781.0,781.0,//specials-images.forbesimg.com/imageserve/5e76d2d3d8e1ae0007b72603/416x416.jpg?background=000000&cropX1=380&cropX2=2885&cropY1=15&cropY2=2519,1635.0,1613.0,1300.0,,,,
2475,Alexandra Daitch,Daitch,alexandra-daitch,no-pic-female,0.0,60.0,Cargill,Food & Beverage,F,United States,1681550402483,CT,Connecticut,1873.563,1654.0,1654.0,,1636.0,1613.0,1300.0,,,,
2476,Sol Daurella,Daurella,sol-daurella,no-pic-female,-3.29,57.0,Coca-Cola,Food & Beverage,F,Spain,1681550402483,,,2124.378,1489.0,1489.0,//specials-images.forbesimg.com/imageserve/5e77bfc4d8e1ae0007b7351b/416x416.jpg?background=000000&cropX1=1114&cropX2=3885&cropY1=121&cropY2=2893,1637.0,1613.0,1300.0,,,,
2477,Darwin Deason,Deason,darwin-deason,darwin-deason,0.0,82.0,Xerox,Service,M,United States,1681550402483,TX,Texas,1181.7,2407.0,2407.0,https://specials-images.forbesimg.com/imageserve/5c6d108aa0562eb2d1cc12c2f9b4a345/416x416.jpg?background=000000&cropX1=191&cropX2=1035&cropY1=0&cropY2=845,1638.0,1613.0,1300.0,,,,
2478,Deng Hui,Deng,deng-hui,no-pic,,60.0,software,Technology,M,United States,1617670472180,,,,,,,1639.0,1613.0,1300.0,,,,
2479,Daniel Dines,Dines,daniel-dines,no-pic,-42.692,51.0,software,Technology,M,Romania,1681550402483,NY,New York,1850.326,1681.0,1681.0,//specials-images.forbesimg.com/imageserve/5e8b624dc095010007bffe4e/416x416.jpg?background=000000&cropX1=0&cropX2=4000&cropY1=1123&cropY2=5126,1640.0,1613.0,1300.0,,,,
2480,David Harding,Harding,david-harding,david-harding,,61.0,finance,Finance & Investments,M,United Kingdom,1617670592257,,,,,,//specials-images.forbesimg.com/imageserve/5e77ee2bc7b02d000666e185/416x416.jpg?background=000000&cropX1=485&cropX2=2975&cropY1=6&cropY2=2496,1641.0,1613.0,1300.0,"Chairman & Head of Research, Winton Capital Management",False,,
2481,Ayman Hariri,Hariri,ayman-hariri,ayman-hariri,0.0,44.0,"construction, investments",Construction & Engineering,M,Lebanon,1681550402483,,,1400.0,2108.0,2109.0,//specials-images.forbesimg.com/imageserve/5e76eb7210380d0006fbb92c/416x416.jpg?background=000000&cropX1=84&cropX2=847&cropY1=64&cropY2=827,1642.0,1613.0,1300.0,,,,
2482,Ilkka Herlin,Herlin,ilkka-herlin,ilkka-herlin,26.894,64.0,"elevators, escalators",Manufacturing,M,Finland,1681550402483,,,1800.107,1719.0,1719.0,//specials-images.forbesimg.com/imageserve/5a7de14a4bbe6f2652f51f1e/416x416.jpg?background=000000&cropX1=136&cropX2=1278&cropY1=43&cropY2=1186,1643.0,1613.0,1300.0,,,,
2483,Ilona Herlin,Herlin,ilona-herlin,no-pic-female,26.622,58.0,"elevators, escalators",Manufacturing,F,Finland,1681550402483,,,1684.834,1822.0,1822.0,,1644.0,1613.0,1300.0,,,,
2484,Niranjan Hiranandani,Hiranandani,niranjan-hiranandani,niranjan-hiranandani,0.0,73.0,real estate,Real Estate,M,India,1681550402483,,,1544.488,1950.0,1950.0,//specials-images.forbesimg.com/imageserve/5e76981910380d0006fbb54f/416x416.jpg?background=000000&cropX1=498&cropX2=2965&cropY1=133&cropY2=2601,1645.0,1613.0,1300.0,,,,
2485,Hong Jie,Hong,hong-jie,no-pic,141.358,55.0,paint,Manufacturing,M,China,1681550402482,,,4047.403,717.0,717.0,https://specials-images.forbesimg.com/imageserve/6050f48ca1ab099ed6e290cc/416x416.jpg?background=000000&cropX1=0&cropX2=800&cropY1=0&cropY2=800,1646.0,1613.0,1300.0,,,,
2486,Drew Houston,Houston,drew-houston,drew-houston,12.482,40.0,cloud storage service,Technology,M,United States,1681550402483,CA,California,1658.421,1846.0,1846.0,https://specials-images.forbesimg.com/imageserve/618e793ad4b8f4524893c0c6/416x416.jpg?background=000000&cropX1=686&cropX2=3354&cropY1=0&cropY2=2667,1647.0,1613.0,1300.0,"CEO, Dropbox",False,,
2487,Hu Gengxi,Hu,hu-gengxi,no-pic,,59.0,Bio-Pharma,Healthcare,M,China,1604523231309,,,,,,,1648.0,1613.0,1300.0,,,,
2488,Hu Yangzhong,Hu,hu-yangzhong,no-pic,-28.657,58.0,technology,Technology,M,China,1681550402483,,,2281.436,1383.0,1383.0,,1649.0,1613.0,1300.0,,,,
2489,"B. Wayne Hughes, Jr.",Hughes,b-wayne-hughes-jr,no-pic,-71.72,62.0,storage facilities,Real Estate,M,United States,1681550402483,CA,California,1965.89,1594.0,1594.0,,1650.0,1613.0,1300.0,,,,
2490,Archie Hwang,Hwang,archie-hwang,no-pic,0.051,70.0,semiconductors,Technology,M,Taiwan,1681550402483,,,1523.136,1968.0,1968.0,https://specials-images.forbesimg.com/imageserve/63a0c5f419ae5f47238ceb2f/416x416.jpg?background=000000&cropX1=9&cropX2=1333&cropY1=57&cropY2=1380,1651.0,1613.0,1300.0,,,,
2491,Jiang Xuefei,Jiang,jiang-xuefei,no-pic,,53.0,printed circuit boards,Technology,M,China,1617670543228,,,,,,,1652.0,1613.0,1300.0,,,,
2492,Alexander Karp,Karp,alexander-karp,alexander-karp,12.13,55.0,software firm,Technology,M,United States,1681550402483,CA,California,1405.156,2104.0,2104.0,//specials-images.forbesimg.com/imageserve/5a8eee0da7ea431690141ab3/416x416.jpg?background=000000&cropX1=914&cropX2=2463&cropY1=177&cropY2=1725,1653.0,1613.0,1300.0,"Cofounder and CEO, Palantir Technologies",False,,
2493,Eugene Kaspersky,Kaspersky,eugene-kaspersky,eugene-kaspersky,0.0,57.0,software,Technology,M,Russia,1681550402483,,,2096.0,1500.0,1500.0,//specials-images.forbesimg.com/imageserve/5e777c5ed8e1ae0007b72d26/416x416.jpg?background=000000&cropX1=1802&cropX2=4365&cropY1=14&cropY2=2576,1654.0,1613.0,1300.0,,,,
2494,Ke Xiping,Ke,ke-xiping,ke-xiping,16.494,62.0,investments,Diversified,M,China,1681550402483,,,1643.966,1855.0,1855.0,//specials-images.forbesimg.com/imageserve/5e754b3507adf00006dbbff7/416x416.jpg?background=000000&cropX1=1518&cropX2=4117&cropY1=274&cropY2=2872,1655.0,1613.0,1300.0,,,,
2495,Sidney Kimmel,Kimmel,sidney-kimmel,sidney-kimmel,0.0,95.0,retail,Fashion & Retail,M,United States,1681550402483,NY,New York,1503.21,1988.0,1988.0,//specials-images.forbesimg.com/imageserve/5a908cca31358e79a28a1eb7/416x416.jpg?background=000000&cropX1=447&cropX2=2035&cropY1=57&cropY2=1646,1656.0,1613.0,1300.0,,,,
2496,Jim Koch,Koch,jim-koch,jim-koch,7.474,73.0,beer,Food & Beverage,M,United States,1681550402483,MA,Massachusetts,1515.29,1974.0,1974.0,//specials-images.forbesimg.com/imageserve/5e88df72c095010007bff054/416x416.jpg?background=000000&cropX1=720&cropX2=3383&cropY1=0&cropY2=2665,1657.0,1613.0,1300.0,,,,
2497,Koon Poh Keong,Koon,koon-poh-keong,no-pic,28.505,61.0,aluminum,Manufacturing,M,Malaysia,1681550402482,,,4291.881,676.0,676.0,//specials-images.forbesimg.com/imageserve/5e76f19110380d0006fbb941/416x416.jpg?background=000000&cropX1=1353&cropX2=3563&cropY1=471&cropY2=2682,1658.0,1613.0,1300.0,,,,
2498,Michael Krasny,Krasny,michael-krasny,michael-krasny,0.0,69.0,retail,Technology,M,United States,1681550402483,IL,Illinois,1290.0,2248.0,2248.0,//specials-images.forbesimg.com/imageserve/066ddf8d15e970b7c5b17d2962ac0b16/416x416.jpg?background=000000&cropX1=0&cropX2=788&cropY1=27&cropY2=815,1659.0,1613.0,1300.0,"President, Sawdust Investment Management Corp.",False,,
2499,Sebastian Kulczyk,Kulczyk,sebastian-kulczyk,no-pic,-0.505,42.0,diversified,Finance & Investments,M,Poland,1681550402483,,,1489.602,2016.0,2016.0,//specials-images.forbesimg.com/imageserve/5e770c39c7b02d000666d431/416x416.jpg?background=000000&cropX1=1829&cropX2=3974&cropY1=771&cropY2=2917,1660.0,1613.0,1300.0,,,,
2500,Kwek Leng Peck,Kwek,kwek-leng-peck,no-pic,0.0,67.0,diversified,Diversified,M,Singapore,1681550402483,,,1376.286,2138.0,2139.0,,1661.0,1613.0,1300.0,,,,
2501,Frank Laukien,Laukien,frank-laukien,no-pic,-13.544,63.0,scientific equipment,Manufacturing,M,United States,1681550402483,MA,Massachusetts,3097.003,986.0,986.0,,1662.0,1613.0,1300.0,,,,
2502,Manfredi Lefebvre d'Ovidio,Lefebvre d'Ovidio,manfredi-lefebvre-dovidio,no-pic,0.441,69.0,cruises,Service,M,Italy,1681550402483,,,1387.443,2121.0,2121.0,//specials-images.forbesimg.com/imageserve/5e76d6bbd8e1ae0007b72611/416x416.jpg?background=000000&cropX1=335&cropX2=1658&cropY1=243&cropY2=1566,1663.0,1613.0,1300.0,,,,
2503,Peter Leibinger,Leibinger,peter-leibinger,peter-leibinger,0.0,56.0,machine tools,Manufacturing,M,Germany,1681550402483,,,1582.184,1909.0,1910.0,//specials-images.forbesimg.com/imageserve/5e7633eed8e1ae0007b71c6e/416x416.jpg?background=000000&cropX1=449&cropX2=2886&cropY1=0&cropY2=2437,1664.0,1613.0,1300.0,,,,
2504,Regine Leibinger,Leibinger,regine-leibinger,regine-leibinger,0.0,60.0,machine tools,Manufacturing,F,Germany,1681550402483,,,1582.184,1909.0,1911.0,//specials-images.forbesimg.com/imageserve/5e7634a510380d0006fbadd5/416x416.jpg?background=000000&cropX1=1306&cropX2=3976&cropY1=0&cropY2=2668,1665.0,1613.0,1300.0,,,,
2505,Li Fengluan,Li,fengluan-li,no-pic-female,-3.84,61.0,"steel, diversified",Diversified,F,China,1681550402483,,,1318.81,2207.0,2207.0,,1666.0,1613.0,1300.0,,,,
2506,Li Tan,Li,li-tan,no-pic-female,,58.0,pharmaceuticals,Healthcare,F,China,1617670434818,,,,,,,1667.0,1613.0,1300.0,,,,
2507,Lim Oon Kuin,Lim,lim-oon-kuin,no-pic,,79.0,oil trading,Energy,M,Singapore,1588726760111,,,,,,//specials-images.forbesimg.com/imageserve/5c71edaa31358e35dd26fb85/416x416.jpg?background=000000&cropX1=593&cropX2=1087&cropY1=96&cropY2=590,1668.0,1613.0,1300.0,,,,
2508,Lim Wee Chai,Lim,lim-wee-chai,lim-wee-chai,-23.938,65.0,rubber gloves,Manufacturing,M,Malaysia,1681550402483,,,1175.687,2417.0,2417.0,https://specials-images.forbesimg.com/imageserve/60b132b51bb4128025ec4356/416x416.jpg?background=000000&cropX1=231&cropX2=1160&cropY1=504&cropY2=1434,1669.0,1613.0,1300.0,,,,
2509,Louise Lindh,Lindh,louise-lindh,no-pic-female,17.32,43.0,investments,Diversified,F,Sweden,1681550402483,,,1893.555,1644.0,1644.0,//specials-images.forbesimg.com/imageserve/5c722adda7ea431000435207/416x416.jpg?background=000000&cropX1=0&cropX2=2047&cropY1=166&cropY2=2214,1670.0,1613.0,1300.0,,,,
2510,Liu Yachao,Liu,liu-yachao,no-pic,,42.0,education,Service,M,China,1604523240547,,,,,,,1671.0,1613.0,1300.0,,,,
2511,Ma Fei,Ma,ma-fei,no-pic,,55.0,electronics components,Technology,M,China,1586220815681,,,,,,,1672.0,1613.0,1300.0,,,,
2512,Melissa Ma,Ma,melissa-ma-1,no-pic-female,-57.71,53.0,internet search,Technology,F,China,1681550402483,,,2012.175,1557.0,1557.0,//specials-images.forbesimg.com/imageserve/5c6e95c04bbe6f2fbddc4d4d/416x416.jpg?background=000000&cropX1=992&cropX2=4080&cropY1=0&cropY2=3085,1673.0,1613.0,1300.0,,,,
2513,Duncan MacMillan,MacMillan,duncan-macmillan,no-pic,0.0,85.0,Bloomberg LP,Finance & Investments,M,United States,1681550402483,NJ,New Jersey,1655.9,1847.0,1847.0,//specials-images.forbesimg.com/imageserve/5a971bb731358e79a28a995c/416x416.jpg?background=000000&cropX1=1&cropX2=210&cropY1=7&cropY2=216,1674.0,1613.0,1300.0,,,,
2514,Sarah MacMillan,MacMillan,sarah-macmillan,no-pic-female,0.0,69.0,Cargill,Food & Beverage,F,United States,1681550402483,CA,California,1873.563,1654.0,1656.0,,1675.0,1613.0,1300.0,,,,
2515,Kishore Mariwala,Mariwala,kishore-mariwala,no-pic,0.0,88.0,consumer goods,Food & Beverage,M,India,1681550402483,,,2253.799,1396.0,1396.0,//specials-images.forbesimg.com/imageserve/5a7f296031358e4955ad19b8/416x416.jpg?background=000000&cropX1=371&cropX2=890&cropY1=30&cropY2=549,1676.0,1613.0,1300.0,,,,
2516,John Martin,Martin,john-martin,no-pic,,71.0,pharmaceuticals,Healthcare,M,United States,1619051047247,CA,California,,,,//specials-images.forbesimg.com/imageserve/5a90aff34bbe6f0fa8266ba5/416x416.jpg?background=000000&cropX1=0&cropX2=1872&cropY1=147&cropY2=2020,1677.0,1613.0,1300.0,,,,
2517,Terence (Terry) Matthews,Matthews,terence-terry-matthews,no-pic,0.0,80.0,telecom,Telecom,M,Canada,1681550402483,,,1576.587,1919.0,1919.0,//specials-images.forbesimg.com/imageserve/5e744a872a573300068fcda0/416x416.jpg?background=000000&cropX1=546&cropX2=2621&cropY1=58&cropY2=2134,1678.0,1613.0,1300.0,,,,
2518,Lachhman Das Mittal,Mittal,lachhman-das-mittal,lachhman-das-mittal,0.0,92.0,tractors,Automotive,M,India,1681550402483,,,2545.138,1243.0,1243.0,https://specials-images.forbesimg.com/imageserve/59cc1536a7ea434a34f46d14/416x416.jpg?background=000000&cropX1=918&cropX2=1964&cropY1=133&cropY2=1180,1679.0,1613.0,1300.0,,,,
2519,Mario Moretti Polegato,Moretti Polegato,mario-moretti-polegato,mario-moretti-polegato,-0.346,70.0,shoes,Fashion & Retail,M,Italy,1681550402483,,,1500.988,1991.0,1991.0,//specials-images.forbesimg.com/imageserve/5e76d77810380d0006fbb83d/416x416.jpg?background=000000&cropX1=19&cropX2=1101&cropY1=33&cropY2=1116,1680.0,1613.0,1300.0,,,,
2520,Yoshiko Mori,Mori,yoshiko-mori,yoshiko-mori,0.0,82.0,real estate,Real Estate,F,Japan,1681550402483,,,1470.05,2036.0,2036.0,//specials-images.forbesimg.com/imageserve/5ca6813f31358e76a32f7d32/416x416.jpg?background=000000&cropX1=2098&cropX2=4007&cropY1=1776&cropY2=3684,1681.0,1613.0,1300.0,,,,
2521,Craig Newmark,Newmark,craig-newmark,no-pic,,70.0,Craigslist,Technology,M,United States,1670369294458,CA,California,,,,//specials-images.forbesimg.com/imageserve/59079b82a7ea437ada26cf0a/416x416.jpg?background=000000&cropX1=0&cropX2=2148&cropY1=201&cropY2=2348,1682.0,1613.0,1300.0,,,,
2522,Oei Hong Leong,Oei,oei-hong-leong,oei-hong-leong,-0.113,75.0,investments,Finance & Investments,M,Singapore,1681550402483,,,2003.417,1563.0,1563.0,https://specials-images.forbesimg.com/imageserve/61115a5bd5d51f7f93419c4e/416x416.jpg?background=000000&cropX1=0&cropX2=671&cropY1=0&cropY2=671,1683.0,1613.0,1300.0,,,,
2523,Kazuo Okada,Okada,kazuo-okada,kazuo-okada,141.872,80.0,casinos,Gambling & Casinos,M,Japan,1681550402483,,,1691.465,1815.0,1815.0,//specials-images.forbesimg.com/imageserve/5e76de6610380d0006fbb8b7/416x416.jpg?background=000000&cropX1=0&cropX2=2450&cropY1=0&cropY2=2449,1684.0,1613.0,1300.0,,,,
2524,Erik Paulsson,Paulsson,erik-paulsson,no-pic,,81.0,"construction, real estate",Real Estate,M,Sweden,1617670119062,,,,,,//specials-images.forbesimg.com/imageserve/5e77c50910380d0006fbc5fa/416x416.jpg?background=000000&cropX1=620&cropX2=2401&cropY1=0&cropY2=1780,1685.0,1613.0,1300.0,,,,
2525,Victor Pinchuk,Pinchuk,victor-pinchuk,victor-pinchuk,0.0,62.0,"steel pipes, diversified",Metals & Mining,M,Ukraine,1681550402483,,,2080.0,1515.0,1515.0,//specials-images.forbesimg.com/imageserve/5c7265fb31358e35dd2701b5/416x416.jpg?background=000000&cropX1=1368&cropX2=4268&cropY1=156&cropY2=3054,1686.0,1613.0,1300.0,,,,
2526,Heloise Pratt,Pratt,heloise-pratt,no-pic-female,-0.338,60.0,"manufacturing, investment",Manufacturing,F,Australia,1681550402483,,,2234.775,1407.0,1407.0,https://specials-images.forbesimg.com/imageserve/63ea6e702c4aff9313d77ea2/416x416.jpg?background=000000&cropX1=0&cropX2=1080&cropY1=0&cropY2=1080,1687.0,1613.0,1300.0,,,,
2527,Fernando Roig,Roig,fernando-roig,fernando-roig,0.0,75.0,supermarkets,Fashion & Retail,M,Spain,1681550402483,,,1364.473,2153.0,2153.0,//specials-images.forbesimg.com/imageserve/5a810d5b4bbe6f2652f54498/416x416.jpg?background=000000&cropX1=297&cropX2=1859&cropY1=173&cropY2=1734,1688.0,1613.0,1300.0,,,,
2528,Alexander Rovt,Rovt,alexander-rovt,alexander-rovt,,70.0,"fertilizer, real estate",Manufacturing,M,United States,1586220824736,NY,New York,,,,//specials-images.forbesimg.com/imageserve/5a90911ea7ea434a0c2721cc/416x416.jpg?background=000000&cropX1=438&cropX2=1365&cropY1=66&cropY2=992,1689.0,1613.0,1300.0,,,,
2529,Ruan Hongliang,Ruan,ruan-hongliang,no-pic,37.751,62.0,glass,Manufacturing,M,China,1681550402483,,,3945.813,743.0,743.0,https://specials-images.forbesimg.com/imageserve/6050f48ca1ab099ed6e290cc/416x416.jpg?background=000000&cropX1=0&cropX2=800&cropY1=0&cropY2=800,1690.0,1613.0,1300.0,,,,
2530,Subhash Runwal,Runwal,subhash-runwal,subhash-runwal,0.0,79.0,real estate,Real Estate,M,India,1681550402483,,,1425.43,2089.0,2089.0,//specials-images.forbesimg.com/imageserve/b6a4b0d26940920c26d510c6ec17bbf6/416x416.jpg?background=000000&cropX1=0&cropX2=744&cropY1=108&cropY2=852,1691.0,1613.0,1300.0,,,,
2531,Lily Safra,Safra,lily-safra,lily-safra,,85.0,banking,Finance & Investments,F,Monaco,1617670446766,,,,,,//specials-images.forbesimg.com/imageserve/5e76fa3910380d0006fbb992/416x416.jpg?background=000000&cropX1=344&cropX2=2610&cropY1=97&cropY2=2365,1692.0,1613.0,1300.0,,,,
2532,Alvaro Saieh,Saieh Bendeck,alvaro-saieh,no-pic,,73.0,banking,Finance & Investments,M,Chile,1654623049365,,,,,,https://specials-images.forbesimg.com/imageserve/629f53135903662f987d0517/416x416.jpg?background=000000&cropX1=1433&cropX2=2294&cropY1=16&cropY2=876,1693.0,1613.0,1300.0,,,,
2533,Steven Sarowitz,Sarowitz,steven-sarowitz,no-pic,15.993,57.0,payroll software,Technology,M,United States,1681550402483,IL,Illinois,2824.872,1110.0,1110.0,,1694.0,1613.0,1300.0,,,,
2534,Shi Yuzhu,Shi,yuzhu-shi,yuzhu-shi,-56.113,60.0,"online games, investments",Diversified,M,China,1681550402483,,,2906.944,1069.0,1069.0,https://specials-images.forbesimg.com/imageserve/5c6eeee6a7ea4310004310b0/416x416.jpg?background=000000&cropX1=836&cropX2=1853&cropY1=185&cropY2=1202,1695.0,1613.0,1300.0,,,,
2535,Vlad Shmunis,Shmunis,vlad-shmunis,no-pic,,62.0,cloud technology,Technology,M,United States,1617670096711,CA,California,,,,,1696.0,1613.0,1300.0,,,,
2536,Alberto Siccardi,Siccardi,alberto-siccardi,no-pic,37.429,78.0,medical devices,Healthcare,M,Switzerland,1681550402483,,,2458.026,1292.0,1292.0,,1697.0,1613.0,1300.0,,,,
2537,Jasminder Singh,Singh,jasminder-singh,jasminder-singh,,72.0,hotels,Real Estate,M,United Kingdom,1644631966486,,,,,,//specials-images.forbesimg.com/imageserve/8fb4b0d6a42a8185e60bd39594b5f2e6/416x416.jpg?background=000000&cropX1=143&cropX2=676&cropY1=8&cropY2=541,1698.0,1613.0,1300.0,,,,
2538,Ryan Smith,Smith,ryan-smith,ryan-smith,-0.258,44.0,cloud computing,Technology,M,United States,1681550402483,UT,Utah,1620.145,1875.0,1875.0,//specials-images.forbesimg.com/imageserve/5e83a1e0936edc00071fa4cc/416x416.jpg?background=000000&cropX1=315&cropX2=3051&cropY1=834&cropY2=3568,1699.0,1613.0,1300.0,"Co-Founder & CEO, Qualtrics",False,,
2539,Stephen Smith,Smith,stephen-smith,no-pic,4.702,71.0,finance and investments,Finance & Investments,M,Canada,1681550402483,,,3380.913,895.0,895.0,https://specials-images.forbesimg.com/imageserve/5fbe6669879eb794e10b9aeb/416x416.jpg?background=000000&cropX1=0&cropX2=1920&cropY1=117&cropY2=2038,1700.0,1613.0,1300.0,,,,
2540,Peter Spuhler,Spuhler,peter-spuhler,peter-spuhler,16.858,63.0,train cars,Manufacturing,M,Switzerland,1681550402482,,,4198.842,697.0,697.0,//specials-images.forbesimg.com/imageserve/5e77d285d8e1ae0007b73696/416x416.jpg?background=000000&cropX1=2084&cropX2=4053&cropY1=23&cropY2=1990,1701.0,1613.0,1300.0,,,,
2541,Lucy Stitzer,Stitzer,lucy-stitzer,no-pic-female,0.0,63.0,Cargill,Food & Beverage,F,United States,1681550402483,CT,Connecticut,1873.563,1654.0,1655.0,,1702.0,1613.0,1300.0,,,,
2542,William Stone,Stone,william-stone,william-stone,-2.049,68.0,software,Technology,M,United States,1681550402483,FL,Florida,2236.563,1405.0,1405.0,//specials-images.forbesimg.com/imageserve/56d0b77de4b0c144a7f65a94/416x416.jpg?background=000000&cropX1=2&cropX2=744&cropY1=68&cropY2=811,1703.0,1613.0,1300.0,,,,
2543,Petter Stordalen,Stordalen,petter-stordalen,petter-stordalen,0.0,60.0,hotels,Service,M,Norway,1681550402483,,,1015.719,2624.0,2624.0,//specials-images.forbesimg.com/imageserve/5e7703cbd8e1ae0007b7288a/416x416.jpg?background=000000&cropX1=142&cropX2=2997&cropY1=83&cropY2=2936,1704.0,1613.0,1300.0,,,,
2544,Kevin Systrom,Systrom,kevin-systrom,no-pic,4.862,39.0,Instagram,Technology,M,United States,1681550402483,CA,California,1629.596,1864.0,1864.0,https://specials-images.forbesimg.com/imageserve/618e7d3e66df456f8c0f9d01/416x416.jpg?background=000000&cropX1=216&cropX2=2314&cropY1=554&cropY2=2651,1705.0,1613.0,1300.0,"Cofounder/CEO, Instagram",False,,
2545,Alain Taravella,Taravella,alain-taravella,alain-taravella,8.011,75.0,real estate development,Real Estate,M,France,1681550402483,,,1853.389,1677.0,1677.0,//specials-images.forbesimg.com/imageserve/5c6f8e3ca7ea431000432050/416x416.jpg?background=000000&cropX1=20&cropX2=1216&cropY1=194&cropY2=1390,1706.0,1613.0,1300.0,,,,
2546,Roman Trotsenko,Trotsenko,roman-trotsenko,no-pic,0.0,52.0,"transport, engineering, real estate",Logistics,M,Russia,1681550402483,,,3155.292,963.0,963.0,//specials-images.forbesimg.com/imageserve/5e7785a210380d0006fbbf8a/416x416.jpg?background=000000&cropX1=1382&cropX2=4603&cropY1=0&cropY2=3221,1707.0,1613.0,1300.0,,,,
2547,Kenneth Tuchman,Tuchman,kenneth-tuchman,no-pic,-27.085,63.0,outsourcing,Service,M,United States,1681550402483,CO,Colorado,1694.29,1813.0,1813.0,https://specials-images.forbesimg.com/imageserve/614b5d92209e16a792e03218/416x416.jpg?background=000000&cropX1=55&cropX2=2848&cropY1=317&cropY2=3112,1708.0,1613.0,1300.0,,,,
2548,Sunny Varkey,Varkey,sunny-varkey,sunny-varkey,0.0,66.0,education,Service,M,India,1681550402483,,,2950.6,1045.0,1045.0,//specials-images.forbesimg.com/imageserve/cae20d11ff4607d9cc72441fe608c1d5/416x416.jpg?background=000000&cropX1=84&cropX2=702&cropY1=89&cropY2=708,1709.0,1613.0,1300.0,,,,
2549,Shamsheer Vayalil,Vayalil,shamsheer-vayalil,shamsheer-vayalil,0.755,46.0,healthcare,Healthcare,M,India,1681550402483,,,2469.276,1284.0,1284.0,//specials-images.forbesimg.com/imageserve/59cc1beea7ea434a34f46d83/416x416.jpg?background=000000&cropX1=0&cropX2=426&cropY1=19&cropY2=445,1710.0,1613.0,1300.0,,,,
2550,Anna Katharina Viessmann,Viessmann,anna-katharina-viessmann,no-pic-female,0.0,,heating and cooling equipment,Manufacturing,F,Germany,1681550402483,,,2711.114,1166.0,1166.0,,1711.0,1613.0,1300.0,,,,
2551,Wang Junmin,Wang,wang-junmin,wang-junmin,14.831,54.0,pharmaceuticals,Healthcare,M,China,1681550402483,,,1739.329,1775.0,1775.0,//specials-images.forbesimg.com/imageserve/54dcf13d6e09b4de072553c3ba7bf5d6/416x416.jpg?background=000000&cropX1=3&cropX2=744&cropY1=3&cropY2=744,1712.0,1613.0,1300.0,,,,
2552,Wen Pengcheng,Wen,wen-pengcheng,no-pic,-9.508,60.0,agribusiness,Food & Beverage,M,China,1681550402483,,,1168.903,2425.0,2425.0,,1713.0,1613.0,1300.0,,,,
2553,Wong Kwong Yu,Wong,wong-kwong-yu,wong-kwong-yu,,53.0,retail,Fashion & Retail,M,China,1604523244278,,,,,,//specials-images.forbesimg.com/imageserve/5c6f0b8c31358e35dd26c7db/416x416.jpg?background=000000&cropX1=9&cropX2=1640&cropY1=9&cropY2=1640,1714.0,1613.0,1300.0,,,,
2554,Wu Kaiting,Wu,wu-kaiting,no-pic,6.205,53.0,electronics,Telecom,M,Hong Kong,1681550402483,,,1195.583,2383.0,2383.0,https://specials-images.forbesimg.com/imageserve/6050f48ca1ab099ed6e290cc/416x416.jpg?background=000000&cropX1=0&cropX2=800&cropY1=0&cropY2=800,1715.0,1613.0,1300.0,,,,
2555,Xiang Guangming,Xiang,xiang-guangming,no-pic,8.198,59.0,waste disposal,Manufacturing,M,China,1681550402483,,,1594.651,1898.0,1898.0,,1716.0,1613.0,1300.0,,,,
2556,Xie Juhua,Xie,xie-juhua,no-pic-female,1.089,72.0,pharmaceuticals,Healthcare,F,China,1681550402483,,,1839.698,1689.0,1689.0,,1717.0,1613.0,1300.0,,,,
2557,Ken Xie,Xie,ken-xie,no-pic,-22.838,60.0,cybersecurity,Technology,M,United States,1681550402482,CA,California,4663.755,607.0,607.0,//specials-images.forbesimg.com/imageserve/5d94fceb67dd830006a28926/416x416.jpg?background=000000&cropX1=126&cropX2=1024&cropY1=82&cropY2=980,1718.0,1613.0,1300.0,,,,
2558,Xiu Laigui,Xiu,xiu-laigui,xiu-laigui,0.0,68.0,pharmaceuticals,Healthcare,M,China,1681550402483,,,1142.25,2453.0,2453.0,https://specials-images.forbesimg.com/imageserve/5a7d1414a7ea431690130e10/416x416.jpg?background=000000&cropX1=367&cropX2=2132&cropY1=496&cropY2=2260,1719.0,1613.0,1300.0,,,,
2559,Yang Shaopeng,Yang,yang-shaopeng,no-pic,101.675,65.0,shipping,Logistics,M,China,1681550402483,,,3722.398,793.0,793.0,https://specials-images.forbesimg.com/imageserve/5c6f0db7a7ea431000431677/416x416.jpg?background=000000&cropX1=99&cropX2=583&cropY1=5&cropY2=490,1720.0,1613.0,1300.0,,,,
2560,Ye Cheng,Ye,ye-cheng,no-pic,,61.0,conglomerate,Diversified,M,China,1617670362317,,,,,,,1721.0,1613.0,1300.0,,,,
2561,Zhang Keqiang,Zhang,zhang-keqiang,zhang-keqiang,-2.989,62.0,real estate,Real Estate,M,China,1681550402483,,,1464.327,2041.0,2041.0,//specials-images.forbesimg.com/imageserve/5865576ab60b0bfe8025d6b4b7d9f65f/416x416.jpg?background=000000&cropX1=2&cropX2=744&cropY1=50&cropY2=793,1722.0,1613.0,1300.0,,,,
2562,Zhang Wanzhen,Zhang,zhang-wanzhen,no-pic,3.17,73.0,electronics components,Manufacturing,M,China,1681550402483,,,2193.41,1442.0,1442.0,,1723.0,1613.0,1300.0,,,,
2563,Zhang Xiaojuan,Zhang,zhang-xiaojuan,no-pic-female,-8.425,53.0,logistics,Logistics,F,China,1681550402483,,,1797.39,1726.0,1726.0,//specials-images.forbesimg.com/imageserve/5c6f1092a7ea4310004316d9/416x416.jpg?background=000000&cropX1=0&cropX2=1410&cropY1=333&cropY2=1744,1724.0,1613.0,1300.0,,,,
2564,Zhang Xuanning,Zhang,zhang-xuanning,no-pic,,52.0,retail,Fashion & Retail,M,China,1617670522599,,,,,,,1725.0,1613.0,1300.0,,,,
2565,Zhang Yin,Zhang,zhang-yin,no-pic-female,4.583,66.0,paper manufacturing,Manufacturing,F,China,1681550402483,,,1284.29,2255.0,2255.0,//specials-images.forbesimg.com/imageserve/5e791e1bd8e1ae0007b75038/416x416.jpg?background=000000&cropX1=901&cropX2=4773&cropY1=28&cropY2=3897,1726.0,1613.0,1300.0,,,,
2566,Zhou Chengjian,Zhou,zhou-chengjian,zhou-chengjian,-1.837,57.0,fashion retail,Fashion & Retail,M,China,1681550402483,,,1347.354,2174.0,2174.0,//specials-images.forbesimg.com/imageserve/5c6ef63531358e35dd26c4da/416x416.jpg?background=000000&cropX1=0&cropX2=3648&cropY1=8&cropY2=3659,1727.0,1613.0,1300.0,,,,
2567,Zhu Yiming,Zhu,zhu-yiming,no-pic,47.265,50.0,semiconductors,Technology,M,China,1681550402483,,,1338.971,2186.0,2186.0,https://specials-images.forbesimg.com/imageserve/6050f48ca1ab099ed6e290cc/416x416.jpg?background=000000&cropX1=0&cropX2=800&cropY1=0&cropY2=800,1728.0,1613.0,1300.0,,,,
2568,Anita Zucker,Zucker,anita-zucker,no-pic-female,-1.749,71.0,chemicals,Manufacturing,F,United States,1681550402483,SC,South Carolina,1924.813,1623.0,1623.0,//specials-images.forbesimg.com/imageserve/57e124e131358e16c589bb77/416x416.jpg?background=000000&cropX1=0&cropX2=744&cropY1=15&cropY2=759,1729.0,1613.0,1300.0,,,,
2569,Faisal Bin Qassim Al Thani,Al Thani,faisal-bin-qassim-al-thani,faisal-bin-qassim-al-thani,0.0,75.0,"hotels, diversified",Diversified,M,Qatar,1681550402483,,,1638.077,1858.0,1858.0,https://specials-images.forbesimg.com/imageserve/603d6305b2625c09d1c1e13d/416x416.jpg?background=000000&cropX1=732&cropX2=1423&cropY1=151&cropY2=843,1730.0,1730.0,1200.0,,,,
2570,Joao Alves de Queiroz Filho,Alves de Queiroz Filho,joao-alves-de-queiroz-filho,no-pic,-3.964,70.0,pharmaceuticals,Diversified,M,Brazil,1681550402483,,,1235.743,2319.0,2319.0,https://specials-images.forbesimg.com/imageserve/6050f48ca1ab099ed6e290cc/416x416.jpg?background=000000&cropX1=0&cropX2=800&cropY1=0&cropY2=800,1731.0,1730.0,1200.0,,,,
2571,Marc Andreessen,Andreessen,marc-andreessen,marc-andreessen,0.499,51.0,venture capital investing,Finance & Investments,M,United States,1681550402483,CA,California,1751.551,1762.0,1762.0,//specials-images.forbesimg.com/imageserve/5c9d179331358e79cabff237/416x416.jpg?background=000000&cropX1=531&cropX2=2520&cropY1=9&cropY2=1996,1732.0,1730.0,1200.0,"Cofounder and General Partner, Andreessen Horowitz",False,,
2572,Mehmet Aydinlar,Aydinlar,mehmet-aydinlar,mehmet-aydinlar,-4.951,66.0,hospitals,Healthcare,M,Turkey,1681550402483,,,1235.74,2320.0,2320.0,//specials-images.forbesimg.com/imageserve/5e77e1f010380d0006fbc836/416x416.jpg?background=000000&cropX1=157&cropX2=1201&cropY1=35&cropY2=1080,1733.0,1730.0,1200.0,,,,
2573,Thomas Bailey,Bailey,thomas-bailey,no-pic,0.0,86.0,money management,Finance & Investments,M,United States,1681550402483,CO,Colorado,1166.0,2430.0,2430.0,,1734.0,1730.0,1200.0,,,,
2574,Sachin Bansal,Bansal,sachin-bansal,sachin-bansal,0.0,41.0,flipkart,Fashion & Retail,M,India,1681550402483,,,1289.287,2249.0,2249.0,//specials-images.forbesimg.com/imageserve/5e76a45fc7b02d000666d0d2/416x416.jpg?background=000000&cropX1=1320&cropX2=2944&cropY1=174&cropY2=1799,1735.0,1730.0,1200.0,,,,
2575,Pavel Baudis,Baudis,pavel-baudis,no-pic,-6.947,62.0,software,Technology,M,Czechia,1681550402483,,,2055.235,1530.0,1530.0,//specials-images.forbesimg.com/imageserve/5e758bfcc7b02d000666c36b/416x416.jpg?background=000000&cropX1=378&cropX2=1074&cropY1=114&cropY2=811,1736.0,1730.0,1200.0,,,,
2576,Sanjeev Bikhchandani,Bikhchandani,sanjeev-bikhchandani,no-pic,0.0,59.0,Internet,Technology,M,India,1681550402483,,,1993.629,1572.0,1572.0,https://specials-images.forbesimg.com/imageserve/61577876055cebaeec235c55/416x416.jpg?background=000000&cropX1=1033&cropX2=2700&cropY1=30&cropY2=1697,1737.0,1730.0,1200.0,,,,
2577,Mike Bingle,Bingle,mike-bingle,no-pic,,51.0,private equity,Finance & Investments,M,United States,1586220841401,CT,Connecticut,,,,,1738.0,1730.0,1200.0,,,,
2578,Henadiy Boholyubov,Boholyubov,henadiy-boholyubov,henadiy-boholyubov,0.0,61.0,"banking, investments",Diversified,M,Ukraine,1681550402483,,,1113.0,2487.0,2487.0,//specials-images.forbesimg.com/imageserve/56cc590ce4b062f6b59a507b/416x416.jpg?background=000000&cropX1=2&cropX2=744&cropY1=156&cropY2=899,1739.0,1730.0,1200.0,,,,
2579,Bernhard Braun-Luedicke,Braun-Luedicke,bernhard-braun-luedicke,no-pic,0.0,46.0,medical technology,Healthcare,M,Germany,1681550402483,,,1259.39,2291.0,2291.0,,1740.0,1730.0,1200.0,,,,
2580,Eva Maria Braun-Luedicke,Braun-Luedicke,eva-maria-braun-luedicke,no-pic-female,0.0,36.0,medical technology,Healthcare,F,Germany,1681550402483,,,1259.39,2291.0,2292.0,,1741.0,1730.0,1200.0,,,,
2581,Friederike Braun-Luedicke,Braun-Luedicke,friederike-braun-luedicke,no-pic-female,0.0,39.0,medical technology,Healthcare,F,Germany,1681550402483,,,1259.39,2291.0,2293.0,,1742.0,1730.0,1200.0,,,,
2582,Jacob Burda,Burda,jacob-burda,no-pic,,33.0,publishing,Media & Entertainment,M,Germany,1669155257472,,,,,,//specials-images.forbesimg.com/imageserve/5e762901d8e1ae0007b71a9a/416x416.jpg?background=000000&cropX1=318&cropX2=1549&cropY1=28&cropY2=1260,1743.0,1730.0,1200.0,,,,
2583,Morris Chang,Chang,morris-chang,no-pic,24.65,91.0,semiconductors,Technology,M,Taiwan,1681550402483,,,2295.16,1381.0,1381.0,//specials-images.forbesimg.com/imageserve/5e1e4807a854780006e88b37/416x416.jpg?background=000000&cropX1=34&cropX2=1867&cropY1=0&cropY2=1834,1744.0,1730.0,1200.0,,,,
2584,Chang Pyung-soon,Chang,chang-pyung-soon,chang-pyung-soon,,72.0,educational services,Service,M,South Korea,1594234218396,,,,,,//specials-images.forbesimg.com/imageserve/5d247733142c500008c89657/416x416.jpg?background=000000&cropX1=94&cropX2=513&cropY1=81&cropY2=500,1745.0,1730.0,1200.0,Kyowon Group,False,,
2585,Will Wei Cheng,Cheng,will-wei-cheng,no-pic,,40.0,ride-hailing service,Service,M,China,1626985435085,,,,,,https://specials-images.forbesimg.com/imageserve/5c6f039231358e35dd26c6d3/416x416.jpg?background=000000&cropX1=1874&cropX2=2786&cropY1=409&cropY2=1321,1746.0,1730.0,1200.0,"Founder and CEO, Didi Chuxing",False,,
2586,Cheng Xianfeng,Cheng,cheng-xianfeng,no-pic,-6.983,54.0,pharmaceuticals,Healthcare,M,China,1681550402483,,,1224.639,2339.0,2339.0,,1747.0,1730.0,1200.0,,,,
2587,Yvon Chouinard,Chouinard,yvon-chouinard,no-pic,,84.0,Patagonia,Fashion & Retail,M,United States,1617670204567,CA,California,,,,//specials-images.forbesimg.com/imageserve/5a90afa0a7ea434a0c2723f4/416x416.jpg?background=000000&cropX1=0&cropX2=3633&cropY1=218&cropY2=3851,1748.0,1730.0,1200.0,,,,
2588,Pollyanna Chu,Chu,pollyanna-chu,pollyanna-chu,-0.143,65.0,financial services,Finance & Investments,F,Hong Kong,1681550402483,,,1000.985,2641.0,2641.0,//specials-images.forbesimg.com/imageserve/5c5b5b494bbe6f0688f2b7d4/416x416.jpg?background=000000&cropX1=306&cropX2=890&cropY1=59&cropY2=643,1749.0,1730.0,1200.0,,,,
2589,Sandor Csanyi,Csanyi,sandor-csanyi,no-pic,0.312,70.0,"finance, real estate",Diversified,M,Hungary,1681550402483,,,1605.937,1884.0,1884.0,//specials-images.forbesimg.com/imageserve/5e76584ed8e1ae0007b71fac/416x416.jpg?background=000000&cropX1=329&cropX2=1774&cropY1=0&cropY2=1444,1750.0,1730.0,1200.0,,,,
2590,Diao Zhizhong,Diao,diao-zhizhong,no-pic,-12.263,59.0,software,Technology,M,China,1681550402483,,,1962.24,1596.0,1596.0,,1751.0,1730.0,1200.0,,,,
2591,Jamie Dimon,Dimon,jamie-dimon,jamie-dimon,82.994,67.0,banking,Finance & Investments,M,United States,1681550402483,NY,New York,1644.918,1854.0,1854.0,//specials-images.forbesimg.com/imageserve/5a8d91b5a7ea43169014023a/416x416.jpg?background=000000&cropX1=743&cropX2=3217&cropY1=194&cropY2=2667,1752.0,1730.0,1200.0,"CEO, JPMorgan Chase & Co.",False,,
2592,K. Dinesh,Dinesh,k-dinesh,k-dinesh,0.0,68.0,software services,Technology,M,India,1681550402483,,,2212.939,1430.0,1430.0,//specials-images.forbesimg.com/imageserve/5e768d54c7b02d000666cf70/416x416.jpg?background=000000&cropX1=360&cropX2=1263&cropY1=184&cropY2=1087,1753.0,1730.0,1200.0,,,,
2593,Dou Zhenggang,Dou,dou-zhenggang,no-pic,0.0,69.0,"energy, chemicals",Diversified,M,China,1681550402483,,,2037.134,1542.0,1542.0,,1754.0,1730.0,1200.0,,,,
2594,Egon Durban,Durban,egon-durban,no-pic,0.0,49.0,private equity,Finance & Investments,M,United States,1681550402483,CA,California,1500.0,1997.0,1997.0,//specials-images.forbesimg.com/imageserve/5e7622d4d8e1ae0007b71a0e/416x416.jpg?background=000000&cropX1=163&cropX2=1057&cropY1=5&cropY2=899,1755.0,1730.0,1200.0,,,,
2595,Alexander Dzhaparidze,Dzhaparidze,alexander-dzhaparidze,alexander-dzhaparidze,,67.0,oil services,Energy,M,Russia,1586220844599,,,,,,//specials-images.forbesimg.com/imageserve/68f37747d89b672c527accbeab3bbd31/416x416.jpg?background=000000&cropX1=3&cropX2=744&cropY1=15&cropY2=756,1756.0,1730.0,1200.0,,,,
2596,Bulent Eczacibasi,Eczacibasi,bulent-eczacibasi,bulent-eczacibasi,-13.601,73.0,"pharmaceuticals, diversified",Diversified,M,Turkey,1681550402483,,,1854.811,1675.0,1675.0,//specials-images.forbesimg.com/imageserve/5e77df7e10380d0006fbc7f3/416x416.jpg?background=000000&cropX1=1077&cropX2=5200&cropY1=56&cropY2=4176,1757.0,1730.0,1200.0,,,,
2597,Joseph Edelman,Edelman,joseph-edelman,no-pic,0.0,67.0,hedge funds,Finance & Investments,M,United States,1681550402483,NY,New York,2492.0,1268.0,1268.0,//specials-images.forbesimg.com/imageserve/5b117cc331358e612fbad5da/416x416.jpg?background=000000&cropX1=1433&cropX2=2674&cropY1=848&cropY2=2089,1758.0,1730.0,1200.0,"Founder & CEO, Perceptive Advisors",False,,
2598,Bob Ell,Ell,bob-ell,bob-ell,0.0,78.0,real estate,Real Estate,M,Australia,1681550402483,,,2160.069,1466.0,1466.0,https://specials-images.forbesimg.com/imageserve/5c6ca60131358e1c187f0fb7/416x416.jpg?background=000000&cropX1=46&cropX2=258&cropY1=0&cropY2=212,1759.0,1730.0,1200.0,,,,
2599,Henry Engelhardt,Engelhardt,henry-engelhardt,henry-engelhardt,-20.347,65.0,insurance,Finance & Investments,M,United States,1681550402483,,,1289.088,2251.0,2251.0,//specials-images.forbesimg.com/imageserve/4c8c43f00e04cbd4ab49c7914c8439f7/416x416.jpg?background=000000&cropX1=201&cropX2=541&cropY1=21&cropY2=361,1760.0,1730.0,1200.0,"Chief Executive Officer, Admiral Group plc",False,,
2600,John Farber,Farber,john-farber,no-pic,-0.859,97.0,chemicals,Manufacturing,M,United States,1681550402483,NY,New York,1374.799,2143.0,2143.0,,1761.0,1730.0,1200.0,,,,
2601,Gleb Fetisov,Fetisov,gleb-fetisov,gleb-fetisov,0.0,56.0,investments,Telecom,M,Russia,1681550402483,,,1090.0,2518.0,2518.0,//specials-images.forbesimg.com/imageserve/5a80a73c4bbe6f2652f53e56/416x416.jpg?background=000000&cropX1=268&cropX2=2388&cropY1=0&cropY2=2119,1762.0,1730.0,1200.0,,,,
2602,J. Christopher Flowers,Flowers,j-christopher-flowers,no-pic,-0.516,65.0,investments,Finance & Investments,M,United States,1681550402483,NY,New York,1387.177,2123.0,2123.0,,1763.0,1730.0,1200.0,"Founder and Managing Director, J.C. Flowers & Co. LLC",False,,
2603,Miguel Fluxa Rossello,Fluxa Rossello,miguel-fluxa-rossello,no-pic,0.0,84.0,hotels,Service,M,Spain,1681550402483,,,2772.868,1135.0,1135.0,//specials-images.forbesimg.com/imageserve/5c720c9fa7ea4310004350f1/416x416.jpg?background=000000&cropX1=63&cropX2=480&cropY1=0&cropY2=417,1764.0,1730.0,1200.0,,,,
2604,Elisabeth Furtwaengler,Furtwaengler,elisabeth-furtwaengler,no-pic-female,,31.0,publishing,Media & Entertainment,F,Germany,1669155224752,,,,,,,1765.0,1730.0,1200.0,,,,
2605,Gao Yi,Gao,gao-yi,no-pic,-44.036,54.0,pharmaceuticals,Healthcare,M,China,1681550402483,,,1584.05,1907.0,1907.0,,1766.0,1730.0,1200.0,,,,
2606,Dan Gertler,Gertler,dan-gertler,dan-gertler,0.0,49.0,mining,Metals & Mining,M,Israel,1681550402483,,,1212.096,2353.0,2353.0,//specials-images.forbesimg.com/imageserve/5e76cbbb10380d0006fbb802/416x416.jpg?background=000000&cropX1=1040&cropX2=2509&cropY1=748&cropY2=2215,1767.0,1730.0,1200.0,,,,
2607,Lawrence Golub,Golub,lawrence-golub,no-pic,0.0,63.0,private equity,Finance & Investments,M,United States,1681550402483,NY,New York,1200.0,2371.0,2373.0,//specials-images.forbesimg.com/imageserve/5e14f34401b74d0006314e14/416x416.jpg?background=000000&cropX1=592&cropX2=1609&cropY1=139&cropY2=1157,1768.0,1730.0,1200.0,,,,
2608,Jitse Groen,Groen,jitse-groen,no-pic,,44.0,food delivery service,Food & Beverage,M,Netherlands,1617670379642,,,,,,//specials-images.forbesimg.com/imageserve/5e18e229da6d3800062954fb/416x416.jpg?background=000000&cropX1=1129&cropX2=2728&cropY1=233&cropY2=1831,1769.0,1730.0,1200.0,,,,
2609,Kenneth Hao,Hao,kenneth-hao,no-pic,0.0,54.0,private equity,Finance & Investments,M,United States,1681550402483,CA,California,1500.0,1997.0,2001.0,,1770.0,1730.0,1200.0,,,,
2610,He Xiaopeng,He,he-xiaopeng,no-pic,-10.593,45.0,electric vehicles,Automotive,M,China,1681550402483,,,1721.506,1793.0,1793.0,https://specials-images.forbesimg.com/imageserve/5c6ef9f94bbe6f68a981e9ca/416x416.jpg?background=000000&cropX1=2800&cropX2=5409&cropY1=890&cropY2=3497,1771.0,1730.0,1200.0,,,,
2611,Timothy Headington,Headington,timothy-headington,timothy-headington,0.0,72.0,"oil & gas, investments",Energy,M,United States,1681550402483,TX,Texas,1597.695,1896.0,1896.0,//specials-images.forbesimg.com/imageserve/5a8f0cad31358e79a289ff8b/416x416.jpg?background=000000&cropX1=1189&cropX2=2610&cropY1=128&cropY2=1548,1772.0,1730.0,1200.0,,,,
2612,Christoph Henkel,Henkel,christoph-henkel,christoph-henkel,5.049,65.0,consumer goods,Fashion & Retail,M,Germany,1681550402483,,,1579.999,1913.0,1913.0,//specials-images.forbesimg.com/imageserve/5e761fffd8e1ae0007b71988/416x416.jpg?background=000000&cropX1=279&cropX2=2452&cropY1=352&cropY2=2527,1773.0,1730.0,1200.0,,,,
2613,Hu Rongda,Hu,hu-rongda,no-pic,-0.558,64.0,chemicals,Manufacturing,M,China,1681550402483,,,1943.264,1611.0,1611.0,,1774.0,1730.0,1200.0,,,,
2614,Hua Xuande,Hua,xuande-hua,no-pic,-55.447,79.0,Pharmaceuticals,Healthcare,M,China,1681550402483,,,2320.301,1369.0,1369.0,,1775.0,1730.0,1200.0,,,,
2615,Huang Hongyun,Huang,huang-hongyun,huang-hongyun,,56.0,real estate,Real Estate,M,China,1617670384748,,,,,,https://specials-images.forbesimg.com/imageserve/5a7cb74031358e4955acf786/416x416.jpg?background=000000&cropX1=961&cropX2=3296&cropY1=346&cropY2=2680,1776.0,1730.0,1200.0,,,,
2616,Huang Wen Tsai,Huang,huang-wen-tsai,huang-wen-tsai,,69.0,real estate,Real Estate,M,China,1617670334588,,,,,,https://specials-images.forbesimg.com/imageserve/61a52212402ed8086d7a1ac9/416x416.jpg?background=000000&cropX1=0&cropX2=800&cropY1=0&cropY2=800,1777.0,1730.0,1200.0,,,,
2617,"Jim Justice, II.",Justice,jim-justice-ii,jim-justice-ii,,71.0,coal,Energy,M,United States,1637004749126,WV,West Virginia,,,,//specials-images.forbesimg.com/imageserve/5942b95e4bbe6f1b730ba19b/416x416.jpg?background=000000&cropX1=1979&cropX2=4083&cropY1=424&cropY2=2527,1778.0,1730.0,1200.0,,,,
2618,T.S. Kalyanaraman,Kalyanaraman,ts-kalyanaraman,ts-kalyanaraman,,75.0,jewelry,Fashion & Retail,M,India,1617670597869,,,,,,//specials-images.forbesimg.com/imageserve/5c70ab3331358e35dd26ebc3/416x416.jpg?background=000000&cropX1=310&cropX2=870&cropY1=1&cropY2=562,1779.0,1730.0,1200.0,,,,
2619,Kim Sang-yeol,Kim,kim-sang-yeol,no-pic,,62.0,construction,Construction & Engineering,M,South Korea,1594234222210,,,,,,https://specials-images.forbesimg.com/imageserve/60b124956b73bd1e9a564f27/416x416.jpg?background=000000&cropX1=197&cropX2=798&cropY1=18&cropY2=619,1780.0,1730.0,1200.0,,,,
2620,Andrei Kosogov,Kosogov,andrei-kosogov,andrei-kosogov,1.115,62.0,Banking,Energy,M,Russia,1681550402483,,,1145.034,2449.0,2449.0,//specials-images.forbesimg.com/imageserve/5a809208a7ea4316901339df/416x416.jpg?background=000000&cropX1=6&cropX2=1302&cropY1=3&cropY2=1300,1781.0,1730.0,1200.0,,,,
2621,Hemendra Kothari,Kothari,hemendra-kothari,hemendra-kothari,0.0,76.0,Financial Services,Finance & Investments,M,India,1681550402483,,,1374.319,2144.0,2144.0,//specials-images.forbesimg.com/imageserve/5e768c51d8e1ae0007b72302/416x416.jpg?background=000000&cropX1=630&cropX2=2155&cropY1=277&cropY2=1804,1782.0,1730.0,1200.0,,,,
2622,Raymond Kwok,Kwok,raymond-kwok,no-pic,2.84,70.0,real estate,Real Estate,M,Hong Kong,1681550402483,,,1475.565,2032.0,2032.0,//specials-images.forbesimg.com/imageserve/5e7650e110380d0006fbb08c/416x416.jpg?background=000000&cropX1=875&cropX2=2849&cropY1=109&cropY2=2085,1783.0,1730.0,1200.0,,,,
2623,Joe Lacob,Lacob,joe-lacob,no-pic,0.0,67.0,Golden State Warriors,Sports,M,United States,1681550402483,CA,California,1826.3,1698.0,1698.0,//specials-images.forbesimg.com/imageserve/5e88d486b0a4e4000746bf35/416x416.jpg?background=000000&cropX1=0&cropX2=2000&cropY1=73&cropY2=2074,1784.0,1730.0,1200.0,,,,
2624,Lee Boo-jin,Lee,lee-boo-jin,lee-boo-jin,-22.871,52.0,Samsung,Service,F,South Korea,1681550402483,,,3419.094,879.0,879.0,//specials-images.forbesimg.com/imageserve/5d24746e142c500008c89619/416x416.jpg?background=000000&cropX1=0&cropX2=1998&cropY1=8&cropY2=2007,1785.0,1730.0,1200.0,"President and CEO, Hotel Shilla",False,,
2625,Nicola Leibinger-Kammueller,Leibinger-Kammueller,nicola-leibinger-kammueller,nicola-leibinger-kammueller,0.0,63.0,manufacturing,Manufacturing,F,Germany,1681550402483,,,1582.184,1909.0,1909.0,//specials-images.forbesimg.com/imageserve/5e763314c7b02d000666c933/416x416.jpg?background=000000&cropX1=114&cropX2=2484&cropY1=74&cropY2=2445,1786.0,1730.0,1200.0,,,,
2626,Wolfgang Leitner,Leitner,wolfgang-leitner,wolfgang-leitner,18.093,70.0,engineering,Construction & Engineering,M,Austria,1681550402483,,,2543.495,1245.0,1245.0,https://specials-images.forbesimg.com/imageserve/603e8f5d4a2df75cef4fb25a/416x416.jpg?background=000000&cropX1=0&cropX2=800&cropY1=0&cropY2=800,1787.0,1730.0,1200.0,,,,
2627,Solomon Lew,Lew,solomon-lew,solomon-lew,12.076,78.0,retail,Fashion & Retail,M,Australia,1681550402483,,,2179.978,1453.0,1453.0,//specials-images.forbesimg.com/imageserve/5e74148a2a573300068fcad9/416x416.jpg?background=000000&cropX1=197&cropX2=1213&cropY1=143&cropY2=1160,1788.0,1730.0,1200.0,,,,
2628,Li Jiaquan,Li,li-jiaquan,no-pic,-0.172,59.0,chemicals,Manufacturing,M,China,1681550402483,,,1480.072,2028.0,2028.0,,1789.0,1730.0,1200.0,,,,
2629,Li Rucheng,Li,li-rucheng,li-rucheng,-2.585,71.0,apparel,Fashion & Retail,M,China,1681550402483,,,1581.855,1912.0,1912.0,//specials-images.forbesimg.com/imageserve/5a7cca7631358e4955acf926/416x416.jpg?background=000000&cropX1=1354&cropX2=3459&cropY1=5&cropY2=2108,1790.0,1730.0,1200.0,,,,
2630,Li Xiaohua,Li,li-xiaohua,no-pic,34.78,61.0,packaging,Manufacturing,M,China,1681550402483,,,3026.953,1014.0,1014.0,,1791.0,1730.0,1200.0,,,,
2631,Liu Ming Chung,Liu,liu-ming-chung,liu-ming-chung,4.237,60.0,paper,Manufacturing,M,Brazil,1681550402483,,,1483.613,2023.0,2023.0,//specials-images.forbesimg.com/imageserve/5c6cda1da7ea437e33f376f8/416x416.jpg?background=000000&cropX1=829&cropX2=2493&cropY1=4&cropY2=1667,1792.0,1730.0,1200.0,,,,
2632,Liu Xiaodong,Liu,liu-xiaodong,no-pic,-23.54,55.0,flavorings,Manufacturing,M,China,1681550402483,,,3033.229,1013.0,1013.0,,1793.0,1730.0,1200.0,,,,
2633,Liu Xuejing,Liu,xuejing-liu,no-pic,,72.0,"copper, poultry",Diversified,M,China,1617670392272,,,,,,https://specials-images.forbesimg.com/imageserve/6050f48ca1ab099ed6e290cc/416x416.jpg?background=000000&cropX1=0&cropX2=800&cropY1=0&cropY2=800,1794.0,1730.0,1200.0,,,,
2634,Lu Hongyan,Lu,lu-hongyan,no-pic,-54.229,45.0,online games,Media & Entertainment,M,China,1681550402483,,,1848.349,1683.0,1683.0,,1795.0,1730.0,1200.0,,,,
2635,Daniel Lubetzky,Lubetzky,daniel-lubetzky,no-pic,0.0,54.0,snack bars,Food & Beverage,M,United States,1681550402483,NY,New York,2078.45,1519.0,1519.0,//specials-images.forbesimg.com/imageserve/5b4e6215a7ea434a79784539/416x416.jpg?background=000000&cropX1=454&cropX2=3463&cropY1=505&cropY2=3511,1796.0,1730.0,1200.0,,,,
2636,Anand Mahindra,Mahindra,anand-mahindra,anand-mahindra,0.0,67.0,automobiles,Automotive,M,India,1681550402483,,,2100.118,1498.0,1498.0,//specials-images.forbesimg.com/imageserve/5e765e3ed8e1ae0007b71feb/416x416.jpg?background=000000&cropX1=1568&cropX2=4990&cropY1=397&cropY2=3822,1797.0,1730.0,1200.0,,,,
2637,George Marcus,Marcus,george-marcus,no-pic,-6.548,81.0,real estate,Real Estate,M,United States,1681550402483,CA,California,1319.364,2206.0,2206.0,//specials-images.forbesimg.com/imageserve/5a9098104bbe6f0fa82669f6/416x416.jpg?background=000000&cropX1=767&cropX2=1606&cropY1=242&cropY2=1080,1798.0,1730.0,1200.0,,,,
2638,Daniel Mate,Mate,daniel-mate,no-pic,19.123,59.0,"mining, commodities",Metals & Mining,M,Spain,1681550402483,,,3310.674,917.0,917.0,,1799.0,1730.0,1200.0,,,,
2639,Greg Mondre,Mondre,greg-mondre,no-pic,0.0,48.0,private equity,Finance & Investments,M,United States,1681550402483,NY,New York,1500.0,1997.0,1999.0,//specials-images.forbesimg.com/imageserve/5e14f2839318b8000693770f/416x416.jpg?background=000000&cropX1=581&cropX2=1383&cropY1=77&cropY2=879,1800.0,1730.0,1200.0,,,,
2640,Jerry Moyes,Moyes,jerry-moyes,no-pic,7.186,79.0,transportation,Logistics,M,United States,1681550402483,AZ,Arizona,1471.069,2034.0,2034.0,//specials-images.forbesimg.com/imageserve/5a90819c31358e79a28a1d46/416x416.jpg?background=000000&cropX1=717&cropX2=2028&cropY1=135&cropY2=1446,1801.0,1730.0,1200.0,,,,
2641,Mu Rongjun,Mu,mu-rongjun,no-pic,-22.457,43.0,e-commerce,Technology,M,China,1681550402483,,,2093.485,1502.0,1502.0,//specials-images.forbesimg.com/imageserve/5e78c6e6c7b02d000666eca0/416x416.jpg?background=000000&cropX1=1018&cropX2=2519&cropY1=236&cropY2=1739,1802.0,1730.0,1200.0,,,,
2642,Kentaro Ogawa,Ogawa,kentaro-ogawa,kentaro-ogawa,0.0,74.0,restaurants,Food & Beverage,M,Japan,1681550402483,,,1974.669,1587.0,1587.0,//specials-images.forbesimg.com/imageserve/5ea6e780f2e611000641c2e0/416x416.jpg?background=000000&cropX1=329&cropX2=2103&cropY1=381&cropY2=2155,1803.0,1730.0,1200.0,,,,
2643,Alberto Palatchi,Palatchi,alberto-palatchi,no-pic,1.616,73.0,wedding dresses,Fashion & Retail,M,Spain,1681550402483,,,1727.409,1784.0,1784.0,//specials-images.forbesimg.com/imageserve/5c7218a6a7ea431000435138/416x416.jpg?background=000000&cropX1=399&cropX2=2379&cropY1=21&cropY2=2003,1804.0,1730.0,1200.0,,,,
2644,Sushilkumar Parekh,Parekh,sushilkumar-parekh,no-pic,,90.0,adhesives,Manufacturing,M,India,1617670348194,,,,,,,1805.0,1730.0,1200.0,,,,
2645,Florentino Perez,Perez,florentino-perez,florentino-perez,22.953,76.0,construction,Construction & Engineering,M,Spain,1681550402483,,,2323.479,1368.0,1368.0,//specials-images.forbesimg.com/imageserve/5e77bd25d8e1ae0007b734e1/416x416.jpg?background=000000&cropX1=775&cropX2=2638&cropY1=0&cropY2=1861,1806.0,1730.0,1200.0,,,,
2646,Mark Pincus,Pincus,mark-pincus,mark-pincus,1.985,57.0,online games,Technology,M,United States,1681550402483,CA,California,1224.701,2338.0,2338.0,//specials-images.forbesimg.com/imageserve/5a90820b31358e79a28a1d51/416x416.jpg?background=000000&cropX1=1096&cropX2=4271&cropY1=380&cropY2=3553,1807.0,1730.0,1200.0,"Chairman, Zynga",False,,
2647,Andreas Pohl,Pohl,andreas-pohl,andreas-pohl,0.0,58.0,mutual funds,Finance & Investments,M,Germany,1681550402483,,,1625.055,1867.0,1867.0,//specials-images.forbesimg.com/imageserve/5c703d964bbe6f79679f057f/416x416.jpg?background=000000&cropX1=74&cropX2=840&cropY1=60&cropY2=826,1808.0,1730.0,1200.0,,,,
2648,"Reinfried Pohl, Jr.",Pohl,reinfried-pohl-jr,no-pic,0.0,63.0,mutual funds,Finance & Investments,M,Germany,1681550402483,,,1625.055,1867.0,1868.0,//specials-images.forbesimg.com/imageserve/5c703e0aa7ea431000433215/416x416.jpg?background=000000&cropX1=82&cropX2=735&cropY1=33&cropY2=686,1809.0,1730.0,1200.0,,,,
2649,Murdaya Poo,Poo,murdaya-poo,murdaya-poo,0.0,82.0,diversified,Diversified,M,Indonesia,1681550402483,,,1265.369,2282.0,2282.0,https://specials-images.forbesimg.com/imageserve/61b121df0fb1e54be4c07bcd/416x416.jpg?background=000000&cropX1=120&cropX2=1989&cropY1=177&cropY2=2044,1810.0,1730.0,1200.0,,,,
2650,Forrest Preston,Preston,forrest-preston,no-pic,0.0,90.0,health care,Healthcare,M,United States,1681550402483,TN,Tennessee,1183.228,2405.0,2405.0,//specials-images.forbesimg.com/imageserve/580f60ee31358e2383160e88/416x416.jpg?background=000000&cropX1=0&cropX2=744&cropY1=100&cropY2=844,1811.0,1730.0,1200.0,,,,
2651,Tom Preston-Werner,Preston-Werner,tom-preston-werner,tom-preston-werner,,43.0,collaborative software,Technology,M,United States,1586220866752,CA,California,,,,//specials-images.forbesimg.com/imageserve/5c74515731358e35dd273053/416x416.jpg?background=000000&cropX1=0&cropX2=512&cropY1=0&cropY2=512,1812.0,1730.0,1200.0,,,,
2652,Theodore Rachmat,Rachmat,theodore-rachmat,theodore-rachmat,-17.202,79.0,diversified,Diversified,M,Indonesia,1681550402483,,,3271.617,933.0,933.0,https://specials-images.forbesimg.com/imageserve/61b1119cf67a29909ad56fb4/416x416.jpg?background=000000&cropX1=68&cropX2=2155&cropY1=41&cropY2=2129,1813.0,1730.0,1200.0,,,,
2653,Andrei Rappoport,Rappoport,andrei-rappoport,andrei-rappoport,0.0,59.0,investments,Finance & Investments,M,Russia,1681550402483,,,1161.187,2436.0,2436.0,//specials-images.forbesimg.com/imageserve/5e777797d8e1ae0007b72cc2/416x416.jpg?background=000000&cropX1=171&cropX2=1290&cropY1=55&cropY2=1174,1814.0,1730.0,1200.0,,,,
2654,Ren Zhengfei,Ren,ren-zhengfei,ren-zhengfei,,79.0,telecom equipment,Telecom,M,China,1617670500660,,,,,,//specials-images.forbesimg.com/imageserve/5e78e3e610380d0006fbd725/416x416.jpg?background=000000&cropX1=569&cropX2=3112&cropY1=290&cropY2=2832,1815.0,1730.0,1200.0,,,,
2655,Boris Rotenberg,Rotenberg,boris-rotenberg,boris-rotenberg,0.0,66.0,"construction, pipes, chemicals",Construction & Engineering,M,Russia,1681550402483,,,1350.938,2166.0,2166.0,https://specials-images.forbesimg.com/imageserve/624719ddfdffd244caeac773/416x416.jpg?background=000000&cropX1=52&cropX2=2055&cropY1=26&cropY2=2027,1816.0,1730.0,1200.0,,,,
2656,Thomas Sandell,Sandell,thomas-sandell,thomas-sandell,0.0,62.0,hedge funds,Finance & Investments,M,Sweden,1681550402483,,,1238.62,2316.0,2316.0,//specials-images.forbesimg.com/imageserve/5e77c997d8e1ae0007b735ab/416x416.jpg?background=000000&cropX1=2267&cropX2=3341&cropY1=480&cropY2=1554,1817.0,1730.0,1200.0,"Founder, Sandell Asset Management",False,,
2657,Anatoly Sedykh,Sedykh,anatoly-sedykh,anatoly-sedykh,0.0,58.0,steel pipes,Metals & Mining,M,Russia,1681550402483,,,1819.438,1701.0,1701.0,https://specials-images.forbesimg.com/imageserve/62290ce48f97aa9c397a7528/416x416.jpg?background=000000&cropX1=0&cropX2=1528&cropY1=0&cropY2=1528,1818.0,1730.0,1200.0,,,,
2658,Bhadresh Shah,Shah,bhadresh-shah,bhadresh-shah,0.0,71.0,engineering,Manufacturing,M,India,1681550402483,,,2072.236,1523.0,1523.0,//specials-images.forbesimg.com/imageserve/5c79af93a7ea431000441f81/416x416.jpg?background=000000&cropX1=2863&cropX2=4946&cropY1=1612&cropY2=3696,1819.0,1730.0,1200.0,,,,
2659,Ron Sim,Sim,ron-sim,ron-sim,0.0,64.0,retail,Fashion & Retail,M,Singapore,1681550402483,,,1499.244,2007.0,2007.0,https://specials-images.forbesimg.com/imageserve/596e819b31358e4463b76550/416x416.jpg?background=000000&cropX1=290&cropX2=1623&cropY1=294&cropY2=1628,1820.0,1730.0,1200.0,,,,
2660,Basudeo Singh,Singh,basudeo-singh,no-pic,0.0,82.0,pharmaceuticals,Healthcare,M,India,1681550402483,,,1586.319,1905.0,1905.0,https://specials-images.forbesimg.com/imageserve/60401f1665c0e8045cca4eea/416x416.jpg?background=000000&cropX1=80&cropX2=1023&cropY1=68&cropY2=1012,1821.0,1730.0,1200.0,,,,
2661,Salil Singhal,Singhal,salil-singhal-1,no-pic,0.0,75.0,agrochemicals,Manufacturing,M,India,1681550402483,,,2633.645,1210.0,1210.0,,1822.0,1730.0,1200.0,,,,
2662,Jared Smith,Smith,jared-smith-1,no-pic,0.0,48.0,cloud computing,Technology,M,United States,1681550402483,UT,Utah,1365.0,2152.0,2152.0,,1823.0,1730.0,1200.0,,,,
2663,Zakhar Smushkin,Smushkin,zakhar-smushkin,no-pic,0.0,61.0,"pulp and paper, diversified",Diversified,M,Russia,1681550402483,,,1567.904,1930.0,1930.0,//specials-images.forbesimg.com/imageserve/5e779329d8e1ae0007b72f06/416x416.jpg?background=000000&cropX1=506&cropX2=3159&cropY1=0&cropY2=2651,1824.0,1730.0,1200.0,,,,
2664,Djoko Susanto,Susanto,djoko-susanto,djoko-susanto,15.248,73.0,supermarkets,Fashion & Retail,M,Indonesia,1681550402482,,,4281.661,677.0,677.0,https://specials-images.forbesimg.com/imageserve/638e256db57f92b7a955d451/416x416.jpg?background=000000&cropX1=195&cropX2=964&cropY1=201&cropY2=970,1825.0,1730.0,1200.0,,,,
2665,Sukanto Tanoto,Tanoto,sukanto-tanoto,sukanto-tanoto,-1.74,73.0,diversified,Diversified,M,Indonesia,1681550402483,,,3010.476,1021.0,1021.0,https://specials-images.forbesimg.com/imageserve/61b1136780aff2711dd56fb4/416x416.jpg?background=000000&cropX1=489&cropX2=3226&cropY1=308&cropY2=3045,1826.0,1730.0,1200.0,,,,
2666,Jim Thompson,Thompson,jim-thompson,jim-thompson,0.0,83.0,logistics,Logistics,M,United States,1681550402483,,,1782.842,1733.0,1733.0,https://specials-images.forbesimg.com/imageserve/63efec1272d392a076ed2987/416x416.jpg?background=000000&cropX1=537&cropX2=1495&cropY1=77&cropY2=1034,1827.0,1730.0,1200.0,,,,
2667,Ion Tiriac,Tiriac,ion-tiriac,ion-tiriac,0.0,83.0,"banking, insurance",Finance & Investments,M,Romania,1681550402483,,,2073.561,1522.0,1522.0,//specials-images.forbesimg.com/imageserve/5e770e45c7b02d000666d44d/416x416.jpg?background=000000&cropX1=43&cropX2=1265&cropY1=320&cropY2=1543,1828.0,1730.0,1200.0,,,,
2668,Wilma Tisch,Tisch,wilma-tisch,wilma-tisch,-5.643,95.0,diversified,Finance & Investments,F,United States,1681550402483,NY,New York,1403.132,2107.0,2107.0,//specials-images.forbesimg.com/imageserve/56ce3338e4b062f6b59a807a/416x416.jpg?background=000000&cropX1=0&cropX2=744&cropY1=97&cropY2=841,1829.0,1730.0,1200.0,,,,
2669,Thomas Tull,Tull,thomas-tull,thomas-tull,-5.552,52.0,"movies, investments",Media & Entertainment,M,United States,1681550402483,PA,Pennsylvania,2728.574,1161.0,1161.0,https://specials-images.forbesimg.com/imageserve/632b48553265f4d9da44b122/416x416.jpg?background=000000&cropX1=1037&cropX2=2048&cropY1=368&cropY2=1379,1830.0,1730.0,1200.0,,,,
2670,John Van Lieshout,Van Lieshout,john-van-lieshout,john-van-lieshout,0.0,77.0,real estate,Real Estate,M,Australia,1681550402483,,,1332.882,2190.0,2190.0,https://specials-images.forbesimg.com/imageserve/61a52212402ed8086d7a1ac9/416x416.jpg?background=000000&cropX1=0&cropX2=800&cropY1=0&cropY2=800,1831.0,1730.0,1200.0,,,,
2671,Radha Vembu,Vembu,radha-vembu,no-pic-female,0.0,50.0,technology,Technology,F,India,1681550402483,,,2160.916,1465.0,1465.0,//specials-images.forbesimg.com/imageserve/5e769ffdc7b02d000666d0b8/416x416.jpg?background=000000&cropX1=6&cropX2=450&cropY1=6&cropY2=450,1832.0,1730.0,1200.0,,,,
2672,Rufino Vigil Gonzalez,Vigil Gonzalez,rufino-vigil-gonzalez,rufino-vigil-gonzalez,-7.975,74.0,steel,Metals & Mining,M,Mexico,1681550402482,,,4014.942,720.0,720.0,//specials-images.forbesimg.com/imageserve/442e1e3ce8c058cb0c8d31e6555c38df/416x416.jpg?background=000000&cropX1=0&cropX2=744&cropY1=110&cropY2=854,1833.0,1730.0,1200.0,,,,
2673,Arkady Volozh,Volozh,arkady-volozh,arkady-volozh,0.0,59.0,search engine,Media & Entertainment,M,Russia,1681550402483,,,1106.935,2496.0,2496.0,//specials-images.forbesimg.com/imageserve/5e777950c7b02d000666d736/416x416.jpg?background=000000&cropX1=665&cropX2=3862&cropY1=7&cropY2=3201,1834.0,1730.0,1200.0,,,,
2674,Lang Walker,Walker,lang-walker,lang-walker,-4.307,77.0,real estate,Real Estate,M,Australia,1681550402483,,,2395.889,1329.0,1329.0,https://specials-images.forbesimg.com/imageserve/63ea66552e7d1c614036e6f5/416x416.jpg?background=000000&cropX1=326&cropX2=1074&cropY1=37&cropY2=785,1835.0,1730.0,1200.0,,,,
2675,Wei Shaojun,Wei,wei-shaojun,wei-shaojun,,60.0,real estate,Real Estate,M,China,1617670451657,,,,,,//specials-images.forbesimg.com/imageserve/6831d2c5e08db906f140f99ef0391369/416x416.jpg?background=000000&cropX1=0&cropX2=744&cropY1=40&cropY2=784,1836.0,1730.0,1200.0,,,,
2676,Farris Wilks,Wilks,farris-wilks,farris-wilks,1.286,71.0,natural gas,Energy,M,United States,1681550402483,TX,Texas,1444.994,2068.0,2068.0,//specials-images.forbesimg.com/imageserve/5a871699a7ea43169013aedf/416x416.jpg?background=000000&cropX1=74&cropX2=547&cropY1=85&cropY2=559,1837.0,1730.0,1200.0,,,,
2677,Thomas Wu,Wu,thomas-wu,thomas-wu,4.798,73.0,finance,Finance & Investments,M,Taiwan,1681550402483,,,1885.992,1645.0,1645.0,https://specials-images.forbesimg.com/imageserve/6091cd1d956bb24adba65df5/416x416.jpg?background=000000&cropX1=2&cropX2=442&cropY1=0&cropY2=440,1838.0,1730.0,1200.0,,,,
2678,Xiang Guangda,Xiang,xiang-guangda,no-pic,,65.0,metals,Metals & Mining,M,China,1617670515465,,,,,,,1839.0,1730.0,1200.0,,,,
2679,Xu Yingzhuo,Xu,xu-yingzhuo,no-pic,-18.386,55.0,agribusiness,Food & Beverage,M,China,1681550402483,,,2023.866,1549.0,1549.0,,1840.0,1730.0,1200.0,,,,
2680,Yang Keng,Yang,yang-keng,yang-keng,,62.0,real estate,Real Estate,M,China,1617670459069,,,,,,https://specials-images.forbesimg.com/imageserve/6050f48ca1ab099ed6e290cc/416x416.jpg?background=000000&cropX1=0&cropX2=800&cropY1=0&cropY2=800,1841.0,1730.0,1200.0,,,,
2681,Yao Kuizhang,Yao,yao-kuizhang,no-pic,-3.551,58.0,beverages,Food & Beverage,M,China,1681550402483,,,1502.058,1989.0,1989.0,,1842.0,1730.0,1200.0,,,,
2682,Gang Ye,Ye,gang-ye,no-pic,-15.916,42.0,gaming,Media & Entertainment,M,Singapore,1681550402483,,,3370.019,900.0,900.0,//specials-images.forbesimg.com/imageserve/5d6005f595808800097db1c4/416x416.jpg?background=000000&cropX1=610&cropX2=4182&cropY1=168&cropY2=3740,1843.0,1730.0,1200.0,,,,
2683,Yi Dasheng,Yi,yi-dasheng,no-pic,0.0,62.0,conglomerate,Diversified,M,China,1681550402483,,,1600.605,1887.0,1887.0,,1844.0,1730.0,1200.0,,,,
2684,Yu Rong,Yu,yu-rong,no-pic,-7.265,51.0,health clinics,Healthcare,M,China,1681550402483,,,1032.869,2602.0,2602.0,https://specials-images.forbesimg.com/imageserve/6050f48ca1ab099ed6e290cc/416x416.jpg?background=000000&cropX1=0&cropX2=800&cropY1=0&cropY2=800,1845.0,1730.0,1200.0,,,,
2685,Zeng Xiaoshan,Zeng,zeng-xiaoshan,no-pic,,78.0,aluminum,Metals & Mining,M,China,1586220874305,,,,,,,1846.0,1730.0,1200.0,,,,
2686,Zhang Guiping,Zhang,zhang-guiping,zhang-guiping,-3.809,71.0,real estate,Real Estate,M,China,1681550402483,,,1037.332,2596.0,2596.0,https://specials-images.forbesimg.com/imageserve/6050f48ca1ab099ed6e290cc/416x416.jpg?background=000000&cropX1=0&cropX2=800&cropY1=0&cropY2=800,1847.0,1730.0,1200.0,,,,
2687,Zhong Sheng Jian,Zhong,zhong-sheng-jian,zhong-sheng-jian,0.0,65.0,real estate,Real Estate,M,Singapore,1681550402483,,,1371.598,2147.0,2147.0,//specials-images.forbesimg.com/imageserve/5a80f6a2a7ea431690133ee7/416x416.jpg?background=000000&cropX1=1208&cropX2=4360&cropY1=7&cropY2=3159,1848.0,1730.0,1200.0,,,,
2688,Zhou Ping,Zhou,zhou-ping,no-pic,,60.0,utilities,Service,M,China,1617670584812,,,,,,,1849.0,1730.0,1200.0,,,,
2689,Boris Zingarevich,Zingarevich,boris-zingarevich,no-pic,0.0,63.0,"pulp and paper, diversified",Diversified,M,Russia,1681550402483,,,1421.817,2094.0,2094.0,//specials-images.forbesimg.com/imageserve/5ad8b4844bbe6f2310f30482/416x416.jpg?background=000000&cropX1=1177&cropX2=4510&cropY1=247&cropY2=3577,1850.0,1730.0,1200.0,,,,
2690,Alexandra Andresen,Andresen,alexandra-andresen,no-pic-female,0.0,26.0,investments,Diversified,F,Norway,1681550402483,,,1558.465,1937.0,1937.0,https://specials-images.forbesimg.com/imageserve/642b3f6fc851e4c17fbbf2c7/416x416.jpg?background=000000&cropX1=742&cropX2=2391&cropY1=59&cropY2=1708,1851.0,1851.0,1100.0,,,,
2691,Katharina Andresen,Andresen,katharina-andresen,no-pic-female,0.0,27.0,investments,Diversified,F,Norway,1681550402483,,,1558.465,1937.0,1938.0,https://specials-images.forbesimg.com/imageserve/642b3ee9c851e4c17fbbf2c3/416x416.jpg?background=000000&cropX1=1276&cropX2=2081&cropY1=0&cropY2=805,1852.0,1851.0,1100.0,,,,
2692,Acharya Balkrishna,Balkrishna,acharya-balkrishna,acharya-balkrishna,0.0,50.0,consumer goods,Food & Beverage,M,India,1681550402483,,,3445.336,872.0,872.0,//specials-images.forbesimg.com/imageserve/5bad43e14bbe6f1f844e9b1c/416x416.jpg?background=000000&cropX1=985&cropX2=2810&cropY1=0&cropY2=1825,1853.0,1851.0,1100.0,,,,
2693,Binny Bansal,Bansal,binny-bansal,binny-bansal,0.0,40.0,flipkart,Technology,M,India,1681550402483,,,1378.817,2136.0,2136.0,https://specials-images.forbesimg.com/imageserve/61116090217cdebfc35a536a/416x416.jpg?background=000000&cropX1=0&cropX2=548&cropY1=0&cropY2=548,1854.0,1851.0,1100.0,,,,
2694,Samuel Barata,Barata,samuel-barata,no-pic,,85.0,drugstores,Fashion & Retail,M,Brazil,1617670369250,,,,,,,1855.0,1851.0,1100.0,,,,
2695,Sabrina Benetton,Benetton,sabrina-benetton,no-pic-female,4.133,49.0,"fashion retail, investments",Fashion & Retail,F,Italy,1681550402483,,,1834.253,1695.0,1695.0,//specials-images.forbesimg.com/imageserve/5c70da5031358e35dd26ee14/416x416.jpg?background=000000&cropX1=29&cropX2=714&cropY1=42&cropY2=727,1856.0,1851.0,1100.0,,,,
2696,Aldo Bensadoun,Bensadoun,aldo-bensadoun,aldo-bensadoun,,84.0,shoes,Fashion & Retail,M,Canada,1586220877377,,,,,,,1857.0,1851.0,1100.0,,,,
2697,Zadik Bino,Bino,zadik-bino,zadik-bino,0.0,79.0,"banking, oil",Diversified,M,Israel,1681550402483,,,1425.148,2090.0,2090.0,//specials-images.forbesimg.com/imageserve/5c70c889a7ea431000433eb6/416x416.jpg?background=000000&cropX1=126&cropX2=995&cropY1=0&cropY2=868,1858.0,1851.0,1100.0,,,,
2698,Markus Blocher,Blocher,markus-blocher,no-pic,-10.651,52.0,chemicals,Manufacturing,M,Switzerland,1681550402483,,,3305.448,918.0,918.0,//specials-images.forbesimg.com/imageserve/58a65e8b4bbe6f0e55870188/416x416.jpg?background=000000&cropX1=3&cropX2=744&cropY1=87&cropY2=828,1859.0,1851.0,1100.0,,,,
2699,Brett Blundy,Blundy,brett-blundy,brett-blundy,4.526,63.0,"retail, agribusiness",Fashion & Retail,M,Australia,1681550402483,,,2325.862,1366.0,1366.0,https://specials-images.forbesimg.com/imageserve/63ea68e03b46a6297f2ed0fa/416x416.jpg?background=000000&cropX1=0&cropX2=1080&cropY1=0&cropY2=1080,1860.0,1851.0,1100.0,,,,
2700,Dmitry Bosov,Bosov,dmitry-bosov,no-pic,,55.0,coal mining,Metals & Mining,M,Russia,1588870258852,,,,,,//specials-images.forbesimg.com/imageserve/5e777b1f10380d0006fbbd5f/416x416.jpg?background=000000&cropX1=257&cropX2=2568&cropY1=5&cropY2=2314,1861.0,1851.0,1100.0,,,,
2701,Oleg Boyko,Boyko,oleg-boyko,oleg-boyko,0.0,58.0,diversified,Diversified,M,Russia,1681550402483,,,1068.743,2549.0,2549.0,//specials-images.forbesimg.com/imageserve/5a80ae4a4bbe6f2652f53f2e/416x416.jpg?background=000000&cropX1=312&cropX2=2475&cropY1=11&cropY2=2176,1862.0,1851.0,1100.0,,,,
2702,Cai Hongbin,Cai,cai-hongbin,no-pic,0.0,,pharmaceuticals,Healthcare,M,China,1681550402483,,,1078.139,2539.0,2539.0,//specials-images.forbesimg.com/imageserve/5ab944eda7ea432fbc1d2d9c/416x416.jpg?background=000000&cropX1=0&cropX2=400&cropY1=0&cropY2=400,1863.0,1851.0,1100.0,,,,
2703,Cao Jisheng,Cao,cao-jisheng,no-pic,,62.0,poultry,Food & Beverage,M,China,1586220883374,,,,,,,1864.0,1851.0,1100.0,,,,
2704,Chang Yun Chung,Chang,chang-yun-chung,no-pic,,104.0,shipping,Logistics,M,Singapore,1600402476459,,,,,,//specials-images.forbesimg.com/imageserve/5b50efcfa7ea434a797873fa/416x416.jpg?background=000000&cropX1=539&cropX2=1708&cropY1=123&cropY2=1290,1865.0,1851.0,1100.0,,,,
2705,Jeffrey Cheah,Cheah,jeffrey-cheah,jeffrey-cheah,0.0,78.0,property,Real Estate,M,Malaysia,1681550402483,,,1198.025,2377.0,2377.0,https://specials-images.forbesimg.com/imageserve/60b1347251f17bebdaec4356/416x416.jpg?background=000000&cropX1=567&cropX2=1266&cropY1=122&cropY2=821,1866.0,1851.0,1100.0,,,,
2706,Chen Qixing,Chen,chen-qixing,no-pic,-5.271,63.0,electronics components,Technology,M,China,1681550402483,,,994.738,2650.0,2650.0,,1867.0,1851.0,1100.0,,,,
2707,Chen Rui,Chen,rui-chen,no-pic,-24.96,45.0,online entertainment,Media & Entertainment,M,China,1681550402483,,,1069.528,2547.0,2547.0,//specials-images.forbesimg.com/imageserve/5e78b838c7b02d000666ea2f/416x416.jpg?background=000000&cropX1=1218&cropX2=3195&cropY1=57&cropY2=2033,1868.0,1851.0,1100.0,,,,
2708,Chua Thian Poh,Chua,chua-thian-poh,chua-thian-poh,0.0,74.0,real estate,Real Estate,M,Singapore,1681550402483,,,1388.604,2120.0,2120.0,https://specials-images.forbesimg.com/imageserve/63176349f251e86cbb478895/416x416.jpg?background=000000&cropX1=1065&cropX2=2233&cropY1=167&cropY2=1335,1869.0,1851.0,1100.0,,,,
2709,Alberto Cortina,Cortina,alberto-cortina,alberto-cortina,7.676,77.0,investments,Finance & Investments,M,Spain,1681550402483,,,1428.466,2082.0,2082.0,//specials-images.forbesimg.com/imageserve/5e77bbb210380d0006fbc58b/416x416.jpg?background=000000&cropX1=98&cropX2=1212&cropY1=117&cropY2=1232,1870.0,1851.0,1100.0,,,,
2710,Cui Genliang,Cui,cui-genliang,cui-genliang,,64.0,electric components,Manufacturing,M,China,1586220882903,,,,,,https://specials-images.forbesimg.com/imageserve/589cf15ba7ea431f32192819/416x416.jpg?background=000000&cropX1=16&cropX2=725&cropY1=87&cropY2=796,1871.0,1851.0,1100.0,,,,
2711,Dai Wenjun,Dai,wenjun-dai,no-pic,0.0,54.0,food,Food & Beverage,M,China,1681550402483,,,1279.742,2264.0,2264.0,,1872.0,1851.0,1100.0,,,,
2712,Henry Davis,Davis,henry-davis,no-pic,0.0,72.0,beef processing,Food & Beverage,M,United States,1681550402483,NE,Nebraska,2535.0,1253.0,1253.0,//specials-images.forbesimg.com/imageserve/5d387210090f4300070d7553/416x416.jpg?background=000000&cropX1=1611&cropX2=3485&cropY1=166&cropY2=2040,1873.0,1851.0,1100.0,,,,
2713,Pedro de Godoy Bueno,de Godoy Bueno,pedro-de-godoy-bueno,no-pic,,33.0,health insurance,Healthcare,M,Brazil,1617669876290,,,,,,,1874.0,1851.0,1100.0,,,,
2714,Camilla de Godoy Bueno Grossi,de Godoy Bueno Grossi,camilla-de-godoy-bueno-grossi,no-pic-female,,44.0,medical labs,Healthcare,F,Brazil,1617669863128,,,,,,,1875.0,1851.0,1100.0,,,,
2715,Benjamin de Rothschild,de Rothschild,benjamin-de-rothschild,benjamin-de-rothschild,,59.0,banking,Finance & Investments,M,Switzerland,1611005341813,,,,,,//specials-images.forbesimg.com/imageserve/5c723b324bbe6f51818aba7a/416x416.jpg?background=000000&cropX1=5&cropX2=1104&cropY1=67&cropY2=1167,1876.0,1851.0,1100.0,,,,
2716,Diego Della Valle,Della Valle,diego-della-valle,diego-della-valle,8.854,69.0,shoes,Fashion & Retail,M,Italy,1681550402483,,,1321.519,2205.0,2205.0,https://specials-images.forbesimg.com/imageserve/6408df7a1db294f683ffe093/416x416.jpg?background=000000&cropX1=723&cropX2=2065&cropY1=59&cropY2=1400,1877.0,1851.0,1100.0,,,,
2717,Sefik Yilmaz Dizdar,Dizdar,sefik-yilmaz-dizdar,no-pic,0.0,85.0,fashion retail,Fashion & Retail,M,Turkey,1681550402483,,,1206.18,2362.0,2362.0,//specials-images.forbesimg.com/imageserve/58b75117a7ea431f321a6fd6/416x416.jpg?background=000000&cropX1=11&cropX2=697&cropY1=73&cropY2=759,1878.0,1851.0,1100.0,,,,
2718,Domenico Dolce,Dolce,domenico-dolce,domenico-dolce,0.0,64.0,luxury goods,Fashion & Retail,M,Italy,1681550402483,,,2157.698,1468.0,1468.0,//specials-images.forbesimg.com/imageserve/5a7f8c02a7ea431690132e66/416x416.jpg?background=000000&cropX1=244&cropX2=936&cropY1=11&cropY2=703,1879.0,1851.0,1100.0,,,,
2719,Marek Dospiva,Dospiva,marek-dospiva,no-pic,0.0,53.0,investments,Finance & Investments,M,Czechia,1681550402483,,,1781.738,1735.0,1735.0,//specials-images.forbesimg.com/imageserve/5e758ba710380d0006fba90a/416x416.jpg?background=000000&cropX1=143&cropX2=2381&cropY1=148&cropY2=2385,1880.0,1851.0,1100.0,,,,
2720,Du Shuanghua,Du,du-shuanghua,no-pic,,58.0,steel,Manufacturing,M,China,1617670428959,,,,,,https://specials-images.forbesimg.com/imageserve/6050f48ca1ab099ed6e290cc/416x416.jpg?background=000000&cropX1=0&cropX2=800&cropY1=0&cropY2=800,1881.0,1851.0,1100.0,,,,
2721,Faruk Eczacibasi,Eczacibasi,faruk-eczacibasi,faruk-eczacibasi,-13.602,68.0,"pharmaceuticals, diversified",Diversified,M,Turkey,1681550402483,,,2036.167,1545.0,1545.0,//specials-images.forbesimg.com/imageserve/58b73e0da7ea431f321a6e54/416x416.jpg?background=000000&cropX1=0&cropX2=744&cropY1=81&cropY2=825,1882.0,1851.0,1100.0,,,,
2722,Sandeep Engineer,Engineer,sandeep-engineer,no-pic,0.0,61.0,plastic pipes,Manufacturing,M,India,1681550402483,,,2559.809,1238.0,1238.0,https://specials-images.forbesimg.com/imageserve/615c611f4e6850861675d1fd/416x416.jpg?background=000000&cropX1=0&cropX2=1489&cropY1=0&cropY2=1490,1883.0,1851.0,1100.0,,,,
2723,Benedicte Find,Find,benedicte-find,no-pic-female,9.478,,medical devices,Healthcare,F,Denmark,1681550402483,,,1202.376,2367.0,2367.0,,1884.0,1851.0,1100.0,,,,
2724,Paul Fireman,Fireman,paul-fireman,no-pic,0.0,79.0,Reebok,Fashion & Retail,M,United States,1681550402483,MA,Massachusetts,1142.0,2454.0,2454.0,//specials-images.forbesimg.com/imageserve/5a90acd04bbe6f0fa8266b77/416x416.jpg?background=000000&cropX1=810&cropX2=1341&cropY1=390&cropY2=921,1885.0,1851.0,1100.0,,,,
2725,Donald Foss,Foss,donald-foss,no-pic,,78.0,auto loans,Automotive,M,United States,1628181479699,MI,Michigan,,,,,1886.0,1851.0,1100.0,,,,
2726,Donald Friese,Friese,donald-friese,no-pic,0.0,82.0,manufacturing,Manufacturing,M,United States,1681550402483,CA,California,1140.9,2456.0,2456.0,//specials-images.forbesimg.com/imageserve/5a9096ee4bbe6f0fa8266983/416x416.jpg?background=000000&cropX1=1485&cropX2=2684&cropY1=905&cropY2=2104,1887.0,1851.0,1100.0,,,,
2727,Soichiro Fukutake,Fukutake,soichiro-fukutake,soichiro-fukutake,,77.0,education,Service,M,Japan,1588016543338,,,,,,//specials-images.forbesimg.com/imageserve/56fc5638e4b0fd7369a3ba44/416x416.jpg?background=000000&cropX1=14&cropX2=744&cropY1=69&cropY2=799,1888.0,1851.0,1100.0,,,,
2728,Stefano Gabbana,Gabbana,stefano-gabbana,stefano-gabbana,0.0,60.0,luxury goods,Fashion & Retail,M,Italy,1681550402483,,,2157.698,1468.0,1469.0,//specials-images.forbesimg.com/imageserve/5a7fa0084bbe6f2652f5340b/416x416.jpg?background=000000&cropX1=257&cropX2=1812&cropY1=266&cropY2=1822,1889.0,1851.0,1100.0,,,,
2729,Franco Bittar Garcia,Garcia,franco-bittar-garcia,no-pic,,39.0,retailing,Fashion & Retail,M,Brazil,1617669814293,,,,,,,1890.0,1851.0,1100.0,,,,
2730,Gaston Glock,Glock,gaston-glock,no-pic,,94.0,guns,Manufacturing,M,Austria,1617670538202,,,,,,https://specials-images.forbesimg.com/imageserve/603e8f5d4a2df75cef4fb25a/416x416.jpg?background=000000&cropX1=0&cropX2=800&cropY1=0&cropY2=800,1891.0,1851.0,1100.0,,,,
2731,David Golub,Golub,david-golub,no-pic,0.0,60.0,private equity,Finance & Investments,M,United States,1681550402483,NY,New York,1100.0,2503.0,2503.0,,1892.0,1851.0,1100.0,,,,
2732,Patrick Hanrahan,Hanrahan,patrick-hanrahan,no-pic,4.769,67.0,software,Technology,M,United States,1681550402483,CA,California,1613.959,1879.0,1879.0,//specials-images.forbesimg.com/imageserve/5d94f02a67dd830006a286fe/416x416.jpg?background=000000&cropX1=77&cropX2=2217&cropY1=146&cropY2=2285,1893.0,1851.0,1100.0,,,,
2733,Fahed Hariri,Hariri,fahed-hariri,no-pic,0.0,42.0,"construction, investments",Construction & Engineering,M,Lebanon,1681550402483,,,1165.503,2431.0,2431.0,//specials-images.forbesimg.com/imageserve/5e76ec0c10380d0006fbb932/416x416.jpg?background=000000&cropX1=31&cropX2=834&cropY1=24&cropY2=828,1894.0,1851.0,1100.0,,,,
2734,Alfredo Harp Helu,Harp Helu,alfredo-harp-helu,alfredo-harp-helu,0.002,79.0,banking,Finance & Investments,M,Mexico,1681550402483,,,1459.524,2057.0,2057.0,//specials-images.forbesimg.com/imageserve/5e76f552d8e1ae0007b727dd/416x416.jpg?background=000000&cropX1=1178&cropX2=2779&cropY1=227&cropY2=1827,1895.0,1851.0,1100.0,,,,
2735,Lutz Mario Helmig,Helmig,lutz-mario-helmig,lutz-mario-helmig,-0.769,76.0,hospitals,Healthcare,M,Germany,1681550402483,,,2217.099,1425.0,1425.0,//specials-images.forbesimg.com/imageserve/5e762fb5c7b02d000666c8d1/416x416.jpg?background=000000&cropX1=1673&cropX2=3786&cropY1=343&cropY2=2456,1896.0,1851.0,1100.0,,,,
2736,Hou Juncheng,Hou,hou-juncheng,no-pic,101.331,58.0,cosmetics,Healthcare,M,China,1681550402483,,,2684.991,1183.0,1183.0,//specials-images.forbesimg.com/imageserve/5e78b944c7b02d000666ea8f/416x416.jpg?background=000000&cropX1=341&cropX2=850&cropY1=211&cropY2=720,1897.0,1851.0,1100.0,,,,
2737,Hu Chengzhong,Hu,chengzhong-hu,no-pic,,62.0,manufacturing,Manufacturing,M,China,1617670384853,,,,,,https://specials-images.forbesimg.com/imageserve/61a52212402ed8086d7a1ac9/416x416.jpg?background=000000&cropX1=0&cropX2=800&cropY1=0&cropY2=800,1898.0,1851.0,1100.0,,,,
2738,Huang Guanlin,Huang,huang-guanlin,no-pic,24.934,58.0,"textiles, apparel",Fashion & Retail,M,China,1681550402483,,,1271.157,2275.0,2275.0,https://specials-images.forbesimg.com/imageserve/6050f48ca1ab099ed6e290cc/416x416.jpg?background=000000&cropX1=0&cropX2=800&cropY1=0&cropY2=800,1899.0,1851.0,1100.0,,,,
2739,Mohammed Ibrahim,Ibrahim,mohammed-ibrahim,mohammed-ibrahim,0.0,76.0,communications,Telecom,M,United Kingdom,1681550402483,,,1153.0,2443.0,2443.0,//specials-images.forbesimg.com/imageserve/5e77f6d8d8e1ae0007b73902/416x416.jpg?background=000000&cropX1=1119&cropX2=2894&cropY1=6&cropY2=1780,1900.0,1851.0,1100.0,"Founder, Mo Ibrahim Foundation",False,,
2740,Thomas James,James,thomas-james,no-pic,13.978,80.0,finance,Finance & Investments,M,United States,1681550402483,FL,Florida,2142.061,1480.0,1480.0,//specials-images.forbesimg.com/imageserve/5a90aee6a7ea434a0c2723e7/416x416.jpg?background=000000&cropX1=107&cropX2=2021&cropY1=56&cropY2=1972,1901.0,1851.0,1100.0,,,,
2741,Jiang Yintai,Jiang,yintai-jiang,no-pic,0.957,72.0,auto parts,Automotive,M,China,1681550402483,,,1760.526,1755.0,1755.0,,1902.0,1851.0,1100.0,,,,
2742,Richard Kayne,Kayne,richard-kayne,no-pic,0.013,77.0,investments,Finance & Investments,M,United States,1681550402483,CA,California,1949.716,1604.0,1604.0,//specials-images.forbesimg.com/imageserve/5e88e31cf6da3b00061d55d0/416x416.jpg?background=000000&cropX1=0&cropX2=4000&cropY1=283&cropY2=4286,1903.0,1851.0,1100.0,,,,
2743,Kim Jung-woong,Kim,kim-jung-woong,no-pic,0.0,48.0,cosmetics,Fashion & Retail,M,South Korea,1681550402483,,,1020.254,2619.0,2619.0,//specials-images.forbesimg.com/imageserve/5d25ef2034a5c400084aecd0/416x416.jpg?background=000000&cropX1=0&cropX2=1001&cropY1=146&cropY2=1147,1904.0,1851.0,1100.0,,,,
2744,Koh Wee Meng,Koh,koh-wee-meng,koh-wee-meng,0.307,59.0,"real estate, hotels",Real Estate,M,Singapore,1681550402483,,,1462.195,2051.0,2051.0,//specials-images.forbesimg.com/imageserve/5c71f05231358e35dd26fbac/416x416.jpg?background=000000&cropX1=1211&cropX2=3741&cropY1=27&cropY2=2555,1905.0,1851.0,1100.0,,,,
2745,Koo Kwang-mo,Koo,koo-kwang-mo,koo-kwang-mo,-15.821,45.0,LG,Diversified,M,South Korea,1681550402483,,,1929.44,1617.0,1617.0,https://specials-images.forbesimg.com/imageserve/625f22b912f7ec9a24edc980/416x416.jpg?background=000000&cropX1=0&cropX2=1547&cropY1=143&cropY2=1691,1906.0,1851.0,1100.0,,,,
2746,Yuriy Kosiuk,Kosiuk,yuriy-kosiuk,yuriy-kosiuk,,54.0,agribusiness,Food & Beverage,M,Ukraine,1586220896467,,,,,,//specials-images.forbesimg.com/imageserve/e49a1f5b0da26b59b05a4a9db6ab9297/416x416.jpg?background=000000&cropX1=19&cropX2=707&cropY1=55&cropY2=743,1907.0,1851.0,1100.0,,,,
2747,Eiichi Kuriwada,Kuriwada,eiichi-kuriwada,no-pic,-1.543,76.0,package delivery,Logistics,M,Japan,1681550402483,,,1627.591,1866.0,1866.0,https://specials-images.forbesimg.com/imageserve/607dcae34faa3a8d93e0b999/416x416.jpg?background=000000&cropX1=0&cropX2=1625&cropY1=0&cropY2=1625,1908.0,1851.0,1100.0,,,,
2748,Guy Laliberté,Laliberté,guy-laliberte,guy-laliberte,0.0,63.0,Cirque du Soleil,Media & Entertainment,M,Canada,1681550402483,,,1241.772,2309.0,2309.0,//specials-images.forbesimg.com/imageserve/5e7b96a008d8460006c88c6e/416x416.jpg?background=000000&cropX1=1567&cropX2=3690&cropY1=1035&cropY2=3159,1909.0,1851.0,1100.0,"Cofounder and CEO, Cirque du Soleil",False,,
2749,Lee Hae-jin,Lee,lee-hae-jin,lee-hae-jin,12.164,55.0,Internet,Technology,M,South Korea,1681550402483,,,1341.239,2182.0,2182.0,//specials-images.forbesimg.com/imageserve/5d247da64c687b00085c1edc/416x416.jpg?background=000000&cropX1=2508&cropX2=5401&cropY1=262&cropY2=3154,1910.0,1851.0,1100.0,NAVER Corp.,False,,
2750,Lee Seo-hyun,Lee,lee-seo-hyun,lee-seo-hyun,-23.905,49.0,Samsung,Diversified,F,South Korea,1681550402483,,,3084.475,991.0,991.0,https://specials-images.forbesimg.com/imageserve/60b122a9bf57c335875f6bc0/416x416.jpg?background=000000&cropX1=2170&cropX2=3500&cropY1=260&cropY2=1589,1911.0,1851.0,1100.0,Samsung C&T Corp.,False,,
2751,Mark Leonard,Leonard,mark-leonard,no-pic,28.278,66.0,software,Technology,M,Canada,1681550402483,,,3066.952,997.0,997.0,,1912.0,1851.0,1100.0,,,,
2752,Nancy Lerner,Lerner,nancy-lerner,nancy-lerner,0.0,62.0,"banking, credit cards",Finance & Investments,F,United States,1681550402483,OH,Ohio,1122.483,2475.0,2475.0,https://specials-images.forbesimg.com/imageserve/6050f48ca1ab099ed6e290cc/416x416.jpg?background=000000&cropX1=0&cropX2=800&cropY1=0&cropY2=800,1913.0,1851.0,1100.0,,,,
2753,Norma Lerner,Lerner,norma-lerner,norma-lerner,0.0,87.0,banking,Finance & Investments,F,United States,1681550402483,OH,Ohio,1130.049,2469.0,2469.0,//specials-images.forbesimg.com/imageserve/4c5034576f7f8449ebd38eb9eeedcf1c/416x416.jpg?background=000000&cropX1=0&cropX2=788&cropY1=42&cropY2=830,1914.0,1851.0,1100.0,,,,
2754,Randolph Lerner,Lerner,randolph-lerner,randolph-lerner,0.0,61.0,"banking, credit cards",Finance & Investments,M,United States,1681550402483,OH,Ohio,1121.034,2479.0,2479.0,//specials-images.forbesimg.com/imageserve/56ce276fe4b062f6b59a7ef3/416x416.jpg?background=000000&cropX1=0&cropX2=744&cropY1=81&cropY2=825,1915.0,1851.0,1100.0,,,,
2755,Vladimir Leschikov,Leschikov,vladimir-leschikov,no-pic,,66.0,real estate,Real Estate,M,Russia,1617670599148,,,,,,//specials-images.forbesimg.com/imageserve/5e626fa5e1e61700075904f9/416x416.jpg?background=000000&cropX1=467&cropX2=2618&cropY1=120&cropY2=2272,1916.0,1851.0,1100.0,,,,
2756,Bernard Lewis,Lewis,bernard-lewis,no-pic,0.0,97.0,fashion retailer,Fashion & Retail,M,United Kingdom,1681550402483,,,1416.865,2097.0,2097.0,//specials-images.forbesimg.com/imageserve/58a0b0ea31358e1a35ab3776/416x416.jpg?background=000000&cropX1=10&cropX2=648&cropY1=47&cropY2=685,1917.0,1851.0,1100.0,,,,
2757,Liang Guangwei,Liang,guangwei-liang,no-pic,-6.467,59.0,conglomerate,Manufacturing,M,China,1681550402483,,,1324.531,2201.0,2201.0,https://specials-images.forbesimg.com/imageserve/6050f48ca1ab099ed6e290cc/416x416.jpg?background=000000&cropX1=0&cropX2=800&cropY1=0&cropY2=800,1918.0,1851.0,1100.0,,,,
2758,Liang Yanfeng,Liang,liang-yanfeng,no-pic,,58.0,real estate,Real Estate,M,China,1617670298508,,,,,,https://specials-images.forbesimg.com/imageserve/6050f48ca1ab099ed6e290cc/416x416.jpg?background=000000&cropX1=0&cropX2=800&cropY1=0&cropY2=800,1919.0,1851.0,1100.0,,,,
2759,Liang Zhaoxian,Liang,liang-zhaoxian,liang-zhaoxian,0.0,58.0,appliances,Manufacturing,M,China,1681550402483,,,2037.134,1542.0,1543.0,https://specials-images.forbesimg.com/imageserve/589d200531358e1a35ab0b4d/416x416.jpg?background=000000&cropX1=114&cropX2=576&cropY1=69&cropY2=531,1920.0,1851.0,1100.0,,,,
2760,Liu Gexin,Liu,liu-gexin,liu-gexin,28.665,71.0,pharmaceuticals,Healthcare,M,China,1681550402483,,,1470.413,2035.0,2035.0,https://specials-images.forbesimg.com/imageserve/6050f48ca1ab099ed6e290cc/416x416.jpg?background=000000&cropX1=0&cropX2=800&cropY1=0&cropY2=800,1921.0,1851.0,1100.0,,,,
2761,Lou Zhongfu,Lou,lou-zhongfu,lou-zhongfu,,69.0,real estate,Real Estate,M,China,1586220900869,,,,,,https://specials-images.forbesimg.com/imageserve/6050f48ca1ab099ed6e290cc/416x416.jpg?background=000000&cropX1=0&cropX2=800&cropY1=0&cropY2=800,1922.0,1851.0,1100.0,,,,
2762,Brandt Louie,Louie,brandt-louie,brandt-louie,0.0,79.0,drugstores,Food & Beverage,M,Canada,1681550402483,,,1461.533,2052.0,2052.0,//specials-images.forbesimg.com/imageserve/5a8df41731358e4955adff40/416x416.jpg?background=000000&cropX1=3&cropX2=1265&cropY1=49&cropY2=1312,1923.0,1851.0,1100.0,,,,
2763,Low Tuck Kwong,Low Tuck,low-tuck-kwong,low-tuck-kwong,119.103,74.0,coal,Energy,M,Indonesia,1681550402482,,,28826.989,49.0,49.0,https://specials-images.forbesimg.com/imageserve/638e24ef7ed4f1a8cd55d457/416x416.jpg?background=000000&cropX1=0&cropX2=1080&cropY1=212&cropY2=1292,1924.0,1851.0,1100.0,,,,
2764,Frederic Luddy,Luddy,frederic-luddy,no-pic,-3.418,68.0,software,Technology,M,United States,1681550402483,CA,California,1197.326,2380.0,2380.0,//specials-images.forbesimg.com/imageserve/5b0ebc31a7ea436b547ec18d/416x416.jpg?background=000000&cropX1=394&cropX2=3951&cropY1=1397&cropY2=4954,1925.0,1851.0,1100.0,"Founder and Chief Product Officer, ServiceNow",False,,
2765,Lun Ruixiang,Lun,lun-ruixiang,no-pic,,55.0,real estate,Real Estate,M,China,1617670488002,,,,,,,1926.0,1851.0,1100.0,,,,
2766,Ma Xiuhui,Ma,ma-xiuhui,ma-xiuhui,-8.771,52.0,LED lighting,Manufacturing,F,China,1681550402483,,,1037.337,2595.0,2595.0,//specials-images.forbesimg.com/imageserve/5a0b26d3a7ea436b47b55a42/416x416.jpg?background=000000&cropX1=123&cropX2=2403&cropY1=105&cropY2=2386,1927.0,1851.0,1100.0,,,,
2767,Gary Magness,Magness,gary-magness,gary-magness,-5.699,69.0,"cable TV, investments",Media & Entertainment,M,United States,1681550402483,CO,Colorado,1384.952,2126.0,2126.0,//specials-images.forbesimg.com/imageserve/5a908db831358e79a28a1ed8/416x416.jpg?background=000000&cropX1=480&cropX2=1667&cropY1=120&cropY2=1308,1928.0,1851.0,1100.0,,,,
2768,Mao Zhongwu,Mao,mao-zhongwu,mao-zhongwu,-0.103,60.0,manufacturing,Manufacturing,M,China,1681550402483,,,1232.359,2326.0,2326.0,,1929.0,1851.0,1100.0,,,,
2769,Strive Masiyiwa,Masiyiwa,strive-masiyiwa,strive-masiyiwa,-0.042,62.0,telecom,Telecom,M,Zimbabwe,1681550402483,,,1868.396,1665.0,1665.0,//specials-images.forbesimg.com/imageserve/5e78006dd8e1ae0007b73941/416x416.jpg?background=000000&cropX1=1577&cropX2=3675&cropY1=141&cropY2=2239,1930.0,1851.0,1100.0,,,,
2770,Trevor Milton,Milton,trevor-milton,no-pic,,41.0,electric vehicles,Automotive,M,United States,1614969627998,AZ,Arizona,,,,//specials-images.forbesimg.com/imageserve/5e8b9e8989bd6e00073cbdbe/416x416.jpg?background=000000&cropX1=200&cropX2=4896&cropY1=489&cropY2=5184,1931.0,1851.0,1100.0,,,,
2771,Aristotelis Mistakidis,Mistakidis,aristotelis-mistakidis,no-pic,21.777,61.0,"mining, commodities",Metals & Mining,M,Greece,1681550402483,,,3402.689,887.0,887.0,//specials-images.forbesimg.com/imageserve/5e763d5210380d0006fbae9e/416x416.jpg?background=000000&cropX1=3&cropX2=1200&cropY1=118&cropY2=1316,1932.0,1851.0,1100.0,,,,
2772,Mofatraj Munot,Munot,mofatraj-munot,mofatraj-munot,0.0,78.0,real estate,Real Estate,M,India,1681550402483,,,1740.649,1772.0,1772.0,http://specials-images.forbesimg.com/imageserve/7c6c5d8021800a5b72c6170da704db3c/416x416.jpg?background=000000&cropX1=56&cropX2=567&cropY1=31&cropY2=542,1933.0,1851.0,1100.0,,,,
2773,Niti Osathanugrah,Osathanugrah,niti-osathanugrah,no-pic,0.0,49.0,"energy drinks,investments",Finance & Investments,M,Thailand,1681550402483,,,1384.616,2127.0,2127.0,,1934.0,1851.0,1100.0,,,,
2774,Peng Hao,Peng,peng-hao,no-pic,,55.0,electronics,Manufacturing,M,China,1617670559079,,,,,,,1935.0,1851.0,1100.0,,,,
2775,Roger Penske,Penske,roger-penske,roger-penske,38.198,86.0,cars,Automotive,M,United States,1681550402483,MI,Michigan,3192.436,953.0,953.0,https://specials-images.forbesimg.com/imageserve/632e0a2ba6e11770e344b126/416x416.jpg?background=000000&cropX1=932&cropX2=1552&cropY1=230&cropY2=850,1936.0,1851.0,1100.0,,,,
2776,Karl-Johan Persson,Persson,karl-johan-persson,karl-johan-persson,26.059,48.0,H&M,Fashion & Retail,M,Sweden,1681550402483,,,1713.556,1798.0,1798.0,//specials-images.forbesimg.com/imageserve/5e77c710d8e1ae0007b73581/416x416.jpg?background=000000&cropX1=420&cropX2=2811&cropY1=0&cropY2=2389,1937.0,1851.0,1100.0,,,,
2777,Tom Persson,Persson,tom-persson,tom-persson,25.051,38.0,H&M,Fashion & Retail,M,Sweden,1681550402483,,,1620.806,1873.0,1874.0,//specials-images.forbesimg.com/imageserve/d4e25dcb718d51f70610dc7f77137d50/416x416.jpg?background=000000&cropX1=0&cropX2=744&cropY1=105&cropY2=849,1938.0,1851.0,1100.0,,,,
2778,Tor Peterson,Peterson,tor-peterson,no-pic,13.805,58.0,commodities,Metals & Mining,M,United States,1681550402483,,,2489.528,1270.0,1270.0,,1939.0,1851.0,1100.0,,,,
2779,Kevin Plank,Plank,kevin-plank,kevin-plank,3.056,50.0,Under Armour,Fashion & Retail,M,United States,1681550402483,MD,Maryland,1117.992,2483.0,2483.0,//specials-images.forbesimg.com/imageserve/5a9087ca31358e79a28a1e3a/416x416.jpg?background=000000&cropX1=2143&cropX2=3423&cropY1=223&cropY2=1502,1940.0,1851.0,1100.0,"Chairman and CEO, Under Armour",False,,
2780,Arvind Poddar,Poddar,arvind-poddar,no-pic,0.0,65.0,tires,Automotive,M,India,1681550402483,,,2926.259,1058.0,1058.0,//specials-images.forbesimg.com/imageserve/59cc1d9b31358e542c02fcb0/416x416.jpg?background=000000&cropX1=43&cropX2=2087&cropY1=141&cropY2=2185,1941.0,1851.0,1100.0,,,,
2781,Michael Price,Price,michael-price,michael-price,,70.0,investments,Finance & Investments,M,United States,1617670500800,NJ,New Jersey,,,,//specials-images.forbesimg.com/imageserve/5e88e05501879f000703d681/416x416.jpg?background=000000&cropX1=433&cropX2=2734&cropY1=535&cropY2=2835,1942.0,1851.0,1100.0,"President, MFP Investors Inc.",False,,
2782,Qi Jinxing,Qi,jinxing-qi,jinxing-qi,-44.684,61.0,real estate,Real Estate,M,China,1681550402483,,,2536.604,1250.0,1250.0,//specials-images.forbesimg.com/imageserve/5a7ce86231358e4955acfbed/416x416.jpg?background=000000&cropX1=28&cropX2=3368&cropY1=952&cropY2=4290,1943.0,1851.0,1100.0,,,,
2783,Qian Dongqi,Qian,qian-dongqi,no-pic,83.911,65.0,household appliances,Manufacturing,M,China,1681550402482,,,4630.465,612.0,612.0,//specials-images.forbesimg.com/imageserve/5e78ddda10380d0006fbd5f5/416x416.jpg?background=000000&cropX1=0&cropX2=180&cropY1=2&cropY2=182,1944.0,1851.0,1100.0,,,,
2784,Megdet Rahimkulov,Rahimkulov,megdet-rahimkulov-family,no-pic,,77.0,investments,Finance & Investments,M,Russia,1617670265056,,,,,,//specials-images.forbesimg.com/imageserve/5a6f989b31358e4955abf236/416x416.jpg?background=000000&cropX1=84&cropX2=568&cropY1=256&cropY2=740,1945.0,1851.0,1100.0,,,,
2785,Helena Revoredo,Revoredo,helena-revoredo,helena-revoredo,9.361,76.0,security services,Service,F,Spain,1681550402483,,,1181.47,2408.0,2408.0,//specials-images.forbesimg.com/imageserve/1b841917128c0c838ecfcaa4cbacb3b0/416x416.jpg?background=000000&cropX1=43&cropX2=711&cropY1=44&cropY2=713,1946.0,1851.0,1100.0,,,,
2786,Francisco Jose Riberas Mera,Riberas Mera,francisco-jose-riberas-mera,no-pic,20.123,58.0,"steel, autoparts",Manufacturing,M,Spain,1681550402483,,,1601.386,1886.0,1886.0,//specials-images.forbesimg.com/imageserve/5c7210a14bbe6f51818ab809/416x416.jpg?background=000000&cropX1=2004&cropX2=4114&cropY1=24&cropY2=2132,1947.0,1851.0,1100.0,,,,
2787,Juan Maria Riberas Mera,Riberas Mera,juan-maria-riberas-mera,no-pic,19.732,54.0,steel,Metals & Mining,M,Spain,1681550402483,,,1560.764,1935.0,1935.0,,1948.0,1851.0,1100.0,,,,
2788,Stephen Rubin,Rubin,stephen-rubin,stephen-rubin,4.077,86.0,sports apparel,Fashion & Retail,M,United Kingdom,1681550402483,,,3037.43,1009.0,1009.0,//specials-images.forbesimg.com/imageserve/5e77f9ecc7b02d000666e254/416x416.jpg?background=000000&cropX1=351&cropX2=1486&cropY1=999&cropY2=2135,1949.0,1851.0,1100.0,,,,
2789,Deniz Sahenk,Sahenk,deniz-sahenk,deniz-sahenk,-10.512,77.0,diversified,Diversified,F,Turkey,1681550402483,,,1428.34,2084.0,2084.0,//specials-images.forbesimg.com/imageserve/ddbd6d4875910de0fb53a4eb89fcc2f4/416x416.jpg?background=000000&cropX1=15&cropX2=578&cropY1=21&cropY2=584,1950.0,1851.0,1100.0,,,,
2790,Nobutada Saji,Saji,nobutada-saji,nobutada-saji,2.492,77.0,beverages,Food & Beverage,M,Japan,1681550402483,,,1287.513,2253.0,2253.0,,1951.0,1851.0,1100.0,,,,
2791,Fayez Sarofim,Sarofim,fayez-sarofim,fayez-sarofim,,94.0,money management,Finance & Investments,M,United States,1617670352105,TX,Texas,,,,//specials-images.forbesimg.com/imageserve/5a907e0c31358e79a28a1d20/416x416.jpg?background=000000&cropX1=313&cropX2=1684&cropY1=201&cropY2=1572,1952.0,1851.0,1100.0,,,,
2792,Airat Shaimiev,Shaimiev,airat-shaimiev,airat-shaimiev,0.0,61.0,"refinery, chemicals",Energy,M,Russia,1681550402483,,,1432.087,2079.0,2079.0,//specials-images.forbesimg.com/imageserve/c7fdc1b03060abf8c5b1b48d4ead44e5/416x416.jpg?background=000000&cropX1=3&cropX2=744&cropY1=89&cropY2=830,1953.0,1851.0,1100.0,,,,
2793,Radik Shaimiev,Shaimiev,radik-shaimiev,radik-shaimiev,0.0,58.0,"refinery, chemicals",Energy,M,Russia,1681550402483,,,1381.087,2135.0,2135.0,//specials-images.forbesimg.com/imageserve/87610e924802aeeaed879067d5de2b4d/416x416.jpg?background=000000&cropX1=0&cropX2=744&cropY1=127&cropY2=871,1954.0,1851.0,1100.0,,,,
2794,Eric Ya Shen,Shen,eric-ya-shen,no-pic,-6.376,52.0,online apparel retail,Technology,M,China,1681550402483,,,1230.597,2332.0,2332.0,,1955.0,1851.0,1100.0,,,,
2795,Shen Xiqiang,Shen,shen-xiqiang,no-pic,125.969,75.0,chemical,Energy,M,China,1681550402483,,,2181.987,1451.0,1451.0,,1956.0,1851.0,1100.0,,,,
2796,S.D. Shibulal,Shibulal,sd-shibulal,sd-shibulal,0.0,68.0,software services,Technology,M,India,1681550402483,,,1765.969,1751.0,1751.0,//specials-images.forbesimg.com/imageserve/5e76a8df10380d0006fbb6e9/416x416.jpg?background=000000&cropX1=691&cropX2=2982&cropY1=377&cropY2=2666,1957.0,1851.0,1100.0,,,,
2797,Leonid Simanovsky,Simanovsky,leonid-simanovsky,leonid-simanovsky,0.0,73.0,investments,Finance & Investments,M,Russia,1681550402483,,,1480.375,2027.0,2027.0,https://specials-images.forbesimg.com/imageserve/62471cd5f49c0f4de3eac76b/416x416.jpg?background=000000&cropX1=163&cropX2=2292&cropY1=0&cropY2=2127,1958.0,1851.0,1100.0,,,,
2798,Charlotte Soderstrom,Soderstrom,charlotte-soderstrom,no-pic-female,25.051,46.0,H&M,Fashion & Retail,F,Sweden,1681550402483,,,1620.806,1873.0,1873.0,,1959.0,1851.0,1100.0,,,,
2799,Michael Steinhardt,Steinhardt,michael-steinhardt,michael-steinhardt,0.797,82.0,hedge funds,Finance & Investments,M,United States,1681550402483,NY,New York,1194.889,2385.0,2385.0,//specials-images.forbesimg.com/imageserve/5c9e77ce4bbe6f04e11897d2/416x416.jpg?background=000000&cropX1=0&cropX2=2400&cropY1=95&cropY2=2494,1960.0,1851.0,1100.0,,,,
2800,Nik Storonsky,Storonsky,nik-storonsky,no-pic,0.0,38.0,fintech,Technology,M,United Kingdom,1681550402483,,,3300.0,922.0,922.0,//specials-images.forbesimg.com/imageserve/5e7781e910380d0006fbbec0/416x416.jpg?background=000000&cropX1=565&cropX2=3221&cropY1=11&cropY2=2667,1961.0,1851.0,1100.0,,,,
2801,Winarko Sulistyo,Sulistyo,winarko-sulistyo,no-pic,,77.0,paper and pulp,Manufacturing,M,Indonesia,1607532743489,,,,,,,1962.0,1851.0,1100.0,,,,
2802,Sun Mengquan,Sun,sun-mengquan,no-pic,0.0,73.0,edible oil,Food & Beverage,M,China,1681550402483,,,2124.44,1488.0,1488.0,,1963.0,1851.0,1100.0,,,,
2803,Sun Xishuang,Sun,sun-xishuang,sun-xishuang,,69.0,real estate,Real Estate,M,China,1617670562983,,,,,,https://specials-images.forbesimg.com/imageserve/6050f48ca1ab099ed6e290cc/416x416.jpg?background=000000&cropX1=0&cropX2=800&cropY1=0&cropY2=800,1964.0,1851.0,1100.0,,,,
2804,Tang Jinkui,Tang,tang-jinkui,no-pic,-6.269,67.0,"textiles, petrochemicals",Manufacturing,M,China,1681550402483,,,1989.882,1578.0,1578.0,,1965.0,1851.0,1100.0,,,,
2805,Joop van den Ende,van den Ende,joop-van-den-ende,joop-van-den-ende,0.0,81.0,TV shows,Media & Entertainment,M,Netherlands,1681550402483,,,1269.885,2277.0,2277.0,,1966.0,1851.0,1100.0,,,,
2806,Wim van der Leegte,van der Leegte,wim-van-der-leegte,wim-van-der-leegte,0.0,75.0,manufacturing,Manufacturing,M,Netherlands,1681550402483,,,3623.951,822.0,822.0,//specials-images.forbesimg.com/imageserve/5c7155944bbe6f79c54746ae/416x416.jpg?background=000000&cropX1=376&cropX2=1424&cropY1=0&cropY2=1047,1967.0,1851.0,1100.0,,,,
2807,Murat Vargi,Vargi,murat-vargi,murat-vargi,0.474,75.0,telecom,Telecom,M,Turkey,1681550402483,,,1022.525,2616.0,2616.0,//specials-images.forbesimg.com/imageserve/58b7485a31358e1a35ac5079/416x416.jpg?background=000000&cropX1=39&cropX2=680&cropY1=35&cropY2=676,1968.0,1851.0,1100.0,,,,
2808,Martin Viessmann,Viessmann,martin-viessmann,martin-viessmann,0.0,69.0,heating and cooling equipment,Manufacturing,M,Germany,1681550402483,,,1858.153,1671.0,1671.0,//specials-images.forbesimg.com/imageserve/5e763155d8e1ae0007b71c03/416x416.jpg?background=000000&cropX1=421&cropX2=1649&cropY1=0&cropY2=1228,1969.0,1851.0,1100.0,,,,
2809,Shigefumi Wada,Wada,shigefumi-wada,no-pic,19.091,70.0,software,Technology,M,Japan,1681550402483,,,1056.621,2570.0,2570.0,https://specials-images.forbesimg.com/imageserve/607dccc595913882aa0d3d0d/416x416.jpg?background=000000&cropX1=8&cropX2=1418&cropY1=6&cropY2=1416,1970.0,1851.0,1100.0,,,,
2810,Todd Wanek,Wanek,todd-wanek,no-pic,0.0,59.0,furniture,Manufacturing,M,United States,1681550402483,FL,Florida,3263.469,934.0,934.0,https://specials-images.forbesimg.com/imageserve/5f46ae392695c15135a077ad/416x416.jpg?background=000000&cropX1=424&cropX2=1125&cropY1=79&cropY2=780,1971.0,1851.0,1100.0,,,,
2811,Wang Chou-hsiong,Wang,wang-chou-hsiong,no-pic,26.588,82.0,footwear,Manufacturing,M,Taiwan,1681550402483,,,1848.926,1682.0,1682.0,https://specials-images.forbesimg.com/imageserve/63a0ccea19ae5f47238ceb4c/416x416.jpg?background=000000&cropX1=95&cropX2=1318&cropY1=142&cropY2=1366,1972.0,1851.0,1100.0,,,,
2812,Myron Wentz,Wentz,myron-wentz,no-pic,-2.316,83.0,health products,Fashion & Retail,M,St. Kitts and Nevis,1681550402483,,,1354.941,2161.0,2161.0,//specials-images.forbesimg.com/imageserve/5c7219f131358e35dd26fe4c/416x416.jpg?background=000000&cropX1=13&cropX2=2180&cropY1=107&cropY2=2276,1973.0,1851.0,1100.0,,,,
2813,Richard White,White,richard-white,no-pic,9.859,68.0,software,Technology,M,Australia,1681550402482,,,5932.146,450.0,450.0,https://specials-images.forbesimg.com/imageserve/63ea5c613566dd44e5ffa618/416x416.jpg?background=000000&cropX1=150&cropX2=991&cropY1=8&cropY2=849,1974.0,1851.0,1100.0,,,,
2814,Dan Wilks,Wilks,dan-wilks,dan-wilks,4.924,66.0,natural gas,Energy,M,United States,1681550402483,TX,Texas,1500.481,1995.0,1995.0,//specials-images.forbesimg.com/imageserve/8fc970638be98f55b64ae148840cddad/416x416.jpg?background=000000&cropX1=106&cropX2=726&cropY1=48&cropY2=668,1975.0,1851.0,1100.0,,,,
2815,Allan Wong,Wong,allan-wong,allan-wong,1.017,73.0,electronics,Manufacturing,M,Hong Kong,1681550402483,,,1110.337,2491.0,2491.0,https://specials-images.forbesimg.com/imageserve/603541f30759d87ee3a08291/416x416.jpg?background=000000&cropX1=0&cropX2=1317&cropY1=0&cropY2=1317,1976.0,1851.0,1100.0,,,,
2816,Wu Lanlan,Wu,wu-lanlan,no-pic-female,-5.83,49.0,packaging,Manufacturing,F,China,1681550402483,,,1591.794,1900.0,1900.0,,1977.0,1851.0,1100.0,,,,
2817,Wu Xu,Wu,wu-xu,no-pic,,59.0,real estate,Real Estate,M,St. Kitts and Nevis,1586220923008,,,,,,,1978.0,1851.0,1100.0,,,,
2818,Xiang Wenbo,Xiang,wenbo-xiang,wenbo-xiang,-0.229,60.0,manufacturing,Manufacturing,M,China,1681550402483,,,1244.163,2308.0,2308.0,,1979.0,1851.0,1100.0,,,,
2819,Xie Liangzhi,Xie,liangzhi-xie,no-pic,97.418,57.0,biotech,Healthcare,M,China,1681550402482,,,4563.407,631.0,631.0,,1980.0,1851.0,1100.0,,,,
2820,Xu Zhihan,Xu,xu-zhihan,no-pic,64.15,50.0,electronics,Technology,M,China,1681550402483,,,1680.282,1825.0,1825.0,,1981.0,1851.0,1100.0,,,,
2821,George Yancopoulos,Yancopoulos,george-yancopoulos,george-yancopoulos,-1.906,63.0,pharmaceuticals,Healthcare,M,United States,1681550402483,NY,New York,1759.243,1756.0,1756.0,//specials-images.forbesimg.com/imageserve/5b3a90d24bbe6f604389c909/416x416.jpg?background=000000&cropX1=1821&cropX2=3680&cropY1=1511&cropY2=3369,1982.0,1851.0,1100.0,,,,
2822,Yi Rubo,Yi,yi-rubo,no-pic,,46.0,real estate,Real Estate,M,China,1586220923013,,,,,,,1983.0,1851.0,1100.0,,,,
2823,Yuan Jiandong,Yuan,yuan-jiandong-1,no-pic,,53.0,pharmaceuticals,Healthcare,M,China,1604523270939,,,,,,,1984.0,1851.0,1100.0,,,,
2824,"Richard Yuengling, Jr.",Yuengling,richard-yuengling-jr,richard-yuengling-jr,0.0,80.0,beer,Food & Beverage,M,United States,1681550402483,PA,Pennsylvania,1026.501,2611.0,2611.0,//specials-images.forbesimg.com/imageserve/5a908941a7ea434a0c2720de/416x416.jpg?background=000000&cropX1=817&cropX2=3140&cropY1=1101&cropY2=3423,1985.0,1851.0,1100.0,,,,
2825,Alan Zekelman,Zekelman,alan-zekelman,no-pic,0.0,60.0,steel,Manufacturing,M,Canada,1681550402483,MI,Michigan,1804.0,1713.0,1713.0,//specials-images.forbesimg.com/imageserve/5e75813810380d0006fba88d/416x416.jpg?background=000000&cropX1=292&cropX2=1223&cropY1=167&cropY2=1099,1986.0,1851.0,1100.0,,,,
2826,Zheng Jianjiang,Zheng,zheng-jianjiang,zheng-jianjiang,-10.413,62.0,electrical equipment,Manufacturing,M,China,1681550402483,,,1428.442,2083.0,2083.0,//specials-images.forbesimg.com/imageserve/562a57ede4b0ffa7afe63004/416x416.jpg?background=000000&cropX1=105&cropX2=744&cropY1=82&cropY2=722,1987.0,1851.0,1100.0,,,,
2827,Zheng Yuewen,Zheng,zheng-yuewen,zheng-yuewen,,61.0,investments,Diversified,M,China,1586220928520,,,,,,https://specials-images.forbesimg.com/imageserve/6050f48ca1ab099ed6e290cc/416x416.jpg?background=000000&cropX1=0&cropX2=800&cropY1=0&cropY2=800,1988.0,1851.0,1100.0,,,,
2828,Zhou Zongwen,Zhou,zhou-zongwen,no-pic,-13.225,66.0,jewelry,Fashion & Retail,M,China,1681550402483,,,1513.651,1977.0,1977.0,https://specials-images.forbesimg.com/imageserve/6050f48ca1ab099ed6e290cc/416x416.jpg?background=000000&cropX1=0&cropX2=800&cropY1=0&cropY2=800,1989.0,1851.0,1100.0,,,,
2829,Aziz Akhannouch,Akhannouch,aziz-akhannouch,aziz-akhannouch,-9.103,62.0,"petroleum, diversified",Diversified,M,Morocco,1681550402483,,,1482.531,2024.0,2024.0,//specials-images.forbesimg.com/imageserve/5a7fd2694bbe6f2652f536c4/416x416.jpg?background=000000&cropX1=286&cropX2=2317&cropY1=16&cropY2=2049,1990.0,1990.0,1000.0,,,,
2830,Alberto Alcocer,Alcocer,alberto-alcocer,alberto-alcocer,7.677,80.0,investments,Finance & Investments,M,Spain,1681550402483,,,1441.723,2072.0,2072.0,//specials-images.forbesimg.com/imageserve/5e77bb6e10380d0006fbc57e/416x416.jpg?background=000000&cropX1=61&cropX2=1246&cropY1=59&cropY2=1245,1991.0,1990.0,1000.0,,,,
2831,Isak Andic,Andic,isak-andic,isak-andic,0.0,69.0,fashion retail,Fashion & Retail,M,Spain,1681550402483,,,2950.393,1046.0,1046.0,//specials-images.forbesimg.com/imageserve/5e77bde4d8e1ae0007b73505/416x416.jpg?background=000000&cropX1=1135&cropX2=3446&cropY1=58&cropY2=2370,1992.0,1990.0,1000.0,,,,
2832,Patricia Angelini Rossi,Angelini Rossi,patricia-angelini-rossi,patricia-angelini-rossi,1.065,69.0,"forestry, mining",Diversified,F,Chile,1681550402483,,,1463.075,2049.0,2049.0,//specials-images.forbesimg.com/imageserve/5a6759cca7ea4316901185ea/416x416.jpg?background=000000&cropX1=200&cropX2=770&cropY1=42&cropY2=612,1993.0,1990.0,1000.0,,,,
2833,Edmund Ansin,Ansin,edmund-ansin,edmund-ansin,,87.0,television,Media & Entertainment,M,United States,1586220928444,FL,Florida,,,,https://specials-images.forbesimg.com/imageserve/5ff79a50dd8029e2b667ea4d/416x416.jpg?background=000000&cropX1=472&cropX2=2063&cropY1=216&cropY2=1807,1994.0,1990.0,1000.0,"President, Sunbeam Television, Corp.",False,,
2834,Brian Armstrong,Armstrong,brian-armstrong,no-pic,39.162,40.0,cryptocurrency,Finance & Investments,M,United States,1681550402483,CA,California,2908.847,1066.0,1066.0,//specials-images.forbesimg.com/imageserve/5c743ab3a7ea431000438195/416x416.jpg?background=000000&cropX1=263&cropX2=2662&cropY1=131&cropY2=2531,1995.0,1990.0,1000.0,,,,
2835,Tatyana Bakalchuk,Bakalchuk,tatyana-bakalchuk,no-pic-female,0.0,47.0,ecommerce,Fashion & Retail,F,Russia,1681550402482,,,8804.995,239.0,239.0,//specials-images.forbesimg.com/imageserve/5e778eb510380d0006fbc074/416x416.jpg?background=000000&cropX1=38&cropX2=1872&cropY1=56&cropY2=1891,1996.0,1990.0,1000.0,,,,
2836,Achal Bakeri,Bakeri,achal-bakeri,achal-bakeri,,63.0,air coolers,Manufacturing,M,India,1617670415603,,,,,,//specials-images.forbesimg.com/imageserve/b6ec72c8f5dd93465a57e31c7b17eea7/416x416.jpg?background=000000&cropX1=3&cropX2=744&cropY1=2&cropY2=743,1997.0,1990.0,1000.0,,,,
2837,Anne Beaufour,Beaufour,anne-beaufour,no-pic-female,0.0,59.0,pharmaceuticals,Healthcare,F,France,1681550402483,,,2803.02,1119.0,1119.0,,1998.0,1990.0,1000.0,,,,
2838,Henri Beaufour,Beaufour,henri-beaufour,no-pic,0.0,57.0,pharmaceuticals,Healthcare,M,France,1681550402483,,,2803.02,1119.0,1120.0,,1999.0,1990.0,1000.0,,,,
2839,Linden Blue,Blue,linden-blue,no-pic,,86.0,defense,Manufacturing,M,United States,1586220930021,CA,California,,,,//specials-images.forbesimg.com/imageserve/5e88d910c095010007bff048/416x416.jpg?background=000000&cropX1=0&cropX2=2212&cropY1=373&cropY2=2584,2000.0,1990.0,1000.0,,,,
2840,Anna Maria Braun,Braun,anna-maria-braun,no-pic-female,0.0,44.0,medical technology,Healthcare,F,Germany,1681550402483,,,1081.529,2529.0,2529.0,//specials-images.forbesimg.com/imageserve/5c703d1aa7ea4310004331fa/416x416.jpg?background=000000&cropX1=15&cropX2=532&cropY1=24&cropY2=541,2001.0,1990.0,1000.0,,,,
2841,Johanna Braun,Braun,johanna-braun,no-pic-female,0.0,43.0,medical technology,Healthcare,F,Germany,1681550402483,,,1081.529,2529.0,2530.0,,2002.0,1990.0,1000.0,,,,
2842,Karl Friedrich Braun,Braun,karl-friedrich-braun,no-pic,0.0,40.0,medical technology,Healthcare,M,Germany,1681550402483,,,1081.529,2529.0,2531.0,,2003.0,1990.0,1000.0,,,,
2843,Ludwig Theodor Braun,Braun,ludwig-theodor-braun,no-pic,0.0,33.0,medical technology,Healthcare,M,Germany,1681550402483,,,1045.073,2585.0,2585.0,,2004.0,1990.0,1000.0,,,,
2844,Edouard Carmignac,Carmignac,edouard-carmignac,edouard-carmignac,0.0,75.0,asset management,Finance & Investments,M,France,1681550402483,,,1036.793,2597.0,2597.0,//specials-images.forbesimg.com/imageserve/5e759db7d8e1ae0007b716a0/416x416.jpg?background=000000&cropX1=254&cropX2=1167&cropY1=147&cropY2=1060,2005.0,1990.0,1000.0,,,,
2845,Chen Zhuolin,Chen,chen-zhuolin,chen-zhuolin,,61.0,real estate,Real Estate,M,China,1604523226579,,,,,,,2006.0,1990.0,1000.0,,,,
2846,Eduard Chukhlebov,Chukhlebov,eduard-chukhlebov,no-pic,,59.0,metallurgy,Metals & Mining,M,Russia,1617670424669,,,,,,,2007.0,1990.0,1000.0,,,,
2847,Eduardo Cojuangco,Cojuangco,eduardo-cojuangco,eduardo-cojuangco,,87.0,"food, drinks",Food & Beverage,M,Philippines,1592406896512,,,,,,//specials-images.forbesimg.com/imageserve/599b5f4431358e60d77698a8/416x416.jpg?background=000000&cropX1=105&cropX2=412&cropY1=53&cropY2=360,2008.0,1990.0,1000.0,,,,
2848,GT Dave,Dave,gt-dave,no-pic,,46.0,kombucha,Food & Beverage,M,United States,1617670588325,CA,California,,,,//specials-images.forbesimg.com/imageserve/5d94fb8f793bd50006e9aa37/416x416.jpg?background=000000&cropX1=557&cropX2=2938&cropY1=1269&cropY2=3652,2009.0,1990.0,1000.0,,,,
2849,Aydin Dogan,Dogan,aydin-dogan,aydin-dogan,-7.904,87.0,media,Media & Entertainment,M,Turkey,1681550402483,,,1280.655,2262.0,2262.0,https://specials-images.forbesimg.com/imageserve/f3b036a9e88fe0f1765e484194428ead/416x416.jpg?background=000000&cropX1=0&cropX2=362&cropY1=0&cropY2=362,2010.0,1990.0,1000.0,,,,
2850,Lisa Draexlmaier,Draexlmaier,lisa-draexlmaier,no-pic-female,,32.0,auto parts,Automotive,F,Germany,1617670286904,,,,,,,2011.0,1990.0,1000.0,,,,
2851,Du Sha,Du,du-sha,no-pic,,76.0,hypermarkets,Diversified,M,China,1586220936555,,,,,,,2012.0,1990.0,1000.0,,,,
2852,Wesley Edens,Edens,wesley-edens,no-pic,-21.24,61.0,investments,Finance & Investments,M,United States,1681550402483,NY,New York,3675.653,808.0,808.0,https://specials-images.forbesimg.com/imageserve/632e143137efe01d9e44b11e/416x416.jpg?background=000000&cropX1=568&cropX2=2934&cropY1=0&cropY2=2366,2013.0,1990.0,1000.0,,,,
2853,Fan Minhua,Fan,fan-minhua,no-pic-female,,61.0,pharmaceuticals,Healthcare,F,China,1617670428420,,,,,,,2014.0,1990.0,1000.0,,,,
2854,Fang Hongbo,Fang,fang-hongbo,no-pic,-3.405,56.0,home appliances,Manufacturing,M,China,1681550402483,,,1252.129,2300.0,2300.0,//specials-images.forbesimg.com/imageserve/5a8751a34bbe6f2652f5cacf/416x416.jpg?background=000000&cropX1=863&cropX2=3423&cropY1=109&cropY2=2667,2015.0,1990.0,1000.0,,,,
2855,Jeff Green,Green,jeff-green,no-pic,,46.0,digital advertising,Media & Entertainment,M,United States,1617122729012,CA,California,,,,//specials-images.forbesimg.com/imageserve/5c7441a54bbe6f4bc9ec8e13/416x416.jpg?background=000000&cropX1=899&cropX2=3070&cropY1=236&cropY2=2406,2016.0,1990.0,1000.0,,,,
2856,David Hall,Hall,david-hall,no-pic,,71.0,automotive technology,Automotive,M,United States,1614747756342,CA,California,,,,//specials-images.forbesimg.com/imageserve/5e88dca8e2bb040006427915/416x416.jpg?background=000000&cropX1=1194&cropX2=2203&cropY1=2428&cropY2=3436,2017.0,1990.0,1000.0,"Cofounder and CEO, Velodyne Lidar",False,,
2857,Gerry Harvey,Harvey,gerry-harvey,gerry-harvey,11.169,83.0,retail,Fashion & Retail,M,Australia,1681550402483,,,1714.85,1797.0,1797.0,https://specials-images.forbesimg.com/imageserve/63ea70b019c34bc4cfd77ea0/416x416.jpg?background=000000&cropX1=0&cropX2=1080&cropY1=0&cropY2=1080,2018.0,1990.0,1000.0,,,,
2858,Jaroslav Hascak,Hascak,jaroslav-hascak,no-pic,0.0,53.0,investments,Finance & Investments,M,Slovakia,1681550402483,,,1612.351,1881.0,1881.0,//specials-images.forbesimg.com/imageserve/5e77ab2bd8e1ae0007b73186/416x416.jpg?background=000000&cropX1=1456&cropX2=4652&cropY1=37&cropY2=3234,2019.0,1990.0,1000.0,,,,
2859,Ho Hung Anh,Ho,ho-hung-anh,no-pic,-35.214,52.0,"consumer products, banking",Finance & Investments,M,Vietnam,1681550402483,,,1497.23,2012.0,2012.0,//specials-images.forbesimg.com/imageserve/5c7177efa7ea431000434654/416x416.jpg?background=000000&cropX1=138&cropX2=499&cropY1=1&cropY2=362,2020.0,1990.0,1000.0,,,,
2860,Francis Holder,Holder,francis-holder,no-pic,,82.0,bakeries,Food & Beverage,M,France,1617670385957,,,,,,https://specials-images.forbesimg.com/imageserve/5e759e81c7b02d000666c44a/416x416.jpg?background=000000&cropX1=153&cropX2=1289&cropY1=273&cropY2=1409,2021.0,1990.0,1000.0,,,,
2861,Hur Young-in,Hur,hur-young-in,hur-young-in,,73.0,"bakeries, fast food",Food & Beverage,M,South Korea,1594234218601,,,,,,//specials-images.forbesimg.com/imageserve/5d2477e9142c500008c8968d/416x416.jpg?background=000000&cropX1=276&cropX2=510&cropY1=185&cropY2=419,2022.0,1990.0,1000.0,Paris-Croissant Food,False,,
2862,Jay-Z,Jay-Z,jay-z,jay-z,-0.131,53.0,diversified,Media & Entertainment,M,United States,1681550402483,NY,New York,2460.84,1290.0,1290.0,//specials-images.forbesimg.com/imageserve/5ed554fab14861000600baf1/416x416.jpg?background=000000&cropX1=53&cropX2=739&cropY1=114&cropY2=800,2023.0,1990.0,1000.0,Roc Nation Sports,False,29.8,963.4
2863,Kylie Jenner,Jenner,kylie-jenner,no-pic-female,,25.0,cosmetics,Fashion & Retail,F,United States,1591276811208,CA,California,,,,https://specials-images.forbesimg.com/imageserve/618e7d9fdfe79744d793c0c6/416x416.jpg?background=000000&cropX1=489&cropX2=1455&cropY1=121&cropY2=1087,2024.0,1990.0,1000.0,"Founder, Kylie Cosmetics",False,,
2864,Jin Huiming,Jin,jin-huiming,no-pic,,70.0,real estate,Real Estate,M,China,1617670217180,,,,,,,2025.0,1990.0,1000.0,,,,
2865,David Kabiller,Kabiller,david-kabiller,no-pic,,59.0,investment management,Finance & Investments,M,United States,1586220943145,CT,Connecticut,,,,//specials-images.forbesimg.com/imageserve/58c0780f31358e1a35aca9f4/416x416.jpg?background=000000&cropX1=0&cropX2=744&cropY1=21&cropY2=765,2026.0,1990.0,1000.0,,,,
2866,Morris Kahn,Kahn,morris-kahn,morris-kahn,0.0,93.0,software,Technology,M,Israel,1681550402483,,,1000.0,2644.0,2646.0,//specials-images.forbesimg.com/imageserve/5e76cf0310380d0006fbb816/416x416.jpg?background=000000&cropX1=86&cropX2=698&cropY1=37&cropY2=649,2027.0,1990.0,1000.0,,,,
2867,Jonas Kamprad,Kamprad,jonas-kamprad,no-pic,0.0,57.0,IKEA,Finance & Investments,M,Sweden,1681550402483,,,1122.062,2476.0,2476.0,//specials-images.forbesimg.com/imageserve/5c722c674bbe6f51818aba2e/416x416.jpg?background=000000&cropX1=604&cropX2=1948&cropY1=100&cropY2=1443,2028.0,1990.0,1000.0,,,,
2868,Mathias Kamprad,Kamprad,mathias-kamprad,no-pic,0.0,53.0,IKEA,Finance & Investments,M,Sweden,1681550402483,,,1122.062,2476.0,2477.0,//specials-images.forbesimg.com/imageserve/5c722ced31358e35dd26ff59/416x416.jpg?background=000000&cropX1=49&cropX2=275&cropY1=1&cropY2=227,2029.0,1990.0,1000.0,,,,
2869,Peter Kamprad,Kamprad,peter-kamprad,no-pic,0.0,59.0,IKEA,Finance & Investments,M,Sweden,1681550402483,,,1091.073,2514.0,2514.0,//specials-images.forbesimg.com/imageserve/5c722d41a7ea43100043521e/416x416.jpg?background=000000&cropX1=0&cropX2=257&cropY1=1&cropY2=258,2030.0,1990.0,1000.0,,,,
2870,Ke Guihua,Ke,ke-guihua,no-pic,69.686,57.0,auto parts,Manufacturing,M,China,1681550402483,,,1222.621,2344.0,2344.0,,2031.0,1990.0,1000.0,,,,
2871,Bom Kim,Kim,bom-kim,bom-kim,78.661,44.0,online retailing,Technology,M,United States,1681550402483,,,2827.092,1108.0,1108.0,https://specials-images.forbesimg.com/imageserve/60b121eb67ca0e3c1386c065/416x416.jpg?background=000000&cropX1=522&cropX2=1708&cropY1=596&cropY2=1783,2032.0,1990.0,1000.0,Coupang,False,,
2872,Sergei Kolesnikov,Kolesnikov,sergei-kolesnikov,no-pic,0.0,51.0,building materials,Manufacturing,M,Russia,1681550402483,,,1381.628,2133.0,2134.0,//specials-images.forbesimg.com/imageserve/5e778745c7b02d000666d88d/416x416.jpg?background=000000&cropX1=1670&cropX2=3855&cropY1=0&cropY2=2184,2033.0,1990.0,1000.0,,,,
2873,Ihor Kolomoyskyy,Kolomoyskyy,ihor-kolomoyskyy,ihor-kolomoyskyy,0.0,60.0,"banking, investments",Diversified,M,Ukraine,1681550402483,,,1034.0,2600.0,2600.0,//specials-images.forbesimg.com/imageserve/5e77e4d6d8e1ae0007b7389f/416x416.jpg?background=000000&cropX1=1274&cropX2=4333&cropY1=104&cropY2=3160,2034.0,1990.0,1000.0,,,,
2874,Igor Kudryashkin,Kudryashkin,igor-kudryashkin,no-pic,,61.0,metallurgy,Metals & Mining,M,Russia,1617670434810,,,,,,,2035.0,1990.0,1000.0,,,,
2875,Lai Shixian,Lai,lai-shixian,no-pic,51.717,48.0,sports apparel,Fashion & Retail,M,China,1681550402483,,,2526.17,1258.0,1258.0,//specials-images.forbesimg.com/imageserve/5e78ba1b10380d0006fbd127/416x416.jpg?background=000000&cropX1=1383&cropX2=3931&cropY1=23&cropY2=2570,2036.0,1990.0,1000.0,,,,
2876,Lam Lung On,Lam,lam-lung-on,no-pic,,58.0,real estate,Real Estate,M,China,1604523247452,,,,,,//specials-images.forbesimg.com/imageserve/5c6f14f34bbe6f704146b49a/416x416.jpg?background=000000&cropX1=477&cropX2=4128&cropY1=0&cropY2=3648,2037.0,1990.0,1000.0,,,,
2877,Thomas Lau,Lau,thomas-lau,thomas-lau,,69.0,department stores,Fashion & Retail,M,Hong Kong,1610476427136,,,,,,//specials-images.forbesimg.com/imageserve/5e3b3932a854780006b087b8/416x416.jpg?background=000000&cropX1=321&cropX2=3433&cropY1=248&cropY2=3359,2038.0,1990.0,1000.0,,,,
2878,Lee Joon-ho,Lee,lee-joon-ho,lee-joon-ho,,58.0,online games,Technology,M,South Korea,1594234212107,,,,,,//specials-images.forbesimg.com/imageserve/571a7940a7ea43722d781ff2/416x416.jpg?background=000000&cropX1=92&cropX2=744&cropY1=6&cropY2=659,2039.0,1990.0,1000.0,NHN Entertainment,False,,
2879,Lee Sang-hyuk,Lee,lee-sang-hyuk,lee-sang-hyuk,,51.0,investments,Technology,M,South Korea,1586220942255,,,,,,//specials-images.forbesimg.com/imageserve/5d247c3e34a5c400084aca03/416x416.jpg?background=000000&cropX1=2&cropX2=506&cropY1=3&cropY2=507,2040.0,1990.0,1000.0,Yello Mobile,False,,
2880,Li Xianyu,Li,li-xianyu,no-pic,,69.0,pharmaceuticals,Healthcare,M,China,1586220947219,,,,,,,2041.0,1990.0,1000.0,,,,
2881,John Liew,Liew,john-liew,no-pic,,55.0,investment management,Finance & Investments,M,United States,1586220947537,CT,Connecticut,,,,//specials-images.forbesimg.com/imageserve/58c1a0f131358e1a35acb5df/416x416.jpg?background=000000&cropX1=0&cropX2=744&cropY1=29&cropY2=773,2042.0,1990.0,1000.0,,,,
2882,Lin Dingqiang,Lin,lin-dingqiang,no-pic,-99.626,56.0,real estate,Real Estate,M,Hong Kong,1681550402483,,,2015.648,1554.0,1554.0,,2043.0,1990.0,1000.0,,,,
2883,Lu Rongfu,Lu,lu-rongfu,no-pic,-8.113,52.0,telecommunication,Telecom,M,China,1681550402483,,,1049.195,2577.0,2577.0,,2044.0,1990.0,1000.0,,,,
2884,Lowell Milken,Milken,lowell-milken,no-pic,,74.0,investments,Finance & Investments,M,United States,1586220950552,CA,California,,,,//specials-images.forbesimg.com/imageserve/5a90aa824bbe6f0fa8266b32/416x416.jpg?background=000000&cropX1=0&cropX2=2263&cropY1=276&cropY2=2541,2045.0,1990.0,1000.0,,,,
2885,Ni Zugen,Ni,zugen-ni,no-pic,-0.672,66.0,appliances,Manufacturing,M,China,1681550402483,,,2124.286,1490.0,1490.0,//specials-images.forbesimg.com/imageserve/5a9725ac4bbe6f0fa826ee2b/416x416.jpg?background=000000&cropX1=54&cropX2=1245&cropY1=217&cropY2=1408,2046.0,1990.0,1000.0,,,,
2886,Simon Nixon,Nixon,simon-nixon,no-pic,0.0,55.0,price comparison website,Technology,M,United Kingdom,1681550402483,,,1972.441,1589.0,1589.0,//specials-images.forbesimg.com/imageserve/5c727ddca7ea431000435632/416x416.jpg?background=000000&cropX1=280&cropX2=1768&cropY1=695&cropY2=2183,2047.0,1990.0,1000.0,,,,
2887,Park Hyeon-joo,Park,park-hyeon-joo,park-hyeon-joo,,64.0,mutual funds,Finance & Investments,M,South Korea,1594234218456,,,,,,https://specials-images.forbesimg.com/imageserve/60b1289686f393d366d1fb5b/416x416.jpg?background=000000&cropX1=0&cropX2=2166&cropY1=48&cropY2=2214,2048.0,1990.0,1000.0,Mirae Asset,False,,
2888,David Paul,Paul,david-paul,no-pic,-13.03,56.0,medical devices,Healthcare,M,United States,1681550402483,PA,Pennsylvania,1497.598,2010.0,2010.0,,2049.0,1990.0,1000.0,"Founder and Executive Chairman, Globus Medical, Inc.",False,,
2889,Antonio Percassi,Percassi,antonio-percassi,no-pic,0.0,69.0,"real estate, diversified",Diversified,M,Italy,1681550402483,,,1108.624,2494.0,2494.0,//specials-images.forbesimg.com/imageserve/5e76d23cc7b02d000666d2f2/416x416.jpg?background=000000&cropX1=1548&cropX2=4099&cropY1=306&cropY2=2854,2050.0,1990.0,1000.0,,,,
2890,Christopher Rokos,Rokos,christopher-rokos,no-pic,0.0,52.0,hedge fund,Finance & Investments,M,United Kingdom,1681550402483,,,1538.0,1957.0,1957.0,,2051.0,1990.0,1000.0,"CEO & Founder, Rokos Capital Management",False,,
2891,Chanchai Ruayrungruang,Ruayrungruang,chanchai-ruayrungruang,chanchai-ruayrungruang,,69.0,real estate,Real Estate,M,China,1617670563027,,,,,,https://specials-images.forbesimg.com/imageserve/6046a2693cf4e3cca87567d6/416x416.jpg?background=000000&cropX1=497&cropX2=1568&cropY1=175&cropY2=1246,2052.0,1990.0,1000.0,,,,
2892,Igor Rybakov,Rybakov,igor-rybakov,no-pic,0.0,50.0,building materials,Manufacturing,M,Russia,1681550402483,,,1381.628,2133.0,2133.0,//specials-images.forbesimg.com/imageserve/5e777e5cc7b02d000666d7dc/416x416.jpg?background=000000&cropX1=1057&cropX2=3552&cropY1=45&cropY2=2539,2053.0,1990.0,1000.0,,,,
2893,"Julio Mario Santo Domingo, III.",Santo Domingo,julio-mario-santo-domingo-iii,julio-mario-santo-domingo-iii,,37.0,beer,Food & Beverage,M,United States,1586220947424,NY,New York,,,,//specials-images.forbesimg.com/imageserve/5d8b41f16de3150009a50d53/416x416.jpg?background=000000&cropX1=113&cropX2=1371&cropY1=95&cropY2=1354,2054.0,1990.0,1000.0,,,,
2894,RJ Scaringe,Scaringe,rj-scaringe,no-pic,,40.0,electric vehicles,Automotive,M,United States,1617669830575,CA,California,,,,https://specials-images.forbesimg.com/imageserve/60401d78d153794d98413b67/416x416.jpg?background=000000&cropX1=0&cropX2=1080&cropY1=0&cropY2=1080,2055.0,1990.0,1000.0,,,,
2895,Dieter Schnabel,Schnabel,dieter-schnabel,dieter-schnabel,0.0,77.0,chemicals,Manufacturing,M,Germany,1681550402483,,,2705.15,1168.0,1168.0,//specials-images.forbesimg.com/imageserve/56c9cd37e4b062f6b59a2c63/416x416.jpg?background=000000&cropX1=2&cropX2=701&cropY1=226&cropY2=925,2056.0,1990.0,1000.0,,,,
2896,Gerald Schwartz,Schwartz,gerald-schwartz,gerald-schwartz,29.49,81.0,finance,Finance & Investments,M,Canada,1681550402483,,,1228.787,2335.0,2335.0,//specials-images.forbesimg.com/imageserve/5e7444f92a573300068fcd7c/416x416.jpg?background=000000&cropX1=1801&cropX2=4410&cropY1=716&cropY2=3328,2057.0,1990.0,1000.0,,,,
2897,Neerja Sethi,Sethi,neerja-sethi,no-pic-female,,68.0,"IT consulting, outsourcing",Technology,F,United States,1586220956011,FL,Florida,,,,https://specials-images.forbesimg.com/imageserve/6050f48ca1ab099ed6e290cc/416x416.jpg?background=000000&cropX1=0&cropX2=800&cropY1=0&cropY2=800,2058.0,1990.0,1000.0,,,,
2898,Mikhail Shelkov,Shelkov,mikhail-shelkov,no-pic,0.0,54.0,titanium,Metals & Mining,M,Russia,1681550402482,,,4442.633,640.0,640.0,,2059.0,1990.0,1000.0,,,,
2899,Albert Shigaboutdinov,Shigaboutdinov,albert-shigaboutdinov,albert-shigaboutdinov,0.0,70.0,"refinery, chemicals",Diversified,M,Russia,1681550402483,,,1310.387,2215.0,2215.0,//specials-images.forbesimg.com/imageserve/5a807a5e4bbe6f2652f53c13/416x416.jpg?background=000000&cropX1=601&cropX2=2934&cropY1=5&cropY2=2336,2060.0,1990.0,1000.0,,,,
2900,Scott Smith,Smith,scott-smith-1,no-pic,0.0,74.0,cloud computing,Technology,M,United States,1681550402483,UT,Utah,1020.0,2620.0,2620.0,,2061.0,1990.0,1000.0,,,,
2901,Terry Snow,Snow,terry-snow,terry-snow,0.0,79.0,"airports, real estate",Real Estate,M,Australia,1681550402483,,,1525.298,1964.0,1964.0,https://specials-images.forbesimg.com/imageserve/63ea733f14a79cc43a36e6b5/416x416.jpg?background=000000&cropX1=0&cropX2=949&cropY1=0&cropY2=949,2062.0,1990.0,1000.0,,,,
2902,Axel Stawski,Stawski,axel-stawski,no-pic,0.0,72.0,real estate,Real Estate,M,United States,1681550402483,NY,New York,1503.36,1987.0,1987.0,//specials-images.forbesimg.com/imageserve/5a909560a7ea434a0c272237/416x416.jpg?background=000000&cropX1=1605&cropX2=2567&cropY1=349&cropY2=1310,2063.0,1990.0,1000.0,,,,
2903,Sergei Studennikov,Studennikov,sergei-studennikov,no-pic,0.0,56.0,"liquor stores, supermarkets",Fashion & Retail,M,Russia,1681550402483,,,1542.949,1951.0,1951.0,,2064.0,1990.0,1000.0,,,,
2904,Su Rubo,Su,su-rubo,no-pic,,68.0,real estate,Real Estate,M,China,1617670562930,,,,,,,2065.0,1990.0,1000.0,,,,
2905,Rustem Sulteev,Sulteev,rustem-sulteev,rustem-sulteev,0.0,69.0,"refinery, chemicals",Energy,M,Russia,1681550402483,,,1307.387,2218.0,2218.0,//specials-images.forbesimg.com/imageserve/5a80b4224bbe6f2652f53fd0/416x416.jpg?background=000000&cropX1=4&cropX2=2224&cropY1=9&cropY2=2228,2066.0,1990.0,1000.0,,,,
2906,Tang Yan,Tang,tang-yan,no-pic,,44.0,social media,Technology,M,China,1586220955814,,,,,,https://specials-images.forbesimg.com/imageserve/6050f48ca1ab099ed6e290cc/416x416.jpg?background=000000&cropX1=0&cropX2=800&cropY1=0&cropY2=800,2067.0,1990.0,1000.0,,,,
2907,Tao Yuequn,Tao,yuequn-tao,no-pic,7.712,63.0,Contact Lens,Fashion & Retail,M,China,1681550402483,,,1605.854,1885.0,1885.0,,2068.0,1990.0,1000.0,,,,
2908,Carl Thoma,Thoma,carl-thoma,no-pic,0.0,74.0,investments,Finance & Investments,M,United States,1681550402483,IL,Illinois,3255.0,935.0,935.0,,2069.0,1990.0,1000.0,,,,
2909,Laurie Tisch,Tisch,laurie-tisch,no-pic-female,-1.175,72.0,"insurance, NFL team",Diversified,F,United States,1681550402483,NY,New York,1568.6,1928.0,1928.0,,2070.0,1990.0,1000.0,,,,
2910,Steven Tisch,Tisch,steven-tisch,no-pic,-1.175,74.0,insurance,Diversified,M,United States,1681550402483,CA,California,1568.6,1928.0,1929.0,,2071.0,1990.0,1000.0,,,,
2911,Torsten Toeller,Toeller,torsten-toeller,torsten-toeller,0.0,57.0,pet food,Fashion & Retail,M,Germany,1681550402483,,,2123.288,1491.0,1491.0,//specials-images.forbesimg.com/imageserve/5e763984c7b02d000666c988/416x416.jpg?background=000000&cropX1=2043&cropX2=4382&cropY1=9&cropY2=2346,2072.0,1990.0,1000.0,,,,
2912,Jayshree Ullal,Ullal,jayshree-ullal,jayshree-ullal,-12.586,62.0,computer networking,Technology,F,United States,1681550402483,CA,California,2435.888,1301.0,1301.0,https://specials-images.forbesimg.com/imageserve/634dc020a7ec8dedb0c9a291/416x416.jpg?background=000000&cropX1=0&cropX2=1080&cropY1=0&cropY2=1080,2073.0,1990.0,1000.0,,,,
2913,Pieter van der Does,van der Does,pieter-van-der-does,no-pic,-9.041,53.0,payments software,Technology,M,Netherlands,1681550402483,,,2018.222,1552.0,1552.0,//specials-images.forbesimg.com/imageserve/5c7156744bbe6f79c54746ce/416x416.jpg?background=000000&cropX1=494&cropX2=2752&cropY1=77&cropY2=2333,2074.0,1990.0,1000.0,,,,
2914,Vardis Vardinoyannis,Vardinoyannis & family,vardis-vardinoyannis-family,no-pic,0.0,90.0,oil and gas,Energy,M,Greece,1681550402483,,,1945.504,1608.0,1608.0,//specials-images.forbesimg.com/imageserve/5a871defa7ea43169013afa6/416x416.jpg?background=000000&cropX1=821&cropX2=4440&cropY1=31&cropY2=3648,2075.0,1990.0,1000.0,,,,
2915,Chris Wallin,Wallin,chris-wallin,chris-wallin,0.098,70.0,mining,Energy,M,Australia,1681550402483,,,1672.168,1834.0,1834.0,https://specials-images.forbesimg.com/imageserve/61a52212402ed8086d7a1ac9/416x416.jpg?background=000000&cropX1=0&cropX2=800&cropY1=0&cropY2=800,2076.0,1990.0,1000.0,,,,
2916,Wang Miaotong,Wang,wang-miaotong,no-pic,,65.0,auto parts,Automotive,M,China,1586220960938,,,,,,,2077.0,1990.0,1000.0,,,,
2917,Wang Wenmo,Wang,wang-wenmo,no-pic,42.839,66.0,sports apparel,Fashion & Retail,M,China,1681550402483,,,2383.846,1341.0,1341.0,,2078.0,1990.0,1000.0,,,,
2918,Wang Yanqing,Wang,wang-yanqing-1,no-pic-female,13.478,76.0,carbon fiber products,Manufacturing,F,China,1681550402483,,,1235.284,2321.0,2321.0,,2079.0,1990.0,1000.0,,,,
2919,Wang Yaohai,Wang,wang-yaohai,no-pic,,56.0,lighting,Technology,M,China,1617670357813,,,,,,//specials-images.forbesimg.com/imageserve/5a97290831358e79a28a9ce0/416x416.jpg?background=000000&cropX1=0&cropX2=945&cropY1=83&cropY2=1028,2080.0,1990.0,1000.0,,,,
2920,Sandy Weill,Weill,sandy-weill,no-pic,,90.0,Citigroup,Finance & Investments,M,United States,1617670614647,CA,California,,,,//specials-images.forbesimg.com/imageserve/5e88e378e2bb04000642797a/416x416.jpg?background=000000&cropX1=415&cropX2=3201&cropY1=509&cropY2=3297,2081.0,1990.0,1000.0,,,,
2921,Wen Yibo,Wen,wen-yibo,wen-yibo,,57.0,wastewater treatment,Service,M,China,1617670572200,,,,,,//specials-images.forbesimg.com/imageserve/5e790c7610380d0006fbdf2a/416x416.jpg?background=000000&cropX1=286&cropX2=2753&cropY1=200&cropY2=2667,2082.0,1990.0,1000.0,,,,
2922,Wong Chiu Yeung,Wong,wong-chiu-yeung,no-pic,,56.0,real estate,Real Estate,M,China,1586220960571,,,,,,,2083.0,1990.0,1000.0,,,,
2923,Wong Hong King,Wong,wong-hong-king,no-pic,,61.0,real estate,Real Estate,M,China,1617670576570,,,,,,,2084.0,1990.0,1000.0,,,,
2924,Wu Chung-yi,Wu,wu-chung-yi,wu-chung-yi,0.061,67.0,manufacturing,Manufacturing,M,Taiwan,1681550402483,,,1179.163,2411.0,2411.0,https://specials-images.forbesimg.com/imageserve/6050f48ca1ab099ed6e290cc/416x416.jpg?background=000000&cropX1=0&cropX2=800&cropY1=0&cropY2=800,2085.0,1990.0,1000.0,,,,
2925,Xu Qiming,Xu,xu-qiming,xu-qiming,,59.0,"food, art",Diversified,M,China,1586220959346,,,,,,https://specials-images.forbesimg.com/imageserve/6050f48ca1ab099ed6e290cc/416x416.jpg?background=000000&cropX1=0&cropX2=800&cropY1=0&cropY2=800,2086.0,1990.0,1000.0,,,,
2926,Xu Wanmao,Xu,wanmao-xu,no-pic,4.952,78.0,education,Service,M,China,1681550402483,,,1204.213,2364.0,2364.0,//specials-images.forbesimg.com/imageserve/5e791738d8e1ae0007b74f1b/416x416.jpg?background=000000&cropX1=289&cropX2=891&cropY1=46&cropY2=648,2087.0,1990.0,1000.0,,,,
2927,Vadim Yakunin,Yakunin,vadim-yakunin,no-pic,0.0,60.0,pharmacy,Healthcare,M,Russia,1681550402483,,,1231.721,2327.0,2327.0,//specials-images.forbesimg.com/imageserve/5c71de19a7ea431000434d79/416x416.jpg?background=000000&cropX1=4&cropX2=500&cropY1=12&cropY2=508,2088.0,1990.0,1000.0,,,,
2928,Mark Haoyong Yang,Yang,mark-haoyong-yang,no-pic,,48.0,e-commerce,Technology,M,China,1617670615406,,,,,,//specials-images.forbesimg.com/imageserve/5c6f180da7ea4310004317d3/416x416.jpg?background=000000&cropX1=509&cropX2=3056&cropY1=487&cropY2=3032,2089.0,1990.0,1000.0,,,,
2929,Ye Qiongjiu,Ye,ye-qiongjiu,no-pic-female,61.619,68.0,software,Technology,F,China,1681550402483,,,1858.998,1670.0,1670.0,,2090.0,1990.0,1000.0,,,,
2930,Yu Qibing,Yu,yu-qibing,no-pic,81.996,57.0,glass,Manufacturing,M,China,1681550402483,,,2242.541,1403.0,1403.0,,2091.0,1990.0,1000.0,,,,
2931,Zhang Yuxiang,Zhang,zhang-yuxiang,no-pic,,58.0,apparel,Fashion & Retail,M,China,1604523214086,,,,,,,2092.0,1990.0,1000.0,,,,
2932,Zhao Hongfei,Zhao,hongfei-zhao,no-pic,-15.411,48.0,software,Technology,M,China,1681550402483,,,1993.381,1573.0,1573.0,,2093.0,1990.0,1000.0,,,,
2933,Kostyantin Zhevago,Zhevago,kostyantin-zhevago,kostyantin-zhevago,-5.547,49.0,mining,Metals & Mining,M,Ukraine,1681550402483,,,1288.256,2252.0,2252.0,//specials-images.forbesimg.com/imageserve/5e77e526d8e1ae0007b738b5/416x416.jpg?background=000000&cropX1=257&cropX2=2760&cropY1=44&cropY2=2549,2094.0,1990.0,1000.0,,,,
2934,Zhou Yongli,Zhou,zhou-yongli,no-pic,,68.0,conglomerate,Manufacturing,M,China,1586220962960,,,,,,https://specials-images.forbesimg.com/imageserve/6050f48ca1ab099ed6e290cc/416x416.jpg?background=000000&cropX1=0&cropX2=800&cropY1=0&cropY2=800,2095.0,1990.0,1000.0,,,,
