time,magnitude,latitude,longitude,depth_km
2000-01-09T04:02:23.680Z,5.4,37.28,141.515,56.0
2000-01-10T16:40:42.240Z,5.7,27.35,139.979,453.2
2000-01-11T23:43:56.450Z,5.1,40.498,122.994,10.0
2000-01-13T18:52:12.030Z,5.2,44.393,149.492,48.9
2000-01-23T07:40:04.900Z,5.5,30.239,130.768,42.9
2000-01-27T10:10:57.250Z,5.3,31.678,141.686,33.0
2000-01-28T14:21:07.340Z,6.8,43.046,146.837,61.1
2000-01-28T16:39:24.280Z,6.0,26.076,124.496,193.9
2000-02-07T06:34:49.670Z,5.2,43.368,147.433,61.5
2000-02-07T16:41:04.580Z,5.4,31.037,141.694,33.0
2000-02-11T07:08:38.870Z,5.1,39.047,140.781,33.0
2000-02-13T02:57:08.720Z,6.0,42.853,131.572,513.6
2000-02-14T20:22:23.660Z,5.3,31.04,141.622,33.0
2000-02-16T11:52:13.390Z,5.4,37.269,145.178,33.0
2000-02-19T04:49:28.710Z,5.0,44.513,149.379,54.5
2000-02-19T05:23:28.650Z,5.3,44.499,149.393,51.6
2000-02-19T06:06:09.080Z,5.1,44.476,149.401,50.2
2000-02-25T06:13:00.550Z,5.2,25.287,123.829,150.2
2000-03-11T17:19:13.550Z,5.2,27.535,139.709,459.5
2000-03-19T21:26:02.380Z,5.3,37.989,141.336,80.1
2000-03-21T04:32:34.400Z,5.4,31.871,142.54,33.0
2000-03-30T07:06:06.920Z,5.1,43.343,146.412,64.1
2000-03-31T18:12:24.890Z,5.0,42.569,140.785,33.0
2000-04-12T21:51:31.110Z,5.1,40.131,142.291,33.0
2000-04-14T17:41:10.110Z,5.1,33.656,135.308,35.3
2000-04-18T21:05:51.900Z,5.0,24.026,126.709,33.0
2000-04-21T11:06:16.020Z,5.5,35.667,135.486,346.5
2000-04-25T15:28:11.090Z,5.3,40.319,143.242,10.0
2000-04-26T12:48:16.130Z,5.0,26.405,125.528,164.2
2000-04-26T12:48:49.500Z,5.4,40.309,143.328,29.9
2000-04-26T12:55:04.020Z,5.6,40.178,143.236,33.0
2000-04-30T12:39:47.040Z,5.4,40.434,143.738,10.0
2000-05-01T20:45:12.840Z,5.2,40.274,143.245,33.0
2000-05-01T21:05:38.350Z,5.0,40.244,143.288,33.0
2000-05-02T05:25:04.690Z,5.0,40.276,143.269,33.0
2000-05-14T04:11:16.500Z,5.2,27.573,139.717,477.4
2000-06-03T08:54:49.200Z,6.2,35.552,140.464,62.3
2000-06-06T14:57:02.220Z,6.4,29.424,131.421,33.0
2000-06-06T21:16:42.400Z,5.9,36.829,135.464,10.0
2000-06-08T00:32:46.500Z,5.0,32.679,130.682,21.5
2000-06-09T22:35:13.780Z,5.8,30.472,137.682,472.6
2000-06-09T23:31:45.290Z,6.3,30.491,137.73,485.3
2000-06-15T11:10:46.210Z,6.1,29.368,132.082,10.0
2000-06-25T06:34:42.880Z,6.0,31.183,131.206,10.0
2000-06-28T09:25:47.890Z,5.3,34.217,139.506,10.0
2000-06-28T16:15:17.960Z,5.2,34.014,139.319,10.0
2000-06-29T02:56:20.960Z,5.3,34.19,139.136,10.0
2000-06-29T03:11:51.430Z,5.3,34.155,139.18,10.0
2000-06-29T03:34:26.260Z,5.1,34.244,139.141,10.0
2000-06-29T04:02:36.920Z,5.5,34.056,139.561,10.0
2000-06-29T04:53:26.310Z,5.3,34.082,139.333,10.0
2000-06-29T05:54:55.400Z,5.1,34.151,139.422,10.0
2000-06-29T06:30:22.090Z,5.6,34.027,139.359,10.0
2000-06-29T09:53:28.100Z,5.0,34.324,140.221,10.0
2000-06-30T20:33:42.010Z,5.4,37.399,141.503,42.1
2000-07-01T07:01:55.580Z,6.1,34.221,139.131,10.0
2000-07-02T19:42:45.990Z,5.3,34.244,139.204,10.0
2000-07-02T20:03:34.800Z,5.7,34.076,139.226,10.0
2000-07-03T00:52:56.700Z,5.2,34.079,139.302,10.0
2000-07-03T03:36:21.770Z,5.0,33.966,139.576,10.0
2000-07-03T13:24:30.900Z,5.4,31.142,131.439,33.0
2000-07-04T06:53:51.360Z,5.4,34.11,139.159,10.0
2000-07-04T23:02:48.750Z,5.4,43.405,147.544,33.0
2000-07-05T02:21:10.820Z,5.3,34.233,139.165,10.0
2000-07-06T04:09:18.340Z,5.4,36.356,142.51,50.8
2000-07-06T06:27:39.570Z,5.2,34.11,139.312,10.0
2000-07-06T14:59:40.080Z,5.3,34.145,139.138,10.0
2000-07-07T02:45:26.580Z,5.4,34.136,139.271,10.0
2000-07-07T18:37:10.020Z,5.2,39.115,144.411,10.0
2000-07-08T16:49:11.640Z,5.4,34.084,139.29,10.0
2000-07-08T18:57:44.470Z,5.9,34.053,139.126,10.0
2000-07-11T13:10:01.500Z,5.3,34.192,139.176,10.0
2000-07-11T18:23:51.020Z,5.1,34.219,138.951,10.0
2000-07-11T19:25:43.670Z,5.2,34.24,139.032,10.0
2000-07-12T03:19:02.090Z,5.2,34.179,139.201,10.0
2000-07-12T06:37:15.560Z,5.0,34.113,139.268,10.0
2000-07-12T14:07:14.170Z,5.0,34.156,139.202,10.0
2000-07-12T19:19:40.540Z,5.0,34.193,139.201,10.0
2000-07-12T19:25:03.510Z,5.3,34.038,139.209,10.0
2000-07-13T18:55:52.490Z,5.2,34.045,139.246,10.0
2000-07-14T10:19:28.790Z,5.4,34.147,139.1,10.0
2000-07-14T18:28:23.250Z,5.4,34.124,139.223,10.0
2000-07-15T01:30:30.500Z,6.1,34.319,139.26,10.0
2000-07-17T12:58:09.400Z,5.4,28.579,142.669,10.0
2000-07-19T11:00:39.490Z,5.0,34.242,139.132,10.0
2000-07-19T17:18:29.030Z,5.4,38.812,143.065,33.0
2000-07-19T17:32:19.940Z,5.2,34.174,139.129,10.0
2000-07-19T21:18:19.720Z,5.4,34.11,139.254,10.0
2000-07-20T03:07:03.510Z,5.1,34.008,138.986,10.0
2000-07-20T03:10:25.440Z,5.3,34.031,139.269,10.0
2000-07-20T18:39:18.820Z,6.0,36.51,140.983,47.1
2000-07-21T05:16:37.640Z,5.7,35.181,141.066,52.4
2000-07-23T03:15:08.340Z,5.3,34.23,139.247,10.0
2000-07-23T17:13:33.530Z,5.1,34.079,139.183,10.0
2000-07-23T21:26:47.800Z,5.3,34.185,139.261,10.0
2000-07-23T21:52:44.060Z,5.6,34.126,139.116,10.0
2000-07-24T09:03:54.710Z,5.1,34.119,139.327,10.0
2000-07-24T22:10:35.340Z,5.0,24.771,122.478,127.7
2000-07-25T07:12:50.480Z,5.1,34.218,139.277,10.0
2000-07-25T08:10:15.890Z,5.0,34.182,139.338,10.0
2000-07-25T18:36:44.680Z,5.2,34.088,139.31,10.0
2000-07-26T10:09:50.290Z,5.2,34.116,139.187,10.0
2000-07-27T01:49:53.330Z,5.6,34.208,139.37,10.0
2000-07-27T02:12:50.080Z,5.5,34.204,139.248,10.0
2000-07-28T13:05:58.740Z,5.2,34.183,139.446,10.0
2000-07-28T13:32:43.230Z,5.4,34.104,139.25,10.0
2000-07-30T00:18:00.190Z,5.7,33.933,139.35,10.0
2000-07-30T12:25:45.570Z,6.5,33.901,139.376,10.0
2000-07-30T12:48:55.480Z,5.5,33.954,139.27,10.0
2000-07-30T13:16:08.540Z,5.0,34.119,139.247,10.0
2000-07-31T04:37:06.650Z,5.4,39.576,143.582,33.0
2000-08-02T10:23:46.280Z,5.3,34.188,139.167,10.0
2000-08-02T21:42:27.790Z,5.3,34.15,139.221,10.0
2000-08-03T05:30:12.260Z,5.6,31.078,131.308,35.0
2000-08-03T07:55:20.370Z,5.3,34.151,139.223,10.0
2000-08-03T11:27:04.140Z,5.1,34.1,139.152,10.0
2000-08-03T12:13:10.760Z,5.4,34.171,139.155,10.0
2000-08-03T13:18:09.000Z,5.3,34.172,139.14,10.0
2000-08-03T19:23:38.860Z,5.1,34.123,139.095,10.0
2000-08-06T07:27:12.900Z,7.4,28.856,139.556,394.8
2000-08-07T05:23:40.090Z,5.7,29.025,131.207,33.0
2000-08-15T15:02:58.970Z,5.2,34.175,139.124,10.0
2000-08-15T15:55:26.530Z,5.3,34.106,139.193,10.0
2000-08-15T17:22:28.240Z,5.3,34.199,139.167,10.0
2000-08-15T17:37:12.090Z,5.2,34.113,139.195,10.0
2000-08-15T18:19:00.640Z,5.3,34.157,139.209,10.0
2000-08-15T20:20:43.840Z,5.8,43.046,146.759,33.0
2000-08-16T02:00:43.070Z,5.1,34.117,139.228,10.0
2000-08-18T01:52:20.870Z,5.7,34.127,139.18,10.0
2000-08-18T02:08:40.810Z,5.0,34.232,139.129,10.0
2000-08-19T12:41:28.030Z,5.5,36.244,141.42,33.0
2000-08-19T17:26:27.940Z,5.7,43.816,147.167,62.4
2000-08-23T14:57:11.630Z,5.4,34.068,139.445,10.0
2000-08-24T02:25:02.630Z,5.0,31.148,139.806,10.0
2000-08-26T15:30:49.560Z,5.0,42.234,142.494,33.0
2000-08-27T00:45:05.950Z,5.0,33.899,139.408,10.0
2000-08-28T08:19:56.360Z,5.0,37.814,142.104,33.0
2000-08-29T02:00:35.370Z,5.2,34.296,139.113,10.0
2000-09-03T11:01:31.080Z,5.5,43.024,146.773,52.7
2000-09-10T22:49:45.310Z,5.3,34.43,139.181,10.0
2000-09-13T17:23:37.960Z,5.2,40.289,143.202,33.0
2000-09-16T23:04:12.980Z,5.3,24.031,122.468,33.0
2000-10-02T05:21:40.460Z,5.0,29.422,129.523,33.0
2000-10-02T07:29:42.740Z,5.8,29.443,129.388,33.0
2000-10-02T07:44:10.540Z,5.7,29.52,129.396,33.0
2000-10-02T08:04:07.460Z,5.0,29.369,129.595,33.0
2000-10-03T04:13:30.490Z,6.3,40.282,143.124,33.0
2000-10-06T04:30:19.150Z,6.7,35.456,133.134,10.0
2000-10-06T20:55:19.190Z,5.2,25.21,128.714,33.0
2000-10-08T04:17:55.120Z,5.4,35.145,133.039,10.0
2000-10-08T11:51:17.820Z,5.2,35.363,133.311,10.0
2000-10-18T03:04:07.550Z,5.0,30.878,131.51,33.0
2000-10-21T08:42:56.310Z,5.1,29.564,127.991,33.0
2000-10-23T01:25:28.570Z,5.2,43.288,146.989,38.0
2000-10-25T03:09:04.140Z,5.0,25.606,128.352,40.8
2000-10-26T12:23:54.430Z,5.0,44.767,149.265,49.0
2000-10-27T04:21:51.600Z,6.1,26.266,140.46,388.0
2000-10-30T16:42:51.710Z,5.5,34.3,136.214,34.9
2000-10-30T19:20:36.130Z,5.0,34.343,139.187,10.0
2000-11-05T01:53:26.900Z,5.2,36.275,142.256,33.0
2000-11-09T09:44:52.480Z,5.3,44.047,138.925,15.0
2000-11-13T15:57:21.610Z,6.0,42.489,144.765,33.0
2000-11-14T03:52:59.150Z,5.6,42.521,144.785,33.0
2000-11-16T09:31:43.170Z,5.3,37.556,141.402,49.1
2000-12-04T16:47:37.550Z,5.7,35.748,140.948,59.8
2000-12-07T18:47:55.200Z,5.2,29.382,131.419,33.0
2000-12-12T20:32:56.690Z,5.4,24.15,122.485,48.0
2000-12-13T14:27:29.240Z,5.1,28.768,130.068,37.2
2000-12-19T10:51:05.760Z,5.0,29.375,131.471,33.0
2000-12-22T10:13:01.110Z,6.2,44.79,147.196,140.4
2000-12-30T19:42:52.710Z,5.1,24.317,122.974,55.6
2001-01-03T14:47:49.540Z,5.9,43.932,147.813,33.0
2001-01-04T04:18:21.430Z,5.3,36.981,138.629,21.4
2001-01-11T23:00:07.170Z,5.3,35.477,134.403,33.0
2001-01-23T16:11:35.290Z,5.4,29.94,142.022,55.3
2001-01-23T16:24:03.200Z,5.6,29.992,142.036,54.6
2001-02-08T05:41:39.990Z,5.8,24.269,125.112,15.7
2001-02-08T10:01:29.190Z,5.1,24.263,125.191,33.0
2001-02-14T18:10:01.220Z,5.2,29.178,139.465,384.2
2001-02-16T23:13:09.090Z,5.2,24.582,122.449,109.4
2001-02-24T21:53:54.190Z,5.9,37.217,142.146,33.0
2001-02-26T06:08:32.660Z,5.3,37.201,142.131,33.0
2001-02-26T23:29:12.530Z,5.0,24.266,125.208,33.0
2001-03-05T11:08:34.960Z,5.5,28.564,129.002,79.8
2001-03-23T11:30:10.520Z,6.0,44.071,148.054,33.0
2001-03-24T06:27:53.580Z,6.8,34.083,132.526,50.0
2001-03-24T21:24:32.810Z,5.2,38.383,143.255,33.0
2001-03-25T20:40:51.440Z,5.2,34.017,132.542,42.9
2001-03-30T21:09:43.570Z,5.0,36.771,139.309,10.0
2001-04-02T19:54:18.400Z,5.5,40.589,141.772,63.8
2001-04-03T14:57:10.810Z,5.4,34.898,138.021,33.0
2001-04-12T07:01:50.010Z,5.4,37.493,141.487,45.2
2001-04-13T23:16:17.670Z,5.6,42.729,145.305,33.0
2001-04-14T23:27:26.660Z,6.0,30.092,141.768,10.0
2001-04-17T04:53:37.220Z,5.1,45.666,149.816,91.8
2001-04-23T13:55:27.810Z,5.4,33.016,136.609,417.3
2001-04-25T14:40:06.040Z,5.7,32.824,132.023,33.0
2001-04-26T17:48:57.470Z,6.0,43.097,145.923,86.0
2001-04-30T02:02:02.420Z,5.5,43.881,147.392,47.9
2001-05-07T14:32:52.170Z,5.2,27.315,128.346,55.7
2001-05-12T03:32:55.910Z,5.1,30.489,130.907,33.0
2001-05-13T23:17:34.140Z,5.0,27.872,126.716,53.5
2001-05-21T05:25:22.490Z,5.0,40.969,143.092,33.0
2001-05-25T00:40:50.600Z,6.7,44.268,148.393,33.0
2001-05-25T01:53:47.280Z,5.1,44.155,148.574,33.0
2001-05-25T02:49:13.880Z,5.0,44.323,148.533,33.0
2001-05-25T06:55:03.440Z,5.0,35.637,140.576,45.4
2001-05-25T08:24:08.820Z,5.1,44.117,148.428,33.0
2001-05-29T02:10:11.080Z,5.2,44.318,148.476,33.0
2001-06-12T22:41:27.880Z,5.3,44.185,148.578,33.0
2001-06-13T13:17:55.150Z,5.6,24.463,122.397,77.5
2001-06-14T02:35:25.810Z,5.9,24.513,122.033,32.1
2001-06-24T13:18:51.710Z,6.0,44.189,148.51,33.0
2001-06-26T09:46:16.620Z,5.3,43.652,147.123,58.8
2001-07-01T00:58:02.120Z,5.1,28.094,130.132,33.0
2001-07-02T05:56:27.850Z,5.2,28.145,129.963,33.0
2001-07-04T09:25:09.110Z,5.0,32.104,139.5,33.0
2001-07-04T09:48:31.860Z,5.6,32.153,139.6,33.0
2001-07-04T10:23:31.900Z,5.5,32.192,139.497,33.0
2001-07-04T17:47:45.000Z,5.9,32.156,139.545,33.0
2001-07-05T01:41:18.090Z,5.7,32.163,139.581,33.0
2001-07-05T02:05:49.320Z,5.3,32.249,139.581,33.0
2001-07-05T02:15:42.080Z,5.3,32.161,139.615,33.0
2001-07-05T02:33:25.980Z,5.0,32.301,139.712,33.0
2001-07-05T03:47:31.930Z,5.6,32.214,139.538,33.0
2001-07-05T05:08:30.540Z,5.2,32.39,139.508,33.0
2001-07-05T05:41:22.420Z,5.1,32.422,139.576,33.0
2001-07-05T13:12:06.580Z,5.1,43.029,145.18,91.8
2001-07-06T11:33:51.090Z,5.5,44.512,149.325,50.9
2001-07-10T11:26:32.940Z,5.4,28.001,130.123,33.0
2001-07-10T11:28:54.330Z,5.0,27.82,130.34,33.0
2001-07-31T04:59:19.500Z,5.1,36.035,141.489,33.0
2001-08-13T20:11:23.400Z,6.4,41.046,142.308,38.0
2001-08-17T22:25:49.010Z,5.9,25.748,126.19,33.0
2001-08-20T04:12:37.470Z,5.4,25.653,126.208,33.0
2001-08-20T12:56:15.550Z,5.0,43.841,148.136,33.0
2001-08-24T09:48:02.460Z,5.2,41.122,142.191,58.8
2001-08-29T20:52:27.300Z,5.0,31.543,131.693,41.7
2001-08-30T06:12:26.550Z,5.0,26.044,128.434,33.0
2001-09-02T15:03:46.670Z,5.2,36.353,141.021,43.2
2001-09-04T14:54:40.310Z,5.3,36.748,141.383,46.3
2001-09-10T20:53:32.740Z,5.4,44.65,138.456,273.6
2001-09-12T22:23:44.090Z,5.7,27.692,141.907,33.0
2001-09-16T04:48:13.740Z,5.2,42.972,146.96,33.0
2001-09-29T09:32:27.830Z,5.1,28.28,127.523,33.0
2001-10-01T00:34:54.500Z,5.1,43.662,147.581,56.9
2001-10-02T01:01:34.010Z,5.9,34.548,141.417,33.0
2001-10-02T08:19:49.460Z,5.6,37.739,141.775,42.9
2001-10-04T16:57:29.450Z,5.2,34.92,141.598,42.9
2001-10-11T14:45:31.730Z,5.1,27.542,141.574,53.7
2001-10-26T01:18:47.720Z,5.0,25.639,126.35,33.0
2001-10-26T08:44:28.310Z,5.0,30.554,141.755,33.0
2001-10-30T21:04:24.750Z,5.5,28.579,128.28,135.9
2001-11-03T23:34:32.060Z,5.3,43.823,139.623,220.9
2001-11-10T00:37:14.680Z,5.1,24.821,122.72,33.0
2001-11-11T18:12:46.570Z,5.3,33.279,137.39,362.2
2001-11-18T03:49:37.630Z,5.3,44.538,148.122,33.0
2001-11-21T20:24:55.130Z,5.1,41.556,144.102,33.0
2001-11-24T02:56:48.810Z,5.1,25.077,125.256,73.8
2001-11-24T16:29:01.390Z,5.1,33.063,141.034,55.1
2001-11-26T12:10:10.650Z,5.2,39.191,143.04,33.0
2001-12-01T16:28:07.910Z,5.0,43.665,147.471,55.3
2001-12-02T13:01:53.670Z,6.5,39.402,141.089,123.8
2001-12-08T20:29:34.230Z,6.2,28.251,129.574,33.0
2001-12-11T17:56:30.220Z,5.0,31.509,137.463,33.0
2001-12-18T04:46:58.440Z,5.0,24.027,122.839,10.0
2001-12-22T21:40:25.970Z,5.2,24.072,122.692,10.0
2001-12-23T10:21:28.250Z,5.9,27.871,141.75,35.4
2001-12-28T00:41:38.600Z,5.1,24.123,122.772,10.0
2001-12-30T12:01:09.130Z,5.0,24.005,126.948,38.1
2002-01-03T07:58:28.590Z,5.4,44.379,149.516,33.0
2002-01-12T00:18:24.840Z,5.3,25.64,125.336,33.0
2002-01-19T09:06:16.620Z,5.7,43.915,147.272,55.3
2002-01-27T07:09:14.630Z,5.3,39.288,142.327,49.1
2002-02-01T21:55:20.990Z,5.9,45.464,136.719,355.5
2002-02-11T01:09:54.210Z,5.4,35.643,141.015,46.9
2002-02-12T13:44:37.340Z,5.6,36.588,140.949,45.0
2002-02-12T20:54:33.480Z,5.0,27.364,129.498,33.0
2002-02-14T01:12:21.140Z,5.5,41.472,142.029,61.0
2002-03-04T20:21:22.850Z,5.5,28.446,143.275,45.1
2002-03-04T20:37:16.410Z,5.1,28.4,143.214,47.4
2002-03-11T01:46:20.670Z,5.8,30.599,141.566,33.0
2002-03-20T04:00:18.600Z,5.9,30.512,141.962,10.0
2002-03-27T12:15:23.360Z,5.0,44.659,147.685,119.3
2002-03-31T06:52:50.490Z,7.1,24.279,122.179,32.8
2002-04-03T23:42:12.810Z,5.7,41.543,141.851,71.4
2002-04-11T12:04:13.480Z,5.3,39.987,142.813,35.9
2002-04-17T00:14:57.840Z,5.1,31.688,140.451,64.7
2002-04-20T21:30:32.370Z,5.0,41.63,142.093,70.1
2002-04-28T13:23:50.490Z,5.2,24.198,122.675,44.5
2002-05-06T08:12:03.830Z,5.1,38.494,142.077,42.1
2002-05-09T16:37:34.840Z,5.2,26.44,128.851,33.0
2002-05-12T01:29:35.440Z,5.4,39.225,140.995,95.5
2002-05-21T20:04:16.160Z,5.5,44.43,146.619,149.8
2002-05-28T16:45:17.100Z,6.1,24.069,122.264,33.0
2002-05-30T05:07:44.920Z,5.1,41.561,142.007,67.3
2002-06-03T09:15:00.700Z,5.9,27.564,139.78,488.7
2002-06-04T17:20:57.090Z,5.1,24.85,125.353,48.9
2002-06-13T20:40:26.240Z,5.2,24.798,122.23,10.0
2002-06-19T09:16:27.900Z,5.3,36.125,141.71,33.0
2002-06-28T17:19:30.270Z,7.3,43.752,130.666,566.0
2002-07-11T07:36:26.060Z,5.8,24.075,122.288,43.8
2002-07-14T19:10:40.550Z,5.3,29.677,142.286,33.0
2002-07-15T08:24:18.660Z,5.2,28.061,129.565,53.8
2002-07-16T03:39:49.420Z,5.0,30.924,141.302,33.0
2002-07-16T11:57:26.730Z,5.5,30.847,132.394,33.0
2002-07-18T10:13:21.240Z,5.3,27.392,126.997,33.0
2002-07-23T08:00:36.540Z,5.0,45.318,149.976,54.6
2002-07-23T20:05:31.880Z,5.7,37.251,142.216,33.0
2002-07-25T12:31:01.440Z,5.7,43.661,147.548,33.0
2002-07-28T11:31:27.960Z,5.2,42.284,142.997,61.4
2002-08-02T23:11:39.130Z,6.3,29.28,138.97,426.1
2002-08-03T02:23:56.280Z,5.1,43.576,147.667,62.7
2002-08-11T21:55:30.440Z,5.1,41.106,142.591,54.0
2002-08-20T10:59:32.020Z,6.3,30.986,141.966,9.0
2002-08-24T18:40:53.440Z,6.1,43.11,146.118,42.6
2002-08-30T05:58:21.050Z,5.4,44.479,149.081,31.3
2002-09-01T05:56:24.310Z,5.5,24.056,122.272,39.5
2002-09-01T07:07:36.420Z,5.3,24.076,122.325,33.0
2002-09-10T08:38:13.200Z,5.0,24.857,122.08,111.0
2002-09-15T01:06:55.800Z,5.1,24.098,122.463,36.0
2002-09-15T08:39:32.700Z,6.4,44.833,129.923,586.3
2002-09-16T00:03:29.880Z,5.5,25.154,122.27,182.6
2002-09-16T01:10:49.480Z,5.3,35.256,133.651,10.0
2002-09-17T03:58:13.770Z,5.6,30.995,141.775,33.0
2002-09-28T14:16:26.110Z,5.2,43.051,146.061,33.0
2002-10-02T07:33:40.750Z,5.2,44.533,146.514,116.2
2002-10-04T17:33:04.920Z,5.1,25.643,124.877,43.6
2002-10-11T01:04:03.350Z,5.0,37.699,142.591,47.7
2002-10-12T10:59:33.710Z,5.5,37.753,142.621,30.7
2002-10-14T14:12:43.750Z,6.1,41.174,142.249,61.4
2002-10-19T12:09:05.380Z,6.3,44.297,149.96,33.0
2002-10-20T16:06:00.500Z,5.5,36.353,141.071,41.5
2002-10-23T23:17:58.720Z,5.0,25.168,123.814,10.0
2002-10-23T23:51:09.060Z,5.1,25.233,123.925,10.0
2002-10-24T02:27:52.020Z,5.2,25.221,123.795,10.0
2002-10-24T02:32:31.260Z,5.2,25.203,123.852,10.0
2002-10-24T03:22:23.530Z,5.1,25.227,123.837,10.0
2002-10-24T04:19:07.150Z,5.2,25.129,123.827,10.0
2002-10-24T04:35:13.060Z,5.4,25.222,123.746,10.0
2002-10-24T05:18:46.780Z,5.1,25.192,123.672,10.0
2002-10-24T06:07:04.910Z,5.4,25.186,123.765,10.0
2002-10-24T09:28:00.200Z,5.3,25.181,123.713,10.0
2002-10-24T13:48:11.570Z,5.2,25.248,123.702,10.0
2002-10-25T02:49:24.450Z,5.3,25.208,123.733,10.0
2002-10-25T14:40:51.690Z,5.4,30.564,129.996,125.4
2002-11-03T03:37:42.070Z,6.4,38.886,141.977,39.0
2002-11-03T19:14:43.830Z,5.1,38.871,142.0,50.1
2002-11-04T04:35:57.760Z,5.4,32.393,131.55,33.0
2002-11-24T05:07:54.990Z,5.1,29.261,130.485,33.8
2002-11-30T07:15:54.460Z,5.4,42.492,144.963,33.0
2002-12-01T09:56:59.700Z,5.4,42.649,143.942,94.2
2002-12-04T15:50:42.190Z,5.4,38.729,142.186,40.2
2002-12-04T15:53:02.630Z,5.0,38.921,142.064,43.6
2002-12-06T23:50:04.040Z,5.0,28.495,130.055,33.0
2002-12-10T21:02:19.900Z,5.5,34.301,141.595,10.0
2002-12-11T20:18:14.080Z,5.2,31.629,140.441,66.8
2002-12-19T12:19:18.910Z,5.0,40.94,143.07,34.3
2002-12-31T22:29:45.150Z,5.2,44.94,146.212,212.0
2003-01-06T04:42:52.340Z,5.0,41.085,142.281,57.2
2003-01-09T04:14:19.570Z,5.2,36.378,141.15,33.0
2003-01-16T03:42:25.670Z,5.4,27.315,128.758,41.1
2003-01-18T19:50:28.420Z,5.5,33.941,137.183,33.0
2003-01-21T04:19:23.300Z,5.3,36.327,140.938,40.7
2003-02-06T18:48:40.060Z,5.3,43.294,148.094,49.7
2003-02-16T03:03:48.160Z,5.2,37.417,141.019,65.1
2003-02-19T05:01:40.270Z,5.9,44.149,141.799,214.4
2003-03-02T22:46:46.840Z,5.8,37.68,141.719,42.6
2003-03-12T18:04:42.820Z,5.4,27.283,127.094,147.8
2003-03-13T03:12:57.850Z,5.2,35.982,139.678,69.5
2003-03-16T05:35:24.970Z,5.1,42.453,142.897,98.5
2003-03-18T16:43:52.970Z,5.2,41.512,135.397,368.7
2003-03-21T18:43:27.160Z,5.5,28.094,142.506,30.6
2003-03-24T01:47:12.400Z,5.4,29.993,138.737,422.0
2003-04-07T18:28:37.380Z,5.8,36.296,141.679,33.0
2003-04-16T17:59:53.890Z,5.4,40.983,142.208,57.0
2003-04-29T13:53:17.300Z,6.0,43.706,147.805,62.5
2003-05-02T09:26:22.410Z,5.2,44.453,149.149,37.0
2003-05-11T15:57:06.530Z,5.3,35.794,139.904,66.8
2003-05-15T01:17:43.550Z,5.1,25.065,122.39,33.0
2003-05-17T14:33:09.670Z,5.4,35.591,140.551,50.0
2003-05-26T09:24:33.400Z,7.0,38.849,141.568,68.0
2003-06-01T17:50:21.990Z,5.6,28.197,142.773,10.0
2003-06-05T06:06:39.710Z,5.0,28.225,130.166,33.0
2003-06-08T20:14:52.900Z,5.0,44.259,147.019,85.7
2003-06-09T01:52:51.010Z,5.8,24.413,122.02,48.1
2003-06-19T10:44:24.350Z,5.3,26.522,128.558,31.5
2003-06-20T00:29:55.930Z,5.1,40.906,143.12,33.0
2003-06-24T08:33:26.320Z,5.2,43.024,149.565,33.0
2003-07-02T23:52:26.280Z,5.9,42.323,144.842,23.9
2003-07-05T23:30:25.440Z,5.1,32.63,135.977,33.0
2003-07-08T04:30:49.600Z,5.4,42.416,144.986,33.0
2003-07-09T17:15:14.640Z,5.5,29.736,129.968,67.4
2003-07-25T11:53:11.850Z,5.1,31.278,138.355,372.4
2003-07-25T15:13:07.720Z,5.5,38.432,141.003,10.0
2003-07-25T22:13:29.970Z,6.1,38.415,140.996,6.0
2003-07-26T01:22:22.900Z,5.1,38.509,141.055,10.0
2003-07-26T07:56:43.470Z,5.3,38.484,141.002,10.0
2003-07-27T19:08:03.630Z,5.1,38.543,141.025,10.0
2003-07-30T18:36:32.840Z,5.2,24.118,122.613,49.9
2003-08-01T13:46:47.880Z,5.1,32.774,141.116,77.5
2003-08-06T12:15:22.690Z,5.0,43.383,147.285,51.1
2003-08-18T09:59:40.120Z,5.0,35.63,139.968,79.9
2003-08-19T04:26:55.480Z,5.1,29.124,129.339,33.0
2003-08-30T10:06:39.970Z,5.5,41.864,142.552,51.9
2003-08-31T23:08:00.260Z,6.2,43.393,132.267,481.1
2003-09-04T07:20:48.120Z,5.0,31.426,140.862,61.8
2003-09-07T10:42:22.170Z,5.2,25.518,124.727,123.8
2003-09-16T21:49:30.420Z,5.0,44.023,148.179,33.0
2003-09-20T03:54:50.780Z,5.7,34.998,140.172,51.5
2003-09-24T20:56:54.670Z,5.4,35.316,135.194,372.2
2003-09-25T19:50:06.360Z,8.16,41.815,143.91,27.0
2003-09-25T20:02:00.440Z,5.5,42.343,143.764,33.0
2003-09-25T20:05:26.330Z,5.3,41.787,144.268,33.0
2003-09-25T20:10:02.810Z,5.6,41.836,143.687,33.0
2003-09-25T20:57:13.390Z,5.7,41.73,143.637,33.0
2003-09-25T21:02:52.630Z,5.5,41.807,144.231,33.0
2003-09-25T21:08:00.030Z,7.4,41.774,143.593,33.0
2003-09-25T22:20:20.540Z,5.4,42.008,143.766,33.0
2003-09-25T22:24:36.600Z,5.0,42.326,143.612,33.0
2003-09-26T02:35:13.020Z,5.6,41.996,144.448,33.0
2003-09-26T03:29:05.440Z,5.2,41.649,143.748,33.0
2003-09-26T03:51:35.650Z,5.3,42.083,144.738,33.0
2003-09-26T06:26:57.150Z,5.9,42.156,144.67,33.0
2003-09-26T20:38:22.100Z,6.0,41.988,144.576,33.0
2003-09-27T08:06:20.190Z,5.3,42.74,144.254,52.2
2003-09-27T16:07:38.950Z,5.0,42.235,144.367,33.0
2003-09-27T22:12:01.240Z,5.7,28.827,128.393,10.0
2003-09-27T22:23:19.850Z,5.3,42.242,142.847,33.0
2003-09-27T23:04:39.430Z,5.0,42.127,144.564,33.0
2003-09-28T00:23:06.890Z,5.2,42.247,143.269,33.0
2003-09-28T04:17:54.050Z,5.6,42.62,144.716,33.0
2003-09-28T16:50:57.790Z,5.4,41.885,145.165,30.4
2003-09-28T21:29:43.210Z,5.1,42.1,144.712,33.8
2003-09-29T02:36:53.140Z,6.5,42.45,144.38,25.0
2003-09-29T07:49:56.890Z,5.4,42.391,143.937,33.0
2003-09-29T14:22:14.540Z,5.5,42.045,144.367,33.0
2003-09-29T21:22:11.700Z,5.6,41.4,144.151,33.0
2003-09-29T22:09:18.340Z,5.3,41.388,144.185,33.0
2003-09-29T23:24:25.390Z,5.0,41.948,144.66,33.0
2003-09-30T03:22:56.990Z,5.1,37.823,137.901,33.0
2003-10-01T01:30:24.370Z,5.1,41.95,144.727,33.0
2003-10-01T16:23:29.280Z,5.4,42.009,144.4,33.0
2003-10-01T23:04:53.030Z,5.3,41.373,143.464,33.0
2003-10-03T04:45:18.910Z,5.2,41.874,143.447,33.0
2003-10-04T03:10:32.090Z,5.1,42.197,144.939,33.0
2003-10-06T19:26:15.710Z,5.5,42.227,144.638,33.0
2003-10-07T06:11:07.340Z,5.0,29.153,130.588,33.0
2003-10-07T08:00:31.330Z,5.1,42.273,144.989,33.0
2003-10-07T17:40:52.020Z,5.2,42.462,144.658,33.0
2003-10-08T09:06:55.340Z,6.7,42.648,144.57,32.0
2003-10-08T13:32:09.520Z,5.9,42.227,144.72,33.0
2003-10-08T23:15:17.490Z,5.8,42.21,144.689,33.0
2003-10-09T06:52:57.440Z,5.6,41.471,143.508,33.0
2003-10-10T12:58:20.170Z,5.1,42.067,144.747,33.0
2003-10-11T00:08:49.140Z,5.8,41.924,144.358,33.0
2003-10-11T00:36:00.640Z,5.3,41.85,144.396,33.0
2003-10-11T01:11:31.180Z,5.7,43.973,148.206,51.2
2003-10-11T18:26:18.600Z,5.6,41.746,143.683,33.0
2003-10-14T12:39:22.030Z,5.3,41.616,144.165,33.0
2003-10-15T07:30:35.940Z,5.2,35.457,139.871,77.7
2003-10-17T22:50:09.740Z,5.1,41.6,144.081,33.0
2003-10-19T23:27:27.360Z,5.1,43.021,145.093,83.9
2003-10-28T21:48:21.010Z,5.9,43.844,147.75,65.4
2003-10-31T01:06:28.280Z,7.0,37.812,142.619,10.0
2003-10-31T14:15:09.650Z,5.2,38.602,139.829,153.2
2003-10-31T19:32:45.260Z,5.0,41.406,142.558,33.0
2003-11-01T00:26:56.840Z,5.0,37.793,143.164,10.0
2003-11-01T13:10:07.660Z,5.9,37.742,143.083,10.0
2003-11-01T23:44:13.530Z,5.1,42.166,144.293,33.0
2003-11-02T02:58:14.130Z,5.3,37.734,143.066,10.0
2003-11-03T07:11:33.950Z,5.4,37.435,142.313,10.0
2003-11-03T20:34:06.380Z,5.2,25.14,127.967,33.0
2003-11-08T01:57:37.230Z,5.0,38.153,143.235,10.0
2003-11-09T08:25:50.940Z,5.0,29.469,130.601,33.0
2003-11-10T08:11:20.400Z,5.0,37.917,143.517,10.0
2003-11-12T08:26:43.740Z,6.4,33.171,137.072,384.9
2003-11-13T22:39:20.580Z,5.0,41.857,142.117,74.4
2003-11-14T18:43:51.140Z,5.7,36.396,141.072,41.1
2003-11-16T07:44:48.250Z,5.1,37.932,142.879,10.0
2003-11-20T03:17:04.020Z,5.0,41.599,144.088,33.0
2003-11-22T22:00:20.780Z,5.2,35.434,140.912,38.7
2003-11-23T08:56:53.680Z,5.1,37.698,143.24,10.0
2003-11-24T12:18:12.780Z,5.3,42.346,143.007,33.0
2003-12-03T14:11:14.020Z,5.9,42.36,144.732,33.0
2003-12-05T02:02:30.200Z,5.3,27.318,130.177,33.0
2003-12-08T07:20:14.660Z,5.1,41.16,141.957,66.4
2003-12-08T14:12:23.740Z,5.0,27.304,130.122,33.0
2003-12-12T01:46:13.100Z,5.2,42.496,142.948,33.0
2003-12-18T21:26:36.680Z,5.0,43.008,146.387,33.0
2003-12-22T08:47:07.350Z,5.6,42.279,144.598,37.5
2003-12-23T23:01:15.020Z,5.4,26.292,125.819,33.0
2003-12-23T23:15:27.910Z,5.7,26.317,125.775,36.3
2003-12-23T23:54:47.670Z,5.3,26.324,125.884,33.0
2003-12-26T21:35:39.550Z,5.1,42.34,144.283,33.0
2003-12-28T04:45:48.370Z,5.2,30.015,131.002,31.9
2003-12-29T01:30:54.700Z,6.1,42.423,144.613,33.0
2003-12-30T07:35:57.420Z,5.4,43.045,146.898,48.0
2004-01-02T04:41:52.000Z,5.0,42.356,144.66,39.2
2004-01-06T05:50:52.450Z,5.3,34.154,136.671,33.2
2004-01-12T20:12:14.060Z,5.0,42.224,143.286,44.8
2004-01-15T00:10:30.210Z,5.1,44.058,145.91,101.3
2004-01-18T18:16:23.580Z,5.0,42.828,144.945,42.4
2004-01-23T09:01:31.290Z,5.3,37.264,140.993,64.3
2004-01-27T04:20:01.070Z,5.2,32.571,140.332,79.0
2004-01-27T17:02:45.780Z,5.2,44.549,148.976,15.6
2004-01-31T14:49:06.470Z,5.5,30.052,142.434,10.0
2004-02-04T06:08:26.120Z,5.2,40.155,141.687,62.2
2004-02-08T10:30:19.840Z,5.0,43.014,145.826,58.9
2004-02-10T22:08:36.470Z,5.1,43.228,147.526,45.7
2004-02-17T07:46:27.260Z,5.5,43.144,145.816,40.3
2004-02-26T04:33:09.680Z,5.3,24.12,123.093,58.1
2004-03-02T19:38:00.110Z,5.2,42.931,146.288,37.1
2004-03-11T02:35:00.000Z,5.4,36.297,140.886,48.9
2004-03-17T04:55:25.890Z,5.0,43.871,146.423,71.7
2004-03-18T07:04:35.440Z,5.1,42.298,144.531,38.3
2004-03-18T19:25:41.760Z,5.0,42.139,143.882,48.8
2004-03-26T15:20:06.620Z,5.8,41.863,144.209,22.4
2004-03-26T16:26:38.080Z,5.0,41.81,144.303,12.8
2004-04-03T23:02:00.870Z,6.0,36.428,141.008,31.0
2004-04-07T13:47:02.650Z,5.1,34.248,140.314,50.4
2004-04-11T18:06:12.480Z,6.1,42.918,144.836,41.8
2004-04-21T03:20:54.190Z,5.2,31.614,131.482,32.6
2004-05-04T03:28:58.370Z,5.1,45.845,149.282,151.7
2004-05-06T13:40:18.170Z,5.4,42.491,145.021,28.4
2004-05-06T13:43:12.890Z,5.5,42.525,145.021,28.6
2004-05-16T07:21:03.600Z,5.1,34.158,141.42,45.6
2004-05-19T21:04:14.750Z,5.0,27.338,128.321,60.1
2004-05-20T14:43:14.040Z,5.6,43.125,136.413,313.1
2004-05-29T03:47:10.770Z,5.8,37.752,141.881,29.3
2004-05-29T10:14:28.440Z,5.3,36.634,129.928,29.2
2004-05-29T20:56:09.600Z,6.5,34.251,141.406,16.0
2004-05-31T02:19:31.910Z,5.0,25.443,126.51,45.6
2004-06-01T03:08:48.200Z,5.3,34.494,141.391,17.6
2004-06-09T08:27:09.710Z,5.1,34.285,141.519,40.9
2004-06-10T18:12:09.290Z,5.8,42.395,142.958,49.9
2004-06-16T01:42:44.920Z,5.0,34.179,141.613,10.0
2004-06-20T05:39:02.970Z,5.1,33.416,140.629,64.1
2004-07-02T18:59:33.010Z,5.1,40.961,143.063,45.3
2004-07-04T12:31:15.080Z,5.0,42.13,142.368,70.8
2004-07-06T07:32:02.120Z,5.2,24.864,122.243,10.0
2004-07-17T06:10:18.070Z,5.6,34.746,140.218,46.1
2004-07-19T20:58:39.990Z,5.1,42.554,142.947,108.4
2004-07-21T00:11:29.780Z,5.4,40.972,143.083,30.4
2004-07-21T00:38:22.460Z,5.4,40.979,142.988,32.2
2004-07-22T09:45:14.900Z,6.1,26.489,128.894,20.9
2004-07-24T18:54:58.270Z,5.5,26.488,128.754,30.8
2004-08-10T06:13:33.240Z,5.7,39.633,141.956,69.7
2004-08-17T03:01:50.550Z,5.1,41.482,143.4,36.0
2004-08-20T20:33:04.150Z,5.3,35.05,141.115,27.0
2004-08-20T21:19:58.660Z,5.1,35.055,141.117,35.2
2004-09-01T02:49:28.610Z,5.7,36.959,141.607,34.9
2004-09-01T11:07:24.080Z,5.2,28.778,130.098,51.4
2004-09-05T10:07:07.820Z,7.2,33.07,136.618,14.0
2004-09-05T10:17:33.270Z,5.1,32.941,136.833,10.0
2004-09-05T13:25:45.090Z,5.1,33.286,136.403,10.0
2004-09-05T14:57:18.610Z,7.4,33.184,137.071,10.0
2004-09-05T14:57:32.270Z,6.51,33.202,137.101,15.0
2004-09-05T20:30:59.810Z,5.7,33.247,136.804,10.0
2004-09-06T23:29:35.090Z,6.6,33.205,137.227,10.0
2004-09-07T06:10:02.680Z,5.1,33.166,137.16,10.0
2004-09-07T18:36:20.270Z,5.6,33.237,137.092,10.0
2004-09-08T14:40:10.420Z,5.4,32.947,137.253,23.9
2004-09-08T14:58:25.830Z,6.1,33.14,137.2,21.2
2004-09-10T02:05:57.830Z,5.6,33.059,136.497,10.0
2004-09-10T04:22:10.110Z,5.0,42.392,142.954,51.8
2004-09-23T01:55:23.890Z,5.3,25.075,127.147,20.8
2004-09-28T10:41:50.500Z,5.3,32.426,141.202,43.6
2004-09-28T10:43:43.210Z,5.2,32.41,141.312,47.0
2004-10-02T15:22:11.420Z,5.0,27.934,127.906,40.5
2004-10-02T18:14:01.460Z,5.1,28.07,128.081,58.9
2004-10-06T11:34:00.320Z,5.1,27.972,128.014,37.1
2004-10-06T14:40:39.920Z,5.8,35.95,139.919,64.0
2004-10-07T19:26:43.550Z,5.2,42.411,143.037,48.4
2004-10-11T05:09:36.420Z,5.3,31.168,135.404,502.2
2004-10-13T19:22:48.400Z,5.2,24.987,141.016,175.1
2004-10-15T04:08:50.240Z,6.7,24.53,122.694,94.0
2004-10-16T17:19:19.830Z,5.4,36.189,141.343,33.6
2004-10-16T18:54:43.560Z,5.8,36.237,141.305,47.0
2004-10-19T00:46:39.960Z,5.1,30.575,138.469,408.7
2004-10-23T08:56:00.860Z,6.6,37.226,138.779,16.0
2004-10-23T08:59:37.350Z,5.7,37.268,138.866,10.0
2004-10-23T09:03:12.530Z,6.1,37.318,138.816,10.5
2004-10-23T09:07:31.290Z,5.4,37.285,138.772,10.0
2004-10-23T09:11:57.420Z,5.8,37.239,138.608,18.0
2004-10-23T09:34:04.990Z,6.3,37.318,138.808,10.0
2004-10-23T09:57:26.420Z,5.6,37.193,138.745,10.0
2004-10-23T10:36:45.810Z,5.7,37.225,138.64,10.0
2004-10-23T10:45:57.000Z,5.7,37.305,138.655,10.0
2004-10-23T12:44:28.390Z,5.2,37.24,138.897,10.8
2004-10-23T14:34:45.960Z,5.2,37.286,138.732,14.5
2004-10-24T15:28:08.840Z,5.2,37.187,138.676,13.2
2004-10-24T21:04:57.060Z,5.7,37.308,138.701,11.0
2004-10-27T01:40:50.260Z,6.0,37.284,138.885,14.1
2004-10-28T04:54:29.080Z,5.0,29.577,140.543,124.6
2004-11-02T08:45:56.280Z,5.7,28.702,143.214,10.0
2004-11-02T13:04:24.360Z,5.2,38.837,142.77,23.1
2004-11-03T23:57:28.180Z,5.3,37.434,138.752,10.0
2004-11-04T14:03:11.670Z,5.9,43.62,146.812,61.8
2004-11-05T17:53:21.400Z,5.1,37.338,138.884,10.0
2004-11-08T02:15:58.840Z,5.5,37.396,138.862,10.0
2004-11-08T02:27:10.430Z,5.0,37.327,138.836,10.0
2004-11-08T10:03:07.470Z,5.0,26.884,140.797,52.5
2004-11-08T15:07:24.500Z,5.6,33.721,138.403,10.0
2004-11-08T15:55:01.150Z,6.3,24.104,122.542,29.0
2004-11-08T19:38:10.910Z,5.2,24.079,122.55,28.2
2004-11-09T18:43:08.400Z,5.1,37.368,138.825,10.3
2004-11-10T14:48:06.920Z,5.1,24.076,122.344,56.8
2004-11-11T02:16:45.290Z,5.7,24.41,122.226,49.9
2004-11-11T10:02:47.330Z,6.1,42.139,144.344,32.8
2004-11-14T17:37:42.630Z,5.2,41.693,144.054,16.6
2004-11-14T17:57:39.140Z,5.0,41.7,144.054,20.0
2004-11-14T18:44:14.220Z,5.5,41.715,144.049,25.0
2004-11-22T14:57:37.560Z,5.1,41.803,143.983,26.7
2004-11-25T23:11:30.920Z,5.0,32.585,142.282,47.7
2004-11-26T22:42:37.320Z,5.7,42.377,142.899,58.0
2004-11-28T18:32:14.130Z,7.0,43.006,145.119,39.0
2004-11-28T18:36:41.830Z,5.9,42.984,145.083,39.5
2004-11-29T08:00:22.170Z,5.0,43.006,145.292,41.5
2004-12-06T14:15:11.890Z,6.8,42.9,145.228,35.0
2004-12-12T05:28:45.970Z,5.0,31.756,128.865,10.0
2004-12-13T17:27:03.000Z,5.1,31.822,129.322,16.3
2004-12-14T05:56:10.040Z,5.8,44.119,141.793,10.0
2004-12-16T00:10:03.400Z,5.1,24.129,122.374,35.9
2004-12-19T05:22:49.910Z,5.2,36.382,141.4,37.0
2004-12-21T15:34:28.130Z,5.6,42.955,145.414,37.4
2004-12-29T13:20:29.280Z,5.7,28.919,130.444,38.0
2004-12-29T13:58:50.260Z,5.7,38.455,142.018,44.5
2004-12-29T18:31:08.240Z,5.4,28.967,130.59,45.6
2004-12-30T13:29:45.170Z,5.0,38.921,141.493,70.8
2004-12-31T20:13:49.460Z,5.1,36.857,140.835,89.6
2005-01-06T13:00:40.220Z,5.4,41.456,142.065,65.5
2005-01-12T18:41:48.950Z,5.1,34.089,141.561,20.1
2005-01-18T14:09:06.220Z,6.3,42.946,144.866,42.0
2005-01-19T06:11:36.400Z,6.6,34.064,141.491,27.8
2005-01-19T06:17:07.330Z,5.3,34.174,141.542,10.0
2005-01-19T13:51:53.340Z,5.0,33.826,141.531,16.2
2005-01-20T14:16:26.820Z,5.4,33.859,141.509,51.3
2005-01-21T12:45:31.520Z,5.7,34.021,141.553,10.0
2005-01-21T14:28:22.510Z,5.2,24.696,122.46,103.6
2005-01-21T17:58:56.410Z,5.8,34.003,141.367,10.0
2005-01-21T18:10:35.180Z,5.0,33.892,141.52,10.0
2005-01-27T03:56:42.850Z,5.2,27.219,140.44,174.6
2005-01-27T12:54:01.650Z,5.0,25.52,126.193,60.3
2005-01-31T09:39:47.570Z,5.4,41.834,143.643,21.9
2005-02-04T18:34:13.670Z,5.0,33.159,142.051,20.8
2005-02-09T18:46:09.970Z,6.3,26.088,143.997,24.0
2005-02-13T03:29:23.670Z,5.0,26.79,140.311,462.9
2005-02-15T19:46:35.880Z,5.5,35.982,139.686,46.2
2005-02-22T11:20:25.280Z,5.6,33.182,137.154,369.5
2005-02-26T12:37:40.690Z,5.7,40.731,142.376,68.0
2005-03-11T18:47:36.690Z,5.5,43.085,144.674,54.1
2005-03-16T13:23:32.570Z,5.4,43.466,146.894,39.3
2005-03-20T01:53:41.830Z,6.6,33.807,130.131,10.0
2005-04-03T17:57:11.730Z,5.1,37.387,141.645,37.6
2005-04-10T22:22:15.710Z,5.9,35.604,140.401,43.0
2005-04-13T09:50:21.620Z,5.0,31.202,142.357,24.8
2005-04-14T09:56:08.480Z,5.0,43.296,135.398,366.8
2005-04-19T01:46:56.950Z,5.9,29.642,138.891,425.8
2005-04-19T21:11:28.420Z,5.5,33.637,130.179,18.7
2005-05-03T11:04:53.150Z,5.0,41.481,138.93,208.4
2005-05-10T23:50:38.940Z,5.0,43.781,143.205,160.6
2005-05-19T01:14:28.900Z,5.3,35.432,140.827,47.5
2005-05-21T16:29:22.660Z,5.1,30.71,138.464,395.5
2005-05-27T08:07:18.650Z,5.1,38.575,140.364,109.6
2005-05-28T20:55:12.010Z,5.2,34.395,137.551,296.4
2005-05-30T11:18:10.950Z,5.1,31.915,140.795,61.8
2005-05-31T02:04:15.240Z,5.7,31.4,131.202,34.2
2005-06-01T16:20:04.890Z,5.4,24.716,122.064,60.7
2005-06-14T11:07:59.020Z,5.1,29.31,130.423,32.7
2005-06-15T07:14:45.310Z,5.2,25.836,141.235,123.0
2005-06-19T16:15:15.230Z,5.7,35.612,140.479,48.2
2005-06-20T07:16:16.770Z,5.3,26.081,128.448,28.2
2005-07-01T09:36:16.380Z,5.5,31.922,139.057,206.4
2005-07-02T00:31:51.090Z,5.3,39.505,143.128,41.7
2005-07-05T20:10:41.740Z,5.1,39.67,143.104,26.3
2005-07-09T23:37:11.140Z,5.8,33.422,140.825,55.2
2005-07-20T13:06:02.860Z,5.2,24.724,122.343,12.0
2005-07-23T07:34:56.770Z,5.9,35.498,139.982,61.0
2005-07-26T05:14:43.130Z,5.0,33.262,142.288,37.2
2005-07-26T06:20:26.880Z,5.0,33.312,142.336,38.5
2005-07-26T06:24:04.510Z,5.0,33.283,142.324,37.4
2005-07-26T19:33:44.670Z,5.0,33.342,142.222,40.7
2005-07-27T02:39:22.570Z,5.3,33.256,142.316,33.5
2005-07-27T11:11:48.590Z,5.0,33.19,142.358,37.2
2005-07-27T15:51:38.410Z,5.1,33.254,142.428,33.9
2005-07-29T12:51:06.600Z,5.2,33.247,142.429,35.8
2005-07-29T20:25:00.100Z,5.4,33.316,142.363,11.0
2005-08-02T07:42:47.750Z,5.0,28.176,142.866,32.0
2005-08-07T15:06:45.450Z,5.5,36.326,141.367,39.2
2005-08-09T16:26:23.500Z,5.0,33.428,142.432,38.1
2005-08-16T02:46:28.400Z,7.2,38.276,142.039,36.0
2005-08-16T19:15:34.230Z,5.1,31.933,140.758,61.8
2005-08-24T10:14:47.550Z,5.9,38.48,143.154,10.0
2005-08-24T10:15:28.190Z,6.1,38.564,142.987,10.0
2005-08-25T22:29:03.230Z,5.1,37.736,143.072,38.2
2005-08-30T18:10:45.460Z,6.1,38.481,143.175,21.1
2005-08-30T18:13:59.960Z,5.2,38.495,143.2,23.0
2005-09-02T16:24:44.470Z,5.0,41.514,141.91,70.1
2005-09-05T17:51:50.210Z,5.2,25.799,124.814,132.9
2005-09-06T01:16:02.350Z,5.8,24.084,122.191,32.0
2005-09-20T04:22:42.860Z,5.1,26.97,125.621,192.0
2005-09-21T02:25:08.110Z,6.1,43.892,146.145,103.0
2005-09-24T14:48:48.320Z,5.2,34.297,140.82,66.5
2005-10-08T06:44:09.680Z,5.0,26.493,129.538,26.1
2005-10-12T04:30:15.490Z,5.0,37.912,141.923,46.5
2005-10-15T15:51:08.130Z,6.4,25.309,123.351,192.0
2005-10-16T07:05:41.610Z,5.0,36.014,139.773,40.3
2005-10-17T16:13:46.290Z,5.3,40.638,139.059,35.0
2005-10-17T16:15:20.070Z,5.1,40.625,138.911,44.8
2005-10-17T18:48:26.920Z,5.0,37.905,141.998,41.5
2005-10-19T11:44:42.790Z,6.3,36.405,140.839,32.0
2005-10-22T13:12:47.820Z,5.5,37.148,140.931,53.2
2005-10-23T10:08:14.740Z,5.9,37.377,134.556,380.7
2005-10-24T09:34:55.940Z,5.0,38.5,141.983,59.7
2005-10-27T08:41:46.770Z,5.2,30.873,138.468,382.2
2005-11-07T10:35:51.900Z,5.0,40.126,142.763,38.6
2005-11-14T21:38:51.420Z,7.0,38.107,144.896,11.0
2005-11-15T20:20:45.790Z,5.7,33.336,141.351,15.9
2005-11-17T21:59:29.930Z,5.7,33.319,141.388,10.0
2005-11-21T15:36:30.980Z,6.1,31.019,129.997,145.0
2005-12-02T10:19:37.340Z,5.0,25.052,141.617,521.8
2005-12-02T13:13:09.520Z,6.5,38.089,142.122,29.0
2005-12-03T16:10:39.550Z,5.9,29.338,130.29,26.0
2005-12-03T16:24:53.590Z,5.3,29.222,130.499,29.6
2005-12-03T16:48:56.160Z,5.2,29.361,130.396,30.6
2005-12-04T10:23:19.740Z,5.0,29.375,130.372,27.3
2005-12-04T18:03:17.640Z,5.0,40.143,142.639,45.7
2005-12-04T22:20:27.460Z,5.2,37.884,142.443,35.2
2005-12-12T21:01:40.630Z,5.4,43.206,139.329,26.4
2005-12-16T18:32:16.420Z,6.0,38.506,141.9,42.9
2005-12-19T13:33:23.410Z,5.0,26.851,140.677,140.1
2005-12-20T05:34:41.710Z,5.0,34.529,136.629,354.4
2005-12-20T22:58:03.740Z,5.0,37.92,143.311,28.0
2005-12-26T13:48:01.750Z,5.7,26.822,140.646,7.4
2005-12-29T08:30:34.480Z,5.3,27.367,139.853,472.3
2006-01-01T07:11:57.010Z,5.6,31.394,140.131,10.0
2006-01-18T14:25:27.590Z,5.7,37.774,142.131,25.8
2006-01-24T00:36:49.270Z,5.3,25.83,142.633,33.2
2006-01-31T19:23:59.020Z,5.3,38.321,142.342,41.8
2006-01-31T20:02:12.920Z,5.0,30.005,139.911,69.7
2006-02-01T11:35:53.710Z,5.1,35.641,139.812,103.5
2006-02-03T04:37:36.360Z,5.7,36.156,141.449,28.0
2006-02-03T04:39:27.470Z,5.1,36.582,141.462,31.5
2006-02-03T06:10:06.050Z,5.3,36.175,141.517,36.8
2006-02-17T02:13:29.880Z,5.6,24.021,141.489,160.5
2006-02-21T04:44:08.740Z,5.2,36.054,142.319,31.9
2006-03-04T18:38:14.750Z,5.2,33.689,137.371,338.0
2006-03-08T06:35:48.710Z,5.0,44.138,148.378,37.2
2006-03-11T22:06:39.070Z,5.0,40.079,142.364,3.3
2006-03-13T04:06:09.350Z,5.1,36.057,141.766,59.0
2006-03-13T04:15:33.930Z,5.0,36.041,141.528,33.9
2006-03-27T02:50:26.370Z,5.5,32.602,132.157,34.8
2006-03-28T13:32:47.620Z,5.9,31.713,137.746,401.0
2006-03-29T02:20:31.130Z,5.0,30.055,142.619,18.3
2006-04-09T18:28:13.530Z,5.0,29.404,128.727,48.4
2006-04-10T11:25:59.630Z,5.1,43.691,144.755,120.0
2006-04-13T04:27:22.620Z,5.3,41.85,142.707,37.2
2006-04-16T11:48:56.990Z,5.7,30.242,138.565,431.6
2006-04-20T17:50:40.450Z,5.6,34.858,139.207,22.6
2006-04-28T04:19:44.790Z,5.3,28.33,127.611,10.0
2006-05-11T16:09:45.140Z,5.0,42.97,145.736,50.1
2006-05-22T15:16:20.530Z,5.3,30.011,131.011,39.0
2006-05-26T10:25:59.980Z,5.2,30.398,138.35,438.3
2006-06-11T20:01:26.350Z,6.3,33.134,131.145,140.0
2006-06-16T14:47:09.050Z,5.0,30.7,141.557,34.0
2006-06-16T17:10:40.300Z,5.5,40.349,143.712,30.0
2006-06-16T20:19:21.390Z,5.5,40.329,143.612,28.8
2006-06-22T10:53:11.570Z,6.0,45.417,149.343,95.0
2006-06-30T23:28:13.230Z,5.2,38.47,142.156,40.0
2006-07-05T17:08:41.050Z,5.3,40.171,142.318,46.4
2006-07-28T07:40:11.840Z,5.9,24.183,122.526,33.0
2006-08-06T18:16:39.720Z,5.9,26.119,144.011,20.0
2006-08-12T18:39:17.240Z,5.5,28.789,130.016,22.0
2006-08-20T01:58:19.510Z,5.1,39.667,143.542,36.4
2006-08-21T22:20:49.480Z,5.5,33.631,135.825,411.2
2006-08-27T17:11:17.470Z,5.4,24.953,122.936,146.0
2006-08-31T09:41:39.600Z,5.1,45.322,149.943,44.0
2006-08-31T22:58:25.800Z,5.5,28.798,130.03,33.2
2006-09-06T18:06:33.630Z,5.1,35.48,140.837,49.7
2006-09-16T02:22:50.620Z,5.9,41.364,135.697,367.2
2006-09-25T22:03:47.910Z,5.3,33.46,131.514,72.7
2006-10-01T17:07:24.990Z,5.1,38.508,142.721,67.9
2006-10-10T23:58:04.000Z,6.0,37.197,142.664,9.0
2006-10-12T14:46:29.920Z,5.7,24.148,122.627,35.0
2006-10-17T04:30:46.010Z,5.3,45.389,149.968,10.0
2006-10-23T21:17:19.980Z,6.4,29.351,140.27,11.0
2006-10-29T08:31:44.600Z,5.6,29.366,140.197,10.0
2006-11-16T20:49:25.730Z,5.1,27.915,139.837,519.5
2006-11-16T23:17:35.720Z,5.1,30.22,138.496,439.8
2006-11-17T12:31:36.720Z,5.4,33.205,137.352,366.3
2006-11-17T18:03:12.260Z,6.2,28.591,129.895,22.0
2006-11-22T11:15:09.620Z,5.6,44.154,146.784,79.9
2006-11-27T19:26:06.310Z,5.3,37.776,133.497,441.4
2006-12-06T14:04:50.390Z,5.1,42.195,144.725,34.8
2006-12-10T15:28:09.330Z,5.7,29.761,130.516,35.0
2006-12-23T17:28:30.140Z,5.1,24.768,122.261,28.4
2006-12-30T22:34:36.130Z,5.0,43.371,146.277,10.0
2007-01-02T03:13:11.780Z,5.2,27.115,140.124,354.1
2007-01-11T20:34:47.350Z,5.4,43.472,147.079,10.0
2007-01-15T18:17:59.250Z,5.9,34.892,138.64,170.1
2007-01-16T03:10:37.110Z,5.2,24.005,122.488,35.0
2007-01-16T12:52:36.960Z,5.0,41.182,142.714,29.9
2007-02-17T00:02:56.760Z,6.0,41.794,143.553,31.0
2007-02-17T00:22:27.490Z,5.3,41.771,143.602,35.0
2007-03-07T22:57:19.880Z,5.1,24.061,122.375,42.4
2007-03-08T05:03:32.260Z,6.1,29.908,140.204,139.6
2007-03-09T03:22:42.760Z,6.0,43.224,133.526,441.2
2007-03-11T07:09:26.710Z,5.8,43.988,147.891,52.0
2007-03-18T01:25:24.110Z,5.5,42.159,144.004,35.0
2007-03-25T00:41:57.820Z,6.7,37.336,136.588,8.0
2007-03-25T09:11:45.210Z,5.2,37.264,136.69,14.2
2007-03-25T22:16:38.510Z,5.1,37.097,136.453,10.0
2007-03-28T00:39:19.820Z,5.0,44.914,146.135,202.8
2007-03-29T05:52:56.220Z,5.2,30.893,141.775,39.5
2007-03-30T09:05:05.690Z,5.5,44.138,146.01,100.2
2007-04-01T02:51:05.300Z,5.7,32.349,137.607,378.5
2007-04-02T06:58:51.470Z,5.1,44.305,149.167,48.3
2007-04-02T12:19:22.290Z,5.3,44.202,149.172,46.9
2007-04-04T18:53:41.490Z,5.0,30.907,141.653,32.2
2007-04-04T21:40:18.770Z,5.7,30.926,141.673,9.0
2007-04-04T22:44:57.510Z,5.2,44.421,148.768,35.0
2007-04-04T23:04:04.800Z,5.1,44.175,149.124,35.0
2007-04-07T01:21:41.950Z,5.2,30.849,141.847,35.0
2007-04-13T18:11:06.270Z,5.4,33.593,140.81,59.6
2007-04-14T15:50:13.320Z,5.0,35.595,142.011,47.3
2007-04-15T03:19:30.390Z,5.1,34.807,136.239,15.7
2007-04-16T00:55:04.830Z,5.1,27.457,141.513,52.1
2007-04-16T09:04:54.810Z,5.0,27.453,129.255,30.4
2007-04-18T15:07:31.600Z,5.5,42.658,141.861,119.7
2007-04-20T00:26:40.600Z,6.1,25.722,125.093,10.0
2007-04-20T00:30:59.960Z,5.7,25.73,125.148,10.0
2007-04-20T01:45:56.110Z,6.3,25.71,125.108,9.0
2007-04-20T02:23:34.040Z,6.0,25.623,125.043,11.1
2007-04-20T03:00:58.090Z,5.3,25.701,125.306,10.0
2007-04-20T03:28:54.720Z,5.3,25.658,125.319,10.0
2007-04-20T05:23:11.280Z,5.5,25.683,125.244,10.0
2007-04-20T19:37:58.230Z,5.7,27.471,128.379,42.4
2007-04-22T10:28:51.650Z,5.1,25.636,125.101,10.0
2007-04-26T00:02:58.500Z,5.1,33.901,133.453,49.7
2007-04-26T16:37:57.690Z,5.3,42.44,143.558,56.1
2007-04-30T16:55:39.630Z,5.0,32.146,137.393,415.3
2007-05-07T00:29:06.410Z,5.2,30.007,130.177,51.8
2007-05-14T11:37:22.140Z,5.0,31.994,140.806,64.1
2007-05-15T11:27:18.830Z,5.4,26.707,140.277,368.7
2007-05-18T15:59:58.530Z,5.5,41.597,141.991,58.3
2007-05-20T22:19:40.320Z,5.3,37.944,135.393,354.0
2007-05-24T20:13:00.320Z,5.1,27.337,141.324,61.2
2007-06-12T00:55:49.860Z,5.2,43.711,148.878,35.0
2007-06-12T01:00:29.710Z,5.1,44.246,149.095,35.5
2007-06-20T14:00:27.780Z,5.1,35.193,141.134,39.4
2007-06-22T22:20:04.280Z,5.0,42.539,142.185,125.4
2007-07-01T04:12:07.750Z,5.8,43.663,144.734,130.4
2007-07-16T01:13:22.370Z,6.6,37.535,138.446,12.0
2007-07-16T06:37:40.430Z,5.7,37.502,138.467,15.1
2007-07-16T14:17:37.340Z,6.8,36.808,134.85,350.4
2007-07-18T18:01:23.530Z,5.3,30.737,138.288,390.6
2007-07-28T08:55:49.300Z,5.1,33.957,137.387,324.4
2007-07-31T12:58:28.990Z,5.4,28.234,138.939,509.0
2007-07-31T15:07:35.320Z,5.9,27.343,126.897,10.0
2007-08-01T08:16:00.180Z,5.5,33.905,136.613,370.5
2007-08-07T00:02:24.200Z,6.0,27.292,126.836,18.1
2007-08-07T02:57:20.180Z,5.0,27.174,126.66,10.0
2007-08-08T15:19:42.560Z,5.2,27.385,128.346,47.0
2007-08-09T20:30:12.380Z,5.0,30.074,131.153,29.0
2007-08-15T19:15:10.270Z,5.2,35.378,140.269,48.7
2007-08-16T00:22:09.900Z,5.0,35.296,140.507,11.9
2007-08-17T19:14:44.510Z,5.0,35.36,140.18,26.9
2007-08-18T07:55:10.080Z,5.2,35.248,140.088,33.3
2007-08-21T11:05:02.880Z,5.1,43.754,146.015,54.6
2007-08-22T07:26:24.100Z,5.6,42.02,140.638,123.6
2007-08-24T04:20:03.130Z,5.0,41.807,143.277,14.8
2007-08-26T05:31:10.550Z,5.4,43.799,147.107,57.2
2007-09-06T17:51:26.190Z,6.2,24.34,122.219,53.0
2007-09-06T17:55:21.740Z,5.2,24.373,122.336,59.9
2007-09-20T22:54:31.480Z,5.0,35.185,140.832,44.8
2007-09-22T08:00:18.940Z,5.1,24.855,125.267,54.4
2007-10-04T04:48:04.690Z,5.0,27.923,139.559,502.9
2007-10-07T13:36:06.150Z,5.0,35.567,140.505,57.9
2007-10-08T17:10:35.430Z,5.8,43.553,146.748,41.0
2007-10-17T10:58:45.100Z,5.4,26.72,128.539,44.2
2007-11-03T10:42:11.280Z,5.0,44.431,147.198,85.5
2007-11-11T08:22:08.320Z,5.1,29.429,130.416,31.7
2007-11-19T02:54:02.730Z,5.0,43.227,147.66,44.0
2007-11-19T17:49:08.670Z,5.1,27.581,141.532,76.4
2007-11-20T11:46:31.390Z,5.0,32.665,140.669,70.0
2007-11-26T13:51:39.800Z,5.9,37.392,141.586,42.4
2007-12-01T07:15:24.660Z,5.3,27.737,139.898,469.2
2007-12-03T16:33:52.760Z,5.2,30.597,138.763,20.6
2007-12-05T04:33:37.210Z,5.0,25.824,124.19,178.8
2007-12-06T21:21:28.490Z,5.3,31.769,141.695,35.0
2007-12-07T00:47:37.620Z,5.9,29.935,141.003,85.5
2007-12-21T22:05:11.570Z,5.2,26.877,126.746,110.4
2007-12-25T14:04:34.730Z,6.1,38.503,142.026,48.4
2007-12-28T19:22:49.340Z,5.1,29.972,142.215,4.9
2008-01-18T11:34:40.730Z,5.2,25.201,140.935,190.8
2008-02-01T14:12:18.390Z,5.2,28.983,142.333,10.0
2008-02-10T00:37:16.410Z,5.0,34.724,140.036,95.3
2008-02-21T05:18:38.450Z,5.1,44.324,148.659,40.9
2008-02-21T17:39:39.140Z,5.0,33.618,140.377,35.0
2008-02-27T06:54:20.610Z,6.2,26.816,142.438,15.0
2008-03-07T16:54:57.170Z,5.2,36.453,140.612,57.0
2008-03-08T16:35:46.430Z,5.0,26.71,142.626,35.0
2008-03-10T01:44:33.130Z,5.1,31.793,131.462,53.8
2008-03-13T08:41:07.380Z,5.4,43.066,146.528,52.9
2008-03-14T22:32:09.380Z,6.0,26.988,142.599,10.0
2008-03-16T04:16:47.160Z,5.0,26.908,142.763,10.0
2008-03-21T12:56:01.330Z,5.0,33.006,141.58,45.0
2008-03-24T03:40:12.140Z,5.2,37.137,141.292,41.8
2008-04-04T13:30:15.170Z,5.0,44.562,148.053,55.1
2008-04-12T00:46:28.230Z,5.7,43.879,147.501,64.4
2008-04-16T19:19:36.270Z,5.8,39.028,140.005,166.0
2008-04-18T05:58:36.480Z,5.1,26.0,128.406,28.7
2008-04-18T07:43:48.790Z,5.0,25.983,128.39,26.3
2008-04-23T01:27:20.190Z,5.1,33.528,141.075,65.6
2008-04-25T09:52:47.770Z,5.1,35.62,140.46,46.4
2008-04-27T17:32:11.100Z,5.2,24.812,125.047,35.0
2008-04-29T05:26:04.680Z,5.8,41.452,142.03,46.7
2008-05-07T16:02:02.600Z,6.2,36.178,141.545,19.0
2008-05-07T16:03:40.430Z,5.4,36.226,141.766,35.0
2008-05-07T16:09:04.080Z,5.3,36.232,141.907,6.1
2008-05-07T16:12:27.630Z,5.1,36.228,141.7,38.5
2008-05-07T16:16:36.190Z,6.1,36.156,141.756,23.3
2008-05-07T16:24:10.220Z,5.0,36.125,141.842,29.4
2008-05-07T16:27:40.130Z,5.0,36.38,141.758,35.0
2008-05-07T16:45:18.700Z,6.9,36.164,141.526,27.0
2008-05-07T17:31:18.990Z,5.4,36.248,141.584,37.9
2008-05-07T18:19:56.660Z,5.0,36.148,141.501,15.8
2008-05-08T09:40:36.570Z,5.0,36.09,141.931,19.4
2008-05-08T21:18:43.350Z,5.0,36.275,142.029,31.8
2008-05-08T23:21:06.960Z,5.6,36.108,141.683,17.0
2008-05-10T18:24:02.380Z,5.2,43.533,145.717,85.0
2008-05-10T19:41:59.300Z,5.6,24.044,122.575,16.5
2008-05-12T22:57:45.140Z,5.0,24.078,122.572,29.5
2008-05-16T05:07:33.130Z,5.0,33.903,136.84,344.2
2008-05-19T10:08:36.310Z,5.7,42.503,131.872,513.4
2008-05-30T07:25:39.800Z,5.8,30.802,141.523,16.0
2008-05-31T14:28:35.100Z,5.0,39.983,142.604,33.5
2008-06-04T17:03:06.660Z,5.7,41.538,139.058,205.0
2008-06-06T02:39:01.780Z,5.0,31.066,141.49,52.5
2008-06-12T13:10:12.960Z,5.3,25.458,141.252,35.0
2008-06-13T23:43:45.360Z,6.9,39.03,140.881,7.8
2008-06-13T23:49:05.680Z,5.1,39.114,140.942,11.5
2008-06-14T00:20:11.950Z,5.5,38.882,140.678,6.4
2008-06-14T00:20:47.670Z,5.4,39.027,140.852,10.2
2008-06-16T14:14:38.410Z,5.1,38.997,140.841,10.8
2008-06-24T17:02:35.690Z,5.0,28.997,142.448,42.4
2008-06-25T23:37:11.960Z,5.5,41.937,142.486,55.6
2008-06-29T20:53:04.890Z,6.0,45.156,137.446,326.0
2008-07-05T07:49:02.560Z,5.1,36.643,140.952,49.7
2008-07-06T17:05:20.400Z,5.1,27.755,142.251,52.4
2008-07-08T07:42:10.730Z,6.0,27.532,128.334,43.0
2008-07-19T02:39:28.700Z,7.0,37.552,142.214,22.0
2008-07-19T02:47:29.440Z,5.3,37.562,142.402,31.4
2008-07-20T21:30:29.650Z,5.8,27.773,139.615,481.4
2008-07-21T09:01:04.640Z,5.0,37.816,142.559,10.0
2008-07-21T11:30:29.280Z,6.0,37.186,142.051,22.0
2008-07-22T08:46:47.850Z,5.4,37.728,142.31,10.0
2008-07-23T15:26:19.950Z,6.8,39.802,141.464,108.0
2008-07-24T02:27:53.960Z,5.2,39.62,141.522,111.9
2008-08-02T04:03:27.700Z,5.1,29.355,130.284,54.7
2008-08-04T10:25:58.040Z,5.3,27.081,126.166,25.4
2008-08-05T01:00:46.600Z,5.2,26.985,126.484,16.4
2008-08-08T15:53:09.940Z,5.4,41.171,142.189,39.0
2008-08-09T11:54:19.710Z,5.2,26.486,128.522,24.6
2008-08-14T11:10:35.680Z,5.4,43.976,147.554,58.6
2008-08-22T10:59:50.120Z,5.2,36.463,140.401,51.5
2008-09-01T20:53:25.340Z,5.0,29.732,139.334,349.2
2008-09-05T15:12:03.170Z,5.3,32.634,137.049,410.4
2008-09-09T07:43:13.320Z,5.5,24.666,122.57,101.8
2008-09-11T00:20:50.920Z,6.8,41.892,143.754,25.0
2008-09-11T00:32:48.360Z,5.3,41.753,143.882,35.3
2008-09-11T01:08:10.130Z,5.0,41.678,144.079,29.6
2008-09-11T22:34:45.680Z,5.0,42.42,144.549,41.2
2008-09-13T20:21:35.280Z,5.3,29.076,130.081,40.2
2008-09-22T07:31:59.170Z,5.6,41.578,140.45,149.0
2008-09-26T16:53:26.860Z,5.0,40.492,142.799,39.3
2008-10-01T09:38:12.320Z,5.7,30.165,138.78,413.5
2008-10-20T15:51:23.950Z,5.0,32.266,139.987,109.5
2008-10-22T00:39:28.400Z,5.0,28.852,130.04,38.1
2008-10-22T16:18:36.440Z,5.0,41.985,131.321,558.7
2008-10-25T06:01:37.700Z,5.0,35.953,141.624,24.7
2008-10-29T15:48:40.400Z,5.1,38.09,141.638,83.5
2008-11-19T19:25:42.690Z,5.0,35.972,141.567,34.8
2008-11-21T15:44:46.710Z,5.2,43.189,145.809,29.0
2008-12-03T23:16:54.870Z,5.8,38.589,142.878,14.0
2008-12-04T03:10:55.000Z,5.3,38.567,142.89,16.0
2008-12-05T20:03:11.110Z,5.5,38.529,143.003,34.3
2008-12-14T20:29:31.650Z,5.2,39.082,144.504,33.2
2008-12-15T05:31:40.350Z,5.0,27.625,127.352,136.1
2008-12-18T06:47:13.620Z,5.3,38.429,143.002,34.9
2008-12-20T10:29:23.100Z,6.3,36.541,142.425,19.0
2008-12-20T10:48:23.650Z,5.2,36.561,142.461,10.0
2008-12-20T17:37:16.360Z,5.1,36.612,142.204,10.0
2008-12-20T19:13:38.420Z,5.4,36.671,142.045,10.0
2008-12-21T09:16:44.740Z,5.9,36.541,142.317,13.0
2008-12-23T20:57:20.160Z,5.4,36.462,142.399,8.2
2008-12-25T10:43:12.830Z,5.3,36.397,142.36,22.2
2008-12-27T19:16:23.700Z,5.1,43.934,148.283,40.0
2009-01-02T07:42:53.080Z,5.1,32.655,138.038,333.4
2009-01-19T11:13:59.740Z,5.1,34.613,141.634,40.4
2009-01-31T21:51:52.180Z,5.7,36.719,141.148,34.0
2009-02-01T09:32:48.680Z,5.1,37.884,142.403,37.9
2009-02-15T09:24:31.700Z,5.7,40.239,142.236,33.0
2009-02-21T00:12:56.040Z,5.5,28.875,130.864,24.1
2009-02-22T13:50:13.770Z,5.0,24.333,127.098,15.2
2009-02-22T14:24:11.660Z,5.4,41.749,144.02,33.4
2009-02-28T00:35:56.700Z,5.5,42.61,142.104,105.0
2009-03-07T14:33:04.910Z,5.3,41.796,143.693,32.7
2009-03-13T09:07:02.340Z,5.2,43.266,134.048,428.8
2009-03-20T06:52:16.840Z,5.0,42.643,144.382,65.0
2009-03-22T14:45:47.000Z,5.1,26.063,128.488,17.3
2009-03-26T19:19:59.560Z,5.9,27.415,126.702,159.5
2009-04-05T09:36:26.240Z,5.8,32.007,131.417,26.0
2009-04-15T07:23:37.100Z,5.1,26.968,129.848,35.0
2009-04-20T07:22:37.860Z,5.1,27.101,129.9,10.0
2009-04-21T01:16:47.090Z,5.0,44.516,148.065,64.6
2009-04-21T09:57:50.540Z,5.3,37.365,141.399,43.2
2009-04-27T21:37:36.880Z,5.2,36.364,140.954,52.8
2009-04-28T11:21:18.770Z,5.2,42.653,144.95,14.7
2009-05-01T12:57:10.540Z,5.3,26.28,140.429,434.5
2009-05-09T19:34:33.220Z,5.1,36.542,142.635,26.6
2009-05-31T15:33:04.250Z,5.0,37.819,141.547,61.3
2009-06-05T03:30:33.060Z,6.4,41.824,143.445,29.0
2009-06-06T05:52:43.300Z,5.8,35.483,140.914,34.0
2009-06-06T10:37:54.130Z,5.0,44.552,148.95,42.4
2009-06-10T04:07:02.580Z,5.1,34.456,136.626,351.5
2009-06-18T06:21:06.040Z,5.1,31.3,141.752,38.8
2009-06-20T02:52:57.430Z,5.3,39.087,143.199,21.6
2009-06-23T07:24:13.380Z,5.1,39.203,143.463,28.0
2009-06-23T07:37:17.570Z,5.6,38.85,142.389,37.0
2009-07-06T22:35:04.530Z,5.7,24.874,128.03,7.0
2009-07-13T18:05:01.420Z,6.3,24.056,122.201,17.0
2009-07-13T20:28:54.920Z,5.0,24.093,122.116,37.2
2009-07-16T06:29:04.760Z,5.3,42.371,132.998,477.3
2009-07-16T10:48:16.640Z,5.4,24.105,122.208,43.9
2009-07-16T18:42:49.670Z,5.2,24.059,122.234,37.9
2009-07-25T11:32:22.500Z,5.0,44.857,147.973,97.9
2009-08-01T09:45:50.760Z,5.0,37.576,141.789,47.4
2009-08-05T00:17:58.820Z,6.1,24.233,125.095,25.0
2009-08-05T03:51:15.620Z,5.0,32.538,131.856,45.6
2009-08-09T10:55:55.110Z,7.1,33.167,137.944,292.0
2009-08-10T20:07:09.110Z,6.2,34.743,138.264,40.4
2009-08-12T22:48:51.420Z,6.6,32.821,140.395,53.0
2009-08-24T05:26:17.100Z,5.3,41.016,140.065,175.8
2009-08-28T05:47:53.880Z,5.2,29.918,130.528,64.8
2009-09-02T12:24:39.140Z,5.0,43.804,147.796,52.1
2009-09-03T13:26:17.950Z,6.2,31.14,130.014,163.0
2009-09-22T22:59:34.240Z,5.3,27.153,140.024,423.8
2009-09-28T19:22:57.140Z,5.8,27.927,127.821,9.0
2009-09-29T22:36:17.600Z,5.4,27.783,127.761,10.0
2009-09-29T22:43:24.510Z,5.0,27.785,127.926,10.0
2009-10-03T15:36:28.180Z,5.0,27.892,127.781,82.0
2009-10-10T08:42:51.030Z,5.1,41.808,142.084,99.8
2009-10-11T01:12:18.360Z,5.2,43.147,146.602,42.3
2009-10-13T10:15:13.400Z,5.7,44.578,149.129,40.0
2009-10-18T02:01:24.830Z,5.1,28.724,139.41,420.5
2009-10-25T06:17:02.050Z,5.1,29.166,130.052,59.5
2009-10-30T07:03:39.120Z,6.8,29.218,129.782,34.0
2009-11-03T18:03:55.360Z,5.3,26.262,141.016,109.0
2009-11-21T04:16:22.790Z,5.0,45.679,142.387,304.9
2009-11-27T04:36:47.490Z,5.0,43.907,147.235,64.4
2009-12-02T06:14:29.590Z,5.1,37.223,141.362,59.7
2009-12-09T23:25:37.970Z,5.2,43.049,146.735,45.7
2009-12-17T20:41:30.700Z,5.1,36.37,139.481,91.7
2009-12-17T23:45:36.410Z,5.0,34.921,139.261,6.8
2009-12-18T11:48:32.720Z,5.2,33.568,141.083,26.4
2009-12-24T00:23:31.700Z,6.3,42.245,134.719,392.0
2009-12-24T00:23:31.770Z,5.67,42.126,135.008,395.0
2009-12-28T00:12:48.430Z,5.0,43.265,144.526,71.7
2010-01-14T18:46:25.100Z,5.0,42.338,142.991,60.1
2010-01-15T11:08:38.370Z,5.7,26.746,126.285,139.1
2010-01-15T15:44:47.200Z,5.2,43.551,146.717,35.0
2010-01-17T06:04:36.520Z,5.6,37.938,143.599,7.0
2010-01-25T07:15:08.980Z,5.5,30.964,130.888,38.2
2010-02-05T06:48:11.900Z,5.2,40.674,135.626,382.5
2010-02-16T01:57:16.440Z,5.3,40.332,143.651,15.8
2010-02-18T01:13:19.510Z,6.9,42.587,130.703,577.7
2010-02-20T11:47:58.410Z,5.1,44.301,148.441,49.4
2010-02-22T05:21:04.940Z,5.2,24.126,122.936,29.2
2010-02-26T20:31:26.970Z,7.0,25.93,128.425,25.0
2010-02-27T12:19:54.450Z,5.2,25.891,128.368,35.0
2010-02-28T01:20:29.990Z,5.0,25.937,128.433,3.5
2010-02-28T02:51:41.590Z,5.0,25.954,128.484,1.3
2010-02-28T08:17:44.340Z,5.6,34.832,141.468,10.0
2010-02-28T22:07:47.110Z,5.1,39.482,140.44,121.8
2010-03-06T13:31:12.940Z,5.7,44.174,147.647,52.9
2010-03-12T17:32:08.340Z,5.2,34.898,141.595,15.3
2010-03-12T19:29:00.710Z,5.2,28.592,142.64,29.4
2010-03-13T12:46:26.380Z,5.6,37.594,141.299,76.7
2010-03-14T08:08:03.960Z,6.5,37.745,141.59,32.0
2010-03-15T09:35:27.180Z,5.2,28.791,128.45,35.0
2010-03-30T01:02:51.490Z,5.7,43.308,138.379,8.0
2010-04-11T13:02:14.050Z,5.1,29.509,130.402,45.7
2010-04-22T19:58:42.160Z,5.1,44.121,148.181,42.7
2010-04-26T23:23:50.240Z,5.1,33.654,136.977,355.6
2010-05-02T08:13:17.930Z,5.0,29.21,141.98,30.8
2010-05-03T10:27:45.090Z,6.1,29.645,140.951,84.0
2010-05-16T12:35:50.740Z,5.0,28.815,128.525,41.9
2010-05-26T08:53:08.030Z,6.5,25.773,129.944,10.0
2010-05-26T11:51:23.840Z,5.0,25.715,130.097,10.0
2010-06-05T05:22:02.880Z,5.5,43.426,146.773,58.0
2010-06-11T16:37:48.050Z,5.7,26.688,142.503,7.0
2010-06-11T16:58:36.070Z,5.5,26.712,142.688,10.0
2010-06-12T15:44:53.450Z,5.2,28.825,128.596,16.8
2010-06-13T03:32:57.240Z,5.9,37.372,141.625,27.0
2010-06-18T02:23:05.580Z,6.2,44.448,148.689,28.0
2010-06-19T02:39:17.590Z,5.2,44.43,148.841,44.5
2010-06-19T10:00:50.020Z,5.0,41.42,142.453,34.3
2010-06-27T21:03:27.220Z,5.3,41.662,141.657,67.6
2010-06-28T12:07:25.120Z,5.8,30.672,141.593,7.0
2010-07-03T19:33:14.680Z,5.1,39.058,140.715,24.9
2010-07-04T21:55:51.980Z,6.3,39.697,142.369,27.0
2010-07-08T19:43:37.810Z,5.0,24.421,122.11,24.6
2010-07-09T00:41:19.540Z,5.2,24.753,122.596,126.3
2010-07-18T13:03:24.500Z,5.1,24.131,122.47,26.9
2010-07-22T21:06:34.200Z,5.1,35.839,140.413,47.0
2010-07-22T23:27:10.980Z,5.0,26.777,143.119,15.1
2010-07-26T23:31:04.710Z,5.0,38.933,142.156,19.5
2010-07-30T20:43:05.350Z,5.3,27.691,139.672,496.9
2010-08-07T16:04:06.970Z,5.3,29.484,128.318,236.0
2010-08-10T01:41:04.110Z,5.0,28.616,142.255,19.6
2010-08-10T05:50:37.540Z,5.9,39.406,143.148,22.4
2010-08-14T01:34:01.200Z,5.3,26.238,141.104,108.1
2010-08-18T23:33:14.530Z,5.3,32.01,137.918,365.3
2010-08-26T15:08:04.910Z,5.4,36.116,136.773,277.8
2010-08-30T08:45:10.150Z,5.0,24.9,122.185,15.4
2010-09-01T07:32:53.660Z,5.2,37.925,141.788,44.4
2010-09-03T21:15:30.550Z,5.1,42.741,145.391,61.9
2010-09-08T17:39:40.480Z,5.5,44.588,149.724,10.0
2010-09-08T19:25:55.640Z,5.1,44.484,149.859,10.0
2010-09-13T05:47:47.290Z,5.8,41.497,141.986,45.0
2010-09-13T17:44:15.170Z,5.1,29.235,142.431,19.8
2010-09-13T23:05:18.680Z,5.0,32.147,141.57,35.0
2010-09-21T19:26:07.710Z,5.0,28.748,142.599,31.0
2010-09-24T14:55:45.000Z,5.0,29.973,139.89,47.6
2010-09-27T15:49:22.530Z,5.1,24.975,123.554,33.0
2010-09-27T16:13:37.790Z,5.1,43.603,145.623,97.4
2010-09-29T08:00:00.500Z,5.5,37.257,139.883,33.3
2010-09-30T00:24:10.410Z,5.2,24.687,141.177,209.3
2010-09-30T12:47:08.400Z,5.0,37.102,140.954,35.0
2010-10-04T13:28:38.860Z,6.3,24.27,125.154,32.0
2010-10-05T05:45:47.540Z,5.1,25.487,141.104,13.5
2010-10-10T02:27:51.390Z,5.1,31.067,141.611,14.9
2010-10-11T23:16:36.960Z,5.1,25.357,124.825,99.4
2010-10-14T13:58:55.590Z,5.6,42.311,142.871,59.0
2010-10-30T19:06:17.880Z,5.2,34.321,141.267,26.3
2010-11-07T19:26:49.430Z,5.6,24.383,141.588,113.0
2010-11-12T13:08:50.520Z,5.2,24.14,122.493,43.4
2010-11-14T06:10:29.350Z,5.0,34.036,141.373,26.8
2010-11-24T11:09:11.650Z,5.0,36.202,140.804,38.8
2010-11-30T03:24:40.180Z,6.8,28.349,139.187,470.0
2010-12-06T07:30:32.710Z,5.7,40.904,142.967,22.0
2010-12-13T05:19:47.650Z,5.0,27.478,129.319,29.5
2010-12-21T17:19:40.660Z,7.4,26.901,143.698,14.0
2010-12-21T17:29:30.430Z,5.3,27.104,143.449,10.0
2010-12-21T17:33:20.720Z,5.2,26.961,143.088,10.0
2010-12-21T17:34:40.970Z,5.0,27.094,143.585,10.0
2010-12-21T17:35:09.930Z,5.1,27.155,143.483,10.0
2010-12-21T17:39:05.690Z,5.1,27.217,143.432,10.0
2010-12-21T17:39:36.210Z,5.2,27.276,143.752,10.0
2010-12-21T17:40:47.590Z,5.5,27.08,143.215,10.0
2010-12-21T17:41:25.990Z,5.5,27.081,143.308,7.6
2010-12-21T17:53:22.520Z,5.3,27.203,143.455,10.0
2010-12-21T17:56:01.270Z,5.0,27.184,143.358,10.0
2010-12-21T18:00:36.480Z,5.0,27.204,143.406,8.8
2010-12-21T18:03:40.390Z,5.0,27.23,143.387,10.0
2010-12-21T18:32:53.570Z,5.0,26.695,143.699,5.1
2010-12-21T18:41:38.580Z,5.1,27.06,143.326,10.0
2010-12-21T19:40:24.970Z,5.0,27.191,143.486,10.0
2010-12-21T20:16:38.570Z,5.3,27.085,143.514,3.3
2010-12-21T20:18:43.490Z,5.6,27.096,143.236,10.0
2010-12-21T20:35:25.700Z,5.0,27.114,143.392,10.0
2010-12-21T20:36:03.370Z,5.2,26.975,143.653,10.0
2010-12-21T20:36:58.420Z,5.0,27.131,143.577,10.0
2010-12-21T20:52:25.320Z,5.0,26.685,143.685,10.0
2010-12-21T20:59:33.670Z,5.0,26.771,143.581,10.0
2010-12-21T21:22:34.730Z,5.0,26.801,143.484,10.0
2010-12-21T21:33:50.100Z,5.0,26.613,143.497,10.0
2010-12-21T22:08:01.410Z,5.0,26.928,143.408,12.5
2010-12-21T22:17:45.400Z,5.0,26.714,143.909,10.0
2010-12-21T22:19:58.190Z,5.1,26.777,143.547,10.0
2010-12-21T23:38:54.130Z,5.0,26.73,143.466,10.0
2010-12-22T01:16:43.950Z,5.4,26.732,143.719,11.5
2010-12-22T01:31:17.860Z,5.6,26.669,143.535,10.0
2010-12-22T01:36:30.080Z,5.4,26.721,143.669,3.1
2010-12-22T03:02:11.850Z,5.4,26.819,143.763,10.0
2010-12-22T03:21:06.430Z,5.2,27.121,143.363,10.0
2010-12-22T05:38:48.630Z,5.0,26.734,143.576,10.0
2010-12-22T06:10:38.740Z,5.1,26.9,143.584,17.6
2010-12-22T07:51:44.580Z,5.2,26.869,143.538,3.5
2010-12-22T08:07:05.590Z,5.0,27.065,143.504,10.0
2010-12-22T10:07:45.440Z,5.0,27.196,143.273,10.0
2010-12-22T10:29:32.640Z,5.0,26.975,143.44,10.0
2010-12-22T10:30:07.330Z,5.0,26.944,143.413,10.0
2010-12-22T12:26:28.540Z,5.1,27.02,143.295,10.0
2010-12-22T12:26:39.650Z,5.0,26.999,143.293,10.0
2010-12-22T13:01:13.990Z,5.2,27.039,143.311,14.4
2010-12-22T21:49:40.080Z,6.4,26.81,143.595,18.0
2010-12-22T22:16:52.520Z,5.0,26.895,143.743,17.9
2010-12-23T01:35:52.410Z,5.0,27.248,143.333,10.0
2010-12-23T01:46:26.710Z,5.0,27.182,143.396,10.0
2010-12-23T14:30:40.860Z,5.0,26.896,143.84,10.0
2010-12-24T17:27:37.280Z,5.1,27.056,143.245,10.5
2010-12-24T17:28:23.250Z,5.3,27.035,143.309,10.0
2010-12-25T05:55:23.400Z,5.2,25.538,141.123,19.7
2010-12-25T06:48:19.760Z,5.1,26.839,143.935,10.0
2010-12-25T11:41:05.750Z,5.1,26.787,143.577,10.0
2010-12-25T14:04:04.110Z,5.3,27.082,143.363,10.0
2010-12-25T14:09:52.090Z,5.1,27.084,143.429,10.0
2010-12-25T14:18:58.450Z,5.0,27.067,143.385,10.0
2010-12-25T16:05:58.610Z,5.1,26.78,143.93,10.0
2010-12-25T17:40:11.030Z,5.2,27.004,143.393,10.0
2010-12-26T00:00:53.460Z,5.0,27.135,143.313,10.0
2010-12-26T07:44:03.080Z,5.0,27.178,143.298,10.0
2010-12-26T09:10:59.690Z,5.3,27.007,143.738,10.0
2010-12-28T00:26:38.610Z,5.1,27.18,143.513,10.0
2011-01-01T00:02:31.960Z,5.0,27.247,143.166,10.0
2011-01-05T00:57:32.220Z,5.6,31.545,142.177,21.4
2011-01-08T18:23:20.140Z,5.1,26.672,143.878,15.6
2011-01-09T12:42:31.080Z,5.1,42.399,144.382,21.6
2011-01-11T23:47:49.640Z,5.2,26.63,143.665,10.0
2011-01-12T21:32:53.860Z,6.4,26.973,139.882,512.0
2011-01-13T09:36:19.440Z,5.0,27.258,143.315,10.0
2011-01-15T08:45:33.880Z,5.1,27.241,143.381,10.0
2011-01-16T11:14:12.340Z,5.0,34.451,141.643,46.2
2011-01-20T11:36:41.760Z,5.2,29.651,129.27,156.5
2011-01-21T06:32:22.760Z,5.1,27.164,143.483,10.0
2011-01-21T08:12:30.960Z,5.2,27.133,143.47,10.0
2011-01-22T05:49:02.450Z,5.1,42.36,142.895,62.1
2011-01-23T10:58:26.200Z,5.0,26.815,144.103,10.0
2011-01-23T12:46:37.890Z,5.0,26.805,144.143,10.0
2011-01-23T22:13:48.000Z,5.0,26.762,143.862,15.0
2011-01-23T22:51:23.140Z,5.1,26.662,143.725,13.8
2011-01-25T05:24:40.110Z,5.1,35.127,141.117,14.0
2011-01-25T11:33:37.120Z,5.0,27.65,143.35,10.0
2011-01-27T15:54:41.010Z,5.0,27.105,143.364,10.1
2011-02-04T11:15:45.470Z,5.3,29.182,130.228,42.2
2011-02-05T01:56:13.890Z,5.1,34.77,140.352,65.3
2011-02-08T15:50:13.020Z,5.0,27.353,143.191,10.0
2011-02-08T16:42:40.600Z,5.3,27.301,143.157,10.0
2011-02-09T09:51:28.150Z,5.2,24.807,141.096,209.9
2011-02-09T11:29:12.470Z,5.0,27.292,143.258,10.0
2011-02-10T03:04:49.170Z,5.0,27.134,143.377,10.0
2011-02-10T13:03:02.650Z,5.3,37.151,141.279,33.0
2011-02-11T23:59:17.550Z,5.1,27.302,143.064,10.0
2011-02-12T00:05:40.580Z,5.0,27.366,143.162,16.6
2011-02-15T14:12:50.370Z,5.1,25.908,128.294,4.3
2011-02-15T19:01:03.400Z,5.5,38.321,143.162,26.2
2011-02-15T19:06:51.390Z,5.1,38.387,142.796,10.0
2011-02-16T23:45:10.380Z,5.2,25.909,128.281,6.9
2011-02-22T04:56:19.740Z,5.1,26.419,128.706,16.1
2011-02-22T09:53:39.320Z,5.1,38.229,143.166,31.7
2011-02-23T22:14:05.710Z,5.4,31.455,140.147,106.6
2011-02-25T19:12:31.230Z,5.3,34.333,140.235,66.8
2011-02-26T14:40:57.020Z,5.0,38.194,143.158,22.0
2011-02-26T15:38:43.790Z,5.1,37.36,141.652,27.1
2011-02-26T20:38:02.390Z,5.1,36.121,137.353,3.4
2011-02-28T02:03:26.190Z,5.1,32.356,142.384,26.5
2011-03-07T10:13:07.520Z,5.2,29.092,129.416,43.6
2011-03-09T02:45:20.330Z,7.3,38.435,142.842,32.0
2011-03-09T02:55:12.640Z,5.1,38.465,143.235,19.8
2011-03-09T02:57:16.670Z,5.7,38.361,142.91,23.2
2011-03-09T02:58:14.080Z,5.7,38.246,143.102,35.0
2011-03-09T03:08:35.770Z,5.3,38.311,143.169,29.3
2011-03-09T03:18:59.710Z,5.0,38.713,143.065,22.6
2011-03-09T04:05:54.980Z,5.2,38.655,142.753,35.0
2011-03-09T04:32:09.690Z,5.1,38.672,143.031,35.2
2011-03-09T04:37:04.990Z,5.6,38.665,142.991,37.8
2011-03-09T04:45:55.170Z,5.3,38.466,142.702,40.7
2011-03-09T06:12:12.780Z,5.0,38.626,143.13,10.0
2011-03-09T06:13:46.470Z,5.1,38.23,143.132,38.8
2011-03-09T06:25:14.570Z,5.0,38.273,143.054,26.9
2011-03-09T07:13:50.090Z,5.0,38.212,143.162,23.5
2011-03-09T07:56:32.220Z,5.1,38.803,142.879,46.4
2011-03-09T08:02:38.390Z,5.2,38.613,143.08,30.4
2011-03-09T11:27:52.300Z,5.2,38.537,143.036,33.9
2011-03-09T18:16:16.440Z,6.0,38.315,142.434,22.0
2011-03-09T18:44:38.500Z,5.9,38.503,143.166,23.8
2011-03-09T21:22:17.580Z,6.0,38.345,142.648,23.0
2011-03-09T21:24:01.680Z,6.5,38.296,142.808,15.0
2011-03-09T23:36:58.680Z,5.4,38.398,143.167,19.9
2011-03-10T08:08:20.560Z,5.6,38.603,143.27,17.4
2011-03-10T09:02:23.960Z,5.3,38.616,143.122,38.5
2011-03-10T11:21:09.150Z,5.1,38.586,143.038,24.8
2011-03-10T16:54:45.020Z,5.0,38.046,143.296,3.7
2011-03-11T05:46:24.120Z,9.1,38.297,142.373,29.0
2011-03-11T05:54:31.940Z,6.3,37.712,141.184,32.3
2011-03-11T05:55:45.480Z,6.4,37.359,143.351,35.0
2011-03-11T05:58:07.490Z,6.3,37.623,142.155,50.7
2011-03-11T05:59:31.580Z,5.9,37.054,141.763,8.4
2011-03-11T06:00:39.300Z,6.2,38.095,142.492,40.6
2011-03-11T06:03:55.260Z,5.9,36.469,141.84,22.6
2011-03-11T06:05:02.230Z,5.8,36.375,141.777,34.2
2011-03-11T06:06:13.170Z,6.3,39.003,142.29,42.7
2011-03-11T06:07:20.880Z,6.4,36.419,141.876,32.3
2011-03-11T06:08:29.660Z,6.7,38.969,143.37,2.8
2011-03-11T06:11:15.610Z,5.9,36.109,141.696,26.6
2011-03-11T06:12:36.360Z,6.2,37.788,144.233,25.4
2011-03-11T06:13:01.040Z,6.2,37.211,141.601,40.1
2011-03-11T06:15:23.120Z,6.3,37.93,143.802,35.0
2011-03-11T06:15:40.280Z,7.9,36.281,141.111,42.6
2011-03-11T06:18:49.510Z,6.6,36.023,142.269,16.0
2011-03-11T06:20:04.110Z,6.5,36.004,142.067,49.3
2011-03-11T06:21:32.700Z,6.2,38.29,142.813,51.7
2011-03-11T06:23:09.480Z,6.2,39.03,142.284,56.3
2011-03-11T06:25:50.300Z,7.7,38.058,144.59,18.6
2011-03-11T06:29:15.990Z,6.1,37.812,144.233,40.6
2011-03-11T06:33:06.070Z,5.9,36.625,141.867,39.1
2011-03-11T06:35:20.900Z,5.8,35.806,141.1,10.3
2011-03-11T06:37:05.580Z,5.6,37.465,142.404,52.4
2011-03-11T06:38:11.330Z,5.8,36.094,141.665,47.2
2011-03-11T06:39:39.320Z,5.5,37.04,142.463,40.1
2011-03-11T06:41:01.450Z,5.8,39.599,141.576,35.0
2011-03-11T06:42:10.530Z,5.2,34.88,141.916,36.3
2011-03-11T06:43:10.570Z,5.4,38.066,144.627,25.9
2011-03-11T06:44:54.990Z,5.3,36.588,141.1,22.7
2011-03-11T06:46:31.190Z,5.9,37.956,143.248,30.6
2011-03-11T06:48:18.800Z,5.3,38.807,141.946,47.1
2011-03-11T06:48:45.590Z,6.2,37.961,142.724,11.7
2011-03-11T06:49:16.610Z,6.1,37.337,144.237,47.3
2011-03-11T06:49:57.540Z,5.8,40.668,141.605,44.9
2011-03-11T06:52:28.510Z,5.5,38.061,143.016,33.6
2011-03-11T06:54:08.490Z,5.4,36.974,141.493,9.5
2011-03-11T06:55:33.600Z,5.9,37.562,142.855,39.8
2011-03-11T06:57:16.510Z,6.0,35.712,140.875,47.5
2011-03-11T06:59:00.270Z,6.3,37.357,144.725,35.9
2011-03-11T07:01:11.640Z,5.7,36.628,143.755,36.1
2011-03-11T07:02:57.260Z,5.8,39.693,142.529,41.6
2011-03-11T07:03:00.000Z,5.6,37.924,142.802,19.1
2011-03-11T07:04:16.170Z,5.8,38.964,142.398,23.7
2011-03-11T07:05:21.100Z,5.7,38.442,143.6,15.4
2011-03-11T07:06:45.820Z,5.6,37.778,142.98,21.5
2011-03-11T07:09:12.050Z,5.7,36.714,141.874,28.2
2011-03-11T07:09:58.330Z,5.6,36.718,141.856,35.0
2011-03-11T07:10:59.890Z,5.8,37.879,142.681,33.7
2011-03-11T07:13:47.620Z,5.9,36.103,142.358,35.0
2011-03-11T07:14:58.820Z,6.3,36.586,141.823,24.7
2011-03-11T07:17:42.760Z,5.8,37.006,142.406,6.3
2011-03-11T07:23:16.910Z,5.9,37.454,142.097,19.6
2011-03-11T07:25:36.460Z,6.1,37.934,144.529,39.5
2011-03-11T07:28:12.360Z,6.1,36.823,141.824,28.4
2011-03-11T07:29:01.830Z,6.3,39.031,142.349,45.4
2011-03-11T07:30:18.450Z,6.0,37.442,141.195,49.2
2011-03-11T07:33:33.660Z,5.7,36.323,142.71,35.0
2011-03-11T07:35:52.220Z,5.7,36.943,142.309,21.9
2011-03-11T07:38:27.600Z,5.8,39.204,142.793,38.5
2011-03-11T07:40:53.350Z,5.3,38.345,142.191,16.1
2011-03-11T07:42:55.650Z,5.7,36.403,141.892,35.0
2011-03-11T07:44:27.990Z,5.8,36.195,141.813,13.8
2011-03-11T07:47:49.420Z,5.2,38.726,143.837,21.1
2011-03-11T07:48:09.770Z,5.1,36.951,142.162,3.1
2011-03-11T07:49:48.530Z,5.4,36.525,141.756,26.9
2011-03-11T07:51:53.410Z,5.0,36.554,141.675,44.2
2011-03-11T07:53:29.180Z,5.0,36.734,141.959,42.0
2011-03-11T07:54:45.420Z,5.7,37.743,141.573,50.8
2011-03-11T07:56:15.410Z,5.6,37.106,142.226,38.0
2011-03-11T07:59:48.970Z,5.7,37.012,142.78,0.7
2011-03-11T08:01:24.150Z,5.1,36.983,142.815,35.0
2011-03-11T08:01:57.000Z,5.9,36.936,142.7,19.3
2011-03-11T08:04:58.780Z,5.7,37.593,142.208,48.9
2011-03-11T08:06:20.680Z,5.4,37.569,142.823,20.8
2011-03-11T08:10:29.340Z,5.6,36.287,140.852,19.5
2011-03-11T08:12:07.260Z,6.2,36.569,141.486,39.6
2011-03-11T08:15:41.850Z,6.1,37.047,144.541,41.0
2011-03-11T08:19:14.520Z,5.4,36.117,141.698,8.0
2011-03-11T08:19:24.380Z,6.5,36.166,141.562,6.8
2011-03-11T08:26:36.930Z,6.1,37.367,143.017,17.0
2011-03-11T08:27:51.600Z,6.0,38.017,142.657,42.8
2011-03-11T08:31:09.260Z,6.0,37.469,141.176,37.3
2011-03-11T08:33:00.780Z,6.0,39.14,142.967,27.6
2011-03-11T08:35:22.110Z,5.6,36.033,140.984,19.7
2011-03-11T08:38:01.510Z,5.4,37.704,143.833,9.4
2011-03-11T08:39:12.960Z,5.5,37.64,142.771,46.2
2011-03-11T08:40:56.140Z,5.9,37.447,140.984,39.5
2011-03-11T08:44:00.140Z,5.6,36.122,140.966,47.3
2011-03-11T08:46:45.850Z,5.6,37.416,142.451,25.8
2011-03-11T08:48:26.650Z,5.2,36.505,141.909,47.8
2011-03-11T08:51:05.360Z,5.3,37.556,143.642,35.0
2011-03-11T08:52:04.660Z,5.3,36.326,141.098,40.8
2011-03-11T08:52:23.420Z,5.5,36.77,141.924,17.0
2011-03-11T08:55:07.520Z,5.0,36.607,141.597,36.5
2011-03-11T09:00:14.520Z,5.1,37.281,142.497,23.2
2011-03-11T09:04:06.900Z,5.4,37.376,142.718,8.8
2011-03-11T09:05:34.020Z,5.3,37.301,142.674,12.0
2011-03-11T09:06:03.130Z,5.1,37.403,143.997,35.0
2011-03-11T09:09:14.680Z,5.5,37.683,143.311,39.2
2011-03-11T09:16:29.890Z,5.0,37.967,140.117,53.8
2011-03-11T09:19:07.840Z,5.0,37.439,144.13,10.0
2011-03-11T09:27:42.240Z,5.3,38.298,142.159,68.1
2011-03-11T09:34:12.770Z,5.0,37.696,142.65,35.0
2011-03-11T09:37:04.610Z,5.5,35.912,141.601,5.8
2011-03-11T09:42:20.550Z,5.3,39.495,142.705,18.0
2011-03-11T09:45:25.080Z,5.0,36.664,142.299,35.1
2011-03-11T09:45:44.220Z,5.0,37.397,144.121,35.0
2011-03-11T09:47:01.830Z,5.4,39.599,143.056,38.6
2011-03-11T09:51:06.650Z,5.1,36.223,141.822,47.5
2011-03-11T09:52:43.840Z,5.0,37.715,141.812,55.8
2011-03-11T09:59:51.990Z,5.3,36.661,142.191,10.0
2011-03-11T10:00:27.200Z,5.1,37.295,143.158,21.3
2011-03-11T10:10:34.220Z,6.0,39.185,142.76,26.5
2011-03-11T10:15:49.410Z,5.0,35.808,140.983,35.0
2011-03-11T10:19:51.620Z,5.0,36.047,141.61,22.5
2011-03-11T10:20:26.240Z,5.4,36.896,142.247,17.5
2011-03-11T10:21:09.350Z,5.4,37.256,142.032,43.8
2011-03-11T10:21:55.670Z,5.1,37.97,142.863,35.0
2011-03-11T10:22:02.630Z,5.7,36.665,142.521,10.0
2011-03-11T10:28:21.040Z,5.0,37.961,143.571,35.0
2011-03-11T10:28:42.690Z,5.9,39.397,143.592,20.0
2011-03-11T10:35:36.710Z,5.2,37.05,141.2,37.8
2011-03-11T10:40:53.720Z,5.0,36.688,142.487,35.0
2011-03-11T10:44:08.030Z,5.0,38.387,143.116,35.0
2011-03-11T10:45:19.320Z,5.4,35.888,141.388,12.3
2011-03-11T10:45:44.690Z,5.6,38.417,143.752,33.3
2011-03-11T10:47:08.970Z,5.2,37.491,143.05,6.6
2011-03-11T10:52:08.320Z,5.0,38.491,143.36,36.4
2011-03-11T10:58:02.840Z,5.2,39.002,142.267,15.4
2011-03-11T11:00:52.420Z,5.6,37.737,141.496,41.8
2011-03-11T11:02:30.040Z,5.3,39.173,142.965,47.5
2011-03-11T11:06:07.560Z,5.0,38.004,142.605,35.0
2011-03-11T11:06:44.440Z,5.1,37.024,142.544,35.0
2011-03-11T11:09:45.830Z,5.2,36.481,143.265,35.0
2011-03-11T11:10:58.300Z,5.5,35.535,141.842,35.0
2011-03-11T11:13:12.980Z,5.5,36.38,141.778,25.9
2011-03-11T11:15:56.250Z,5.3,39.193,143.323,52.1
2011-03-11T11:16:50.250Z,5.5,36.628,141.809,36.6
2011-03-11T11:21:03.070Z,5.7,35.684,140.933,35.0
2011-03-11T11:21:29.790Z,5.8,37.547,143.073,35.0
2011-03-11T11:25:31.740Z,5.2,35.571,142.011,9.6
2011-03-11T11:27:18.490Z,5.4,39.128,143.369,10.0
2011-03-11T11:28:50.830Z,5.2,38.504,142.162,27.7
2011-03-11T11:30:19.150Z,5.4,39.219,143.43,13.8
2011-03-11T11:31:13.990Z,5.1,38.085,140.115,58.1
2011-03-11T11:32:14.800Z,5.7,36.238,142.396,35.0
2011-03-11T11:32:27.130Z,5.8,39.065,143.166,36.3
2011-03-11T11:35:25.320Z,5.3,37.906,144.783,18.3
2011-03-11T11:36:40.920Z,6.6,39.241,142.463,25.7
2011-03-11T11:42:08.320Z,5.4,39.319,142.906,10.0
2011-03-11T11:44:28.300Z,5.7,36.695,142.244,35.0
2011-03-11T11:46:42.500Z,5.8,36.004,141.171,17.7
2011-03-11T11:49:22.550Z,5.0,37.9,144.486,22.7
2011-03-11T11:54:00.740Z,5.3,36.93,142.513,35.0
2011-03-11T11:55:21.300Z,5.3,37.228,142.703,10.0
2011-03-11T11:56:13.240Z,5.5,36.267,141.527,23.1
2011-03-11T11:56:34.940Z,5.3,37.693,143.014,25.9
2011-03-11T11:57:16.060Z,5.3,39.202,142.094,44.5
2011-03-11T11:58:54.410Z,5.6,35.752,142.08,35.0
2011-03-11T12:04:11.930Z,5.1,36.333,142.744,10.0
2011-03-11T12:10:19.100Z,5.0,38.899,144.64,35.0
2011-03-11T12:12:54.800Z,5.9,38.055,142.548,35.0
2011-03-11T12:15:45.320Z,5.8,39.084,142.264,50.2
2011-03-11T12:24:35.150Z,5.3,36.48,141.75,14.6
2011-03-11T12:28:45.910Z,5.2,36.191,141.712,39.8
2011-03-11T12:33:18.180Z,5.4,38.059,142.695,50.9
2011-03-11T12:34:19.660Z,5.3,36.986,143.624,26.1
2011-03-11T12:34:31.830Z,5.4,37.463,143.301,10.0
2011-03-11T12:35:21.680Z,5.3,39.283,143.512,10.0
2011-03-11T12:49:02.640Z,5.6,36.147,141.602,35.0
2011-03-11T12:54:53.250Z,5.4,38.499,141.976,50.9
2011-03-11T12:56:05.330Z,5.5,37.795,141.96,35.0
2011-03-11T12:59:22.310Z,5.2,36.145,141.692,35.0
2011-03-11T13:02:43.170Z,5.3,36.541,141.976,42.3
2011-03-11T13:14:40.230Z,5.1,37.744,143.762,35.0
2011-03-11T13:15:47.030Z,5.1,37.377,141.884,52.8
2011-03-11T13:16:51.500Z,5.6,36.371,141.743,57.7
2011-03-11T13:18:16.630Z,5.5,37.575,142.827,35.0
2011-03-11T13:26:26.390Z,5.0,35.789,142.135,35.0
2011-03-11T13:31:55.460Z,5.1,39.21,142.798,35.0
2011-03-11T13:34:30.600Z,5.5,36.162,141.84,4.7
2011-03-11T13:42:27.190Z,5.0,37.338,142.061,33.1
2011-03-11T13:43:09.590Z,5.7,38.989,144.126,25.3
2011-03-11T13:47:42.760Z,5.0,36.87,141.15,66.1
2011-03-11T13:48:29.400Z,5.0,36.635,141.878,35.0
2011-03-11T13:48:37.840Z,5.3,38.371,143.123,32.7
2011-03-11T13:55:28.870Z,5.2,37.995,142.895,47.4
2011-03-11T13:56:01.600Z,5.1,37.217,142.144,47.6
2011-03-11T14:00:38.590Z,5.5,36.123,140.761,51.3
2011-03-11T14:10:37.160Z,5.2,37.498,141.935,21.7
2011-03-11T14:20:16.220Z,5.1,37.546,143.221,24.6
2011-03-11T14:21:21.490Z,5.0,37.093,142.112,32.5
2011-03-11T14:26:33.850Z,5.0,37.408,142.379,38.5
2011-03-11T14:27:40.540Z,5.4,37.052,143.957,35.0
2011-03-11T14:27:57.040Z,5.5,37.112,144.036,20.7
2011-03-11T14:44:11.070Z,5.1,36.673,140.795,59.1
2011-03-11T14:49:09.480Z,5.0,38.118,144.287,6.2
2011-03-11T14:53:59.730Z,5.3,35.966,141.899,9.3
2011-03-11T14:56:11.930Z,5.8,35.96,141.403,10.2
2011-03-11T15:01:41.110Z,5.0,39.045,142.354,59.9
2011-03-11T15:06:24.310Z,5.0,37.283,141.741,31.9
2011-03-11T15:07:39.530Z,5.5,36.332,141.54,15.1
2011-03-11T15:13:14.680Z,6.3,35.994,141.808,21.0
2011-03-11T15:19:38.270Z,5.5,36.247,141.856,35.0
2011-03-11T15:20:08.190Z,6.0,36.398,141.864,52.8
2011-03-11T15:22:27.020Z,5.5,35.637,141.548,35.0
2011-03-11T15:26:00.170Z,5.2,37.319,142.284,20.1
2011-03-11T15:32:34.050Z,5.2,37.181,142.245,33.2
2011-03-11T15:42:03.880Z,5.4,36.024,141.713,16.9
2011-03-11T15:46:02.560Z,5.0,35.939,141.965,35.0
2011-03-11T15:50:57.080Z,5.0,37.496,142.37,14.3
2011-03-11T15:51:44.270Z,5.0,38.699,142.991,35.0
2011-03-11T16:02:01.300Z,5.4,36.575,144.069,35.0
2011-03-11T16:04:53.280Z,5.3,39.256,144.406,35.0
2011-03-11T16:11:30.000Z,5.5,39.464,143.465,35.0
2011-03-11T16:34:21.000Z,5.0,39.621,143.379,35.0
2011-03-11T16:36:59.650Z,5.0,36.557,142.303,35.0
2011-03-11T16:55:53.460Z,5.0,37.817,143.149,35.0
2011-03-11T16:59:55.980Z,5.0,38.167,144.338,35.0
2011-03-11T17:11:14.950Z,5.0,38.501,144.3,18.3
2011-03-11T17:12:37.500Z,5.0,37.472,144.091,10.0
2011-03-11T17:16:56.210Z,5.6,36.999,144.159,9.3
2011-03-11T17:17:23.610Z,5.5,35.331,141.391,1.7
2011-03-11T17:20:54.290Z,5.1,37.743,143.571,35.0
2011-03-11T17:22:56.000Z,5.1,36.566,142.428,35.0
2011-03-11T17:23:55.220Z,5.0,35.997,141.814,15.9
2011-03-11T17:30:47.410Z,5.0,37.377,141.136,23.9
2011-03-11T17:32:12.250Z,5.4,37.055,144.632,19.4
2011-03-11T17:34:20.820Z,5.1,37.329,142.706,44.9
2011-03-11T17:38:04.010Z,5.2,39.742,143.423,50.8
2011-03-11T17:50:01.780Z,5.0,37.663,144.909,35.0
2011-03-11T17:51:22.700Z,5.0,36.765,142.056,49.8
2011-03-11T18:11:24.660Z,5.7,37.197,142.096,15.6
2011-03-11T18:13:41.870Z,5.1,36.453,142.205,35.0
2011-03-11T18:17:07.290Z,5.8,36.22,141.628,39.5
2011-03-11T18:43:02.930Z,5.0,39.188,143.255,38.9
2011-03-11T18:44:09.200Z,5.0,36.832,141.024,54.2
2011-03-11T18:45:26.510Z,5.1,36.129,141.241,16.2
2011-03-11T18:55:11.360Z,5.0,35.8,141.741,4.1
2011-03-11T18:59:16.540Z,6.2,37.014,138.376,9.3
2011-03-11T19:02:59.170Z,6.0,39.342,142.872,27.1
2011-03-11T19:08:38.730Z,5.5,36.264,140.884,9.1
2011-03-11T19:10:52.320Z,5.0,38.163,144.015,35.0
2011-03-11T19:24:24.510Z,5.5,35.685,140.658,2.2
2011-03-11T19:30:08.980Z,5.0,37.059,142.983,10.0
2011-03-11T19:31:56.250Z,5.7,36.943,138.3,12.4
2011-03-11T19:32:15.840Z,5.2,37.111,142.44,35.0
2011-03-11T19:40:11.640Z,5.0,37.436,143.558,35.0
2011-03-11T19:45:21.780Z,5.2,37.562,141.578,11.8
2011-03-11T19:46:50.880Z,6.2,40.483,139.055,10.0
2011-03-11T19:56:01.700Z,5.0,38.895,144.356,7.0
2011-03-11T20:11:24.060Z,6.1,39.005,142.633,17.4
2011-03-11T20:15:18.220Z,5.0,38.385,144.859,10.0
2011-03-11T20:23:41.280Z,5.7,35.814,141.605,8.1
2011-03-11T20:25:24.270Z,5.2,36.898,141.967,59.2
2011-03-11T20:26:16.730Z,5.4,37.678,143.34,6.2
2011-03-11T20:34:41.990Z,5.1,36.997,141.118,36.6
2011-03-11T20:36:10.270Z,5.5,37.829,142.828,25.8
2011-03-11T20:41:24.280Z,5.1,37.662,143.713,24.2
2011-03-11T20:42:38.600Z,5.0,38.275,142.257,10.0
2011-03-11T20:46:59.300Z,5.0,39.167,143.002,35.6
2011-03-11T21:00:43.950Z,5.4,38.998,142.478,16.6
2011-03-11T21:03:35.010Z,5.0,37.829,142.911,39.3
2011-03-11T21:42:00.060Z,5.2,37.255,142.302,28.2
2011-03-11T22:04:13.140Z,5.4,38.282,142.251,69.2
2011-03-11T22:18:39.210Z,5.0,36.634,141.641,40.5
2011-03-11T22:36:57.550Z,5.0,37.081,143.809,32.2
2011-03-11T22:42:59.200Z,5.1,37.609,143.811,34.1
2011-03-11T22:51:19.850Z,5.7,37.834,144.827,39.3
2011-03-11T22:54:27.530Z,5.4,36.486,142.311,20.4
2011-03-11T23:26:49.680Z,5.3,39.051,142.623,24.0
2011-03-11T23:40:11.420Z,5.0,37.064,143.524,24.5
2011-03-11T23:53:29.260Z,5.1,38.857,142.532,29.1
2011-03-11T23:58:03.430Z,5.3,38.397,143.525,31.0
2011-03-11T23:59:21.080Z,5.4,36.528,141.506,22.3
2011-03-12T00:21:24.420Z,5.0,36.555,143.595,22.6
2011-03-12T00:25:07.750Z,5.0,37.755,141.885,30.7
2011-03-12T00:39:38.040Z,5.0,37.207,142.499,35.0
2011-03-12T00:45:09.180Z,5.5,36.112,141.768,20.0
2011-03-12T01:03:58.700Z,5.0,37.821,141.392,30.1
2011-03-12T01:17:00.680Z,5.4,38.053,142.677,20.8
2011-03-12T01:25:01.270Z,5.0,36.339,141.665,13.0
2011-03-12T01:34:09.620Z,5.8,38.751,142.831,22.3
2011-03-12T01:35:29.930Z,5.3,39.16,142.941,34.9
2011-03-12T01:36:24.560Z,5.2,36.532,142.299,20.5
2011-03-12T01:43:19.860Z,5.1,36.331,141.555,28.4
2011-03-12T01:46:20.540Z,5.5,37.328,141.754,32.2
2011-03-12T01:47:15.400Z,6.5,37.594,142.648,20.0
2011-03-12T01:59:43.480Z,5.2,37.483,142.802,26.9
2011-03-12T02:34:05.040Z,5.2,36.667,141.431,26.9
2011-03-12T02:37:29.450Z,5.0,40.126,142.719,18.1
2011-03-12T02:43:10.090Z,5.0,39.099,142.304,24.6
2011-03-12T02:47:33.500Z,5.9,37.6,143.61,14.6
2011-03-12T02:51:47.470Z,5.0,37.722,144.22,22.2
2011-03-12T03:01:47.410Z,5.8,39.549,142.598,19.9
2011-03-12T03:11:57.760Z,5.9,35.952,141.344,16.7
2011-03-12T03:29:27.810Z,5.3,37.887,144.623,24.9
2011-03-12T03:34:43.920Z,5.3,35.222,140.953,13.6
2011-03-12T03:54:44.740Z,5.0,35.79,141.226,8.8
2011-03-12T04:06:10.220Z,5.2,38.865,141.779,38.2
2011-03-12T04:47:18.840Z,5.1,35.905,141.34,31.1
2011-03-12T04:52:57.130Z,5.7,40.082,143.202,25.5
2011-03-12T05:58:55.960Z,5.1,37.734,143.907,16.6
2011-03-12T06:00:25.280Z,5.1,36.367,141.73,30.7
2011-03-12T06:10:17.960Z,5.1,37.09,143.812,6.9
2011-03-12T06:10:45.030Z,5.4,38.494,143.796,20.1
2011-03-12T06:18:44.570Z,5.5,39.171,142.33,53.7
2011-03-12T06:35:59.960Z,5.0,39.597,143.452,28.3
2011-03-12T07:13:37.480Z,5.0,37.424,142.007,47.2
2011-03-12T07:18:55.000Z,5.1,39.001,144.675,29.6
2011-03-12T07:35:39.260Z,5.0,37.38,142.575,38.8
2011-03-12T07:36:58.940Z,5.1,36.888,141.563,54.5
2011-03-12T07:54:09.390Z,5.1,35.905,141.45,37.3
2011-03-12T08:52:47.840Z,5.0,37.178,143.624,23.3
2011-03-12T08:59:59.970Z,5.2,37.322,143.571,24.1
2011-03-12T09:18:53.520Z,5.2,37.094,143.466,10.0
2011-03-12T09:27:13.360Z,5.0,37.384,143.704,35.0
2011-03-12T09:40:44.550Z,5.2,38.859,142.811,32.5
2011-03-12T10:00:27.220Z,5.0,35.944,141.772,35.0
2011-03-12T10:20:21.180Z,5.3,37.151,143.469,22.3
2011-03-12T10:34:47.390Z,5.2,37.498,144.454,26.9
2011-03-12T10:39:12.510Z,5.0,36.699,141.763,35.0
2011-03-12T10:53:30.780Z,5.7,39.049,142.279,27.0
2011-03-12T11:45:59.990Z,5.3,35.743,141.681,10.0
2011-03-12T12:50:29.090Z,5.1,37.746,143.828,35.0
2011-03-12T12:53:52.100Z,5.9,37.734,143.506,34.1
2011-03-12T13:15:41.650Z,6.1,37.249,141.159,38.0
2011-03-12T13:23:53.220Z,5.2,36.204,141.935,28.5
2011-03-12T13:26:57.340Z,5.3,39.426,142.369,35.0
2011-03-12T13:57:12.670Z,5.2,36.342,141.797,35.0
2011-03-12T14:03:31.310Z,5.6,38.791,142.549,35.0
2011-03-12T14:35:01.120Z,5.4,35.776,141.662,35.0
2011-03-12T14:43:10.850Z,5.8,39.465,142.405,35.0
2011-03-12T16:22:09.780Z,5.1,37.911,144.752,7.7
2011-03-12T17:01:19.190Z,5.1,37.72,143.348,16.4
2011-03-12T17:11:05.910Z,5.2,37.999,143.943,9.9
2011-03-12T17:19:23.850Z,5.8,36.517,142.482,10.0
2011-03-12T19:11:57.050Z,5.3,37.713,142.608,4.7
2011-03-12T20:08:26.970Z,5.0,35.754,141.754,36.3
2011-03-12T20:09:56.270Z,5.1,36.747,143.993,35.0
2011-03-12T20:14:32.080Z,5.0,38.892,144.751,4.2
2011-03-12T21:38:35.680Z,5.0,37.861,144.234,35.0
2011-03-12T21:48:09.620Z,5.4,39.612,142.569,26.4
2011-03-12T21:58:18.870Z,5.4,39.03,142.31,44.9
2011-03-12T22:12:46.270Z,5.8,37.681,141.889,16.0
2011-03-12T22:31:27.320Z,5.3,39.175,142.27,31.0
2011-03-12T23:20:41.040Z,5.4,37.998,142.282,23.5
2011-03-12T23:24:48.780Z,6.1,38.047,141.72,15.0
2011-03-12T23:37:22.950Z,5.1,36.732,142.296,22.2
2011-03-12T23:40:48.800Z,5.2,36.624,141.661,29.7
2011-03-12T23:51:23.160Z,5.0,37.075,143.387,21.0
2011-03-12T23:53:42.240Z,5.0,37.681,143.381,8.7
2011-03-13T00:32:57.240Z,5.0,36.008,140.868,24.2
2011-03-13T00:43:17.970Z,5.0,38.038,142.712,32.3
2011-03-13T00:47:06.010Z,5.2,39.081,143.232,36.6
2011-03-13T01:26:04.250Z,6.1,35.723,141.637,8.0
2011-03-13T01:31:29.050Z,5.1,37.511,143.84,22.3
2011-03-13T01:42:51.200Z,5.2,36.907,142.903,7.3
2011-03-13T02:23:34.520Z,5.8,36.344,142.344,10.1
2011-03-13T02:42:26.840Z,5.1,39.689,144.347,14.3
2011-03-13T02:48:17.600Z,5.1,36.851,142.595,12.9
2011-03-13T02:51:22.380Z,5.3,36.908,143.332,12.6
2011-03-13T02:53:23.340Z,5.1,39.471,143.266,21.9
2011-03-13T02:57:13.410Z,5.3,36.881,143.296,14.6
2011-03-13T04:12:56.710Z,5.0,35.668,141.724,35.7
2011-03-13T04:23:23.730Z,5.1,38.192,142.969,26.6
2011-03-13T04:36:13.350Z,5.1,35.208,140.973,22.4
2011-03-13T04:40:27.120Z,5.1,36.3,142.257,12.3
2011-03-13T07:04:38.310Z,5.3,38.326,144.019,35.0
2011-03-13T07:56:42.520Z,5.7,39.642,143.181,13.0
2011-03-13T08:43:24.980Z,5.0,37.174,142.4,37.0
2011-03-13T09:12:56.680Z,5.1,37.727,143.807,14.4
2011-03-13T09:25:07.970Z,5.1,39.02,142.441,25.0
2011-03-13T09:52:30.970Z,5.6,38.849,141.858,33.0
2011-03-13T11:37:30.420Z,5.7,37.348,142.394,17.0
2011-03-13T13:16:33.460Z,5.4,34.326,141.613,35.2
2011-03-13T14:31:57.140Z,5.2,39.167,142.729,27.2
2011-03-13T14:41:20.510Z,5.1,38.282,142.791,12.0
2011-03-13T14:48:01.360Z,5.4,37.767,142.783,17.9
2011-03-13T15:08:48.640Z,5.2,36.902,144.471,21.1
2011-03-13T15:10:52.460Z,5.2,35.468,140.834,35.0
2011-03-13T15:27:21.190Z,5.0,39.445,142.586,36.9
2011-03-13T17:01:30.180Z,5.1,35.132,141.149,16.6
2011-03-13T17:04:01.430Z,5.1,37.645,143.597,35.0
2011-03-13T17:40:30.060Z,5.0,37.933,142.595,20.0
2011-03-13T17:55:21.600Z,5.6,35.152,141.1,9.6
2011-03-13T19:59:50.090Z,5.2,36.921,141.906,25.4
2011-03-13T22:20:18.100Z,5.2,36.023,141.792,21.2
2011-03-13T22:26:04.670Z,5.0,35.933,141.861,2.8
2011-03-13T23:53:46.390Z,5.0,35.763,140.997,4.6
2011-03-14T00:22:47.090Z,5.0,36.905,141.771,9.7
2011-03-14T01:02:38.560Z,5.5,36.408,140.894,11.0
2011-03-14T01:57:55.000Z,5.1,36.641,142.4,35.0
2011-03-14T02:05:02.330Z,5.2,40.303,143.69,25.9
2011-03-14T03:15:50.490Z,5.4,36.278,142.079,16.0
2011-03-14T03:18:46.290Z,5.2,39.157,144.403,30.2
2011-03-14T03:20:41.720Z,5.2,36.642,141.721,33.4
2011-03-14T04:57:54.330Z,5.0,36.743,143.463,16.9
2011-03-14T06:12:36.060Z,6.0,37.785,142.456,14.0
2011-03-14T06:18:32.300Z,5.3,37.451,141.227,35.0
2011-03-14T06:27:27.280Z,5.2,36.625,141.838,35.0
2011-03-14T06:43:55.820Z,5.2,39.073,142.307,41.4
2011-03-14T06:46:58.690Z,5.1,37.909,142.895,35.1
2011-03-14T06:52:25.130Z,5.2,36.976,140.97,62.0
2011-03-14T07:00:14.940Z,5.0,39.233,143.386,28.4
2011-03-14T07:03:30.780Z,5.2,39.745,143.566,33.9
2011-03-14T07:25:11.580Z,5.2,36.726,141.269,48.4
2011-03-14T09:07:49.850Z,5.0,36.914,141.251,40.6
2011-03-14T10:28:39.080Z,5.1,37.149,142.177,9.1
2011-03-14T14:22:38.840Z,5.1,36.17,141.655,38.5
2011-03-14T14:50:56.150Z,5.2,38.316,142.148,39.3
2011-03-14T17:59:41.080Z,5.6,37.206,142.245,20.3
2011-03-14T18:01:34.480Z,5.4,37.053,142.357,37.1
2011-03-14T18:41:01.470Z,5.4,36.576,141.745,26.1
2011-03-14T19:28:28.690Z,5.1,38.64,141.721,39.3
2011-03-14T22:04:11.750Z,5.0,35.75,141.061,43.8
2011-03-14T23:22:02.240Z,5.2,40.393,143.848,35.0
2011-03-14T23:23:11.540Z,5.0,39.874,142.981,23.9
2011-03-15T03:21:35.270Z,5.0,37.705,143.938,26.0
2011-03-15T07:08:30.850Z,5.0,38.341,142.2,43.8
2011-03-15T08:01:43.760Z,5.4,40.401,143.24,12.0
2011-03-15T08:48:24.130Z,5.1,37.519,143.547,34.2
2011-03-15T09:49:52.640Z,5.8,37.367,142.301,8.0
2011-03-15T10:50:01.050Z,5.2,35.578,141.876,35.0
2011-03-15T11:06:15.910Z,5.1,37.145,142.375,22.5
2011-03-15T11:46:21.020Z,5.5,40.419,142.959,35.3
2011-03-15T13:27:56.630Z,6.0,37.576,142.237,28.0
2011-03-15T13:31:46.320Z,6.0,35.272,138.582,9.0
2011-03-15T13:37:57.090Z,5.1,37.674,141.941,44.8
2011-03-15T13:47:09.870Z,5.0,37.35,142.153,35.0
2011-03-15T15:23:53.850Z,6.1,40.335,143.288,18.0
2011-03-15T19:01:30.540Z,5.4,38.132,141.934,10.0
2011-03-15T20:14:33.490Z,5.0,37.69,143.453,22.5
2011-03-15T20:29:59.820Z,5.7,35.209,140.994,19.4
2011-03-15T21:04:54.340Z,5.0,36.744,140.286,50.3
2011-03-15T22:37:13.930Z,5.2,37.37,144.141,10.0
2011-03-16T03:52:02.970Z,5.7,35.747,140.71,10.0
2011-03-16T04:14:30.520Z,5.4,37.552,141.429,16.6
2011-03-16T06:29:03.250Z,5.7,39.887,142.019,36.0
2011-03-16T10:16:12.460Z,5.2,39.799,143.426,24.8
2011-03-16T11:44:57.350Z,5.0,37.662,141.49,35.0
2011-03-16T13:38:41.010Z,5.0,36.916,140.466,28.7
2011-03-16T13:39:05.310Z,5.3,35.823,140.306,84.8
2011-03-16T14:46:11.450Z,5.2,38.541,141.657,62.2
2011-03-16T15:27:03.140Z,5.0,36.247,142.495,36.2
2011-03-16T18:12:57.420Z,5.1,37.123,142.173,21.0
2011-03-16T18:23:08.500Z,5.1,29.356,141.809,22.7
2011-03-16T20:44:41.200Z,5.1,37.336,143.639,10.4
2011-03-16T23:38:20.410Z,5.3,39.131,142.533,34.6
2011-03-17T03:50:52.020Z,5.2,36.31,142.892,12.9
2011-03-17T04:13:56.780Z,6.2,40.136,142.168,29.0
2011-03-17T05:06:59.910Z,5.3,38.019,143.521,21.2
2011-03-17T06:12:41.550Z,5.6,37.709,143.443,16.5
2011-03-17T06:24:33.390Z,5.2,37.261,142.07,41.2
2011-03-17T06:42:45.750Z,5.2,38.666,143.927,35.4
2011-03-17T08:25:28.490Z,5.3,36.658,141.631,52.0
2011-03-17T08:59:43.220Z,5.2,40.254,142.409,53.1
2011-03-17T09:05:59.470Z,5.1,40.255,142.336,35.0
2011-03-17T12:32:04.610Z,5.5,35.496,140.763,35.8
2011-03-17T12:33:25.000Z,5.4,35.481,140.877,34.3
2011-03-17T12:54:52.640Z,5.8,36.757,141.202,29.0
2011-03-17T18:55:36.930Z,5.5,37.125,142.335,26.0
2011-03-17T19:02:56.120Z,5.0,38.239,142.286,45.9
2011-03-17T19:05:42.590Z,5.1,36.203,141.772,26.0
2011-03-18T00:41:18.720Z,5.1,35.877,141.641,22.9
2011-03-18T02:47:47.570Z,5.0,37.176,141.767,33.5
2011-03-18T03:23:53.830Z,5.5,37.759,143.488,6.4
2011-03-18T08:01:33.810Z,5.3,35.734,140.881,24.5
2011-03-18T13:38:39.640Z,5.0,37.687,143.408,15.0
2011-03-18T17:28:55.700Z,5.2,35.083,141.486,42.0
2011-03-18T18:32:49.320Z,5.1,39.11,142.319,49.9
2011-03-18T19:19:19.410Z,5.0,36.47,142.676,29.6
2011-03-18T19:53:06.970Z,5.3,37.579,141.406,65.3
2011-03-18T21:09:32.340Z,5.0,37.491,145.02,1.2
2011-03-18T23:33:01.380Z,5.5,39.161,142.23,41.6
2011-03-18T23:34:29.710Z,5.2,24.223,125.313,27.8
2011-03-18T23:49:06.740Z,5.1,37.761,141.829,34.4
2011-03-18T23:49:36.450Z,5.1,36.941,140.615,40.5
2011-03-19T01:22:44.790Z,5.9,39.696,142.904,15.0
2011-03-19T01:27:13.650Z,5.4,39.547,143.045,31.5
2011-03-19T09:56:47.710Z,5.7,36.796,140.268,6.0
2011-03-20T01:09:43.770Z,5.1,39.136,142.401,28.5
2011-03-20T01:24:42.890Z,5.0,37.301,141.713,27.6
2011-03-20T01:30:45.150Z,5.4,36.953,141.014,21.9
2011-03-20T05:55:30.890Z,5.6,37.724,141.363,57.1
2011-03-20T05:58:05.140Z,5.2,35.284,140.988,27.3
2011-03-20T07:54:15.170Z,5.2,39.849,143.51,35.4
2011-03-20T07:56:30.510Z,5.2,36.205,141.782,31.7
2011-03-20T10:35:51.350Z,5.1,35.157,141.123,8.7
2011-03-20T12:03:46.720Z,5.8,39.35,141.824,42.0
2011-03-20T14:48:54.130Z,5.1,35.33,140.961,36.4
2011-03-20T15:51:22.950Z,5.0,36.381,143.372,31.2
2011-03-20T17:08:56.060Z,5.2,37.136,143.853,23.4
2011-03-21T05:54:12.510Z,5.0,36.252,142.014,35.0
2011-03-21T10:43:10.600Z,5.1,37.973,144.686,10.0
2011-03-21T19:01:19.310Z,5.0,36.682,143.178,36.9
2011-03-22T01:13:47.880Z,5.0,36.057,141.802,42.3
2011-03-22T03:38:35.840Z,5.7,35.205,140.997,20.0
2011-03-22T05:59:38.500Z,5.1,35.685,141.593,49.2
2011-03-22T07:18:45.380Z,6.4,37.244,144.003,11.0
2011-03-22T09:19:06.230Z,6.1,37.325,141.791,31.0
2011-03-22T09:44:29.330Z,6.4,39.851,143.437,13.0
2011-03-22T11:21:39.290Z,5.6,39.733,143.113,30.9
2011-03-22T12:01:22.420Z,5.6,36.866,143.188,10.0
2011-03-22T12:04:08.970Z,5.7,36.289,141.404,45.0
2011-03-22T12:56:24.750Z,5.1,37.065,143.982,22.2
2011-03-22T13:50:51.910Z,5.9,35.795,141.549,20.0
2011-03-22T15:03:46.840Z,5.6,35.787,141.567,19.0
2011-03-22T15:49:27.460Z,5.1,39.2,142.315,28.5
2011-03-22T16:05:51.340Z,5.1,35.749,141.601,45.7
2011-03-22T16:12:09.230Z,5.3,35.681,141.637,31.4
2011-03-22T22:12:31.820Z,5.5,37.065,140.638,18.0
2011-03-22T22:13:57.200Z,5.5,37.014,140.679,40.7
2011-03-22T22:35:00.720Z,5.5,37.111,140.58,37.5
2011-03-22T22:36:32.830Z,5.2,37.101,140.555,16.4
2011-03-22T22:53:31.930Z,5.0,37.055,140.606,34.8
2011-03-22T23:46:53.960Z,5.0,35.239,140.933,35.0
2011-03-23T00:06:43.490Z,5.0,39.206,142.254,40.7
2011-03-23T09:35:56.990Z,5.2,39.623,143.265,27.2
2011-03-23T10:43:36.250Z,5.1,36.665,141.464,35.0
2011-03-23T13:56:27.830Z,5.0,37.651,142.806,34.5
2011-03-23T20:43:13.280Z,5.1,35.923,141.15,21.4
2011-03-24T03:58:09.600Z,5.1,38.608,142.812,41.6
2011-03-24T07:03:55.990Z,5.0,36.145,141.693,38.2
2011-03-24T08:21:00.140Z,5.8,39.079,142.084,27.0
2011-03-24T19:17:18.490Z,5.4,37.992,143.592,24.0
2011-03-24T19:22:02.700Z,5.0,38.005,143.622,20.4
2011-03-25T09:43:45.150Z,5.3,37.741,143.882,10.0
2011-03-25T11:36:24.490Z,6.2,38.772,141.88,39.0
2011-03-25T12:43:11.620Z,5.1,37.71,143.837,25.7
2011-03-26T05:37:50.680Z,5.0,32.645,142.743,29.6
2011-03-26T10:18:36.680Z,5.3,38.583,141.74,58.9
2011-03-26T12:52:51.200Z,5.1,36.959,143.294,21.3
2011-03-27T03:20:17.910Z,5.0,40.183,142.257,37.5
2011-03-27T05:07:56.000Z,5.0,39.927,141.854,72.1
2011-03-27T13:41:34.310Z,5.3,38.95,142.361,35.0
2011-03-27T22:23:58.800Z,6.2,38.415,142.011,19.0
2011-03-28T05:44:58.410Z,5.2,36.357,141.73,39.3
2011-03-28T11:18:46.350Z,5.2,38.799,142.899,34.0
2011-03-29T08:28:34.640Z,5.0,45.455,146.29,39.6
2011-03-29T10:54:33.200Z,6.1,37.401,142.29,15.0
2011-03-29T16:35:49.290Z,5.5,39.591,143.455,25.3
2011-03-30T05:29:52.520Z,5.7,36.143,142.464,11.0
2011-03-30T12:51:36.570Z,5.1,35.396,141.013,12.0
2011-03-30T13:00:05.230Z,5.2,38.671,141.978,47.8
2011-03-30T13:19:06.790Z,5.1,36.686,140.751,60.0
2011-03-30T23:52:11.250Z,5.0,26.998,141.39,78.2
2011-03-31T07:15:30.190Z,6.0,38.922,141.821,42.0
2011-03-31T07:36:31.250Z,5.1,32.43,142.624,23.2
2011-03-31T19:35:03.890Z,5.1,37.699,142.273,29.5
2011-04-01T10:49:49.070Z,5.0,40.304,140.208,40.4
2011-04-01T11:57:54.390Z,5.9,39.323,141.95,41.0
2011-04-01T12:15:06.040Z,5.1,36.723,141.825,24.3
2011-04-01T14:44:35.130Z,5.3,36.234,141.501,30.8
2011-04-01T17:03:46.390Z,5.5,40.282,143.209,20.5
2011-04-02T04:08:06.750Z,5.2,38.744,141.924,31.6
2011-04-03T07:38:46.480Z,5.2,37.635,141.451,59.3
2011-04-03T13:18:08.040Z,5.1,36.762,142.142,35.8
2011-04-03T14:55:30.440Z,5.0,37.805,142.162,50.9
2011-04-04T08:38:23.980Z,5.1,37.817,142.403,35.0
2011-04-04T08:42:31.690Z,5.0,37.828,142.473,36.6
2011-04-04T09:39:12.850Z,5.1,37.049,142.046,35.0
2011-04-05T22:01:59.330Z,5.0,38.372,142.104,16.3
2011-04-06T07:12:12.250Z,5.1,27.164,143.324,37.0
2011-04-06T13:54:52.200Z,5.3,37.654,141.425,59.6
2011-04-07T14:32:43.290Z,7.1,38.276,141.588,42.0
2011-04-07T22:02:19.880Z,5.1,39.142,142.893,40.9
2011-04-08T18:42:28.950Z,5.3,43.721,147.481,54.4
2011-04-09T01:25:26.660Z,5.1,36.75,142.049,18.7
2011-04-09T09:42:21.890Z,5.3,38.28,141.701,65.3
2011-04-09T12:57:47.820Z,5.9,29.999,131.78,11.0
2011-04-10T21:35:52.590Z,5.1,36.774,140.987,35.0
2011-04-11T08:16:12.730Z,6.6,37.001,140.401,11.0
2011-04-11T08:16:50.910Z,5.8,37.791,140.812,10.0
2011-04-11T08:26:35.300Z,5.2,37.061,140.353,48.9
2011-04-11T08:58:07.210Z,5.0,37.03,140.369,38.1
2011-04-11T11:42:35.130Z,5.5,36.98,140.356,10.0
2011-04-11T17:53:32.050Z,5.4,37.643,144.47,12.0
2011-04-11T22:26:20.030Z,5.5,36.809,138.284,17.1
2011-04-11T23:08:16.870Z,6.2,35.417,140.575,15.0
2011-04-12T05:07:41.860Z,5.9,37.107,140.368,11.0
2011-04-12T19:37:48.290Z,5.6,39.368,141.895,45.0
2011-04-12T23:36:21.520Z,5.1,35.376,140.678,19.0
2011-04-13T01:08:02.190Z,5.3,36.953,140.418,32.0
2011-04-13T19:57:25.420Z,6.0,39.583,143.34,22.0
2011-04-13T20:02:30.980Z,5.0,39.568,143.414,14.7
2011-04-13T20:03:49.700Z,5.0,39.497,143.365,6.9
2011-04-13T20:32:21.420Z,5.5,39.619,143.191,18.5
2011-04-13T22:35:53.300Z,5.0,36.797,140.372,25.0
2011-04-14T03:08:57.990Z,5.1,36.985,140.602,10.0
2011-04-14T06:07:09.450Z,5.1,36.686,141.58,36.2
2011-04-14T06:08:47.340Z,5.7,35.56,141.881,10.0
2011-04-15T21:10:37.980Z,5.0,37.211,142.41,27.6
2011-04-16T01:11:10.380Z,5.7,25.435,123.897,131.0
2011-04-16T02:19:30.790Z,5.8,36.378,139.653,77.0
2011-04-16T09:20:25.670Z,5.2,27.937,139.395,506.2
2011-04-16T20:36:46.320Z,5.5,36.878,143.917,15.1
2011-04-18T13:03:33.600Z,5.0,40.32,140.478,74.7
2011-04-19T04:04:30.080Z,5.0,37.186,143.491,14.5
2011-04-21T00:39:03.210Z,5.7,40.341,143.549,10.0
2011-04-21T01:54:41.580Z,5.8,40.306,143.628,11.0
2011-04-21T03:08:37.540Z,5.0,37.265,142.247,24.2
2011-04-21T08:18:16.140Z,5.0,38.327,142.093,40.2
2011-04-21T13:37:03.340Z,6.2,35.579,140.305,43.0
2011-04-21T13:47:11.230Z,5.1,35.712,140.696,35.0
2011-04-21T16:11:18.450Z,5.6,37.553,141.219,55.6
2011-04-22T15:25:17.840Z,5.2,37.226,140.988,23.5
2011-04-22T16:27:40.690Z,5.0,37.083,144.124,37.8
2011-04-23T10:12:46.980Z,5.9,39.097,142.87,31.0
2011-04-24T21:06:38.640Z,5.0,35.196,140.931,41.1
2011-04-25T09:00:21.590Z,5.1,36.217,140.887,33.6
2011-04-25T21:14:14.400Z,5.1,36.846,142.167,22.0
2011-04-26T12:12:00.530Z,5.0,36.085,139.778,40.2
2011-04-27T21:42:47.120Z,5.0,36.798,142.552,9.9
2011-04-27T21:45:04.220Z,5.0,38.151,141.651,66.2
2011-04-28T00:02:22.820Z,5.0,36.719,142.568,15.5
2011-04-28T09:27:47.230Z,5.5,37.455,141.653,38.0
2011-04-29T22:19:33.370Z,5.2,38.859,141.916,59.2
2011-04-30T05:06:35.860Z,5.1,36.785,141.067,38.8
2011-04-30T11:13:51.070Z,5.0,35.146,141.585,22.9
2011-05-02T21:25:49.540Z,5.1,40.102,142.564,32.3
2011-05-04T05:41:40.480Z,5.0,40.786,141.269,35.0
2011-05-04T08:23:53.110Z,5.4,37.044,143.246,35.0
2011-05-05T14:58:18.680Z,6.0,38.17,144.032,11.0
2011-05-05T15:26:46.740Z,5.0,37.425,141.448,29.9
2011-05-05T17:04:29.520Z,5.2,37.072,140.754,14.8
2011-05-05T18:36:16.960Z,5.2,35.588,141.988,29.9
2011-05-05T23:21:22.100Z,5.5,26.124,128.398,10.0
2011-05-07T20:52:20.760Z,5.7,40.239,142.243,35.0
2011-05-09T20:15:53.560Z,5.6,37.739,143.536,11.0
2011-05-10T07:16:14.180Z,5.1,37.261,143.706,35.0
2011-05-10T08:30:30.850Z,5.2,37.797,143.561,25.1
2011-05-10T08:54:50.000Z,5.0,38.187,142.138,58.7
2011-05-10T10:14:43.160Z,5.1,36.235,141.608,41.4
2011-05-10T10:36:39.730Z,5.0,36.111,141.876,23.9
2011-05-10T15:26:04.610Z,5.7,43.292,130.938,544.6
2011-05-11T01:20:05.600Z,5.2,37.81,143.56,14.6
2011-05-11T18:14:31.890Z,5.2,36.1,142.267,10.0
2011-05-13T23:35:52.860Z,6.1,37.396,141.341,35.0
2011-05-14T22:30:29.660Z,5.1,43.144,146.131,36.6
2011-05-14T23:50:49.810Z,5.0,37.666,141.396,60.2
2011-05-15T10:25:21.270Z,5.1,37.059,142.33,31.3
2011-05-15T12:14:20.300Z,5.1,37.244,142.612,56.8
2011-05-19T09:12:48.480Z,5.3,37.121,142.674,40.5
2011-05-20T00:46:16.950Z,5.8,35.761,140.843,29.0
2011-05-20T05:16:45.700Z,5.0,25.521,142.639,52.5
2011-05-20T07:28:48.150Z,5.1,37.44,141.414,43.4
2011-05-21T22:06:26.390Z,5.6,35.597,140.492,37.0
2011-05-22T08:33:41.390Z,5.0,39.209,142.831,35.0
2011-05-22T14:46:11.670Z,5.6,37.601,143.488,28.6
2011-05-24T03:40:51.300Z,5.8,39.709,143.247,16.0
2011-05-24T11:49:23.490Z,5.0,36.377,140.942,35.0
2011-05-28T13:46:07.930Z,5.0,36.287,142.021,35.0
2011-05-28T14:56:04.930Z,5.0,37.423,143.586,35.0
2011-05-30T23:53:45.480Z,5.1,40.29,143.205,39.4
2011-05-31T12:28:38.310Z,5.4,39.409,141.791,64.9
2011-05-31T16:26:12.390Z,5.0,40.251,143.221,38.8
2011-06-01T03:14:14.440Z,5.2,39.737,143.566,36.3
2011-06-01T23:34:17.970Z,5.2,27.034,140.294,460.6
2011-06-03T00:05:00.830Z,6.1,37.285,143.907,14.0
2011-06-03T16:00:15.030Z,5.5,37.067,140.912,17.0
2011-06-03T16:57:31.560Z,5.0,35.027,132.325,10.0
2011-06-08T22:11:17.360Z,5.0,39.031,142.318,46.7
2011-06-09T10:26:08.200Z,5.0,37.263,142.147,35.0
2011-06-09T10:38:34.540Z,5.4,36.478,140.774,15.7
2011-06-10T22:35:55.070Z,5.0,38.315,142.156,31.5
2011-06-12T20:48:16.640Z,5.0,28.096,129.965,23.4
2011-06-13T06:50:31.620Z,5.1,39.91,143.02,17.9
2011-06-14T12:48:53.160Z,5.0,43.221,145.236,56.2
2011-06-14T13:06:52.190Z,5.7,37.727,143.512,14.0
2011-06-14T14:56:00.700Z,5.4,39.483,142.392,20.5
2011-06-15T04:41:03.610Z,5.3,26.788,144.108,10.0
2011-06-16T10:09:09.720Z,5.0,39.795,143.199,19.3
2011-06-18T11:31:05.880Z,5.7,37.664,141.664,20.0
2011-06-21T08:49:40.500Z,5.4,35.623,141.314,15.0
2011-06-22T14:28:59.170Z,5.7,40.046,142.777,42.7
2011-06-22T20:43:49.180Z,5.1,37.704,144.26,14.5
2011-06-22T21:50:52.350Z,6.7,39.955,142.205,33.0
2011-06-23T10:35:00.230Z,5.3,38.479,141.439,35.0
2011-06-23T11:38:32.870Z,5.1,30.284,131.467,26.0
2011-06-24T17:39:27.210Z,5.5,42.049,142.553,58.1
2011-06-28T07:42:55.010Z,5.2,40.53,143.805,27.2
2011-06-29T22:14:38.480Z,5.0,35.598,140.461,54.8
2011-06-29T23:16:40.170Z,5.0,36.261,137.679,10.0
2011-07-03T16:05:58.220Z,5.1,45.999,149.46,155.3
2011-07-05T10:18:44.390Z,5.0,33.988,135.135,16.3
2011-07-06T15:14:59.030Z,5.7,36.372,141.618,10.0
2011-07-07T18:35:40.740Z,5.5,37.125,140.869,35.0
2011-07-08T13:10:48.760Z,5.0,39.87,142.102,50.6
2011-07-10T00:57:10.800Z,7.0,38.034,143.264,23.0
2011-07-11T04:29:30.480Z,5.2,39.349,141.859,65.5
2011-07-12T09:00:00.390Z,5.0,38.811,141.884,63.2
2011-07-12T20:47:13.780Z,5.1,37.348,141.015,32.0
2011-07-13T07:19:41.020Z,5.2,25.081,123.697,119.7
2011-07-14T04:10:55.070Z,5.0,36.934,141.136,21.5
2011-07-15T12:01:12.200Z,5.5,36.128,139.85,88.7
2011-07-15T18:00:23.940Z,5.4,27.016,140.128,472.3
2011-07-19T01:38:51.280Z,5.2,37.386,141.575,24.4
2011-07-20T19:18:14.840Z,5.3,27.236,128.2,63.9
2011-07-21T01:03:30.950Z,5.1,39.632,143.466,28.9
2011-07-23T04:34:24.180Z,6.3,38.898,141.815,41.0
2011-07-24T15:07:10.970Z,5.1,38.855,141.993,62.4
2011-07-24T18:51:25.070Z,6.3,37.73,141.39,40.0
2011-07-25T11:03:24.110Z,5.0,35.211,141.03,35.0
2011-07-25T11:04:46.030Z,5.1,38.571,141.876,35.0
2011-07-25T11:54:54.080Z,5.6,35.273,140.933,46.0
2011-07-27T14:50:00.740Z,5.0,40.097,142.746,48.9
2011-07-28T09:01:39.030Z,5.6,40.344,143.236,30.9
2011-07-28T16:50:25.700Z,5.2,38.918,142.561,47.8
2011-07-29T14:53:18.980Z,5.4,36.689,141.871,16.9
2011-07-30T13:21:34.560Z,5.0,34.825,141.601,35.0
2011-07-30T18:53:50.720Z,6.3,36.942,140.955,38.0
2011-07-31T17:35:57.870Z,5.5,41.795,142.826,32.4
2011-08-01T13:44:47.300Z,5.7,39.837,142.083,40.0
2011-08-01T13:48:11.790Z,5.4,27.281,141.201,117.6
2011-08-01T14:58:09.060Z,5.9,34.631,138.433,13.0
2011-08-05T10:53:22.230Z,5.0,40.131,142.312,54.2
2011-08-06T07:14:55.290Z,5.3,35.245,140.99,25.5
2011-08-11T13:31:26.840Z,5.2,38.363,142.039,44.4
2011-08-11T18:22:04.920Z,5.8,37.034,140.893,44.0
2011-08-11T19:37:44.280Z,5.0,34.398,137.962,6.1
2011-08-16T03:36:31.210Z,5.2,28.757,143.672,10.0
2011-08-16T12:43:01.790Z,5.0,38.072,143.491,25.8
2011-08-16T19:35:20.500Z,5.3,40.138,142.307,49.9
2011-08-17T03:05:07.240Z,5.0,38.395,142.093,42.0
2011-08-17T11:44:08.370Z,6.1,36.765,143.77,9.0
2011-08-19T05:36:33.040Z,6.2,37.671,141.652,47.0
2011-08-19T19:10:10.680Z,5.1,45.885,142.471,308.0
2011-08-22T11:23:35.250Z,5.9,36.083,141.688,12.0
2011-08-25T02:14:50.250Z,5.0,36.106,143.452,19.6
2011-09-03T20:52:49.440Z,5.0,35.79,139.358,100.8
2011-09-04T05:02:05.140Z,5.2,44.046,147.874,40.9
2011-09-05T19:49:13.170Z,5.1,36.51,142.622,10.0
2011-09-06T17:54:51.870Z,5.2,36.661,141.594,21.0
2011-09-07T00:09:59.760Z,5.0,39.962,143.477,24.1
2011-09-07T13:29:41.520Z,5.1,42.238,142.424,7.7
2011-09-08T13:38:13.170Z,5.1,37.238,141.835,37.0
2011-09-12T23:02:41.760Z,5.0,35.69,143.329,20.0
2011-09-15T08:00:09.640Z,6.1,36.256,141.338,28.0
2011-09-16T19:26:40.260Z,6.7,40.273,142.779,30.0
2011-09-16T19:40:00.140Z,5.1,40.164,143.397,35.0
2011-09-16T20:11:16.090Z,5.7,40.235,143.24,35.0
2011-09-16T21:08:05.330Z,5.9,40.239,143.008,18.0
2011-09-16T21:36:38.590Z,5.8,40.077,143.15,40.7
2011-09-16T22:40:46.930Z,5.7,40.242,143.145,37.7
2011-09-17T07:33:57.840Z,5.3,40.291,142.861,30.0
2011-09-17T07:34:27.690Z,5.7,40.265,142.657,30.0
2011-09-17T17:54:47.410Z,5.2,40.248,143.226,22.1
2011-09-18T07:04:18.070Z,5.6,39.845,143.052,10.0
2011-09-18T10:39:48.400Z,5.1,42.036,142.315,69.4
2011-09-18T18:32:25.690Z,5.4,37.844,141.404,54.4
2011-09-21T13:31:01.430Z,5.1,36.774,140.324,42.5
2011-09-23T08:16:00.390Z,5.0,36.762,140.435,27.8
2011-09-23T13:12:27.300Z,5.2,39.352,141.85,61.7
2011-09-29T10:05:12.480Z,5.1,37.147,140.65,43.5
2011-09-29T18:26:56.370Z,5.0,26.648,127.653,45.1
2011-09-30T15:51:01.120Z,5.0,39.147,143.523,10.0
2011-10-04T01:37:29.130Z,5.6,26.768,140.429,455.9
2011-10-05T10:00:01.440Z,5.3,36.478,137.593,10.0
2011-10-05T10:06:13.770Z,5.2,36.49,137.384,13.1
2011-10-07T02:51:18.280Z,5.3,41.631,141.964,46.0
2011-10-10T02:45:57.860Z,5.6,37.547,141.257,46.0
2011-10-12T17:22:05.940Z,5.0,37.765,144.421,35.0
2011-10-17T09:15:23.420Z,5.0,37.744,141.89,35.4
2011-10-21T08:02:37.950Z,6.1,43.892,142.479,187.0
2011-10-25T17:08:54.920Z,5.0,37.026,140.971,37.1
2011-10-25T19:34:12.720Z,5.2,32.056,138.362,12.4
2011-10-30T03:23:46.000Z,5.7,25.372,122.866,224.2
2011-11-01T16:21:25.690Z,5.0,35.941,141.642,20.5
2011-11-03T10:34:30.410Z,5.0,35.814,139.934,82.5
2011-11-07T01:46:34.470Z,5.0,45.901,149.159,146.9
2011-11-08T02:59:08.510Z,6.9,27.324,125.621,224.9
2011-11-08T03:13:52.630Z,5.2,31.36,142.217,35.0
2011-11-08T08:34:59.690Z,5.0,37.651,143.962,21.9
2011-11-08T20:09:15.320Z,5.1,28.044,142.676,26.0
2011-11-08T22:45:04.820Z,5.0,37.4,142.762,36.3
2011-11-11T12:44:09.340Z,5.1,39.667,143.371,14.8
2011-11-16T00:43:58.130Z,5.3,34.14,141.468,39.3
2011-11-17T08:34:33.950Z,5.0,38.82,141.912,60.9
2011-11-17T09:43:04.970Z,5.0,35.671,141.633,33.5
2011-11-20T01:23:44.730Z,5.0,36.775,140.378,32.0
2011-11-21T10:16:33.810Z,5.1,34.847,132.715,35.0
2011-11-23T19:24:31.470Z,6.1,37.365,141.368,34.0
2011-11-24T10:25:34.030Z,6.2,41.898,142.639,38.0
2011-12-01T11:20:31.450Z,5.0,44.746,145.918,149.0
2011-12-02T20:55:29.490Z,5.2,35.257,140.152,30.9
2011-12-05T01:01:12.560Z,5.2,36.158,141.805,17.1
2011-12-10T19:00:54.430Z,5.0,37.659,143.588,10.0
2011-12-11T01:22:45.660Z,5.3,28.104,129.365,37.9
2011-12-13T00:57:08.090Z,5.0,37.754,143.651,10.7
2011-12-14T04:01:07.560Z,5.1,35.308,137.188,47.6
2011-12-15T02:49:24.600Z,5.0,38.069,143.338,35.0
2011-12-15T13:05:54.770Z,5.3,31.675,141.665,10.0
2011-12-15T15:12:48.270Z,5.6,31.717,141.631,34.8
2011-12-18T09:02:03.080Z,5.1,35.508,140.913,30.2
2011-12-20T06:26:23.210Z,5.1,40.099,142.559,52.7
2011-12-27T09:04:30.340Z,5.3,31.125,140.338,94.8
2011-12-30T17:07:23.390Z,5.2,30.799,138.254,405.8
2012-01-01T05:27:55.980Z,6.8,31.456,138.072,365.3
2012-01-04T02:07:53.420Z,5.0,27.917,130.221,35.0
2012-01-05T16:47:08.100Z,5.0,38.714,142.197,47.1
2012-01-06T19:04:03.970Z,5.0,26.944,143.559,11.6
2012-01-07T21:30:11.000Z,5.0,36.063,142.073,31.6
2012-01-12T03:20:49.990Z,5.5,36.994,141.071,16.0
2012-01-12T05:37:28.760Z,5.2,38.336,142.461,35.0
2012-01-12T15:26:28.760Z,5.0,36.672,141.895,25.3
2012-01-20T13:30:50.590Z,5.2,37.75,143.311,22.4
2012-01-23T11:45:43.700Z,5.2,37.108,140.965,62.4
2012-01-25T20:42:55.910Z,5.2,38.19,141.573,52.3
2012-01-27T01:08:31.130Z,5.0,37.904,143.891,14.0
2012-01-27T22:43:16.140Z,5.2,35.474,138.888,36.3
2012-01-28T00:22:18.940Z,5.6,40.177,142.211,55.3
2012-01-29T18:18:24.190Z,5.1,32.588,131.806,62.4
2012-02-04T02:54:22.490Z,5.1,24.699,122.602,121.5
2012-02-04T05:56:02.530Z,5.0,37.343,141.869,33.2
2012-02-07T13:30:04.780Z,5.0,45.559,142.219,314.7
2012-02-08T12:01:37.480Z,5.4,37.858,137.999,10.0
2012-02-12T04:41:01.150Z,5.2,38.529,144.252,20.2
2012-02-14T03:27:50.500Z,5.5,36.193,141.402,30.2
2012-02-14T06:22:01.170Z,5.8,36.214,141.386,28.0
2012-02-14T22:34:38.200Z,5.1,36.16,141.642,13.8
2012-02-15T06:28:37.500Z,5.0,37.803,141.475,61.4
2012-02-19T05:54:49.680Z,5.2,36.761,140.313,10.0
2012-02-27T16:29:25.420Z,5.0,25.511,127.182,39.0
2012-02-27T19:31:51.720Z,5.4,25.557,127.096,42.2
2012-02-28T05:20:48.520Z,5.0,36.373,141.023,12.8
2012-02-28T15:07:35.040Z,5.6,28.2,139.391,504.2
2012-02-28T22:52:37.850Z,5.4,37.203,144.137,10.0
2012-02-29T09:00:05.370Z,5.2,37.305,141.513,45.0
2012-02-29T14:32:47.830Z,5.6,35.2,141.001,26.2
2012-02-29T22:32:35.610Z,5.4,36.427,140.448,74.9
2012-03-01T00:16:01.060Z,5.0,37.21,144.154,22.1
2012-03-02T10:11:43.220Z,5.3,35.16,141.043,26.8
2012-03-05T06:24:26.840Z,5.0,40.167,142.389,52.5
2012-03-07T06:18:11.030Z,5.2,25.609,127.13,48.0
2012-03-09T17:25:33.190Z,5.4,36.719,140.392,27.1
2012-03-09T18:18:59.280Z,5.0,35.642,142.033,10.2
2012-03-12T12:32:46.360Z,5.5,45.239,147.609,110.4
2012-03-14T09:08:35.140Z,6.9,40.887,144.944,12.0
2012-03-14T10:49:24.580Z,6.1,40.781,144.761,10.0
2012-03-14T10:57:40.100Z,5.6,40.755,144.806,12.0
2012-03-14T11:40:17.100Z,5.4,40.905,144.848,10.0
2012-03-14T12:05:04.520Z,6.0,35.687,140.695,10.0
2012-03-14T21:38:55.350Z,5.2,35.502,141.612,30.0
2012-03-15T19:20:18.260Z,5.5,35.802,139.279,103.8
2012-03-25T13:22:41.650Z,5.2,37.692,141.603,62.2
2012-03-27T11:00:44.500Z,6.1,39.859,142.017,15.0
2012-03-30T04:38:33.660Z,5.1,37.539,141.244,57.2
2012-03-30T10:55:24.400Z,5.1,40.764,144.807,10.0
2012-04-01T14:04:24.910Z,5.7,37.116,140.957,48.0
2012-04-02T19:54:33.610Z,5.0,37.937,142.813,24.7
2012-04-08T21:43:30.900Z,5.3,24.0,122.35,10.0
2012-04-12T11:20:00.980Z,5.2,36.865,141.032,27.3
2012-04-12T14:50:52.850Z,5.5,37.513,141.468,25.1
2012-04-13T10:10:01.200Z,5.7,36.988,141.152,11.0
2012-04-13T12:12:05.660Z,5.1,37.022,141.151,28.1
2012-04-18T05:37:55.940Z,5.5,28.689,138.772,493.8
2012-04-19T03:33:27.360Z,5.2,36.976,141.181,31.9
2012-04-20T20:18:34.760Z,5.0,25.447,142.688,45.9
2012-04-24T20:22:10.410Z,5.5,35.622,140.472,54.3
2012-04-26T18:41:20.870Z,5.1,41.485,141.818,75.0
2012-04-29T10:28:51.870Z,5.8,35.596,140.349,44.0
2012-04-29T15:02:18.420Z,5.6,39.745,142.037,10.0
2012-05-01T05:33:51.120Z,5.4,25.404,141.207,132.1
2012-05-05T20:12:35.060Z,5.1,38.182,141.628,65.5
2012-05-08T09:16:34.930Z,5.0,37.364,144.644,31.0
2012-05-10T00:28:21.780Z,5.2,39.772,142.171,40.4
2012-05-11T20:34:25.340Z,5.1,30.669,138.61,389.1
2012-05-18T21:23:28.130Z,5.0,39.646,143.178,35.8
2012-05-19T19:05:18.970Z,5.9,39.665,143.311,10.0
2012-05-20T07:19:54.880Z,5.6,39.548,143.248,11.0
2012-05-20T07:20:36.870Z,6.3,39.646,143.164,11.0
2012-05-20T08:20:57.950Z,5.3,39.619,143.175,10.0
2012-05-20T08:40:42.830Z,5.1,39.577,143.197,28.9
2012-05-20T08:41:44.900Z,5.0,39.543,143.116,10.0
2012-05-20T22:21:02.980Z,5.1,39.556,143.619,28.7
2012-05-21T03:18:44.390Z,5.2,27.197,127.284,80.1
2012-05-21T10:17:11.140Z,5.2,39.364,143.47,28.6
2012-05-23T15:02:25.310Z,5.9,41.335,142.082,46.0
2012-05-26T21:48:10.120Z,6.0,26.91,140.055,487.4
2012-05-28T16:36:46.240Z,5.1,35.707,139.95,66.2
2012-05-29T01:56:04.440Z,5.2,39.099,144.645,33.6
2012-06-01T08:48:10.440Z,5.1,35.98,139.642,63.1
2012-06-05T19:31:33.750Z,6.1,34.943,141.132,15.0
2012-06-07T18:39:45.650Z,5.0,39.875,143.295,34.7
2012-06-09T21:00:18.070Z,5.9,24.572,122.248,70.0
2012-06-17T20:32:20.590Z,6.3,38.919,141.831,36.0
2012-06-21T20:32:46.580Z,5.2,39.38,143.364,10.0
2012-06-22T07:58:43.420Z,5.0,39.369,143.492,26.1
2012-06-28T05:51:53.560Z,5.2,37.165,140.934,77.9
2012-06-30T00:09:09.800Z,5.2,28.134,143.386,41.0
2012-07-03T02:31:03.070Z,5.3,34.934,139.744,86.4
2012-07-05T09:46:21.390Z,5.0,32.284,141.64,28.9
2012-07-09T19:25:07.110Z,5.6,29.381,130.099,39.2
2012-07-15T14:34:46.400Z,5.2,43.244,146.41,63.7
2012-07-22T04:41:57.290Z,5.1,42.552,142.848,56.6
2012-07-25T17:20:11.140Z,5.0,30.981,130.348,137.2
2012-07-29T22:05:09.170Z,5.3,39.075,142.323,49.2
2012-08-06T03:28:23.110Z,5.3,29.487,130.603,45.3
2012-08-06T05:30:19.510Z,5.0,29.495,130.521,33.0
2012-08-08T07:11:01.930Z,5.4,25.873,124.921,133.1
2012-08-14T12:06:14.860Z,5.3,28.718,142.53,38.0
2012-08-20T16:42:55.010Z,5.1,36.927,141.323,55.9
2012-08-22T01:33:05.970Z,5.0,42.404,142.86,61.8
2012-08-25T14:16:17.080Z,5.9,42.419,142.913,54.5
2012-08-25T18:36:59.820Z,5.2,36.962,140.969,88.7
2012-08-29T19:05:11.120Z,5.5,38.425,141.814,47.4
2012-09-05T03:47:18.600Z,5.1,24.026,122.341,40.1
2012-09-13T17:22:08.440Z,5.2,35.752,140.388,35.0
2012-09-17T19:09:33.680Z,5.0,39.832,142.052,62.4
2012-09-20T18:32:11.540Z,5.1,39.607,143.344,37.7
2012-09-25T14:21:39.280Z,5.0,36.114,142.319,21.0
2012-10-01T18:40:54.590Z,5.1,36.916,141.028,26.4
2012-10-01T22:21:46.020Z,6.1,39.808,143.099,15.0
2012-10-01T22:55:47.250Z,5.2,39.74,143.189,10.0
2012-10-05T08:13:20.040Z,5.0,26.271,125.078,164.9
2012-10-12T04:57:19.830Z,5.2,35.764,140.346,25.1
2012-10-14T11:11:36.430Z,5.4,38.215,144.333,34.0
2012-10-16T02:03:28.760Z,5.4,31.277,140.222,101.4
2012-10-16T13:39:25.580Z,5.3,31.216,130.199,168.6
2012-10-23T08:53:38.240Z,5.9,29.057,139.251,436.0
2012-10-25T10:32:28.190Z,5.6,38.306,141.699,55.7
2012-11-05T04:30:26.720Z,5.6,37.791,143.61,19.1
2012-11-09T03:51:57.870Z,5.2,36.838,141.246,37.1
2012-11-12T11:15:09.260Z,5.0,29.691,137.994,501.7
2012-11-16T08:25:57.760Z,5.3,35.217,140.988,41.6
2012-11-21T17:42:36.660Z,5.0,38.479,141.648,34.9
2012-11-23T20:21:30.450Z,5.3,38.212,141.694,68.8
2012-11-24T01:30:00.630Z,5.1,38.23,141.702,59.8
2012-11-28T15:07:43.130Z,5.1,27.243,143.194,54.0
2012-11-29T12:41:35.780Z,5.0,26.112,125.191,153.5
2012-12-07T08:18:23.130Z,7.3,37.89,143.949,31.0
2012-12-07T08:31:14.800Z,6.2,37.914,143.764,32.0
2012-12-07T08:36:20.370Z,5.2,37.325,143.93,35.0
2012-12-07T08:48:13.040Z,5.5,37.828,143.607,20.2
2012-12-07T12:58:07.150Z,5.0,37.835,143.627,35.0
2012-12-07T14:32:17.200Z,5.1,37.813,143.633,35.0
2012-12-07T15:15:31.560Z,5.0,37.869,143.781,35.0
2012-12-07T16:01:54.640Z,5.1,37.654,143.771,35.0
2012-12-07T23:00:00.500Z,5.2,37.739,143.762,24.4
2012-12-08T14:26:55.850Z,5.1,25.748,122.35,291.3
2012-12-09T02:34:17.090Z,5.1,37.744,143.617,19.1
2012-12-09T23:50:33.020Z,5.0,37.519,143.811,22.3
2012-12-11T18:21:38.450Z,5.1,37.633,143.833,35.0
2012-12-15T04:27:02.330Z,5.2,37.311,141.205,62.6
2012-12-17T22:52:19.630Z,5.0,37.728,143.568,20.7
2012-12-18T18:36:24.300Z,5.1,36.664,141.917,32.1
2012-12-21T08:07:20.270Z,5.0,38.633,141.71,50.5
2012-12-21T14:43:39.420Z,5.0,29.779,142.212,35.0
2012-12-26T02:06:37.120Z,5.0,24.043,122.55,24.6
2012-12-29T07:19:35.320Z,5.0,37.064,141.025,66.2
2012-12-29T14:59:38.910Z,5.4,38.738,142.024,55.6
2012-12-29T23:05:24.200Z,5.2,37.018,141.168,39.8
2013-01-05T04:11:53.440Z,5.4,28.749,128.579,42.3
2013-01-07T06:49:06.750Z,5.1,24.566,122.865,78.1
2013-01-08T07:51:30.300Z,5.4,40.133,142.309,35.0
2013-01-10T12:48:21.460Z,5.0,37.491,141.308,57.2
2013-01-13T03:17:43.790Z,5.0,39.182,142.156,60.0
2013-01-15T02:58:14.000Z,5.0,32.437,141.566,36.0
2013-01-22T13:29:22.940Z,5.4,44.482,140.959,234.7
2013-01-23T21:34:33.600Z,5.3,43.087,145.678,73.5
2013-01-27T18:41:50.860Z,5.0,36.562,140.446,89.2
2013-01-27T20:57:35.470Z,5.2,27.314,128.348,60.6
2013-02-02T14:17:35.130Z,6.9,42.77,143.092,107.0
2013-02-02T18:31:36.580Z,5.5,29.336,141.992,40.8
2013-02-03T22:56:10.230Z,5.4,29.329,142.021,23.0
2013-02-03T23:04:14.510Z,5.2,29.309,141.87,21.6
2013-02-05T16:15:30.970Z,5.0,28.782,128.607,50.1
2013-02-09T04:43:07.960Z,5.0,36.879,141.091,35.6
2013-02-12T02:57:51.490Z,5.1,41.299,129.004,0.0
2013-02-13T03:57:42.500Z,5.2,30.252,131.412,10.0
2013-02-16T22:17:32.130Z,5.3,43.539,146.675,46.1
2013-02-19T12:27:36.140Z,5.4,35.251,140.955,20.0
2013-02-21T14:05:55.920Z,5.2,29.269,142.282,14.2
2013-02-25T07:23:55.960Z,5.8,36.844,139.245,10.0
2013-02-25T16:00:19.640Z,5.4,29.011,131.505,45.5
2013-02-26T20:44:55.760Z,5.0,26.617,129.12,14.5
2013-03-05T20:32:45.540Z,5.3,27.386,128.304,51.1
2013-03-11T09:34:52.170Z,5.2,31.603,131.534,36.9
2013-03-12T21:32:28.270Z,5.0,39.302,141.844,72.7
2013-03-31T07:46:17.640Z,5.3,38.868,141.936,35.0
2013-04-01T18:53:17.420Z,6.0,39.526,143.167,14.0
2013-04-01T20:04:32.370Z,5.1,39.54,143.066,15.6
2013-04-02T02:08:47.760Z,5.5,39.506,143.155,16.8
2013-04-03T18:41:26.550Z,5.1,36.695,144.069,10.4
2013-04-04T04:42:37.820Z,5.0,35.705,140.792,10.0
2013-04-05T13:00:02.130Z,6.3,42.736,131.003,563.3
2013-04-05T19:24:57.380Z,5.1,43.444,145.9,98.7
2013-04-05T20:00:52.770Z,5.4,36.762,141.342,48.5
2013-04-05T21:52:57.270Z,5.0,37.383,144.546,8.0
2013-04-06T00:29:55.090Z,5.8,42.726,130.976,562.8
2013-04-12T20:33:17.540Z,5.8,34.369,134.828,14.0
2013-04-14T13:25:02.290Z,5.3,37.572,141.307,57.3
2013-04-17T06:42:59.590Z,5.3,24.771,123.306,2.8
2013-04-17T06:50:18.070Z,5.3,24.874,123.231,9.4
2013-04-17T08:57:33.900Z,5.6,33.958,139.352,8.8
2013-04-17T11:11:58.020Z,5.0,24.845,123.278,10.1
2013-04-17T12:03:31.760Z,5.9,38.475,141.63,50.5
2013-04-18T14:08:35.420Z,5.5,24.924,123.356,10.0
2013-04-19T19:59:29.550Z,5.0,39.693,143.258,35.0
2013-04-21T03:22:16.220Z,6.1,29.933,138.887,421.9
2013-04-22T09:11:56.810Z,5.0,42.859,122.326,27.5
2013-04-24T06:21:19.170Z,5.2,32.396,139.093,221.7
2013-04-29T13:01:44.710Z,5.6,35.702,140.979,35.0
2013-05-01T23:13:05.000Z,5.4,34.759,141.65,9.2
2013-05-06T13:14:33.860Z,5.0,37.412,143.673,11.3
2013-05-12T22:42:45.770Z,5.2,43.959,147.805,53.8
2013-05-18T05:47:59.500Z,6.0,37.739,141.471,39.0
2013-05-21T14:51:48.110Z,5.1,45.135,142.837,272.5
2013-05-28T19:24:24.630Z,5.0,34.173,140.745,30.0
2013-06-06T03:28:58.130Z,5.0,35.548,140.459,53.6
2013-06-07T16:38:02.900Z,5.8,24.098,122.671,33.0
2013-06-13T13:24:45.360Z,5.6,26.533,128.886,20.0
2013-06-20T01:49:44.720Z,5.0,40.83,142.345,52.6
2013-06-28T23:51:49.520Z,5.7,24.09,122.232,15.0
2013-07-03T15:06:10.650Z,5.0,37.323,141.453,11.8
2013-07-10T05:22:14.780Z,5.3,39.638,141.705,81.9
2013-07-11T00:14:34.800Z,5.3,30.476,141.771,25.5
2013-07-15T22:45:57.930Z,5.2,39.621,142.264,63.3
2013-07-16T14:09:27.510Z,5.2,43.018,145.411,46.6
2013-07-18T23:44:13.680Z,5.0,39.056,142.177,54.6
2013-07-19T16:39:18.640Z,5.5,37.5,141.625,40.0
2013-07-20T06:06:22.130Z,5.2,36.251,141.698,14.0
2013-07-23T03:02:13.780Z,5.3,37.136,140.65,15.5
2013-07-25T19:05:07.130Z,5.0,40.199,142.472,44.9
2013-07-27T01:08:59.260Z,5.3,33.019,141.716,9.9
2013-08-03T00:56:15.280Z,5.1,34.5452,137.549,33.12
2013-08-04T03:28:50.810Z,5.8,38.2133,141.8621,56.0
2013-08-09T02:59:37.380Z,5.0,39.7779,143.6251,32.87
2013-08-09T22:56:03.670Z,5.0,36.9071,141.0419,60.77
2013-08-13T00:09:44.980Z,5.1,43.7191,143.4694,177.92
2013-08-27T14:25:46.500Z,5.3,44.5106,149.0412,41.71
2013-09-02T02:51:13.230Z,5.7,42.1989,133.6656,445.0
2013-09-04T00:18:23.370Z,6.5,29.9377,138.8325,402.0
2013-09-18T00:27:46.170Z,5.0,38.7119,142.3169,44.08
2013-09-19T17:25:06.920Z,5.4,37.0674,140.7879,8.0
2013-09-20T06:50:27.660Z,5.0,30.0386,131.1453,31.58
2013-09-24T14:07:41.720Z,5.1,27.98,140.6326,66.18
2013-10-03T04:13:50.160Z,5.2,28.2046,129.9159,23.67
2013-10-09T01:06:16.480Z,5.0,29.5813,130.4707,49.08
2013-10-22T01:18:45.980Z,5.3,37.7299,141.8937,25.7
2013-10-25T17:10:19.710Z,7.1,37.1557,144.6611,35.0
2013-10-25T17:22:53.980Z,5.1,37.2544,144.6049,35.67
2013-10-25T17:27:59.900Z,5.4,37.1657,144.9698,37.01
2013-10-25T17:57:39.530Z,5.1,37.2349,144.7009,33.88
2013-10-25T21:27:34.650Z,5.5,37.1057,144.6715,10.0
2013-10-27T18:13:06.440Z,5.5,37.0876,144.5734,20.16
2013-10-27T23:01:45.600Z,5.0,37.1804,144.7063,10.08
2013-10-29T20:17:50.710Z,5.1,43.2375,130.8797,554.28
2013-10-31T03:03:34.120Z,5.1,44.7149,124.0036,10.69
2013-10-31T15:01:05.580Z,5.3,38.2487,142.6742,22.02
2013-11-01T16:30:14.300Z,5.2,44.6308,148.1796,77.74
2013-11-03T05:25:15.340Z,5.1,35.9713,140.1213,76.63
2013-11-03T08:52:56.670Z,5.2,38.2654,142.6953,35.0
2013-11-03T12:16:56.220Z,5.4,26.0913,128.4171,19.18
2013-11-06T01:13:30.210Z,5.4,26.6205,128.945,31.56
2013-11-09T22:37:50.410Z,5.6,35.9187,139.9684,64.31
2013-11-11T04:55:09.670Z,5.0,24.8844,123.1619,124.08
2013-11-15T02:00:33.990Z,5.5,41.4306,142.177,46.0
2013-11-15T18:57:55.180Z,5.2,28.9198,129.6623,56.2
2013-11-15T19:39:18.350Z,5.0,24.0755,122.4651,26.25
2013-11-16T05:54:36.950Z,5.0,39.3067,142.0954,51.18
2013-11-16T11:44:41.340Z,5.5,35.6039,140.1529,59.4
2013-11-18T19:10:45.430Z,5.6,34.3343,137.0475,328.0
2013-11-22T21:05:13.150Z,5.3,41.6623,137.8339,19.05
2013-11-22T22:04:25.400Z,5.3,44.5993,124.1681,10.0
2013-11-25T03:23:54.530Z,5.1,45.8689,141.7258,19.54
2013-11-25T15:43:02.470Z,5.0,38.4819,141.94,52.86
2013-11-27T17:45:50.950Z,5.0,42.0166,141.5895,94.79
2013-11-28T16:15:06.080Z,5.0,35.5978,139.9774,72.22
2013-12-03T09:16:43.550Z,5.1,36.492,141.7115,18.32
2013-12-08T17:24:54.200Z,6.0,44.4438,149.1667,28.0
2013-12-09T20:36:49.720Z,5.1,36.4198,141.9222,26.41
2013-12-12T22:52:18.690Z,5.2,45.2805,148.1766,22.02
2013-12-14T04:06:15.330Z,5.5,35.6544,140.6546,42.0
2013-12-18T12:54:38.340Z,5.2,30.1622,138.6377,431.46
2013-12-20T16:10:46.900Z,5.3,35.8725,140.0637,72.65
2013-12-21T01:34:13.610Z,5.5,35.6065,140.6497,35.36
2013-12-23T06:57:29.110Z,5.6,35.688,142.1406,8.0
2013-12-23T09:11:31.400Z,5.3,36.0942,142.4131,7.48
2013-12-23T09:25:12.290Z,5.1,35.5027,142.302,17.4
2013-12-27T10:31:20.930Z,5.0,40.3041,142.2498,62.25
2013-12-31T01:02:59.460Z,5.1,36.6768,140.7171,9.99
2014-01-04T05:23:00.310Z,5.5,36.9704,143.3822,22.0
2014-01-06T18:49:40.810Z,5.1,25.4328,122.7666,235.33
2014-01-08T18:15:12.110Z,5.3,24.6067,123.4537,77.14
2014-01-09T04:31:54.460Z,5.0,42.0428,142.6886,64.22
2014-01-11T18:35:46.450Z,5.0,25.489,126.3187,41.63
2014-01-16T01:12:17.710Z,5.1,40.1151,142.8184,51.83
2014-01-16T22:56:08.790Z,5.0,27.9718,129.4503,42.38
2014-01-18T05:00:42.530Z,5.3,28.9022,142.3492,14.0
2014-01-28T11:49:11.630Z,5.1,26.8972,127.0755,99.81
2014-02-05T17:32:14.760Z,5.3,38.6854,142.3634,48.51
2014-02-06T11:32:27.590Z,5.0,24.807,125.3325,43.03
2014-02-07T17:18:34.490Z,5.2,37.5618,141.3625,61.98
2014-02-08T02:34:23.050Z,5.0,37.0868,141.1201,51.78
2014-02-10T09:38:04.530Z,5.0,39.6171,143.5251,30.58
2014-02-10T19:14:39.980Z,5.3,34.1564,139.9465,93.59
2014-02-23T04:54:18.650Z,5.3,43.5079,147.7687,19.59
2014-03-02T20:11:23.430Z,6.5,27.4312,127.3674,119.0
2014-03-03T02:27:30.970Z,5.2,26.2886,127.3545,58.48
2014-03-04T05:49:06.430Z,5.0,30.8282,141.0478,54.55
2014-03-11T20:04:31.360Z,5.0,35.7225,140.1604,58.52
2014-03-13T17:06:50.770Z,6.3,33.6842,131.8249,79.0
2014-03-17T09:02:52.850Z,5.0,36.9353,141.4718,30.24
2014-03-17T13:12:55.120Z,5.4,24.1057,122.4217,22.4
2014-03-19T12:19:26.020Z,5.8,24.109,122.2613,20.0
2014-03-22T14:18:47.630Z,5.4,29.2673,139.3732,420.29
2014-03-26T08:49:41.910Z,5.5,28.19,131.5108,10.0
2014-03-29T01:53:57.700Z,5.4,36.3215,141.8379,20.0
2014-03-31T19:48:36.370Z,5.0,36.9367,124.4617,17.93
2014-04-02T23:22:47.720Z,5.5,39.1648,141.8049,58.06
2014-04-05T01:16:18.420Z,5.2,39.1937,142.5642,29.68
2014-04-17T14:44:01.140Z,5.2,37.4254,142.2446,31.96
2014-04-23T22:25:06.580Z,5.0,27.4962,129.3945,43.43
2014-05-02T09:15:20.720Z,5.6,37.852,144.2342,15.97
2014-05-04T20:18:24.680Z,6.0,34.9118,139.4186,153.0
2014-05-12T23:35:02.310Z,5.1,35.5972,140.0595,55.34
2014-05-27T16:12:10.480Z,5.3,32.5,140.5882,76.79
2014-06-08T05:24:33.390Z,5.2,39.1635,141.7092,95.61
2014-06-11T07:30:59.800Z,5.0,27.4266,129.286,30.59
2014-06-13T05:50:49.790Z,5.0,30.6986,141.8353,47.19
2014-06-14T17:31:41.560Z,5.5,39.4384,140.9876,92.0
2014-06-15T18:19:14.540Z,5.5,36.6041,141.7237,15.87
2014-06-15T20:14:50.620Z,5.6,37.0961,141.1141,45.0
2014-06-16T17:42:22.530Z,5.3,33.8719,139.58,130.28
2014-06-18T02:47:10.150Z,5.2,24.2379,125.2142,30.0
2014-06-27T11:10:41.520Z,5.0,36.2103,144.1294,35.19
2014-06-29T05:56:31.720Z,6.2,24.3877,142.6278,48.0
2014-06-30T19:55:32.390Z,6.2,28.3404,138.8441,511.0
2014-07-04T22:42:05.070Z,5.7,39.648,142.0802,50.31
2014-07-08T09:05:22.970Z,5.5,42.6676,141.3472,10.0
2014-07-11T13:11:45.690Z,5.3,26.3117,125.8288,115.5
2014-07-11T19:22:00.820Z,6.5,37.0052,142.4525,20.0
2014-07-11T19:28:14.250Z,5.2,36.9093,142.4903,17.59
2014-07-11T19:30:49.170Z,5.1,37.0358,142.4068,9.23
2014-07-11T19:34:05.310Z,5.0,36.7981,142.5773,11.3
2014-07-20T18:32:47.790Z,6.2,44.6419,148.7838,61.0
2014-07-25T04:18:16.240Z,5.1,41.5694,142.1922,64.06
2014-07-25T17:05:44.770Z,5.0,28.8286,143.6107,23.86
2014-07-25T23:22:10.820Z,5.1,43.4696,147.3106,61.79
2014-08-03T04:06:03.740Z,5.7,28.0487,128.0642,10.0
2014-08-09T02:28:43.810Z,5.0,27.7791,142.8848,9.65
2014-08-10T03:43:17.240Z,6.1,41.1585,142.1309,41.0
2014-08-10T22:39:37.460Z,5.1,27.8239,142.8172,30.67
2014-08-14T17:09:46.780Z,5.3,27.9639,128.1841,4.97
2014-08-19T13:26:23.410Z,5.1,42.9675,145.6438,42.89
2014-08-20T19:38:25.260Z,5.2,33.1969,138.1144,307.89
2014-08-27T04:48:58.370Z,5.4,41.0699,143.167,26.0
2014-08-28T19:14:35.550Z,5.8,32.0864,132.0682,20.0
2014-09-03T07:24:21.920Z,5.2,36.8594,139.4288,29.71
2014-09-05T07:21:49.740Z,5.1,25.8744,125.2922,68.87
2014-09-16T03:28:30.310Z,5.5,36.0873,139.8502,49.94
2014-09-16T18:39:45.940Z,5.2,45.0983,147.0178,39.16
2014-09-17T23:18:55.450Z,5.4,24.8412,125.3514,42.83
2014-09-21T17:32:05.010Z,5.5,27.9401,139.597,491.15
2014-09-24T12:45:46.920Z,5.2,37.5179,141.3349,50.96
2014-09-24T13:30:57.020Z,5.1,37.5477,141.3659,53.08
2014-10-03T00:57:30.710Z,5.5,40.1565,142.7657,30.0
2014-10-04T00:34:00.370Z,5.0,44.6057,147.9509,98.08
2014-10-10T07:33:07.390Z,5.1,44.1831,149.0673,29.23
2014-10-11T02:35:47.480Z,6.1,41.0272,143.1649,22.0
2014-10-11T05:20:35.040Z,5.4,40.9544,143.0805,20.0
2014-10-14T18:08:45.960Z,5.0,40.9297,143.2338,29.32
2014-10-14T22:52:08.990Z,5.3,26.2531,127.4224,34.65
2014-10-15T08:44:49.490Z,5.0,44.1302,149.1219,20.48
2014-10-15T23:53:02.260Z,5.5,31.7863,140.5047,60.0
2014-10-17T17:41:34.680Z,5.0,29.7016,128.518,41.28
2014-10-22T00:15:17.440Z,5.8,27.4158,128.5533,43.0
2014-11-07T23:54:22.850Z,5.1,37.804,142.299,42.44
2014-11-12T11:04:48.910Z,5.1,33.0208,140.6623,66.24
2014-11-18T15:20:49.640Z,5.0,30.0444,131.1233,18.64
2014-11-19T14:34:42.850Z,5.1,30.6106,131.3516,22.6
2014-11-19T17:46:22.000Z,5.2,24.8846,122.0812,10.0
2014-11-20T01:51:42.180Z,5.6,37.3226,141.6082,32.0
2014-11-22T13:08:18.420Z,6.2,36.6408,137.8875,9.0
2014-11-23T13:34:54.760Z,5.0,39.6015,143.2619,18.17
2014-12-05T12:35:50.980Z,5.0,30.9867,141.8889,10.0
2014-12-05T16:01:56.830Z,5.0,35.5141,135.7189,355.12
2014-12-07T14:51:59.810Z,5.1,44.5983,149.2429,59.43
2014-12-10T21:03:39.260Z,6.1,25.5403,122.4503,256.0
2014-12-12T12:31:52.120Z,5.0,44.5654,149.2825,41.01
2014-12-16T10:12:51.080Z,5.1,31.1098,141.7797,10.0
2014-12-19T04:47:40.250Z,5.3,42.7025,145.5103,28.21
2014-12-20T09:29:57.490Z,5.9,37.4017,141.5534,31.31
2014-12-21T05:39:36.760Z,5.1,30.9075,142.0141,29.3
2014-12-24T23:06:05.470Z,5.2,37.2516,141.5576,10.0
2014-12-28T11:49:47.180Z,5.1,38.3949,144.3947,35.0
2014-12-31T07:54:36.890Z,5.2,24.6707,122.5575,103.89
2015-01-04T05:51:25.910Z,5.1,29.2716,130.5524,26.19
2015-01-05T15:16:27.830Z,5.3,30.6064,142.1941,31.22
2015-01-05T15:31:18.580Z,5.0,30.5346,142.0331,26.96
2015-01-08T18:42:12.240Z,5.3,43.6917,144.8685,132.33
2015-01-13T05:26:59.180Z,5.0,30.5992,131.432,41.14
2015-01-13T18:03:43.170Z,5.0,27.1643,143.5734,25.79
2015-01-18T04:27:43.910Z,5.0,28.5725,142.4879,20.75
2015-01-18T16:15:08.360Z,5.3,30.483,142.1626,10.0
2015-02-16T23:06:28.270Z,6.7,39.8558,142.8808,23.0
2015-02-17T04:46:38.940Z,5.5,40.1095,141.8914,47.0
2015-02-17T16:33:21.280Z,5.5,39.5696,143.5829,10.0
2015-02-20T04:25:23.380Z,6.2,39.8244,143.5871,10.0
2015-02-20T19:28:27.940Z,5.3,41.947,142.6543,60.31
2015-02-21T10:13:53.290Z,6.0,39.8185,143.4861,7.0
2015-02-22T02:53:42.230Z,5.0,40.076,143.6209,10.0
2015-02-22T19:43:32.660Z,5.1,39.7592,143.2815,10.0
2015-02-24T02:28:54.090Z,5.8,39.6546,143.1982,20.0
2015-02-25T07:01:00.930Z,5.9,31.0659,141.8201,9.0
2015-02-26T01:11:23.800Z,5.0,38.4821,142.0433,52.04
2015-03-14T15:36:08.750Z,5.4,34.2885,141.6586,7.15
2015-03-27T03:04:07.300Z,5.4,36.3653,143.1197,10.0
2015-04-12T19:25:01.770Z,5.1,37.1545,143.8447,10.0
2015-04-15T19:55:00.590Z,5.1,39.3928,143.5274,10.0
2015-04-17T01:51:33.700Z,5.2,25.0365,128.8538,10.0
2015-04-19T12:06:36.500Z,5.3,30.4707,142.7886,10.0
2015-04-20T01:42:58.380Z,6.4,24.2026,122.3158,29.0
2015-04-20T01:49:11.590Z,5.2,24.0958,122.4573,35.0
2015-04-20T11:45:13.440Z,6.0,24.0851,122.453,29.0
2015-04-20T12:00:00.070Z,6.1,24.0471,122.4532,29.0
2015-04-23T14:31:40.590Z,5.0,45.7177,142.1055,309.56
2015-04-25T06:35:46.330Z,5.2,32.8677,140.4075,86.38
2015-04-29T00:26:51.540Z,5.0,25.9762,128.397,14.21
2015-04-29T16:09:51.830Z,5.4,40.0485,142.8086,37.3
2015-05-02T16:50:42.990Z,5.7,31.5293,140.213,10.0
2015-05-03T04:02:52.550Z,5.0,37.5588,141.453,45.35
2015-05-10T16:54:42.690Z,5.3,31.1753,141.9859,9.0
2015-05-10T17:14:31.160Z,5.1,31.1298,141.9661,10.0
2015-05-10T21:25:46.440Z,6.0,31.2373,142.0157,6.0
2015-05-11T00:03:59.260Z,5.0,31.2064,141.9051,21.94
2015-05-12T21:12:58.890Z,6.8,38.9056,142.0317,35.0
2015-05-15T03:30:34.360Z,5.1,37.0459,141.2026,37.95
2015-05-22T13:28:45.570Z,5.3,28.6085,129.5308,4.8
2015-05-25T05:28:08.100Z,5.1,35.995,139.6134,38.74
2015-05-25T06:37:40.890Z,5.1,41.8504,135.3922,385.81
2015-05-30T11:23:02.110Z,7.8,27.8386,140.4931,664.0
2015-05-30T18:49:07.340Z,6.2,30.7856,142.9722,6.05
2015-06-04T21:46:19.540Z,5.0,27.9568,142.9793,8.54
2015-06-08T06:01:08.300Z,6.1,41.5615,142.0308,42.0
2015-06-10T08:33:03.780Z,5.8,39.6795,143.319,30.96
2015-06-11T04:45:29.730Z,5.7,39.672,143.331,10.49
2015-06-11T04:51:24.140Z,5.7,39.608,143.3457,5.72
2015-06-11T04:56:32.160Z,5.4,39.6101,143.2414,10.0
2015-06-11T09:19:23.300Z,5.1,29.794,131.4189,36.9
2015-06-19T08:09:53.370Z,5.3,26.9542,143.8264,10.0
2015-06-23T12:18:30.270Z,6.5,27.7375,139.7254,460.0
2015-06-23T12:19:29.160Z,5.5,27.707,139.7745,462.13
2015-06-23T12:22:20.410Z,5.6,27.6475,140.0686,470.67
2015-07-07T05:10:28.120Z,6.3,43.9097,147.9748,49.0
2015-07-09T08:27:39.500Z,5.2,40.1226,142.6028,38.28
2015-07-09T18:32:51.220Z,5.5,40.3631,141.4646,81.0
2015-07-11T11:27:00.200Z,5.2,43.8887,148.0107,40.56
2015-07-11T18:39:44.940Z,5.0,25.9708,128.3247,14.35
2015-07-12T17:52:06.170Z,5.5,33.0229,131.7493,53.0
2015-07-13T23:21:58.800Z,5.1,30.8901,142.0087,18.11
2015-07-23T12:51:49.920Z,5.1,37.0407,144.7235,35.57
2015-08-03T05:30:11.290Z,5.0,37.7836,141.5287,43.15
2015-08-06T09:22:29.530Z,5.2,36.4517,140.5954,52.78
2015-08-13T20:13:33.760Z,5.1,37.2211,141.3681,34.63
2015-08-14T04:43:44.730Z,5.2,42.6447,143.1818,87.33
2015-08-17T00:45:42.620Z,5.3,27.1054,143.6957,10.0
2015-08-17T11:40:33.820Z,5.1,30.8186,131.0266,7.83
2015-08-25T22:51:36.710Z,5.2,32.0765,131.733,36.49
2015-08-27T19:10:12.190Z,5.2,45.2784,147.157,146.41
2015-08-28T14:46:20.180Z,5.0,36.3989,140.8818,34.97
2015-08-30T05:30:57.280Z,5.1,29.6583,130.3794,29.71
2015-09-01T15:24:08.540Z,5.6,31.2841,141.7062,10.0
2015-09-01T15:25:09.520Z,6.0,31.1806,141.6,8.0
2015-09-03T16:51:47.750Z,5.4,37.1958,143.4691,10.0
2015-09-04T04:49:22.440Z,5.2,29.2819,130.5968,17.99
2015-09-06T07:40:48.650Z,5.0,31.2807,141.8553,10.0
2015-09-11T20:49:07.260Z,5.1,35.5042,139.9064,51.18
2015-09-12T13:38:01.860Z,5.4,41.8968,142.6522,49.0
2015-09-26T09:49:47.390Z,5.0,42.2288,142.0037,85.8
2015-09-29T08:46:50.590Z,5.2,40.3094,143.6835,10.0
2015-10-19T02:17:37.110Z,5.3,24.7696,122.0479,10.0
2015-10-20T09:29:08.790Z,5.7,27.0743,140.2123,304.0
2015-10-21T06:04:49.160Z,5.3,37.3186,141.0771,24.16
2015-11-01T03:48:47.450Z,5.4,41.5774,141.9855,47.0
2015-11-04T13:47:50.300Z,5.0,43.3348,146.1094,95.65
2015-11-05T18:02:54.050Z,5.0,39.427,143.4135,10.0
2015-11-07T13:44:44.720Z,5.0,35.9067,139.9683,107.5
2015-11-13T20:51:31.030Z,6.7,31.0009,128.8729,12.0
2015-11-14T10:21:42.400Z,5.2,37.9417,143.8515,27.37
2015-11-14T19:20:21.390Z,5.7,31.4417,128.8428,10.0
2015-11-14T20:34:29.340Z,5.1,31.3303,128.853,10.0
2015-11-18T04:38:50.880Z,5.1,31.3706,128.961,27.5
2015-11-20T05:31:52.490Z,5.8,26.3565,142.6429,14.0
2015-11-20T05:33:58.170Z,5.1,26.2904,142.6789,10.0
2015-11-25T04:46:50.780Z,5.0,31.4331,140.1479,124.67
2015-11-28T02:51:07.830Z,5.6,43.3856,146.4353,69.0
2015-12-15T00:20:33.490Z,5.1,25.7209,141.9465,55.5
2016-01-02T04:22:19.570Z,5.8,44.8069,129.9406,585.47
2016-01-05T02:21:11.340Z,5.8,30.6132,132.7337,4.71
2016-01-06T01:30:01.480Z,5.1,41.2996,129.0467,0.0
2016-01-09T14:12:37.130Z,5.4,27.9136,129.6042,23.5
2016-01-11T17:08:03.920Z,6.2,44.4761,141.0867,238.81
2016-01-14T03:25:33.640Z,6.7,41.9723,142.781,46.0
2016-01-20T21:53:41.490Z,5.1,43.1102,146.0168,38.44
2016-02-02T05:31:47.770Z,5.3,39.7102,142.9463,12.23
2016-02-02T14:19:23.030Z,5.7,25.5745,123.4476,196.0
2016-02-14T18:09:26.290Z,5.7,30.2966,138.8823,410.0
2016-02-19T13:13:52.380Z,5.1,37.2534,142.2432,18.86
2016-02-21T21:26:42.290Z,5.6,24.5533,142.4073,21.0
2016-03-03T07:11:16.090Z,5.3,31.7483,131.4272,55.49
2016-03-05T00:33:21.930Z,5.1,41.6536,144.2304,14.06
2016-03-06T07:02:30.270Z,5.1,28.5881,142.9311,10.0
2016-03-10T18:38:57.500Z,5.0,43.1736,149.0602,10.0
2016-03-14T07:03:17.710Z,5.5,29.8888,128.9567,210.5
2016-03-18T14:12:51.610Z,5.1,28.8771,142.972,10.46
2016-04-01T02:39:08.050Z,5.9,33.3807,136.3901,14.0
2016-04-14T12:26:35.730Z,6.2,32.788,130.7042,9.0
2016-04-14T13:07:35.490Z,5.4,32.7429,130.8235,10.0
2016-04-14T15:03:47.240Z,6.0,32.6973,130.7204,8.0
2016-04-14T15:06:22.190Z,5.3,32.716,130.6904,10.0
2016-04-15T16:25:06.220Z,7.0,32.7906,130.7543,10.0
2016-04-15T16:30:46.470Z,5.1,32.8598,131.8011,10.0
2016-04-15T16:33:20.400Z,5.3,32.7665,130.8229,10.0
2016-04-15T16:43:07.560Z,5.2,32.6976,130.8055,10.0
2016-04-15T16:44:06.860Z,5.3,32.7091,130.7194,10.0
2016-04-15T16:45:56.680Z,5.7,32.9241,130.8091,10.0
2016-04-15T18:03:10.940Z,5.4,32.9196,131.0212,4.35
2016-04-15T18:55:53.500Z,5.5,33.0051,131.1569,13.22
2016-04-15T22:11:40.270Z,5.1,33.2528,131.3738,10.0
2016-04-16T00:48:32.810Z,5.2,32.8404,130.7768,9.07
2016-04-16T07:02:01.850Z,5.1,32.7232,130.6626,9.12
2016-04-18T11:42:00.220Z,5.5,33.0143,131.0991,10.46
2016-04-19T02:47:01.530Z,5.0,26.5277,130.2004,35.11
2016-04-19T08:52:14.800Z,5.3,32.5574,130.6136,5.4
2016-04-20T12:19:43.950Z,5.9,37.8013,141.6216,33.11
2016-04-26T15:01:24.830Z,5.0,38.2124,141.6444,43.98
2016-05-03T00:00:51.680Z,5.7,43.6954,147.5063,61.0
2016-05-07T05:42:13.500Z,5.3,31.2618,129.297,10.0
2016-05-10T04:02:25.930Z,5.0,43.8508,148.4027,24.96
2016-05-12T04:29:55.800Z,5.7,24.6833,122.0531,9.0
2016-05-12T06:32:29.710Z,5.0,43.3295,146.6187,60.64
2016-05-13T08:24:12.400Z,5.1,24.7209,122.0235,9.25
2016-05-16T12:23:02.500Z,5.4,36.023,139.806,44.51
2016-05-17T01:47:47.850Z,5.3,24.3271,141.7649,74.72
2016-05-21T06:06:42.150Z,5.5,30.9561,140.0808,124.52
2016-05-27T03:44:29.470Z,5.9,26.9924,130.1374,10.0
2016-05-27T03:46:51.150Z,5.5,27.6887,128.5829,10.0
2016-05-30T09:47:47.040Z,5.2,24.4369,126.4486,10.0
2016-05-31T05:23:47.310Z,6.4,25.5615,122.5458,246.4
2016-06-07T05:16:38.270Z,5.1,43.8495,148.0336,12.76
2016-06-10T12:07:03.840Z,5.0,38.3646,144.5763,35.0
2016-06-11T22:54:22.410Z,5.0,35.9783,139.9693,34.71
2016-06-12T17:11:36.630Z,5.3,43.887,147.9433,19.92
2016-06-13T04:21:43.530Z,5.6,27.0107,130.1996,10.0
2016-06-13T04:27:04.000Z,5.3,26.9257,130.2544,10.0
2016-06-14T15:01:56.850Z,5.6,26.9601,130.1941,5.39
2016-06-16T05:21:29.270Z,5.2,41.9836,140.9353,14.3
2016-06-16T21:42:01.430Z,5.1,28.3114,130.4299,27.71
2016-06-26T22:57:06.150Z,5.7,36.9968,142.2226,12.82
2016-06-29T18:12:38.310Z,5.0,39.7272,144.8774,10.0
2016-07-02T01:47:48.760Z,5.0,43.3003,146.9213,45.32
2016-07-11T05:10:42.140Z,5.0,26.8875,130.2644,10.0
2016-07-17T04:24:01.860Z,5.0,36.0052,139.9227,40.22
2016-07-19T22:25:32.210Z,5.0,35.9914,140.0323,39.28
2016-07-19T23:50:21.510Z,5.0,39.3201,142.261,41.55
2016-07-25T15:11:54.520Z,5.2,26.5081,128.702,21.0
2016-07-27T14:47:17.010Z,5.3,36.492,140.7576,46.0
2016-08-04T16:24:33.530Z,6.3,24.9447,142.0141,510.0
2016-08-13T20:15:07.190Z,5.2,34.5221,140.3732,38.44
2016-08-15T07:04:41.020Z,5.6,37.4115,141.7203,33.0
2016-08-19T12:07:42.500Z,5.0,36.6132,141.2096,37.25
2016-08-20T05:14:57.910Z,5.3,39.5603,143.5399,23.43
2016-08-20T09:01:26.210Z,6.0,40.3942,143.6796,10.0
2016-08-20T15:58:04.590Z,5.8,40.3135,143.7281,11.0
2016-08-20T16:10:34.670Z,5.2,40.4208,143.6339,10.0
2016-08-20T16:28:12.900Z,5.2,40.3173,143.7435,10.0
2016-08-21T12:46:58.180Z,5.1,28.5519,141.8196,63.07
2016-08-21T12:49:13.640Z,5.2,40.6797,143.7497,10.0
2016-08-21T23:13:09.630Z,5.3,39.7547,143.637,5.79
2016-08-22T06:11:08.980Z,5.1,38.3251,142.113,35.0
2016-08-22T09:33:07.800Z,5.6,29.8814,139.1356,391.0
2016-08-25T17:04:43.270Z,5.9,30.6141,137.8537,456.0
2016-09-02T13:29:37.300Z,5.3,34.4547,141.4975,10.0
2016-09-03T12:26:43.460Z,5.0,31.4495,138.4886,326.69
2016-09-06T15:22:52.400Z,5.1,24.7815,125.2019,35.29
2016-09-07T09:42:03.470Z,5.0,42.3797,142.638,112.09
2016-09-08T12:13:53.580Z,5.2,44.4751,149.1564,43.67
2016-09-09T00:30:01.440Z,5.3,41.2869,129.0783,0.0
2016-09-09T11:53:15.470Z,5.4,36.3925,141.1259,32.09
2016-09-12T11:32:55.770Z,5.4,35.7808,129.2162,13.0
2016-09-13T10:12:26.500Z,5.0,35.8978,139.7844,74.0
2016-09-20T16:21:16.550Z,6.1,30.5017,142.0478,9.0
2016-09-22T15:56:05.650Z,5.3,34.4727,141.8318,10.0
2016-09-22T15:57:06.940Z,5.3,34.3707,141.7588,19.17
2016-09-22T16:00:46.020Z,5.0,34.4304,141.7961,18.44
2016-09-23T00:14:34.700Z,6.2,34.4619,141.6368,10.0
2016-09-23T05:34:31.480Z,5.2,34.5214,141.7965,10.0
2016-09-23T06:13:19.110Z,5.3,34.9052,141.4606,10.0
2016-09-23T10:28:20.430Z,5.0,34.5949,141.2321,10.0
2016-09-23T15:05:17.090Z,5.1,30.4921,141.7943,35.0
2016-09-26T02:24:37.740Z,5.0,41.8802,142.2041,64.0
2016-09-26T05:13:25.570Z,5.3,41.699,143.0782,33.73
2016-09-26T05:19:58.220Z,5.7,27.4646,128.578,38.0
2016-09-29T23:21:01.710Z,5.1,34.523,141.792,10.0
2016-10-04T12:13:49.040Z,5.2,34.7267,141.4434,19.44
2016-10-04T14:00:47.100Z,5.7,27.8519,141.9442,35.0
2016-10-13T18:55:09.680Z,5.0,25.1127,143.1351,10.0
2016-10-20T02:49:53.120Z,5.3,35.8196,140.5082,18.91
2016-10-21T05:07:22.990Z,6.2,35.3743,133.8092,5.63
2016-10-23T20:25:26.670Z,5.9,44.0505,148.1035,29.0
2016-10-28T21:57:37.230Z,5.1,25.6815,125.127,32.25
2016-11-01T22:31:55.790Z,5.2,25.7755,128.4594,10.0
2016-11-01T22:37:32.790Z,5.0,37.5171,141.7017,14.4
2016-11-06T20:25:50.230Z,5.2,26.3169,128.7411,14.59
2016-11-09T22:20:41.640Z,5.0,38.7262,142.1618,48.21
2016-11-11T21:42:59.650Z,6.1,38.4973,141.5658,42.4
2016-11-19T02:48:01.660Z,5.3,33.8144,135.42,41.96
2016-11-20T21:59:26.990Z,5.0,35.9162,140.9682,18.66
2016-11-21T20:59:49.270Z,6.9,37.3931,141.387,9.0
2016-11-21T21:08:08.590Z,5.0,37.2087,141.4787,10.0
2016-11-21T21:10:20.900Z,5.4,37.2516,141.4718,10.0
2016-11-21T21:16:16.060Z,5.0,37.2228,141.2155,10.0
2016-11-21T21:39:44.480Z,5.3,37.3023,141.1967,24.92
2016-11-21T21:42:37.240Z,5.0,37.1374,141.4529,10.0
2016-11-21T21:43:07.240Z,5.1,37.1999,141.2239,10.0
2016-11-22T14:03:59.010Z,5.2,37.2338,141.366,15.91
2016-11-22T17:41:16.760Z,5.1,37.274,141.3362,31.56
2016-11-22T17:53:01.940Z,5.1,25.3524,125.1913,78.66
2016-11-23T09:59:57.210Z,5.8,27.1773,140.025,481.0
2016-11-23T21:23:36.900Z,5.9,37.2143,141.3209,9.0
2016-11-24T00:35:09.730Z,5.2,31.7455,138.1936,345.99
2016-11-24T21:55:54.030Z,5.3,24.0887,122.4318,24.12
2016-11-26T12:40:22.910Z,5.0,26.3534,141.2374,90.07
2016-12-10T04:44:57.310Z,5.0,40.179,142.3854,52.02
2016-12-19T16:41:12.080Z,5.1,37.3989,141.5612,10.0
2016-12-23T17:25:02.600Z,5.1,36.7164,142.0023,23.49
2016-12-28T12:38:49.650Z,5.9,36.8604,140.4421,7.0
2016-12-30T20:08:26.820Z,5.1,37.3732,141.459,9.09
2017-01-04T15:43:59.640Z,5.2,36.902,140.9426,53.38
2017-01-04T17:53:20.710Z,5.3,37.1515,141.3125,10.0
2017-01-12T17:04:59.820Z,5.4,41.7468,132.9867,497.86
2017-01-13T03:25:30.740Z,5.0,35.6593,140.772,49.46
2017-01-26T08:06:30.210Z,5.1,40.2435,142.434,42.4
2017-02-06T11:58:06.700Z,5.0,33.6378,142.4697,16.87
2017-02-10T21:05:26.550Z,5.2,37.2748,141.7038,6.78
2017-02-12T13:36:55.050Z,5.0,40.2182,142.3081,43.59
2017-02-19T09:19:31.080Z,5.4,35.6621,140.7523,42.0
2017-02-26T23:17:08.070Z,5.2,26.9085,144.0535,14.59
2017-02-28T07:49:02.860Z,5.7,37.5666,141.3347,47.0
2017-03-01T06:43:05.520Z,5.0,37.5691,141.411,53.9
2017-03-02T14:53:42.590Z,5.3,32.6336,132.1018,44.42
2017-03-03T08:27:34.530Z,5.1,43.1132,145.6678,66.27
2017-03-07T16:08:19.040Z,5.7,41.5149,141.9022,56.0
2017-03-10T15:53:52.900Z,5.0,29.6888,140.9677,109.67
2017-03-11T18:48:41.030Z,5.3,30.9973,130.3866,138.29
2017-03-11T19:57:48.100Z,5.3,37.529,141.5136,43.92
2017-03-24T16:43:27.060Z,5.1,26.8934,127.2226,77.39
2017-03-27T22:31:21.050Z,5.1,42.0424,138.5495,5.19
2017-04-19T17:15:34.560Z,5.0,37.3094,141.8,38.46
2017-04-20T11:41:26.280Z,5.1,44.4208,148.7261,63.27
2017-04-29T12:32:34.130Z,5.7,30.815,131.4147,31.0
2017-04-29T20:22:59.150Z,5.0,30.7724,131.4043,20.55
2017-04-30T14:42:35.390Z,5.3,42.308,142.9945,57.98
2017-05-09T01:54:14.550Z,6.0,24.45,126.3174,10.0
2017-05-09T19:15:49.900Z,5.1,25.7369,125.1296,116.83
2017-05-15T07:05:36.120Z,5.5,27.2254,130.0442,10.0
2017-05-22T11:00:57.960Z,5.5,43.9238,147.7194,54.0
2017-05-30T06:20:14.470Z,5.0,24.4026,126.2434,10.0
2017-06-02T17:26:28.350Z,5.1,24.3684,126.2252,10.0
2017-06-04T18:46:08.950Z,5.2,24.9301,142.173,10.0
2017-06-20T14:27:41.000Z,5.0,32.8717,132.036,36.76
2017-06-22T02:41:56.090Z,5.4,45.0761,149.6847,72.55
2017-06-24T22:02:16.970Z,5.2,35.8637,137.5681,10.0
2017-06-28T12:07:32.050Z,5.5,43.798,147.8746,61.0
2017-06-30T14:04:02.240Z,5.2,25.5769,125.3658,92.87
2017-07-01T14:45:53.440Z,5.3,42.814,141.9263,36.73
2017-07-06T06:42:26.080Z,5.0,38.2917,143.3363,10.0
2017-07-11T02:56:36.980Z,5.3,31.3883,130.6243,23.91
2017-07-12T19:48:07.810Z,5.9,40.8551,131.6637,545.0
2017-07-20T00:11:24.830Z,5.8,37.417,141.5859,31.0
2017-07-23T15:35:40.930Z,5.6,40.0387,143.4878,10.0
2017-07-26T10:32:57.430Z,6.0,26.8975,130.1836,12.0
2017-07-27T23:58:52.710Z,5.3,29.2928,142.9552,10.0
2017-07-30T12:45:04.990Z,5.3,36.261,143.7218,6.43
2017-08-01T17:02:05.450Z,5.2,36.7759,140.6801,8.33
2017-08-04T11:19:45.840Z,5.1,24.6076,123.6158,59.79
2017-08-08T05:49:36.550Z,5.1,26.4808,127.1733,30.34
2017-08-10T00:36:30.690Z,5.1,35.7086,140.1416,61.61
2017-08-12T18:23:43.850Z,5.3,30.001,131.1298,21.08
2017-08-16T12:51:25.870Z,5.7,28.6737,127.9007,198.0
2017-08-30T22:09:02.830Z,5.2,28.4869,130.0231,24.18
2017-09-03T03:30:01.760Z,6.3,41.3324,129.0297,0.0
2017-09-07T17:26:49.320Z,6.1,27.7829,139.8041,451.0
2017-09-10T08:44:24.540Z,5.5,41.7813,142.8932,45.0
2017-09-19T20:18:08.420Z,5.4,37.3074,141.6201,47.16
2017-09-20T16:37:16.360Z,6.1,37.9814,144.6601,11.0
2017-09-22T23:49:32.060Z,5.2,31.3308,140.9508,48.21
2017-09-26T20:22:11.640Z,5.8,40.335,142.3424,37.0
2017-09-28T11:29:45.700Z,5.5,28.7941,140.5324,10.0
2017-10-06T07:59:32.880Z,6.2,37.5033,144.0201,9.0
2017-10-06T14:56:41.300Z,5.6,37.0959,141.0771,44.0
2017-10-12T06:12:38.050Z,5.0,36.7443,142.0711,15.55
2017-10-14T23:34:09.380Z,5.0,30.9307,130.3087,148.09
2017-10-19T09:02:02.240Z,5.9,28.3183,131.2108,14.0
2017-11-09T07:42:11.020Z,6.0,32.5208,141.438,12.0
2017-11-09T18:45:45.340Z,5.4,32.4554,141.5139,14.98
2017-11-12T22:24:06.840Z,5.9,37.9353,144.9308,10.2
2017-11-15T05:29:32.820Z,5.5,36.0735,129.28,10.0
2017-11-15T08:48:19.960Z,5.1,25.4369,141.3832,10.42
2017-11-16T09:43:33.860Z,5.8,32.2203,140.5499,59.0
2017-11-17T01:02:47.850Z,5.0,37.2273,141.4163,40.12
2017-11-23T18:02:35.850Z,5.5,27.1381,130.3582,11.0
2017-11-29T22:32:22.920Z,5.5,45.2018,146.3012,9.61
2017-12-05T15:13:49.710Z,5.1,36.3969,137.9329,2.87
2017-12-15T17:58:41.900Z,5.2,39.6987,141.9361,30.11
2017-12-18T23:28:29.240Z,5.2,30.7011,132.044,15.36
2017-12-20T13:40:54.570Z,5.5,30.6154,132.0779,10.0
2017-12-20T14:45:00.260Z,5.0,30.7454,131.9295,14.77
2017-12-20T15:39:53.520Z,5.0,30.6668,131.8929,10.0
2017-12-21T00:40:12.580Z,5.0,29.2293,142.506,10.0
2017-12-21T01:56:53.290Z,5.2,29.293,142.5379,7.8
2017-12-21T03:00:18.550Z,5.8,29.2899,142.6475,10.0
2017-12-21T03:40:55.480Z,5.1,30.6761,132.0082,21.27
2017-12-22T23:10:56.430Z,5.0,29.3187,142.5704,10.55
2017-12-31T03:48:57.420Z,5.0,29.6759,129.3045,162.8
2018-01-03T21:30:21.940Z,5.5,29.6374,140.5205,9.46
2018-01-03T21:32:49.470Z,5.1,29.6113,140.5166,10.0
2018-01-09T22:20:51.760Z,5.0,35.4154,141.195,34.54
2018-01-09T22:30:19.090Z,5.4,35.3367,141.199,18.93
2018-01-18T01:51:01.020Z,5.0,27.4612,141.8255,50.71
2018-01-20T05:51:32.790Z,5.0,44.5925,149.2,45.22
2018-01-24T10:51:19.090Z,6.3,41.1034,142.4323,31.0
2018-02-05T20:56:23.140Z,5.4,26.9834,140.1995,477.84
2018-02-18T18:31:36.430Z,5.0,32.802,132.1368,42.04
2018-02-24T08:35:42.900Z,5.0,34.5766,141.7403,8.0
2018-02-25T16:28:39.540Z,5.6,37.5968,141.7329,30.57
2018-02-25T18:28:39.330Z,5.1,24.4411,122.0403,10.0
2018-03-01T13:42:25.770Z,5.2,24.2648,123.7672,10.25
2018-03-02T03:42:27.500Z,5.0,24.2901,122.9341,46.31
2018-03-04T19:52:52.990Z,5.4,45.0674,147.7711,104.0
2018-03-08T05:58:38.950Z,5.2,29.3372,142.2269,10.0
2018-03-25T14:37:23.170Z,5.7,32.5916,140.6901,50.0
2018-03-25T15:36:24.920Z,5.0,32.5225,140.6485,54.14
2018-03-29T23:17:33.180Z,5.0,36.4375,140.7736,40.16
2018-04-08T16:32:31.520Z,5.7,35.2588,132.5528,10.34
2018-04-12T07:56:53.070Z,5.3,43.6748,139.5377,216.57
2018-04-13T19:00:00.530Z,5.2,43.1867,145.8728,47.65
2018-04-21T09:47:18.210Z,5.1,35.5014,141.0884,21.69
2018-04-21T17:01:55.970Z,5.0,26.4634,141.5756,72.44
2018-04-24T08:53:21.860Z,5.5,43.3482,145.7259,83.0
2018-05-01T23:47:04.380Z,5.1,24.0443,122.3081,19.26
2018-05-06T06:03:59.330Z,5.4,31.4438,140.1932,10.0
2018-05-06T20:00:48.630Z,5.1,39.6737,141.0775,96.72
2018-05-12T01:29:29.810Z,5.1,36.643,137.9022,9.94
2018-05-12T16:49:37.350Z,5.0,38.4847,141.9287,43.99
2018-05-14T10:31:19.820Z,5.0,40.0942,142.6787,40.33
2018-05-17T03:12:32.690Z,5.3,35.6584,140.7193,41.89
2018-05-17T18:42:13.240Z,5.7,42.6846,145.586,30.0
2018-05-24T11:12:16.720Z,5.0,27.7142,127.7021,118.44
2018-05-27T17:50:52.610Z,5.3,45.2355,124.642,10.0
2018-06-02T09:48:09.140Z,5.4,43.9796,147.9844,15.0
2018-06-10T14:55:19.590Z,5.0,27.2865,143.3872,10.0
2018-06-11T19:54:21.270Z,5.4,31.295,131.3679,30.0
2018-06-17T22:58:34.770Z,5.5,34.8246,135.6389,10.34
2018-07-02T11:53:21.290Z,5.2,41.2557,142.7104,37.82
2018-07-07T11:23:50.050Z,5.9,35.1073,140.6424,40.0
2018-07-23T21:37:44.320Z,5.1,45.1211,148.1899,128.8
2018-07-25T04:20:30.270Z,5.3,25.3772,130.4836,10.0
2018-07-31T08:42:20.550Z,5.5,37.1788,141.0967,10.9
2018-08-07T15:12:57.530Z,5.5,37.8857,144.0549,14.47
2018-08-09T14:14:19.930Z,5.0,43.1454,146.9994,36.34
2018-08-13T16:19:16.830Z,5.1,25.7988,125.2304,107.61
2018-08-22T15:06:27.380Z,5.0,41.4025,142.5438,41.27
2018-08-24T14:15:55.910Z,5.3,41.1252,142.6273,43.25
2018-08-26T05:57:12.230Z,5.2,44.2437,149.5591,10.0
2018-09-01T15:43:00.730Z,5.6,27.9555,139.9127,435.0
2018-09-04T20:11:19.570Z,5.4,36.4802,141.392,39.53
2018-09-05T18:07:59.150Z,6.6,42.6861,141.9294,35.0
2018-09-05T18:17:10.470Z,5.3,42.6389,142.001,35.0
2018-09-05T18:20:11.460Z,5.2,42.59,142.0468,35.0
2018-09-05T21:11:28.920Z,5.3,42.6827,142.0003,29.28
2018-09-15T00:08:21.430Z,5.7,26.7302,129.6429,9.32
2018-09-15T04:40:19.690Z,5.4,26.6974,129.5594,10.0
2018-09-15T08:05:12.710Z,5.1,26.7366,129.4978,10.0
2018-09-15T08:05:29.100Z,5.7,26.6827,129.6017,10.0
2018-09-15T08:32:21.490Z,5.0,26.5998,129.5599,10.0
2018-09-15T15:37:59.560Z,5.2,26.6904,129.6387,10.15
2018-09-15T16:24:34.810Z,5.6,26.5742,129.5279,10.2
2018-09-17T02:32:09.890Z,5.0,26.7095,129.7013,10.0
2018-09-18T16:21:49.100Z,5.1,38.4621,141.5577,56.52
2018-09-22T10:58:01.710Z,5.4,26.6637,129.6566,10.0
2018-10-04T22:44:32.810Z,5.0,26.6065,129.4696,10.0
2018-10-04T23:58:48.760Z,5.0,42.5988,142.0359,16.92
2018-10-12T04:15:47.790Z,5.2,35.7549,140.7582,34.51
2018-10-17T13:29:08.420Z,5.2,29.1271,141.0014,80.18
2018-10-22T10:47:18.210Z,5.0,37.5457,141.4753,43.05
2018-10-23T04:34:58.630Z,5.8,24.1153,122.6027,30.0
2018-10-25T18:36:09.090Z,5.7,38.3158,141.785,40.0
2018-10-26T03:04:53.530Z,5.6,44.4943,145.4594,10.0
2018-10-26T03:06:18.400Z,5.1,44.4486,145.5656,10.0
2018-10-29T01:27:44.280Z,5.5,31.6133,140.2515,94.0
2018-11-02T07:53:54.390Z,5.4,33.6719,135.1475,28.2
2018-11-04T19:26:03.380Z,5.9,44.5478,145.6552,9.0
2018-11-05T14:46:58.690Z,5.0,29.2376,130.5301,36.22
2018-11-20T19:09:48.840Z,5.5,30.42,130.0667,123.0
2018-11-28T02:23:24.910Z,5.4,41.3642,143.1793,9.0
2018-12-11T00:26:43.760Z,5.0,43.7946,146.2874,112.44
2018-12-14T16:02:10.460Z,5.1,26.3113,140.7383,465.8
2018-12-24T00:18:07.020Z,5.6,34.0702,141.6992,13.04
2018-12-24T00:43:11.310Z,5.5,34.0619,141.6226,9.22
2018-12-25T00:10:30.660Z,5.3,34.0316,141.6199,10.0
2018-12-25T09:46:10.450Z,5.4,29.045,142.4294,10.0
2018-12-28T13:03:34.270Z,5.1,44.2442,148.5256,58.44
2018-12-29T19:08:30.410Z,5.2,42.3513,143.079,52.0
2018-12-31T14:10:25.440Z,5.1,37.4904,141.4337,44.89
2019-01-05T22:54:14.440Z,5.7,25.8233,144.5691,14.28
2019-01-08T12:39:30.950Z,6.3,30.5872,131.0441,35.0
2019-01-14T04:23:41.040Z,5.0,36.1902,139.8748,53.43
2019-01-18T12:46:24.200Z,5.1,35.8998,140.5698,49.97
2019-01-26T08:23:03.140Z,5.5,40.3332,142.2224,48.24
2019-01-29T03:42:26.710Z,5.2,34.9588,141.0902,35.0
2019-02-02T19:10:12.770Z,5.0,35.5563,141.106,32.83
2019-02-16T10:01:28.340Z,5.1,25.2928,125.0026,10.0
2019-02-21T02:11:38.040Z,5.0,28.5622,129.9815,10.0
2019-02-21T12:22:40.100Z,5.4,42.76,141.9473,28.0
2019-02-25T17:13:53.860Z,5.0,45.0483,147.7935,104.71
2019-03-02T03:22:54.088Z,5.9,41.9469,146.894,18.73
2019-03-02T15:51:53.110Z,5.4,30.8682,142.0072,10.0
2019-03-10T09:52:13.170Z,5.1,44.159,148.2887,38.26
2019-03-10T17:10:52.490Z,5.7,36.8322,142.3585,13.0
2019-03-10T18:43:42.730Z,5.0,36.7315,142.4287,10.0
2019-03-11T09:33:47.697Z,5.2,25.6001,141.4623,15.45
2019-03-13T04:48:49.334Z,5.2,33.8114,134.8565,37.25
2019-03-27T00:11:22.461Z,5.2,32.1572,131.9791,16.55
2019-03-27T06:38:03.640Z,5.3,32.1507,132.1049,19.0
2019-03-29T20:55:42.225Z,5.1,30.6159,131.023,27.26
2019-04-04T21:34:38.880Z,5.1,24.494,142.5132,35.0
2019-04-05T09:56:52.723Z,5.9,30.4095,138.6839,383.0
2019-04-08T04:12:40.096Z,5.5,26.329,129.5878,10.0
2019-04-11T08:18:21.380Z,6.0,40.4096,143.2985,18.0
2019-04-11T17:52:42.876Z,5.1,24.883,128.2313,10.0
2019-04-13T07:11:01.041Z,5.0,26.2378,129.5217,10.0
2019-04-13T15:07:02.195Z,5.0,26.2234,129.524,10.0
2019-04-14T01:53:11.273Z,5.1,26.2541,129.5319,10.0
2019-04-14T20:28:30.721Z,5.0,42.4819,144.8206,40.41
2019-04-22T17:45:18.131Z,5.4,40.6623,143.6948,10.0
2019-04-27T17:24:45.654Z,5.4,42.4547,142.8191,110.52
2019-05-04T16:40:24.294Z,5.1,43.3501,146.347,35.97
2019-05-09T22:43:23.033Z,5.6,31.8013,131.8869,22.0
2019-05-09T23:48:42.779Z,6.2,31.7772,131.8483,22.0
2019-05-10T00:07:34.725Z,5.1,31.6869,131.7848,10.0
2019-05-14T20:55:26.801Z,5.2,43.8717,147.9466,39.12
2019-05-15T05:24:31.606Z,5.7,29.7216,130.7116,29.0
2019-06-04T04:39:16.961Z,6.4,29.0665,139.289,422.0
2019-06-18T13:22:19.010Z,6.4,38.6391,139.4769,12.0
2019-06-24T00:11:45.089Z,5.2,34.9288,140.01,46.43
2019-07-01T00:37:36.037Z,5.2,41.2155,142.125,44.45
2019-07-10T14:14:03.238Z,5.0,44.6135,148.9419,57.25
2019-07-13T00:57:44.339Z,6.1,29.3533,128.1534,251.0
2019-07-22T20:46:58.569Z,5.1,25.2574,124.3633,99.93
2019-07-24T22:14:22.388Z,5.0,35.1339,140.6881,44.67
2019-07-27T18:31:07.540Z,6.3,33.1492,137.3029,367.0
2019-07-29T20:37:43.551Z,5.8,32.8383,140.569,59.14
2019-08-04T10:23:03.726Z,6.3,37.7594,141.6031,38.0
2019-08-15T05:32:53.142Z,5.4,40.8275,141.2441,86.0
2019-08-17T22:28:37.868Z,5.0,30.9286,142.554,10.0
2019-08-20T08:20:22.984Z,5.2,27.9237,130.0335,10.0
2019-08-20T12:52:22.010Z,5.4,27.9741,130.8348,10.0
2019-08-23T23:44:51.696Z,5.0,24.3144,124.7835,36.79
2019-08-24T04:52:46.518Z,5.1,37.3338,142.5014,11.6
2019-08-28T23:46:40.132Z,5.9,41.0682,142.9955,23.77
2019-09-07T09:35:50.975Z,5.2,41.5937,142.0583,56.79
2019-09-16T00:29:32.789Z,5.1,25.9378,143.0647,10.0
2019-09-18T02:54:28.238Z,5.0,44.5509,148.0761,66.13
2019-09-30T17:56:08.109Z,5.0,43.4467,136.3734,314.06
2019-10-05T20:18:19.158Z,5.1,27.9931,128.1168,10.0
2019-10-12T09:21:53.070Z,5.3,34.7248,140.6235,48.04
2019-10-13T09:58:42.953Z,5.0,44.5624,148.7512,86.91
2019-10-14T23:14:52.575Z,5.3,44.628,146.6684,100.77
2019-10-17T11:44:33.102Z,5.1,24.0539,122.4814,17.82
2019-11-10T10:46:05.040Z,5.2,40.2548,143.9904,10.0
2019-11-19T06:10:26.543Z,5.0,29.2905,142.2784,10.0
2019-11-22T09:05:08.723Z,5.1,31.9093,131.9497,35.0
2019-11-23T12:58:06.079Z,5.2,43.9932,147.0148,10.0
2019-11-29T04:01:40.285Z,5.4,39.1619,143.017,19.0
2019-12-03T23:25:06.889Z,5.2,43.3332,147.9386,8.69
2019-12-04T01:38:55.815Z,5.0,36.8425,140.4263,26.94
2019-12-05T01:29:08.231Z,5.0,43.3624,147.7715,10.0
2019-12-10T17:05:02.138Z,5.8,30.7269,141.7195,11.0
2019-12-10T17:29:01.063Z,5.1,30.737,141.7257,10.63
2019-12-11T09:39:08.902Z,5.2,37.7626,141.8258,44.85
2019-12-17T23:35:21.867Z,5.1,27.3464,128.3415,40.58
2019-12-19T06:21:33.362Z,5.1,40.5559,142.066,49.32
2019-12-20T19:40:52.538Z,5.2,32.8613,142.6603,10.0
2019-12-24T14:36:54.098Z,5.0,43.6018,146.0657,93.93
2019-12-25T08:58:03.061Z,5.0,31.4928,139.9304,118.59
2019-12-30T04:11:10.184Z,5.1,27.8371,142.8218,17.3
2020-01-02T18:23:53.135Z,5.7,35.8098,141.249,31.0
2020-01-13T19:53:48.042Z,5.0,36.0821,139.9162,40.94
2020-01-15T11:31:34.840Z,5.0,42.9468,145.2356,77.95
2020-01-28T01:36:03.649Z,5.4,43.5274,145.911,91.0
2020-01-28T23:39:29.598Z,5.3,27.1847,126.7734,10.0
2020-01-31T16:11:21.024Z,5.2,35.6513,140.7281,35.43
2020-01-31T17:07:46.302Z,5.3,35.884,140.0639,64.0
2020-02-06T11:19:56.405Z,5.3,36.2822,141.8024,10.0
2020-02-12T10:37:18.660Z,5.2,37.3216,141.3807,77.87
2020-02-13T10:33:44.406Z,7.0,45.6161,148.959,143.0
2020-02-16T11:18:12.767Z,5.0,28.6382,142.6677,10.0
2020-02-17T12:54:53.982Z,5.3,28.6016,142.6583,10.0
2020-02-23T13:25:40.621Z,5.1,28.5128,142.785,10.0
2020-03-12T17:18:46.197Z,5.3,37.2745,136.878,10.0
2020-03-17T15:10:32.414Z,5.0,42.3191,138.3524,230.25
2020-04-08T05:55:50.579Z,5.0,26.6875,126.6535,102.77
2020-04-11T03:19:19.948Z,5.2,28.1007,142.67,10.0
2020-04-14T02:46:26.348Z,5.0,45.3319,149.9906,51.24
2020-04-15T07:19:04.792Z,5.0,26.281,128.9238,10.0
2020-04-16T21:22:29.788Z,5.3,26.0062,128.5665,10.0
2020-04-16T21:23:51.110Z,5.0,26.0784,128.476,10.0
2020-04-18T08:25:37.052Z,6.6,27.1264,140.1349,453.0
2020-04-18T09:24:18.247Z,5.7,27.2034,140.0712,473.69
2020-04-19T20:39:05.639Z,6.3,38.8953,142.0049,38.0
2020-04-23T04:44:23.106Z,5.2,36.1663,137.7785,10.0
2020-04-23T19:52:26.471Z,5.2,41.509,141.9289,53.34
2020-04-26T14:02:13.797Z,5.0,42.1306,144.9447,10.0
2020-04-30T03:15:21.414Z,5.2,40.9219,142.7766,36.18
2020-05-03T11:54:24.575Z,5.9,31.404,128.8393,10.0
2020-05-04T03:03:10.711Z,5.3,31.0366,141.8704,10.0
2020-05-04T13:07:48.414Z,5.6,35.6865,140.8749,42.42
2020-05-05T16:57:08.845Z,5.1,35.5589,140.0548,71.19
2020-05-10T23:58:33.700Z,5.8,36.3571,141.1273,31.0
2020-05-13T05:56:28.624Z,5.0,42.7419,139.0038,192.61
2020-05-18T03:00:38.394Z,5.0,38.2166,141.676,46.75
2020-05-19T03:17:13.037Z,5.1,37.6158,141.2772,44.28
2020-05-19T04:12:59.967Z,5.2,36.2846,137.6865,10.0
2020-05-22T19:33:07.418Z,5.0,27.2683,128.4927,53.62
2020-05-24T09:36:14.771Z,5.2,31.3991,140.0975,120.78
2020-05-26T05:57:58.530Z,5.0,34.1313,141.5869,10.0
2020-05-27T09:19:51.157Z,5.3,24.8495,125.4106,38.74
2020-05-29T10:05:17.538Z,5.1,36.2341,137.7537,10.0
2020-05-30T18:13:48.078Z,5.6,42.4803,143.8087,89.0
2020-05-31T21:02:11.329Z,5.2,36.2034,140.3648,98.61
2020-06-02T15:41:15.738Z,5.0,37.637,144.5055,10.0
2020-06-13T15:51:24.069Z,6.6,28.8591,128.2713,165.0
2020-06-13T20:18:59.836Z,5.4,24.3098,122.4669,53.65
2020-06-14T19:26:20.026Z,5.1,24.9047,123.2597,10.0
2020-06-15T13:47:15.324Z,5.2,24.8601,123.2684,10.44
2020-06-18T16:42:14.291Z,5.0,24.8989,123.292,10.0
2020-06-18T16:43:19.007Z,5.3,24.9423,123.3297,10.0
2020-06-19T00:26:35.711Z,5.2,24.9283,123.3575,10.0
2020-06-24T19:47:45.011Z,5.9,35.4711,141.0738,29.05
2020-06-29T09:52:49.620Z,5.3,33.8765,141.7348,10.0
2020-07-02T07:07:24.419Z,5.2,43.7188,147.9936,41.18
2020-07-06T18:19:09.971Z,5.7,31.5275,138.1263,388.56
2020-07-16T20:03:09.371Z,5.1,30.3192,136.7827,499.68
2020-07-17T06:10:47.064Z,5.0,44.8383,147.5213,134.15
2020-07-26T12:52:29.779Z,5.2,24.2781,122.4614,56.29
2020-07-30T00:35:56.884Z,5.8,30.6287,141.7721,14.25
2020-08-04T11:21:36.914Z,5.0,34.4743,140.3786,75.02
2020-08-05T17:54:02.336Z,5.3,36.1405,141.8415,28.0
2020-08-06T03:06:33.732Z,5.1,37.4219,138.6742,165.32
2020-08-06T15:34:44.170Z,5.2,33.7517,136.7776,376.26
2020-08-22T10:31:22.685Z,5.2,31.0513,141.7219,10.0
2020-09-02T10:35:44.364Z,5.0,43.135,145.7946,55.67
2020-09-03T21:45:09.203Z,5.3,37.1282,142.5643,35.0
2020-09-06T21:33:49.084Z,5.1,36.6583,141.5674,31.19
2020-09-08T02:58:14.603Z,5.0,27.0437,127.8829,57.7
2020-09-11T22:13:55.059Z,5.0,42.4938,141.5447,131.61
2020-09-12T02:44:11.224Z,6.1,38.7482,142.2446,34.0
2020-09-12T02:50:43.442Z,5.0,38.6814,142.3417,38.76
2020-09-30T04:37:20.137Z,5.0,24.8826,122.0753,106.01
2020-10-03T09:31:31.262Z,5.8,33.4766,140.9412,28.85
2020-10-03T12:26:27.715Z,5.1,29.8895,130.7336,34.17
2020-10-12T00:28:31.773Z,5.1,29.4688,139.3416,411.43
2020-11-06T08:56:38.063Z,5.5,40.9903,143.255,12.0
2020-11-06T09:17:04.530Z,5.0,40.915,143.2374,10.0
2020-11-06T17:16:54.730Z,5.2,40.9265,143.3621,21.0
2020-11-07T01:10:32.071Z,5.8,25.71,143.6051,16.0
2020-11-07T21:30:44.700Z,5.2,32.3486,141.6979,9.28
2020-11-11T05:17:56.078Z,5.7,25.4713,142.75,10.0
2020-11-16T15:08:12.931Z,5.1,27.6078,129.934,10.0
2020-11-18T01:00:45.231Z,5.1,32.1835,137.8951,366.31
2020-11-22T10:05:53.849Z,5.5,36.5889,141.1105,33.0
2020-11-24T16:51:57.337Z,5.0,25.5167,142.6883,10.0
2020-12-10T13:19:58.682Z,6.1,24.7818,122.0243,71.0
2020-12-11T09:48:40.595Z,5.1,24.2994,125.2777,19.46
2020-12-12T07:18:54.231Z,5.5,40.1213,142.0551,44.0
2020-12-16T01:28:07.061Z,5.0,42.7117,144.1756,50.14
2020-12-20T17:23:22.668Z,6.3,40.8667,142.5814,35.0
2020-12-30T00:35:27.718Z,5.0,36.4858,140.6097,43.47
2021-01-12T02:39:43.421Z,5.9,43.7004,139.9863,214.0
2021-01-15T13:38:19.475Z,5.2,33.867,137.213,359.74
2021-01-23T05:39:18.366Z,5.0,42.322,142.6196,108.19
2021-01-27T05:06:53.279Z,5.2,42.7117,141.9609,115.63
2021-02-04T19:27:37.027Z,5.0,44.3922,147.6771,82.46
2021-02-06T17:36:02.624Z,5.4,24.696,122.6275,110.16
2021-02-08T14:23:59.729Z,5.0,42.3125,145.0164,27.95
2021-02-08T16:56:31.211Z,5.1,24.3904,122.3892,64.05
2021-02-08T16:58:03.800Z,5.2,24.4058,122.0654,29.76
2021-02-09T03:39:28.724Z,5.0,30.052,131.0214,35.0
2021-02-09T07:07:57.310Z,5.3,31.3061,140.7048,64.51
2021-02-13T14:07:49.797Z,7.1,37.7265,141.7751,43.98
2021-02-13T14:51:41.261Z,5.4,37.6932,141.7615,45.1
2021-02-13T18:25:27.375Z,5.2,39.0864,142.5717,40.34
2021-02-14T07:31:49.636Z,5.1,37.4871,141.5323,43.66
2021-02-15T12:26:03.969Z,5.3,37.4864,141.5837,35.36
2021-02-15T12:26:17.164Z,5.4,37.5475,141.3336,30.18
2021-02-19T16:16:27.337Z,5.0,40.7273,142.7148,32.27
2021-02-22T13:44:39.417Z,5.0,25.4721,142.7821,10.0
2021-02-28T14:30:15.934Z,5.1,30.1656,131.1,30.18
2021-03-02T21:22:46.301Z,5.8,43.9839,147.9358,30.0
2021-03-06T18:31:35.330Z,5.1,28.0636,142.6755,10.0
2021-03-15T19:56:17.642Z,5.0,36.1742,139.7703,56.38
2021-03-17T08:28:48.740Z,5.0,37.6781,141.6127,45.92
2021-03-20T09:09:43.966Z,7.0,38.4515,141.6477,43.0
2021-03-26T22:02:16.801Z,5.9,26.1379,125.0872,153.0
2021-03-28T00:26:55.783Z,5.7,33.6313,140.2781,40.0
2021-04-09T22:07:30.246Z,5.2,29.2909,129.4062,10.0
2021-04-10T06:52:10.379Z,5.1,29.1432,129.8486,17.65
2021-04-10T07:36:25.316Z,5.1,29.2951,129.5271,10.0
2021-04-12T14:01:48.019Z,5.2,29.3324,129.4965,10.0
2021-04-18T00:29:11.489Z,5.6,38.3481,141.95,41.0
2021-04-18T00:29:25.096Z,5.6,38.2543,141.8817,31.43
2021-05-01T01:27:27.215Z,6.9,38.1997,141.5973,43.0
2021-05-03T05:07:30.816Z,5.5,25.7702,123.885,199.0
2021-05-04T18:10:43.134Z,5.0,37.1861,141.8522,9.5
2021-05-08T04:19:07.784Z,5.1,31.9824,140.3369,87.97
2021-05-13T16:43:56.455Z,5.0,44.4027,148.47,52.12
2021-05-13T23:58:14.041Z,6.0,37.7169,141.8167,32.0
2021-05-16T03:23:53.371Z,5.7,42.0159,144.4738,9.0
2021-05-21T12:58:17.701Z,5.0,28.9216,142.599,10.0
2021-05-28T23:21:04.119Z,5.2,36.3194,142.1212,10.0
2021-05-29T00:42:52.476Z,5.0,36.4413,141.9959,10.0
2021-05-29T01:02:41.087Z,5.5,36.3105,141.9873,12.04
2021-05-30T13:33:29.374Z,5.4,27.228,139.808,526.26
2021-05-31T22:04:42.354Z,5.2,33.1624,142.6369,10.0
2021-06-06T18:11:07.095Z,5.0,34.5639,140.2966,85.66
2021-06-08T15:29:01.059Z,5.3,36.4075,143.0603,10.0
2021-06-09T13:05:55.860Z,5.0,40.1213,142.3654,42.51
2021-06-20T11:08:24.615Z,5.3,43.5582,142.6172,151.93
2021-06-28T09:12:42.974Z,5.1,26.8158,143.0191,13.65
2021-06-29T05:55:51.020Z,5.0,31.7709,131.7087,49.86
2021-07-08T11:17:27.109Z,5.2,31.9596,143.6793,10.0
2021-07-09T20:23:44.792Z,5.3,37.2826,143.7541,19.07
2021-07-16T04:19:57.961Z,5.4,33.2825,139.5273,11.53
2021-07-17T11:49:59.304Z,5.2,33.6171,131.825,63.64
2021-07-26T02:16:15.813Z,5.2,41.4815,142.0615,55.88
2021-07-31T05:26:05.128Z,5.0,43.3488,141.6214,167.77
2021-08-02T03:28:58.868Z,5.3,44.1569,148.3143,29.0
2021-08-03T10:29:17.615Z,5.0,36.1948,141.9343,16.99
2021-08-03T20:33:34.791Z,5.8,36.0981,142.1045,27.0
2021-08-03T20:43:10.211Z,5.2,36.1397,142.1001,10.0
2021-08-04T04:40:25.422Z,5.4,36.1778,141.8625,14.0
2021-08-04T21:50:46.473Z,5.8,24.7827,122.3105,10.0
2021-08-04T21:56:27.073Z,5.1,24.7534,122.2717,10.0
2021-08-06T08:11:04.405Z,5.3,24.7518,122.2411,10.0
2021-08-10T12:08:44.988Z,5.0,44.1574,148.3205,35.0
2021-08-18T09:44:07.999Z,5.1,29.6565,141.4379,39.23
2021-08-21T21:55:39.639Z,5.2,36.0387,142.4909,10.0
2021-08-22T02:24:35.187Z,5.3,37.582,141.7748,56.96
2021-08-24T19:38:03.359Z,5.1,27.4276,129.4211,10.0
2021-08-25T10:18:17.193Z,5.1,29.6692,141.4309,40.06
2021-08-26T20:49:04.823Z,5.0,36.4405,141.2803,26.49
2021-09-09T04:11:49.846Z,5.4,29.3592,142.1808,10.0
2021-09-13T22:46:06.357Z,5.8,32.4784,137.8572,370.0
2021-09-19T08:18:32.645Z,5.1,36.2633,137.7364,10.0
2021-09-21T10:19:56.265Z,5.2,29.6532,142.3847,10.0
2021-09-29T08:37:05.619Z,6.1,38.8893,135.4527,364.0
2021-10-05T17:30:27.213Z,5.4,25.7174,125.0222,7.89
2021-10-05T17:46:02.970Z,5.7,40.0529,142.141,55.0
2021-10-05T18:03:42.352Z,5.1,25.6166,125.0749,10.0
2021-10-06T08:12:53.588Z,5.4,31.1971,131.4859,24.46
2021-10-07T13:41:24.528Z,5.9,35.5736,140.0705,62.0
2021-10-09T05:31:59.595Z,5.0,40.0765,142.2057,52.66
2021-10-17T02:32:07.578Z,5.1,29.4559,130.6225,24.62
2021-10-17T21:59:51.596Z,5.0,28.6965,138.2018,515.96
2021-10-19T12:36:37.809Z,5.3,41.5122,142.8248,38.37
2021-10-21T08:36:47.973Z,5.5,32.1131,138.1614,335.78
2021-10-31T21:14:47.630Z,5.2,36.5337,140.5277,55.3
2021-11-18T17:54:06.334Z,5.0,26.518,130.0054,10.0
2021-11-26T07:14:04.082Z,5.6,28.9223,142.354,11.0
2021-11-29T12:40:44.400Z,6.3,31.196,142.5026,11.0
2021-11-30T06:53:34.578Z,5.5,31.217,142.4377,20.07
2021-11-30T18:27:38.429Z,5.0,31.1227,142.3142,10.0
2021-12-01T16:58:36.635Z,5.0,36.1875,140.0911,51.68
2021-12-03T00:28:28.249Z,5.2,33.8337,135.0775,12.08
2021-12-05T02:14:24.831Z,5.1,29.2845,129.501,10.0
2021-12-08T07:22:18.697Z,5.1,37.7511,141.6418,54.16
2021-12-09T02:05:07.684Z,6.0,29.4132,129.3846,7.0
2021-12-12T06:47:44.518Z,5.0,24.1708,126.677,10.0
2021-12-20T16:05:25.749Z,5.1,42.3918,142.6649,40.84
2021-12-21T16:42:40.753Z,5.1,31.2206,142.2798,10.0
2021-12-21T16:46:59.399Z,5.0,31.1064,142.3123,10.0
2021-12-26T08:26:47.590Z,5.9,25.2095,125.6031,19.09
2022-01-03T09:46:35.767Z,6.2,24.0079,122.2592,19.0
2022-01-03T21:08:51.066Z,5.8,27.1965,141.5457,40.0
2022-01-03T23:17:28.505Z,5.0,24.026,122.1898,23.34
2022-01-16T08:15:41.987Z,5.2,24.2173,122.2544,54.78
2022-01-21T16:08:37.210Z,6.3,32.7282,132.0386,39.0
2022-01-28T16:32:30.002Z,5.0,38.618,144.8209,10.0
2022-02-07T10:58:24.222Z,5.1,24.3866,122.0372,30.01
2022-02-08T16:36:31.681Z,5.6,26.8395,126.5254,10.0
2022-02-08T22:41:46.104Z,5.1,26.8044,126.3433,10.0
2022-02-18T02:55:07.832Z,5.1,38.2149,141.689,56.19
2022-02-19T11:14:48.762Z,5.0,28.2785,142.9624,10.0
2022-02-21T20:52:32.543Z,5.6,26.8606,126.4361,11.49
2022-02-21T20:59:23.674Z,5.0,29.5407,140.8144,98.08
2022-02-23T19:53:15.445Z,5.1,26.8968,126.4522,10.0
2022-02-25T08:50:53.851Z,5.3,26.7309,126.4724,10.0
2022-02-27T16:33:35.973Z,5.1,43.8999,148.5834,10.0
2022-02-28T11:35:11.064Z,5.1,44.0361,148.4635,39.62
2022-02-28T22:04:30.853Z,5.1,43.9146,148.6452,10.0
2022-03-04T22:29:45.422Z,5.1,39.606,143.6959,10.0
2022-03-06T01:13:33.571Z,5.0,28.0941,130.0114,10.0
2022-03-16T14:34:27.453Z,6.0,37.6468,141.6735,57.18
2022-03-16T14:36:30.997Z,7.3,37.7132,141.5793,41.0
2022-03-16T14:43:43.790Z,5.3,37.8532,142.1402,49.07
2022-03-16T14:45:57.757Z,5.0,37.8632,141.765,66.74
2022-03-16T14:46:30.074Z,5.2,37.8641,141.7954,58.56
2022-03-16T14:49:09.810Z,5.2,37.7798,141.9317,60.41
2022-03-16T15:52:29.990Z,5.5,37.8061,141.8531,55.01
2022-03-17T05:06:20.049Z,5.1,25.7978,123.9564,188.46
2022-03-17T11:33:37.138Z,5.7,26.8146,126.3749,9.0
2022-03-18T14:25:18.916Z,5.1,40.1122,141.977,29.59
2022-03-18T15:57:48.457Z,5.1,37.7666,141.7811,51.92
2022-03-18T19:04:18.686Z,5.9,25.6706,123.998,165.94
2022-03-23T18:11:22.948Z,5.3,26.8391,126.3884,10.0
2022-03-23T22:53:27.719Z,5.1,26.8022,126.3877,10.0
2022-03-25T03:08:16.113Z,5.2,37.5778,141.3624,40.43
2022-03-25T03:08:55.799Z,5.1,24.8602,124.6037,71.16
2022-03-26T15:38:52.494Z,5.4,26.8169,126.5017,10.0
2022-03-26T23:15:31.808Z,5.0,42.3727,142.9779,55.41
2022-03-29T17:36:43.568Z,5.4,26.8519,126.4075,10.0
2022-04-01T01:32:41.869Z,5.1,30.6765,141.688,28.65
2022-04-03T09:00:15.709Z,5.0,26.7944,126.4482,10.0
2022-04-04T10:29:03.977Z,5.4,37.3748,141.6836,33.83
2022-04-06T03:12:12.190Z,5.0,26.6962,126.4189,10.0
2022-04-10T09:43:15.488Z,5.0,36.1963,141.499,26.45
2022-04-13T01:22:32.819Z,5.6,26.8566,126.4128,8.0
2022-04-18T23:16:00.135Z,5.3,36.9242,140.3142,94.75
2022-04-24T08:16:13.098Z,5.2,41.7585,143.7955,36.44
2022-05-02T03:14:28.349Z,5.3,31.3688,138.7451,10.0
2022-05-02T07:08:13.847Z,5.1,31.6372,131.7001,28.01
2022-05-05T09:42:03.414Z,5.0,36.1599,139.7938,65.13
2022-05-06T13:21:07.558Z,5.4,26.8334,126.5084,10.0
2022-05-07T11:53:56.580Z,5.5,26.7906,126.4642,10.0
2022-05-09T06:23:02.067Z,6.2,24.0406,122.4888,21.0
2022-05-09T08:33:07.436Z,5.3,34.534,136.895,328.96
2022-05-14T22:28:34.250Z,5.2,43.8297,147.7402,35.0
2022-05-17T06:04:53.424Z,5.5,33.3852,141.6529,10.0
2022-05-17T07:19:59.078Z,5.2,33.2921,141.4124,10.0
2022-05-17T13:17:52.144Z,5.5,33.3872,141.5114,13.0
2022-05-17T21:17:18.206Z,5.2,41.0061,143.0857,25.05
2022-05-18T03:52:25.111Z,5.6,33.3301,141.4573,13.0
2022-05-22T03:24:11.946Z,5.4,36.8145,141.3127,10.33
2022-05-22T15:17:31.327Z,6.0,33.2279,141.4121,12.0
2022-05-22T16:57:21.872Z,5.0,33.3529,141.4634,10.0
2022-05-23T02:01:05.931Z,5.5,41.2357,143.0991,34.0
2022-05-29T06:55:23.553Z,5.1,36.2785,140.9733,43.32
2022-06-03T07:03:35.211Z,5.6,26.7819,126.4199,10.0
2022-06-07T01:57:53.678Z,5.1,25.6667,123.4858,215.888
2022-06-19T06:08:06.557Z,5.1,37.5046,137.3115,10.0
2022-06-19T09:55:19.070Z,5.5,26.7173,126.5426,7.0
2022-06-19T10:07:37.363Z,5.1,26.7578,126.4734,10.0
2022-06-19T20:26:32.094Z,5.0,44.4481,147.9502,109.36
2022-06-21T07:14:53.666Z,5.9,27.8624,142.7323,10.0
2022-06-23T22:32:20.707Z,5.1,24.1646,122.4641,25.65
2022-07-02T01:59:45.250Z,5.9,45.9178,142.0358,309.0
2022-07-05T20:10:25.994Z,5.3,38.4394,142.0322,73.636
2022-07-08T00:00:03.956Z,5.0,26.7884,126.42,10.0
2022-07-22T03:01:57.418Z,5.2,40.6088,141.3232,87.462
2022-07-25T14:41:03.558Z,5.1,26.7016,126.4579,10.0
2022-07-25T14:44:46.711Z,5.1,26.7772,126.42,10.0
2022-07-28T19:52:27.254Z,5.4,32.4751,142.4278,10.0
2022-07-29T14:41:23.102Z,5.0,27.7925,143.0259,10.0
2022-07-29T16:39:16.240Z,5.1,44.1617,149.2088,10.0
2022-07-29T18:00:56.353Z,5.3,32.4698,142.2526,10.0
2022-07-29T19:49:33.353Z,5.2,32.514,142.3255,10.0
2022-07-31T18:48:28.209Z,5.0,32.4967,142.4713,10.0
2022-07-31T18:50:12.271Z,5.3,32.4716,142.458,10.0
2022-08-04T00:48:17.687Z,5.4,37.6309,141.7117,50.193
2022-08-04T03:36:22.542Z,5.3,32.7323,142.4576,10.0
2022-08-04T03:38:41.600Z,5.0,32.6071,142.5074,10.0
2022-08-04T03:39:45.898Z,5.7,32.6119,142.5292,11.525
2022-08-04T03:51:28.231Z,5.0,32.7172,142.4545,10.0
2022-08-04T14:41:20.628Z,5.0,32.7239,142.4939,10.0
2022-08-04T17:34:57.424Z,5.1,32.5384,142.4003,10.0
2022-08-04T18:06:17.358Z,5.1,32.5735,142.3372,10.0
2022-08-04T18:07:03.347Z,5.0,32.5697,142.2925,10.0
2022-08-06T12:23:46.965Z,5.0,36.2828,141.0919,22.83
2022-08-07T13:40:42.835Z,5.9,43.7392,148.0852,61.92
2022-08-10T15:52:58.650Z,5.1,44.9455,142.0932,10.0
2022-08-13T23:27:05.141Z,5.0,27.154,127.3978,99.094
2022-08-16T10:39:54.057Z,5.1,44.394,149.4882,10.0
2022-08-16T10:59:33.429Z,5.0,44.2936,149.5537,10.0
2022-08-17T04:24:44.961Z,5.6,33.1235,141.7775,10.0
2022-08-18T05:46:08.524Z,5.1,37.5959,141.7262,46.857
2022-08-22T02:53:01.632Z,5.3,25.2456,123.5783,159.051
2022-08-28T00:54:51.046Z,5.2,32.5011,142.4384,10.0
2022-08-29T12:19:38.362Z,5.5,28.8646,130.6526,28.0
2022-08-31T03:04:58.041Z,5.0,26.9314,126.5763,10.0
2022-09-04T14:58:22.340Z,5.2,32.3763,142.4687,10.0
2022-09-04T19:53:59.197Z,5.2,32.2996,142.3781,10.0
2022-09-11T21:21:53.762Z,5.0,41.1898,140.1452,169.073
2022-09-12T04:39:15.724Z,5.0,41.9935,144.9474,10.0
2022-09-13T00:51:59.580Z,5.2,41.5709,142.0945,60.714
2022-09-18T08:07:27.324Z,5.2,26.3716,126.0236,10.0
2022-09-18T08:09:58.854Z,5.7,26.2583,126.0051,10.0
2022-09-18T10:05:38.907Z,5.0,26.2213,126.0518,10.0
2022-09-21T22:24:40.831Z,5.0,35.1778,141.1945,12.116
2022-09-26T16:05:23.285Z,5.0,40.5895,142.8356,35.0
2022-10-01T15:02:32.377Z,5.7,31.3495,131.4691,31.0
2022-10-06T16:36:10.067Z,5.3,27.6661,126.8559,177.934
2022-10-19T05:55:00.653Z,5.2,39.6478,143.3627,23.675
2022-10-26T07:06:01.197Z,5.3,41.9665,144.7814,22.883
2022-10-27T04:20:06.780Z,5.0,32.1925,142.5361,10.0
2022-10-27T13:25:05.027Z,5.0,41.9079,144.7601,30.253
2022-11-01T08:30:10.344Z,5.0,24.7659,122.6233,111.219
2022-11-01T23:45:54.466Z,5.1,41.9614,144.9414,14.274
2022-11-06T04:23:31.711Z,5.2,43.2618,146.7898,23.792
2022-11-11T17:32:24.166Z,5.3,25.0518,128.8451,10.0
2022-11-13T08:16:47.953Z,5.1,44.002,148.2124,35.0
2022-11-14T08:08:26.124Z,6.1,33.8139,137.3055,346.0
2022-11-21T04:25:38.715Z,5.3,29.203,139.3653,426.137
2022-11-23T16:52:26.536Z,5.2,33.7349,141.3584,32.339
2022-11-29T15:57:17.618Z,5.1,26.4225,129.2547,10.0
2022-11-30T03:45:58.852Z,5.0,37.2802,141.7077,48.106
2022-12-13T14:25:17.214Z,5.6,27.5074,129.5492,19.0
2022-12-17T18:06:02.988Z,5.6,31.7958,131.6429,30.0
2022-12-18T07:01:52.117Z,5.1,26.7769,126.612,114.36
2022-12-22T16:39:58.702Z,5.0,41.5245,140.4836,10.652
2022-12-24T08:35:41.508Z,5.5,28.2943,138.8056,519.989
2022-12-26T12:05:58.372Z,5.0,30.2172,142.239,10.0
2022-12-28T07:44:49.736Z,5.2,44.3818,148.6289,35.0
2022-12-29T00:36:03.050Z,5.1,29.208,130.6175,30.539
2023-01-02T23:01:13.831Z,5.2,31.1665,141.7623,10.0
2023-01-03T07:08:35.706Z,5.1,40.2108,142.6435,35.0
2023-01-15T04:42:15.225Z,5.2,29.947,139.1085,397.967
2023-01-15T11:37:34.238Z,5.0,25.0491,125.8117,20.179
2023-01-16T04:49:51.935Z,6.3,28.9804,139.3452,405.0
2023-01-20T05:48:28.582Z,5.0,38.9239,142.1003,47.894
2023-02-05T00:03:19.669Z,5.8,32.655,141.6605,11.0
2023-02-17T01:46:34.233Z,5.2,26.5537,128.6692,29.734
2023-02-19T18:55:42.999Z,5.0,42.7956,143.121,132.287
2023-02-21T18:05:34.251Z,5.1,27.1222,143.5156,15.728
2023-02-25T10:25:44.311Z,5.0,27.1053,126.7351,10.0
2023-02-25T13:27:43.704Z,6.0,42.8258,145.0212,55.0
2023-02-28T11:12:08.737Z,5.2,32.932,141.7018,10.0
2023-03-01T13:59:22.168Z,5.0,27.4834,142.7793,16.78
2023-03-01T19:29:50.616Z,5.0,44.4887,149.5786,35.0
2023-03-02T06:47:40.400Z,5.0,33.2865,139.5226,18.235
2023-03-06T22:24:47.998Z,5.2,42.3233,144.5598,41.152
2023-03-22T07:36:58.890Z,5.6,40.2815,143.1497,22.0
2023-03-24T04:25:29.944Z,5.3,30.0034,141.8525,28.558
2023-03-24T04:38:09.911Z,5.0,29.9441,141.8183,10.0
2023-03-28T09:18:28.506Z,6.0,41.1434,142.8148,37.0
2023-03-31T05:52:19.140Z,5.3,27.037,141.5589,64.435
2023-04-04T07:07:23.764Z,5.0,27.0045,141.4555,54.458
2023-04-27T07:43:37.769Z,5.3,26.0902,128.5561,10.0
2023-05-01T02:21:02.085Z,5.1,26.0202,128.5306,16.2
2023-05-01T02:22:29.661Z,5.3,26.0019,128.5201,20.024
2023-05-01T03:22:10.458Z,5.9,26.0161,128.4753,9.0
2023-05-01T04:02:32.228Z,5.0,26.012,128.5116,14.769
2023-05-01T07:59:37.739Z,5.3,25.9389,128.5511,10.0
2023-05-05T05:42:04.365Z,6.2,37.5476,137.2994,10.0
2023-05-05T12:58:03.876Z,5.6,37.4872,137.2752,10.0
2023-05-05T17:47:16.200Z,5.9,41.5095,141.9826,59.0
2023-05-10T19:16:42.518Z,5.2,35.1171,140.0913,39.454
2023-05-11T09:52:44.010Z,5.2,42.3313,143.0155,61.946
2023-05-11T13:33:13.759Z,5.8,24.2156,125.2746,21.643
2023-05-13T07:10:27.414Z,5.2,29.9909,129.9763,10.0
2023-05-14T08:11:57.378Z,5.4,33.3767,139.3714,18.623
2023-05-14T08:21:41.726Z,5.8,33.3132,139.3665,12.769
2023-05-14T08:44:09.023Z,5.0,33.3252,139.4954,9.473
2023-05-14T10:11:35.287Z,5.6,33.4427,139.3262,13.261
2023-05-14T13:55:57.089Z,5.0,33.4166,139.3909,10.0
2023-05-14T14:03:30.352Z,5.2,33.4328,139.3741,10.0
2023-05-14T16:22:52.640Z,5.1,33.3944,139.1999,10.0
2023-05-14T22:00:11.272Z,5.0,45.4259,148.5079,135.61
2023-05-21T22:20:04.199Z,5.5,29.8362,129.1107,184.0
2023-05-22T07:42:40.250Z,5.1,34.4462,139.3058,10.0
2023-05-26T10:03:24.100Z,6.1,35.5294,140.5281,42.0
2023-05-30T00:52:06.179Z,5.8,24.0473,142.9966,10.0
2023-06-03T10:35:40.433Z,5.0,41.978,142.5738,61.61
2023-06-04T22:10:32.071Z,5.0,25.1816,128.2919,10.0
2023-06-11T09:54:44.886Z,6.2,42.5268,141.9005,121.0
2023-06-12T01:23:43.822Z,5.0,24.1082,143.0146,10.0
2023-06-17T00:26:15.154Z,5.6,41.1421,142.7329,34.0
2023-06-17T11:42:40.455Z,5.0,41.3973,142.6033,53.22
2023-06-19T04:50:45.744Z,5.0,42.5016,142.8235,72.622
2023-06-20T23:33:47.635Z,5.0,33.7277,136.0713,410.377
2023-06-22T01:24:16.349Z,5.0,26.3496,127.8415,37.098
2023-06-23T17:39:13.135Z,5.6,45.8109,143.1203,314.0
2023-06-25T01:17:22.771Z,5.2,29.9143,139.937,12.482
2023-06-27T23:38:21.428Z,5.8,42.0836,133.9943,442.0
2023-07-09T13:38:36.805Z,5.4,24.0087,143.0668,10.0
2023-07-09T18:49:14.124Z,5.1,24.0081,143.0829,10.0
2023-07-13T04:43:54.456Z,5.0,40.067,142.7592,35.0
2023-07-13T15:52:08.821Z,5.2,29.8747,138.6684,436.153
2023-07-14T02:01:49.991Z,5.3,28.6508,143.302,10.0
2023-07-27T11:06:54.883Z,5.3,44.2396,147.7014,77.882
2023-08-06T18:12:41.603Z,5.5,30.7578,131.4022,12.851
2023-08-11T00:14:33.164Z,5.9,41.1218,142.8297,34.0
2023-08-15T17:07:31.112Z,5.0,24.8191,125.4234,38.993
2023-08-24T22:48:23.843Z,5.8,39.5518,143.3026,18.0
2023-08-27T17:03:49.506Z,5.0,36.4491,142.6936,10.0
2023-09-08T09:28:48.829Z,5.2,38.9143,142.1007,40.452
2023-09-08T17:28:52.392Z,5.0,29.1423,129.5972,22.323
2023-09-08T18:08:14.413Z,5.1,29.2727,129.4376,11.359
2023-09-10T15:01:59.547Z,5.3,29.2562,129.4839,10.0
2023-09-18T13:21:23.535Z,6.3,26.5312,125.2312,176.0
2023-09-18T19:33:03.532Z,5.5,38.5226,141.6584,51.0
2023-09-19T06:22:36.608Z,5.8,30.9964,141.9897,8.0
2023-09-19T22:17:47.305Z,5.2,30.9761,142.008,10.0
2023-09-21T21:22:12.562Z,5.7,30.966,141.8013,12.765
2023-09-22T16:33:14.903Z,5.0,30.9131,142.0334,10.0
2023-09-27T02:54:44.172Z,5.0,31.4154,141.7419,11.753
2023-09-28T17:40:06.917Z,5.8,44.3313,148.671,30.0
2023-10-02T02:33:43.221Z,5.0,28.7973,142.6035,10.0
2023-10-02T14:17:57.029Z,5.0,29.8135,140.0454,10.0
2023-10-03T08:29:19.401Z,5.0,29.8291,139.9757,10.0
2023-10-03T11:38:04.199Z,6.0,29.9183,140.0108,10.0
2023-10-03T15:22:35.873Z,5.8,29.8738,140.0784,6.0
2023-10-03T15:27:27.811Z,5.0,29.7644,139.8887,10.0
2023-10-03T19:16:58.433Z,5.3,28.3705,138.7659,518.824
2023-10-03T20:32:35.570Z,5.2,29.8599,140.0114,10.0
2023-10-04T00:13:45.667Z,5.5,29.964,140.0704,10.0
2023-10-04T02:19:06.695Z,5.6,29.9723,140.2052,10.0
2023-10-04T04:55:47.021Z,5.6,31.0417,141.862,10.0
2023-10-04T05:57:17.202Z,5.5,30.8019,142.0655,8.0
2023-10-04T11:05:18.027Z,5.3,29.7389,140.0585,10.0
2023-10-04T11:13:20.008Z,5.0,30.7434,141.8692,10.0
2023-10-04T17:22:41.377Z,5.2,29.9176,140.1414,10.0
2023-10-04T18:30:16.591Z,5.0,29.8675,140.0623,10.0
2023-10-04T23:18:09.120Z,5.3,29.8095,140.0285,10.0
2023-10-04T23:19:09.762Z,5.1,30.1843,139.9953,10.0
2023-10-04T23:47:20.035Z,5.1,31.0223,141.7953,10.0
2023-10-05T01:05:10.008Z,5.2,29.9611,140.089,10.0
2023-10-05T01:59:58.562Z,6.1,29.8466,139.9904,10.0
2023-10-05T02:06:32.338Z,5.4,29.8971,139.98,10.0
2023-10-05T02:15:14.899Z,5.3,29.9226,139.9345,10.0
2023-10-05T02:53:13.316Z,5.7,29.9443,139.8719,10.0
2023-10-05T04:00:01.084Z,5.2,30.0033,139.8586,10.0
2023-10-05T05:41:14.727Z,5.0,29.9491,140.0941,10.0
2023-10-05T06:22:12.247Z,5.7,30.0884,140.0279,10.0
2023-10-05T06:48:23.246Z,5.2,30.0975,140.0015,10.0
2023-10-05T13:39:54.908Z,5.0,29.9617,139.784,10.0
2023-10-05T21:56:36.215Z,5.2,31.1734,141.8975,10.0
2023-10-06T01:31:17.149Z,6.1,30.1409,139.9683,10.0
2023-10-06T04:57:03.494Z,5.1,31.1964,141.908,10.0
2023-10-06T05:49:22.063Z,5.5,30.1062,139.991,10.0
2023-10-06T13:15:27.220Z,5.0,30.1985,140.1588,10.0
2023-10-07T10:23:23.059Z,5.0,31.2682,141.9129,10.0
2023-10-07T14:26:28.186Z,5.1,40.2023,142.3093,53.464
2023-10-08T05:36:34.797Z,5.2,29.7935,140.1109,10.0
2023-10-08T21:00:40.543Z,5.0,29.7418,140.0495,10.0
2023-10-08T21:05:32.437Z,5.4,29.7638,139.9661,10.0
2023-10-08T21:13:27.937Z,5.0,29.7985,140.0281,10.0
2023-10-08T21:17:28.430Z,5.3,29.77,140.0739,10.0
2023-10-09T05:09:42.141Z,5.3,44.7118,146.168,181.984
2023-10-12T22:33:39.723Z,5.1,44.2409,148.51,40.251
2023-10-13T09:59:51.842Z,5.1,41.074,140.1515,168.306
2023-10-15T09:13:25.711Z,5.2,33.7721,141.7225,16.306
2023-10-16T10:42:10.570Z,5.7,25.1582,125.5573,13.261
2023-10-18T22:15:06.845Z,5.1,30.8272,141.3689,25.335
2023-10-19T03:51:56.417Z,5.0,25.9383,128.4834,10.0
2023-10-20T19:01:44.453Z,5.0,30.9402,141.3646,28.807
2023-10-23T23:05:24.760Z,5.9,24.0413,122.6384,31.0
2023-10-30T22:44:57.660Z,5.0,32.6712,141.6876,10.0
2023-11-08T08:16:30.853Z,5.6,44.9784,149.7296,77.731
2023-11-10T20:50:30.208Z,5.3,31.2909,130.7679,109.152
2023-11-19T20:24:43.045Z,5.0,25.8857,128.4509,10.0
2023-11-19T21:01:30.533Z,5.8,41.2349,142.214,42.0
2023-11-26T09:39:48.463Z,5.3,26.8593,126.9983,106.987
2023-11-28T03:37:49.797Z,5.0,44.4657,149.1778,35.0
2023-12-21T14:04:11.571Z,5.2,35.2431,141.0136,10.0
2023-12-21T20:45:23.021Z,5.0,35.2045,140.9422,13.191
2023-12-25T04:49:01.655Z,5.0,33.149,137.7852,336.23
2023-12-28T09:15:16.131Z,6.5,44.596,149.0388,31.0
2023-12-28T09:37:26.968Z,5.0,44.4629,149.0713,42.223
2024-01-01T07:06:05.477Z,5.8,37.4933,137.2491,10.0
2024-01-01T07:10:09.476Z,7.5,37.4874,137.271,10.0
2024-01-01T07:18:41.584Z,6.2,37.1895,136.8272,10.0
2024-01-01T07:39:49.268Z,5.2,37.4861,137.4519,10.0
2024-01-01T07:56:47.661Z,5.6,37.2997,136.8875,10.0
2024-01-01T08:02:44.840Z,5.0,37.5444,137.401,10.0
2024-01-01T08:07:10.627Z,5.1,37.1718,136.6149,10.0
2024-01-01T09:03:48.859Z,5.5,37.5339,137.4185,10.0
2024-01-01T09:08:17.603Z,5.6,37.5146,137.4029,10.0
2024-01-01T09:30:21.401Z,5.2,37.4998,137.3585,10.0
2024-01-01T09:39:59.811Z,5.0,37.1479,136.6562,10.0
2024-01-01T09:45:26.217Z,5.1,37.8107,137.5664,10.0
2024-01-02T01:17:31.568Z,5.4,37.247,136.7689,6.0
2024-01-03T01:54:34.243Z,5.3,37.3466,136.9204,10.0
2024-01-05T20:26:51.093Z,5.1,37.2225,136.8266,10.0
2024-01-09T08:59:10.141Z,5.9,37.8629,137.7814,10.0
2024-01-23T15:22:26.387Z,5.0,25.2791,141.3262,144.706
2024-01-23T21:33:49.499Z,5.1,42.4583,145.0728,33.702
2024-01-26T12:46:16.087Z,5.4,29.1244,141.5556,45.09
2024-01-27T23:59:29.184Z,5.1,35.5331,139.9558,70.051
2024-02-05T08:30:50.309Z,5.0,30.7824,131.4467,38.302
2024-02-14T06:53:58.474Z,5.2,31.8124,138.0778,372.322
2024-02-23T23:10:43.909Z,5.3,32.1658,137.4984,404.065
2024-02-24T10:17:39.491Z,5.0,39.5694,143.5279,10.0
2024-02-29T20:43:16.110Z,5.1,35.371,140.632,23.083
2024-03-14T15:14:35.701Z,5.6,37.083,141.1231,44.0
2024-03-15T10:32:50.046Z,5.6,28.4192,130.1034,20.0
2024-03-15T11:04:00.560Z,5.0,28.432,130.0753,15.778
2024-03-16T21:17:04.821Z,5.3,37.1332,141.4549,48.55
2024-03-18T11:04:41.113Z,5.3,24.2346,142.7619,35.0
2024-03-21T00:08:02.844Z,5.2,35.9739,139.748,45.002
2024-04-01T19:24:36.670Z,5.9,40.1435,141.6984,73.0
2024-04-04T03:16:30.313Z,6.1,37.7104,141.856,29.0
2024-04-04T20:31:49.325Z,5.0,41.9769,142.4449,63.264
2024-04-06T00:12:17.749Z,5.4,40.8775,143.2258,26.386
2024-04-08T01:25:29.592Z,5.1,31.6565,131.3933,50.529
2024-04-12T09:00:17.560Z,5.0,28.279,129.2805,53.889
2024-04-15T22:38:56.828Z,5.9,29.4397,131.7622,7.556
2024-04-17T14:14:46.694Z,6.3,33.2503,132.3647,32.0
2024-04-24T07:22:10.132Z,5.3,28.7426,142.5733,10.0
2024-04-24T11:40:07.440Z,5.1,36.4232,140.5874,54.976
2024-04-24T18:12:16.908Z,5.3,24.0007,122.2704,27.095
2024-04-27T08:35:34.207Z,6.5,27.8209,139.6186,496.0
2024-05-11T00:47:16.033Z,5.0,41.6969,144.3234,11.196
2024-05-21T00:39:39.428Z,5.4,26.1908,141.52,59.788
2024-05-29T17:14:58.129Z,5.5,32.3127,137.564,392.698
2024-06-01T02:37:31.517Z,5.2,28.9087,131.0686,10.0
2024-06-02T21:31:39.387Z,5.7,37.4476,137.2681,9.0
2024-06-25T08:30:59.769Z,5.4,33.4839,141.3336,34.723
2024-06-29T06:49:41.906Z,5.0,43.3709,147.0237,42.384
2024-07-01T22:44:54.079Z,5.3,26.9177,140.3011,479.19
2024-07-04T03:12:30.294Z,5.1,35.0839,140.3095,47.606
2024-07-05T18:14:03.423Z,5.1,44.37,142.3255,232.352
2024-07-07T20:01:12.295Z,6.2,26.8957,138.8289,546.0
2024-07-12T23:18:47.583Z,5.3,25.0886,128.1823,10.0
2024-07-16T06:36:43.386Z,5.2,29.2907,142.4657,10.0
2024-07-18T11:07:34.561Z,5.6,33.578,140.3234,91.0
2024-07-21T04:27:27.767Z,5.3,42.7004,145.5767,19.458
2024-07-28T10:13:22.968Z,5.3,39.5239,143.6639,10.0
2024-07-29T16:25:31.492Z,5.2,32.0876,131.4191,66.144
2024-08-08T07:42:55.206Z,7.1,31.7599,131.5021,24.0
2024-08-08T12:49:16.076Z,5.2,42.0164,139.5219,193.573
2024-08-08T19:23:31.596Z,5.3,31.8192,131.3023,18.196
2024-08-09T10:57:39.340Z,5.0,35.4116,139.3122,30.275
2024-08-17T06:32:09.569Z,5.2,32.4687,142.3781,10.0
2024-08-20T08:24:22.218Z,5.1,44.172,147.4677,91.552
2024-09-07T13:42:52.564Z,5.2,32.2043,137.7326,384.984
2024-09-12T23:48:17.804Z,5.2,30.9789,141.3145,45.941
2024-09-13T23:03:41.334Z,5.7,29.8106,130.9208,30.0
2024-09-16T14:13:46.241Z,5.5,31.6079,131.8109,10.257
2024-09-23T23:14:20.196Z,5.6,31.5066,140.0417,19.112
2024-09-26T07:01:09.508Z,5.5,42.8235,145.0928,50.0
2024-09-28T12:32:38.564Z,5.2,25.8513,141.7033,86.547
2024-10-18T04:38:07.288Z,5.2,40.2403,142.2895,60.402
2024-10-18T09:18:22.971Z,5.4,25.22,142.799,10.0
2024-10-24T17:51:27.678Z,5.1,25.4971,142.6492,10.0
2024-11-03T12:09:52.136Z,5.0,25.4139,142.859,10.0
2024-11-06T22:55:03.607Z,5.8,25.4039,142.8586,8.0
2024-11-06T22:59:01.090Z,5.1,25.4025,143.156,10.0
2024-11-06T22:59:15.938Z,5.1,25.3721,142.6759,10.0
2024-11-07T01:11:47.302Z,5.2,25.4937,142.7925,10.0
2024-11-07T02:12:33.993Z,5.0,25.4531,142.8164,10.0
2024-11-07T19:53:54.072Z,5.1,25.4503,142.847,10.0
2024-11-08T23:26:35.662Z,5.0,25.4584,142.8157,17.984
2024-11-09T05:00:39.995Z,5.0,32.3106,142.4167,10.0
2024-11-16T12:22:17.410Z,5.0,41.0392,141.0132,9.94
2024-11-17T12:16:29.874Z,6.1,29.0424,131.3968,8.0
2024-11-19T18:36:11.645Z,5.0,34.0768,138.3387,249.022
2024-11-25T15:37:42.187Z,5.0,29.2609,140.7624,94.022
2024-11-26T04:31:21.640Z,5.3,38.7149,142.1147,44.201
2024-11-26T13:47:03.411Z,6.1,36.9549,136.3653,8.0
2024-11-30T08:46:16.409Z,5.7,25.3021,126.0218,49.015
2024-12-04T16:53:01.908Z,5.0,24.8543,128.0555,10.0
2024-12-12T19:55:19.950Z,5.1,30.5343,141.8867,10.0
2024-12-17T04:09:33.867Z,5.4,31.0848,130.3315,162.337
2024-12-26T21:02:25.395Z,5.8,30.5023,141.8517,7.0
2024-12-27T19:10:05.808Z,5.3,37.3695,141.5863,45.48
