yy1,y1,wgt,networth
1,11,3027.9561204634942,762100.0
1,12,3054.9000651229826,854300.0
1,13,3163.6377656935083,678200.0
1,14,3166.228463262177,279600.0
1,15,3235.6247147258646,602600.0
2,21,236.63475408400458,721800.0
2,22,245.84839801710018,723800.0
2,23,253.1034770119427,721400.0
2,24,252.90811794901987,724300.0
2,25,253.81131150645962,722600.0
3,31,678.8693074694265,43597590.0
3,32,671.8323703623448,44451510.0
3,33,619.9533487808426,41056890.0
3,34,691.5135947966958,44730180.0
3,35,671.7729155681716,43740180.0
4,41,621.9488538943858,2203000.0
4,42,653.2911760285475,2006000.0
4,43,597.1690739714556,2000000.0
4,44,611.8923897958964,2354000.0
4,45,612.0693479154959,2000000.0
5,51,7191.481108679977,4100.0
5,52,7352.48720467721,5500.0
5,53,7270.703540673554,4500.0
5,54,7383.866596488243,5600.0
5,55,7330.537668639445,4500.0
6,61,3486.222887985491,7232000.0
6,62,3675.3832071356264,6523000.0
6,63,3839.7629768311913,6371000.0
6,64,3695.6583057346784,7474000.0
6,65,3530.778201558785,6791170.0
7,71,58.66907603843963,70669800.0
7,72,57.86339894680526,73429800.0
7,73,58.18272060893567,76810800.0
7,74,59.451973116722435,73633800.0
7,75,59.19887069018463,74328800.0
8,81,2459.293217566148,1500.0
8,82,2472.8364155937998,1500.0
8,83,2435.5703354368648,1500.0
8,84,2476.151192937278,1500.0
8,85,2441.12812922322,1500.0
9,91,3550.9413483100734,6406100.0
9,92,3645.393884725729,6405100.0
9,93,3789.185845712552,6405200.0
9,94,3639.1057309419775,11266200.0
9,95,2203.16836073048,22666100.0
10,101,7792.679093056645,211350.0
10,102,7003.49169885031,214350.0
10,103,7158.27555679317,215250.0
10,104,7408.690446454459,212950.0
10,105,7082.994739438186,213150.0
11,111,1823.1367549731253,324500.0
11,112,1643.7730847615671,323500.0
11,113,1723.3107210767726,324500.0
11,114,1778.579779687817,324500.0
11,115,1613.7292722171596,324500.0
12,121,6265.227623408862,1320.0
12,122,6259.518781948848,9420.0
12,123,6296.717403782173,2120.0
12,124,6276.211110143882,5220.0
12,125,6272.771190597536,2020.0
13,131,3681.559296658824,217000.0
13,132,3487.096023311659,153240.0
13,133,2111.2501744959864,106000.0
13,134,2143.147385272881,95000.0
13,135,2194.231996549065,66200.0
14,141,4004.2661923563783,422190.0
14,142,6010.719396117265,364200.0
14,143,6214.2784758809785,410781.0
14,144,6054.5048226974295,419981.0
14,145,6133.281260817186,363281.0
15,151,18445.54849556913,-163980.0
15,152,17881.63483791398,-166590.0
15,153,18238.611944055243,-164530.0
15,154,18054.486858589407,-168190.0
15,155,17999.906087410924,-160770.0
16,161,3426.3787546928265,292790.0
16,162,3162.4438974529003,291190.0
16,163,3266.924316616246,290090.0
16,164,3234.728015513988,293460.0
16,165,3187.5712848240355,289900.0
17,171,1776.9519045098082,22750.0
17,172,1765.4366742921272,29150.0
17,173,1798.737901885782,27250.0
17,174,1761.6116904552407,27350.0
17,175,1792.6142779563131,25250.0
18,181,8217.213868243784,1051200.0
18,182,8247.743941819832,950200.0
18,183,8878.060200571068,1030100.0
18,184,8468.1683071829,989100.0
18,185,9015.093225257735,1063200.0
19,191,22814.84416519937,44000.0
19,192,22114.85991960587,44000.0
19,193,22343.582707728798,43000.0
19,194,22309.37321903819,44000.0
19,195,22114.676900947838,44000.0
20,201,2680.1403691074524,84500.0
20,202,2561.24904839545,83500.0
20,203,2615.6384228043826,84500.0
20,204,2612.8531139251836,84500.0
20,205,2576.8246080739873,83600.0
21,211,445.84818684013527,46867500.0
21,212,445.45134497818174,41904600.0
21,213,449.1377795924441,37359600.0
21,214,454.2483076083372,44014600.0
21,215,453.2115604765655,40889500.0
22,221,3424.987204048939,3435200.0
22,222,3753.298922246365,3418200.0
22,223,4073.2895578616785,3388200.0
22,224,3647.50480566638,3449200.0
22,225,3529.1493775339213,3405200.0
23,231,20117.990097100504,82900.0
23,232,18778.053292202872,79100.0
23,233,19062.18732969943,80100.0
23,234,18989.536385412954,78500.0
23,235,18857.19436914429,78450.0
24,241,6933.537335532109,2391000.0
24,242,8164.245833172405,2421310.0
24,243,3509.894616544761,4316000.0
24,244,7006.14154999675,1957700.0
24,245,3041.47801256415,3692000.0
25,251,47.86585116948099,86456000.0
25,252,47.44788337022656,85555000.0
25,253,47.81970610352538,90737000.0
25,254,48.78929385210064,90256000.0
25,255,48.14878108993303,85915000.0
26,261,4083.8250436945905,2620.0
26,262,3995.2529153865266,3310.0
26,263,4024.661616699725,5020.0
26,264,4023.4574220883055,3670.0
26,265,3977.8495128330774,5820.0
27,271,13312.145306589071,520.0
27,272,13413.744495253271,140.0
27,273,13412.09201584004,60.0
27,274,13551.77465574484,50.0
27,275,13444.977243366428,230.0
28,281,1971.002732900298,-700.0
28,282,1932.7158134171405,-330.0
28,283,1936.310289894764,-680.0
28,284,1986.8052139909305,-400.0
28,285,1931.4586933854716,-570.0
29,291,6286.050114312942,432700.0
29,292,6334.197005029628,430700.0
29,293,6728.015371137122,430700.0
29,294,6512.002193323305,431700.0
29,295,6846.320337186165,430700.0
30,301,7701.619617374456,2720900.0
30,302,9064.83025655668,2626900.0
30,303,6496.480098993112,2593500.0
30,304,7777.5575026171455,2751900.0
30,305,7005.480571290723,2625000.0
31,311,11364.335765691869,7760.0
31,312,11744.93441408544,12070.0
31,313,11388.43762357899,8460.0
31,314,11723.022028711715,8570.0
31,315,11469.061251432151,10760.0
32,321,7928.480146933112,357500.0
32,322,7959.114378522574,355500.0
32,323,8568.952108693942,367500.0
32,324,8176.28308901258,358500.0
32,325,8702.898526914398,385500.0
33,331,12353.762728111233,87400.0
33,332,11673.56843471785,75500.0
33,333,11698.784926794542,111100.0
33,334,11905.854315260854,96400.0
33,335,11556.930656949062,102000.0
34,341,3472.2396888298513,4876500.0
34,342,3571.504774162788,5633500.0
34,343,3720.901216556302,5002500.0
34,344,3575.5627463383435,4884000.0
34,345,3496.2443789737795,5267000.0
35,351,2229.843401386446,445800.0
35,352,2237.1105642672796,445900.0
35,353,2405.644253493649,445800.0
35,354,2296.9002560764006,445900.0
35,355,2441.797333348282,445800.0
36,361,3943.842102147218,24000.0
36,362,3950.961260095515,23000.0
36,363,3965.318233976281,23700.0
36,364,3975.1767848336704,23400.0
36,365,3956.87832720898,24200.0
37,371,1708.5699344366967,14100.0
37,372,1717.8161439184382,16200.0
37,373,1691.3292022558949,15100.0
37,374,1719.789842799462,8700.0
37,375,1695.5618158119098,21600.0
38,381,44.50783570481887,42184000.0
38,382,44.486182698995314,39706000.0
38,383,44.69035268036243,40400000.0
38,384,45.24084594302681,37500000.0
38,385,45.27786571509524,36154000.0
39,391,6379.966908442844,615000.0
39,392,6367.7649006977035,640000.0
39,393,6937.712325922985,620000.0
39,394,6528.140313225381,590000.0
39,395,7033.59649555941,570000.0
40,401,15976.033409517675,158900.0
40,402,15168.372018560196,159900.0
40,403,15267.453909502156,157900.0
40,404,15445.759919529528,157900.0
40,405,15100.382570344746,157900.0
41,411,2200.10466891319,350430.0
41,412,2107.9188379590587,106020.0
41,413,2240.3474586850784,219800.0
41,414,2198.553414490417,115220.0
41,415,2234.627459372125,149820.0
42,421,2731.849271333644,20690.0
42,422,2760.468902843181,21090.0
42,423,2721.643222498934,21390.0
42,424,2741.0547010251785,21400.0
42,425,2694.10147371541,17900.0
43,431,11561.956936064651,100.0
43,432,11618.511930548275,100.0
43,433,11444.8069205528,100.0
43,434,11627.513617341583,100.0
43,435,11473.950819842441,100.0
44,441,2273.918527303622,101300.0
44,442,2177.2331888676144,215300.0
44,443,2159.631879710885,154300.0
44,444,2168.0405617071156,145300.0
44,445,2140.247591935036,77300.0
45,451,1702.1611032999335,5000.0
45,452,1714.2739284511013,5400.0
45,453,1691.150199231725,6320.0
45,454,1726.5871517184441,5100.0
45,455,1691.092643214993,5100.0
46,461,8848.222012717359,1167030.0
46,462,8876.439684604675,1031930.0
46,463,9558.893174248242,985230.0
46,464,9111.483228725276,970130.0
46,465,9707.94511451034,971430.0
47,471,10811.89924482333,20700.0
47,472,10916.744385828963,20800.0
47,473,10949.730378872571,20700.0
47,474,10827.93725605608,20700.0
47,475,10912.562624502225,20800.0
48,481,2441.205231953261,6288100.0
48,482,2676.3890876155815,6272100.0
48,483,2901.7287758107786,6289100.0
48,484,2599.617943472439,6285100.0
48,485,2514.475570990585,6270900.0
49,491,61.14209100560165,55896000.0
49,492,60.09268007187781,237280300.0
49,493,61.850442988622845,55022000.0
49,494,61.76013584536319,97542200.0
49,495,60.47478258719376,223326000.0
50,501,10625.088825930688,921100.0
50,502,10664.565070410748,919730.0
50,503,11479.581734823252,919780.0
50,504,10949.579979227105,917530.0
50,505,11656.769292884579,918830.0
51,511,2794.6533747848,800000.0
51,512,3269.3420985681737,799000.0
51,513,2345.3689520596063,799000.0
51,514,2782.4853588966084,799000.0
51,515,2522.936745433171,801000.0
52,521,3338.286076153924,75090.0
52,522,3342.4145691281906,45670.0
52,523,3332.0775829540194,60220.0
52,524,3343.553832521585,65005.0
52,525,3331.801475566379,61900.0
53,531,4359.835708423756,4097000.0
53,532,4760.392537587365,4097000.0
53,533,5193.188885465196,4098000.0
53,534,4609.1412007106355,4098000.0
53,535,4492.652747128154,4098000.0
54,541,1811.3241626528707,-54320.0
54,542,1842.8456281026738,-54320.0
54,543,1819.5422543921509,-54320.0
54,544,1829.647506137161,-54320.0
54,545,1823.9413112839186,-54320.0
55,551,9295.586079529705,12980.0
55,552,9011.40326179376,1700.0
55,553,9191.30094384721,27960.0
55,554,9098.51158701353,24640.0
55,555,9071.005749662116,-2970.0
56,561,12344.429829820621,242800.0
56,562,11796.829568722073,241800.0
56,563,12047.341005965376,247800.0
56,564,12034.512181620968,247800.0
56,565,11868.568872277998,241800.0
57,571,13485.96149390996,155900.0
57,572,12952.29484375311,160900.0
57,573,13130.16168011774,160900.0
57,574,13068.371962067484,150000.0
57,575,13001.056236495273,157900.0
58,581,7543.271574875798,-17495.0
58,582,7844.334908243152,-24495.0
58,583,7729.076272029119,-27595.0
58,584,7550.835015672024,-9480.0
58,585,7873.599541913289,-8490.0
59,591,10739.797982152038,412500.0
59,592,10314.802551527046,413500.0
59,593,10456.450137510685,413500.0
59,594,10407.242738428791,413500.0
59,595,10353.634599773339,413500.0
60,601,126.24093634908226,9803500.0
60,602,132.4786141846826,9820500.0
60,603,138.83275083325913,9820500.0
60,604,132.66963205702035,9348500.0
60,605,128.5224884657819,9803500.0
61,611,1707.5384376190427,10354000.0
61,612,1819.4080444003291,12147000.0
61,613,1897.9603164143396,14706000.0
61,614,1824.4768623715638,11836000.0
61,615,1719.6961246124786,9472000.0
62,621,7584.873581140922,28221.0
62,622,7643.219738703355,27321.0
62,623,7644.151200734345,28321.0
62,624,7719.697855465331,28321.0
62,625,7662.075940330152,28121.0
63,631,7629.101787801415,936000.0
63,632,7654.084116855882,934000.0
63,633,8247.089554028957,938000.0
63,634,7862.668861210604,934900.0
63,635,8373.113922614142,937900.0
64,641,2446.1577670956235,518750.0
64,642,2455.965418051353,449750.0
64,643,2643.5884641474177,472750.0
64,644,2522.326506889546,492750.0
64,645,2684.3884213022907,502750.0
65,651,14131.387742414623,105400.0
65,652,13625.873356566779,114400.0
65,653,13492.42172480764,111400.0
65,654,13691.7654879287,115400.0
65,655,13405.570640741305,94200.0
66,661,9850.014056133248,1715710.0
66,662,10206.39546396363,1351800.0
66,663,9324.641460767123,1005100.0
66,664,9696.450925071505,1158800.0
66,665,9658.784935024432,2059900.0
67,671,15735.706009881702,58000.0
67,672,15750.676831645274,57000.0
67,673,15722.589721471526,55000.0
67,674,15744.367659396949,67000.0
67,675,15731.097592913557,68000.0
68,681,8923.100149544422,14000.0
68,682,9016.58108968355,14000.0
68,683,8889.763904811272,14000.0
68,684,9001.057139810206,15000.0
68,685,9027.609671219496,14000.0
69,691,9315.993223346219,129980.0
69,692,9279.377426625888,115210.0
69,693,9315.10858481668,111530.0
69,694,9352.6442781529,167710.0
69,695,9329.505404988518,76840.0
70,701,13123.663769758849,373600.0
70,702,12826.487642638724,179000.0
70,703,12635.448241812475,304300.0
70,704,12933.567013740276,326210.0
70,705,12545.21944363337,189500.0
71,711,7512.433959267682,1360000.0
71,712,7540.345507535644,1360000.0
71,713,8116.6003480748495,1360000.0
71,714,7741.864357398251,1359000.0
71,715,8241.880225744299,1360000.0
72,721,1466.6269738059318,300.0
72,722,1476.7115758263703,300.0
72,723,1481.3690827825417,300.0
72,724,1480.3368007696631,300.0
72,725,1483.6185121187489,300.0
73,731,13270.593404548024,379190.0
73,732,13916.530515290444,457400.0
73,733,15087.66631696092,414300.0
73,734,13731.080098863324,500500.0
73,735,15323.510657882365,398600.0
74,741,10832.219087318128,573200.0
74,742,10866.763881015457,577000.0
74,743,11702.240850976073,567000.0
74,744,11154.510183189468,573800.0
74,745,11884.714038243335,598000.0
75,751,49.8307207898742,135544000.0
75,752,50.643470554019586,136019000.0
75,753,51.00520428914508,133907000.0
75,754,52.009493101995474,134414000.0
75,755,50.17377854145026,134447000.0
76,761,8940.26603355877,360.0
76,762,8905.708527332416,90.0
76,763,8978.86442682552,20.0
76,764,8802.49119621399,10.0
76,765,8954.730638137435,180.0
77,771,1555.9130188848465,225570.0
77,772,1571.6050318170126,225570.0
77,773,1575.475331162665,225570.0
77,774,1578.1644845575343,225570.0
77,775,1577.2930653528033,225570.0
78,781,15647.427650926667,316100.0
78,782,14856.378780565341,354100.0
78,783,14953.422688792754,324100.0
78,784,15128.061181346633,336100.0
78,785,14789.787784871505,315200.0
79,791,6551.087037621816,917900.0
79,792,6572.997813331004,841700.0
79,793,7078.44325724595,552500.0
79,794,6538.0436509834435,1450100.0
79,795,7186.174987990773,760500.0
80,801,16298.293693874031,84200.0
80,802,15709.932514993774,190000.0
80,803,15962.72443309479,111100.0
80,804,15528.938272326155,79530.0
80,805,15312.047567413993,88400.0
81,811,911.3353578386589,7576000.0
81,812,939.8027738850576,7575000.0
81,813,975.074753932225,7575000.0
81,814,939.1690442527284,7575000.0
81,815,928.4141879704163,7574000.0
82,821,1763.7725482948747,-19800.0
82,822,1747.8751633054758,-19800.0
82,823,1746.04082039067,-19800.0
82,824,1777.434865364449,-19900.0
82,825,1742.3802675257016,-19800.0
83,831,3036.2653184826117,318560.0
83,832,3131.1483487882424,318560.0
83,833,3035.2637787989192,318560.0
83,834,3105.931713224082,319560.0
83,835,3059.0167958742577,317560.0
84,841,42.733383270151386,16585200.0
84,842,44.05120426850075,16909000.0
84,843,46.89118868152998,19089500.0
84,844,44.22502265457523,17701500.0
84,845,42.77714088501436,16760000.0
85,851,428.18587539480893,3794500.0
85,852,446.1425958581134,3794500.0
85,853,463.8034969502772,3794500.0
85,854,447.1408471752758,3794500.0
85,855,435.8779471731488,3794500.0
86,861,3163.133555524977,574460.0
86,862,3129.3778907235605,587550.0
86,863,3233.2528486116694,580360.0
86,864,3234.2566799234937,600370.0
86,865,3379.0299326732143,565730.0
87,871,48.02427689506332,173333000.0
87,872,47.604925711825324,163362000.0
87,873,47.97797909881298,157947600.0
87,874,48.95077597537472,119981400.0
87,875,48.30814325301393,176387000.0
88,881,1917.6477173264072,-43599.0
88,882,1909.6735157475384,-38599.0
88,883,1882.1922963656064,-35599.0
88,884,1937.1855079005738,-39599.0
88,885,1886.0297040256203,-46599.0
89,891,66.05068585759413,60918000.0
89,892,65.39243025763561,56419000.0
89,893,67.25693413827358,68417000.0
89,894,67.12430586998754,56418000.0
89,895,65.41075228231546,56418000.0
90,901,12052.223867510254,100000.0
90,902,11621.086271009483,101000.0
90,903,11507.269498675212,100000.0
90,904,11677.283633416973,100000.0
90,905,11433.196893253617,101000.0
91,911,15110.881345160107,239100.0
91,912,14570.328071691381,239900.0
91,913,14427.626462366921,243900.0
91,914,14640.787406382271,263500.0
91,915,14334.755440076173,238800.0
92,921,1727.7614505184938,5958800.0
92,922,1840.9559706669734,5891200.0
92,923,1920.4385664588979,5946800.0
92,924,1846.0848205349764,6343000.0
92,925,1740.0631255215005,6203300.0
93,931,429.48186724075305,14985000.0
93,932,441.6918326079055,15005000.0
93,933,470.8125573770538,14912000.0
93,934,443.3780193227797,14725000.0
93,935,429.34073922739907,14869000.0
94,941,9527.359591040693,85621.0
94,942,9541.426926502998,85621.0
94,943,9520.336606189594,85621.0
94,944,9539.890030549304,86621.0
94,945,9524.006427814544,86621.0
95,951,4522.817443262338,136000.0
95,952,4625.299960573231,119000.0
95,953,4483.3481683430655,102200.0
95,954,4596.898071905614,95770.0
95,955,4485.752867465033,96870.0
96,961,7611.589133273216,6680500.0
96,962,7981.237599557108,6679500.0
96,963,8189.527172191216,6681500.0
96,964,7876.736830901221,6681500.0
96,965,7842.057050537207,6680500.0
97,971,2469.949558708212,195000.0
97,972,2370.7795505120366,136000.0
97,973,2400.465730370743,105400.0
97,974,2350.1282563389154,56000.0
97,975,2375.4510188545833,102000.0
98,981,4017.790848621622,2630000.0
98,982,4125.0013505037205,2945100.0
98,983,3744.352788263158,2928000.0
98,984,3871.247591887694,2794100.0
98,985,3953.9560964978846,2787100.0
99,991,7689.072818934804,347405.0
99,992,7045.648025442041,332405.0
99,993,7295.356722373491,324305.0
99,994,7182.348102327128,331405.0
99,995,7043.472476405472,339405.0
100,1001,9784.479109619084,-76950.0
100,1002,9572.268221578512,-75600.0
100,1003,9642.728836458264,-76450.0
100,1004,9639.843694001547,-76100.0
100,1005,9530.571227486309,-72900.0
101,1011,7832.086387040438,480100.0
101,1012,7807.34576527438,437100.0
101,1013,8572.495949022199,554100.0
101,1014,8007.039993729006,481100.0
101,1015,8678.348770112869,492100.0
102,1021,1999.0418539014888,23160.0
102,1022,1991.6399970615955,22170.0
102,1023,2003.7401860146497,22970.0
102,1024,2018.272037375583,22150.0
102,1025,2005.9601242070908,23150.0
103,1031,3011.7156314197264,15530.0
103,1032,2878.115595706777,16060.0
103,1033,2939.2337859995773,16660.0
103,1034,2936.103890869267,16460.0
103,1035,2895.6180956103863,15800.0
104,1041,1661.322561016888,425590.0
104,1042,3353.4723451345535,665270.0
104,1043,1591.2978219585316,425560.0
104,1044,3461.4867645221943,459440.0
104,1045,3535.197270493731,445540.0
105,1051,1140.0512457764191,845300.0
105,1052,1136.6929712400765,615400.0
105,1053,1226.0555381845156,627300.0
105,1054,1157.761997988231,694100.0
105,1055,1241.954821349719,852500.0
106,1061,1898.1740256194873,26294300.0
106,1062,1898.1041507939353,26298200.0
106,1063,1911.5800785337171,26296300.0
106,1064,1925.6570927382734,26299800.0
106,1065,1907.2731508751308,26304300.0
107,1071,163.7112689490117,3466000.0
107,1072,171.13626081443053,3466000.0
107,1073,177.78303892972448,3466000.0
107,1074,172.0526310622726,3466000.0
107,1075,166.642971354262,3466000.0
108,1081,1734.6615001345938,1078500.0
108,1082,1729.5516688295024,1073500.0
108,1083,1865.5225780373155,1075500.0
108,1084,1761.609551912153,1084500.0
108,1085,1889.714362826457,1074500.0
109,1091,58.738822073779104,135775000.0
109,1092,59.395721002275515,135138000.0
109,1093,59.68239119016901,119607000.0
109,1094,60.94933375939445,134797000.0
109,1095,59.32661024009011,129020000.0
110,1101,2794.3733698483743,12156000.0
110,1102,2961.3904037095917,12156000.0
110,1103,3053.3344913737315,12156000.0
110,1104,2935.8305430546343,12156000.0
110,1105,2815.1280275888985,12157000.0
111,1111,409.49178498885715,12771080.0
111,1112,422.6035447222439,12770080.0
111,1113,440.0790024503737,12771080.0
111,1114,424.09542604416777,12771080.0
111,1115,417.6116498407425,12770080.0
112,1121,6287.683529865437,697700.0
112,1122,6311.04466465731,698700.0
112,1123,6793.352807332389,698700.0
112,1124,6479.709941464891,697700.0
112,1125,6898.208334544577,698700.0
113,1131,347.5468113233268,1343700.0
113,1132,366.72681273861923,1307700.0
113,1133,334.04880684593707,1353700.0
113,1134,346.30679084537456,1336700.0
113,1135,337.33803123515656,1316700.0
114,1141,18628.83195820856,74950.0
114,1142,18560.061181344972,74950.0
114,1143,18292.201373463853,74950.0
114,1144,18837.35261812803,74950.0
114,1145,18267.625349701568,74950.0
115,1151,14381.089261339162,134200.0
115,1152,13654.059575148272,129720.0
115,1153,13743.249769065229,130200.0
115,1154,13903.754856924465,126600.0
115,1155,13592.857754987257,127450.0
116,1161,5069.379117645081,386300.0
116,1162,5089.309212962148,385530.0
116,1163,5478.939801978007,385700.0
116,1164,5227.941732103957,377500.0
116,1165,5563.130227212758,367900.0
117,1171,53.793117087037515,27652000.0
117,1172,51.62126541375176,25146000.0
117,1173,52.957531703451174,25359000.0
117,1174,52.36534642357642,25256000.0
117,1175,53.6401069513481,29212000.0
118,1181,18925.45350938915,590.0
118,1182,18708.583285568053,130.0
118,1183,18829.53841599423,1210.0
118,1184,18921.34217465627,500.0
118,1185,18657.91418604674,6610.0
119,1191,60.26500268086238,67735500.0
119,1192,59.34539748810314,65324700.0
119,1193,61.2214686544743,67237400.0
119,1194,61.166927765849074,64000240.0
119,1195,59.64182462544569,66171530.0
120,1201,9863.750580972419,72380.0
120,1202,8786.852701196189,72380.0
120,1203,8980.80373090335,73300.0
120,1204,9308.260135290713,75900.0
120,1205,8851.962818578744,72600.0
121,1211,12812.068827266039,252500.0
121,1212,12521.948548258515,253500.0
121,1213,12335.444992921652,252500.0
121,1214,12626.485535536014,251500.0
121,1215,12247.358495678705,252500.0
122,1221,2302.667091854597,-4400.0
122,1222,2252.725646535974,-6200.0
122,1223,2269.307759629345,-4470.0
122,1224,2268.628773807418,-5180.0
122,1225,2242.9127280300745,-5200.0
123,1231,3068.956967356768,-4600.0
123,1232,3102.4245865097946,-3600.0
123,1233,3094.396126147235,-4500.0
123,1234,3098.8430410826145,-3500.0
123,1235,3102.5122675629245,-3500.0
124,1241,4715.778078090926,293350.0
124,1242,4745.505460721309,300350.0
124,1243,4743.20649742486,253350.0
124,1244,4751.609516703711,292350.0
124,1245,4743.589795892229,393350.0
125,1251,18291.283493949904,63101.0
125,1252,17388.199294717997,63201.0
125,1253,17171.08485777695,63151.0
125,1254,17821.486051203363,63101.0
125,1255,16996.96222761325,63151.0
126,1261,8302.369325075997,168700.0
126,1262,8114.368016506023,155800.0
126,1263,7993.5115476778865,299500.0
126,1264,8182.10919774769,179000.0
126,1265,7936.430474939128,230700.0
127,1271,15335.597865122085,40000.0
127,1272,9889.10933530123,254800.0
127,1273,14751.904779885746,95900.0
127,1274,15063.69141950568,203900.0
127,1275,14571.479541232597,100700.0
128,1281,1810.5482647013716,18330200.0
128,1282,1867.2220268636283,18340200.0
128,1283,1992.5683815993896,18488200.0
128,1284,1870.077388601704,18270200.0
128,1285,1790.1193236431966,18441200.0
129,1291,15090.54368064181,250900.0
129,1292,13916.699507146881,258900.0
129,1293,14021.78217904254,250900.0
129,1294,14447.539229400843,214900.0
129,1295,13738.242716964969,205900.0
130,1301,655.3636198031043,1556000.0
130,1302,705.78054547779,1556000.0
130,1303,644.7051978981337,1556000.0
130,1304,660.2211229447652,1604000.0
130,1305,645.5775459702065,1556000.0
131,1311,1797.494123725867,283300.0
131,1312,1779.6120616134244,293300.0
131,1313,1773.581703657217,266900.0
131,1314,1834.6895581069825,252600.0
131,1315,1705.6596181297402,263100.0
132,1321,2050.346834733983,14340.0
132,1322,2037.4064436973415,15340.0
132,1323,2064.9408309077944,15340.0
132,1324,2091.8811426243383,14340.0
132,1325,2061.503338181843,15340.0
133,1331,765.9622805337722,34245300.0
133,1332,769.9566061316975,34268000.0
133,1333,767.7601047716963,34238200.0
133,1334,777.4447247647263,34246000.0
133,1335,777.8766074802131,34267000.0
134,1341,45.33126155119838,249260000.0
134,1342,45.73569007851121,495858000.0
134,1343,46.095435262667486,306671000.0
134,1344,47.02715831804879,424967000.0
134,1345,45.586858095857814,514736000.0
135,1351,1720.8879034806446,8081500.0
135,1352,1830.0865419945062,6505600.0
135,1353,1904.7289588760236,8718000.0
135,1354,1829.9402987400783,7311600.0
135,1355,1732.1364194384973,7478000.0
136,1361,6090.893393506527,508500.0
136,1362,6053.22501244504,507400.0
136,1363,6113.5806784713905,507500.0
136,1364,6036.471111310855,507400.0
136,1365,6114.695260487408,507500.0
137,1371,12781.204207562467,56930.0
137,1372,11794.832676662994,58225.0
137,1373,12029.236777147682,61340.0
137,1374,12214.304437531044,62210.0
137,1375,11790.70085392747,60880.0
138,1381,882.6919473232962,1477400.0
138,1382,1031.9387406651024,1479400.0
138,1383,740.640383235534,1477400.0
138,1384,877.7416388341016,1479500.0
138,1385,796.5464439636804,1478400.0
139,1391,2866.298147563548,246900.0
139,1392,2781.7952197613686,348890.0
139,1393,2794.7886309923247,203900.0
139,1394,2800.3553052747893,272700.0
139,1395,2765.8599410522183,136400.0
140,1401,12648.536011536427,93090.0
140,1402,12009.09479813941,85000.0
140,1403,12087.539856029933,93190.0
140,1404,12228.708188061646,111200.0
140,1405,11955.266231178273,94400.0
141,1411,13493.654435692408,27110.0
141,1412,13339.028188232545,26410.0
141,1413,13425.26795687984,26310.0
141,1414,13490.72309615398,26410.0
141,1415,13302.90163944632,26210.0
142,1421,1869.8490294857706,4801000.0
142,1422,1928.3790235447166,4801000.0
142,1423,2057.8308389542885,4801000.0
142,1424,1931.3279067525618,4800000.0
142,1425,1848.750980703653,4801000.0
143,1431,2278.6480939548055,113440.0
143,1432,2356.262631735055,125260.0
143,1433,2317.4077003446,120410.0
143,1434,2359.869572448821,131020.0
143,1435,2336.5535954105444,123290.0
144,1441,8826.835309728955,50.0
144,1442,8818.056908825545,50.0
144,1443,8843.998988611438,50.0
144,1444,8815.363363785023,50.0
144,1445,8844.89564347128,50.0
145,1451,3844.95806704079,4520.0
145,1452,3751.3673756958788,4520.0
145,1453,3787.674690844823,4520.0
145,1454,3764.8497628055934,4520.0
145,1455,3737.3368579667613,4520.0
146,1461,4567.974679628014,512040.0
146,1462,4210.108930130221,512350.0
146,1463,4236.832403751936,513230.0
146,1464,4368.3203401482515,512040.0
146,1465,4148.692632987322,512040.0
147,1471,3019.030538027947,235490.0
147,1472,3045.895059343891,239140.0
147,1473,3154.312231058751,233960.0
147,1474,3156.895291963018,235330.0
147,1475,3226.0869823503517,232840.0
148,1481,7550.055583805617,878470.0
148,1482,7577.391068915442,1420410.0
148,1483,8147.550535235925,631800.0
148,1484,7781.796339901451,1030800.0
148,1485,12597.689843671385,356800.0
149,1491,18484.22022215806,282150.0
149,1492,18660.38416058028,282750.0
149,1493,18203.077209528725,281550.0
149,1494,18491.262808367792,281150.0
149,1495,18236.583112558066,281550.0
150,1501,2979.463491560883,14800.0
150,1502,2968.431425283141,9760.0
150,1503,2986.4661008234502,11580.0
150,1504,3008.125037333556,11230.0
150,1505,2989.774798330206,32690.0
151,1511,2285.6629454426075,334250.0
151,1512,2179.8576598788886,333360.0
151,1513,2253.680739949381,332060.0
151,1514,2195.736956720377,333360.0
151,1515,2224.306152974032,327360.0
152,1521,7611.589133273216,19908000.0
152,1522,7981.237599557108,7279320.0
152,1523,8189.527172191216,5021920.0
152,1524,7876.736830901221,7126510.0
152,1525,7842.057050537207,17613160.0
153,1531,4875.945477868477,486800.0
153,1532,2335.8552197492945,793800.0
153,1533,2520.1054984825396,558800.0
153,1534,2377.28437904965,596800.0
153,1535,4404.268255384198,537200.0
154,1541,16800.030452080246,-38410.0
154,1542,16490.83170130009,-38410.0
154,1543,16742.496128110877,-38410.0
154,1544,16754.166696296044,-38410.0
154,1545,16716.819479077843,-38410.0
155,1551,54.55357762363885,195159000.0
155,1552,54.76263067591327,206864000.0
155,1553,55.06644135462345,307202000.0
155,1554,56.26423856180825,261848000.0
155,1555,55.031297775979056,263460500.0
156,1561,15235.284250074124,98940.0
156,1562,14415.324895015257,99640.0
156,1563,14309.423870953524,112140.0
156,1564,14702.457726126793,99540.0
156,1565,14229.434574958883,99540.0
157,1571,1364.2223181863044,234500.0
157,1572,1303.5377175451963,241200.0
157,1573,1347.9386527002412,245000.0
157,1574,1356.1090526721343,235390.0
157,1575,1249.263214818402,233720.0
158,1581,13270.593404548024,937600.0
158,1582,13916.530515290444,1022600.0
158,1583,15087.66631696092,1039600.0
158,1584,13731.080098863324,995600.0
158,1585,15323.510657882365,910600.0
159,1591,1682.3729020189835,0.0
159,1592,1686.7700777583643,0.0
159,1593,1662.2636263381537,0.0
159,1594,1680.7122905607744,0.0
159,1595,1671.3055658574544,0.0
160,1601,2764.952138527586,162310.0
160,1602,2655.5810099363907,153900.0
160,1603,2629.9727706139056,165140.0
160,1604,2684.0611876369276,147130.0
160,1605,2525.119023804021,113780.0
161,1611,3207.162395134205,920550.0
161,1612,3197.3296854042187,932850.0
161,1613,3449.478441424377,866350.0
161,1614,3255.5848496223125,833850.0
161,1615,3493.678581206035,817550.0
162,1621,7099.3738031291505,1167900.0
162,1622,7123.5971453876045,1186200.0
162,1623,7672.617292210149,1170130.0
162,1624,7314.908536933307,1175600.0
162,1625,7790.857617023726,1173400.0
164,1641,45.09773698543055,29463500.0
164,1642,45.075796993379484,32923900.0
164,1643,45.28267301811097,28858900.0
164,1644,45.840462449539146,33847700.0
164,1645,45.87797287703046,31552000.0
165,1651,12939.92844017013,237680.0
165,1652,13003.76630930363,237680.0
165,1653,13046.986024840067,237680.0
165,1654,13357.467683230057,237680.0
165,1655,12626.203853128256,237680.0
166,1661,236.09970271908364,-555500.0
166,1662,245.29251381728392,-178600.0
166,1663,252.5311884596304,-541700.0
166,1664,252.3362711202139,-293900.0
166,1665,253.23742247997407,-210550.0
167,1671,5.08461728370847,616631000.0
167,1672,5.00686340691882,771989300.0
167,1673,5.053723288136309,664072000.0
167,1674,5.143877365957818,629960000.0
167,1675,5.111322398704262,687688000.0
168,1681,569.8129782464249,62062900.0
168,1682,561.7610627604682,55007400.0
168,1683,466.37287112603127,33448400.0
168,1684,471.4398906566481,46473500.0
168,1685,480.878819173501,37966100.0
169,1691,1088.256397963021,3496300.0
169,1692,1178.6967887272326,3636400.0
169,1693,1233.0564391782405,3629300.0
169,1694,1175.9658259555695,3980400.0
169,1695,1110.8735466745877,3822400.0
170,1701,12951.431896043596,624700.0
170,1702,12908.329478942773,635700.0
170,1703,13933.600694997032,633400.0
170,1704,13145.546978518696,623800.0
170,1705,14108.640336160732,632700.0
171,1711,7340.468416360219,235000.0
171,1712,6969.374241763357,253400.0
171,1713,7014.899152262064,242300.0
171,1714,7096.824972113779,257700.0
171,1715,6938.1352987492555,269900.0
172,1721,4087.5806907282595,216780.0
172,1722,3880.934834294477,207790.0
172,1723,3906.285634072722,206390.0
172,1724,3951.9064828119604,228890.0
172,1725,3863.5392550180104,231880.0
173,1731,56.988601802004894,96696000.0
173,1732,56.20600193753686,96638000.0
173,1733,56.516177182805414,97345000.0
173,1734,57.749074147214095,97758000.0
173,1735,57.503221402036516,97220000.0
174,1741,2762.447192670345,17371000.0
174,1742,3027.7473868513675,17370000.0
174,1743,3285.279894109253,17370000.0
174,1744,2940.546105978209,17370000.0
174,1745,2845.609458745916,17370000.0
175,1751,3880.533897301968,100.0
175,1752,3881.32715983025,100.0
175,1753,3889.187258633972,100.0
175,1754,3882.463791913374,100.0
175,1755,3889.897730877069,100.0
176,1761,3109.952015300696,4521800.0
176,1762,3409.5624275305613,4479000.0
176,1763,3696.6319488707077,4476600.0
176,1764,3311.760501121501,4425000.0
176,1765,3203.2941217194043,4519000.0
177,1771,7048.788746482614,1700900.0
177,1772,8300.741038026581,1700900.0
177,1773,5946.053424030189,1652900.0
177,1774,7124.637476562752,1627900.0
177,1775,6411.646855467178,1700900.0
178,1781,7464.56293094516,309800.0
178,1782,10866.669979802946,279800.0
178,1783,10937.652561751991,284800.0
178,1784,11065.391554704694,300800.0
178,1785,10817.962122759207,276800.0
179,1791,6744.963157232145,9150.0
179,1792,6756.376473861115,9080.0
179,1793,6742.292517297322,9130.0
179,1794,6758.67353945474,9290.0
179,1795,6744.434290345889,9280.0
180,1801,114.89817307802998,67750900.0
180,1802,115.43992373667895,70086000.0
180,1803,116.32198095917158,53827900.0
180,1804,119.11549685265061,57058500.0
180,1805,116.41007381137692,64825900.0
181,1811,12564.68184172726,9500.0
181,1812,12881.978498095017,9800.0
181,1813,12737.00784417562,16700.0
181,1814,12800.291705859756,10800.0
181,1815,12778.832142174015,10100.0
182,1821,544.4458543531756,78227400.0
182,1822,547.3699383148781,77105100.0
182,1823,553.6939560553755,77659200.0
182,1824,565.5350269543391,75412000.0
182,1825,549.1075678309952,79872100.0
183,1831,9635.817989012761,-105080.0
183,1832,9855.47747936945,-98150.0
183,1833,9564.836350195214,-100750.0
183,1834,9795.142302877339,-104750.0
183,1835,9608.084823520849,-99750.0
184,1841,2896.3043451814538,10554300.0
184,1842,3075.360295601514,10554300.0
184,1843,3178.119198340722,10526300.0
184,1844,3057.555002853035,10563300.0
184,1845,2919.5077013470427,10596300.0
185,1851,2303.4014154061706,60950.0
185,1852,2171.6547514097756,62150.0
185,1853,2229.2528670271086,61950.0
185,1854,2207.692089196118,61150.0
185,1855,2197.7296817076012,60350.0
186,1861,9140.484412975195,28100.0
186,1862,9132.15565310916,29100.0
186,1863,9186.42557648454,29100.0
186,1864,9156.508473924947,29100.0
186,1865,9151.48989632726,28100.0
187,1871,2285.6923591239834,220000.0
187,1872,2310.7139181362563,116120.0
187,1873,2182.1390397586974,96550.0
187,1874,2216.8308646982205,29060.0
187,1875,2186.654736866338,54200.0
188,1881,7532.433053638696,-13200.0
188,1882,7833.063805293976,-13200.0
188,1883,7717.970778015535,-13200.0
188,1884,7539.985626933607,-13200.0
188,1885,7862.286390185893,-13200.0
189,1891,13807.826078153492,152800.0
189,1892,13153.893537712482,151800.0
189,1893,13287.031664764134,152800.0
189,1894,13652.561967910053,152800.0
189,1895,13276.309705546028,152800.0
190,1901,8069.633677876295,64000.0
190,1902,7894.615252290338,64000.0
190,1903,7952.726812898452,64000.0
190,1904,7950.347325705184,64000.0
190,1905,7860.226148483899,63000.0
191,1911,7992.306647544383,1240010.0
191,1912,8014.331001582665,1175770.0
191,1913,8637.460069062963,848990.0
191,1914,8225.686931013199,855600.0
191,1915,8765.893125774566,1013300.0
192,1921,3723.4756218233,204100.0
192,1922,3409.811635628007,307200.0
192,1923,3441.4905354750904,192500.0
192,1924,3507.9659905517206,182200.0
192,1925,3363.283194065209,149360.0
193,1931,6416.26714898641,-34980.0
193,1932,6492.035920435916,-33360.0
193,1933,6425.536516951137,-36490.0
193,1934,6491.941134490379,-39635.0
193,1935,6461.961243100105,-38690.0
194,1941,2684.3168617505244,3700.0
194,1942,2727.975840868762,3700.0
194,1943,2674.4955538894214,3700.0
194,1944,2727.6803450269563,3700.0
194,1945,2687.1384860871185,3700.0
195,1951,9549.240737564955,90.0
195,1952,9525.965033685869,90.0
195,1953,9568.63807792024,90.0
195,1954,9491.282090508563,90.0
195,1955,9553.008281680384,90.0
196,1961,91.41086451706698,153485270.0
196,1962,92.32184566591445,153181050.0
196,1963,91.80940343345542,149163240.0
196,1964,93.9210306402394,157228670.0
196,1965,92.12419110375791,148117680.0
197,1971,673.7416781932077,13727900.0
197,1972,713.4013091799927,14249800.0
197,1973,736.4096603141771,12518900.0
197,1974,710.8915471388943,14238900.0
197,1975,686.6639324959569,12667900.0
198,1981,1052.53748158288,1244500.0
198,1982,1049.3105494038182,1244400.0
198,1983,1132.0615872210374,1244600.0
198,1984,1068.4289276712666,1244600.0
198,1985,1146.5673396837065,1245600.0
199,1991,1509.8837493587105,6200.0
199,1992,1509.2164754432265,7300.0
199,1993,1512.9967670174296,5100.0
199,1994,1507.8625969388581,9900.0
199,1995,1513.0466377654543,6200.0
200,2001,12232.843823369394,82890.0
200,2002,12315.277657903076,83890.0
200,2003,12299.396069981374,82890.0
200,2004,12332.406929789548,83890.0
200,2005,12309.1614023657,82890.0
201,2011,45.305051812556876,26670000.0
201,2012,45.19545051565357,25671800.0
201,2013,45.29892554132887,25668500.0
201,2014,45.83078966308648,25668700.0
201,2015,46.06216956263385,25667900.0
202,2021,8019.3356096677335,468820.0
202,2022,8046.762645391513,392940.0
202,2023,8668.367237766859,752180.0
202,2024,11660.504726567184,319890.0
202,2025,8799.11302494189,457880.0
203,2031,10936.221213990522,455320.0
203,2032,10347.636403479939,456520.0
203,2033,10271.618325515848,459665.0
203,2034,10553.746647784688,460750.0
203,2035,10214.200254320722,454225.0
204,2041,2702.8360226458244,1006000.0
204,2042,2710.284212523332,1002000.0
204,2043,2921.013825964893,1003000.0
204,2044,2781.7605015168415,1002000.0
204,2045,2964.44728109706,1003000.0
205,2051,6408.802705945627,322700.0
205,2052,6383.864219062009,301700.0
205,2053,7013.777311996486,448700.0
205,2054,6543.361953731337,364700.0
205,2055,7096.558739661149,457700.0
206,2061,11098.7207577735,-263300.0
206,2062,11296.386461832893,-263600.0
206,2063,11111.649422475484,-260920.0
206,2064,11254.956449510988,-267000.0
206,2065,11115.828300395206,-265600.0
207,2071,400.0457565876721,12481000.0
207,2072,424.24564638350614,14169000.0
207,2073,441.0525607933108,13870000.0
207,2074,425.1810119110155,11991000.0
207,2075,407.12200095409304,12022000.0
208,2081,3795.6921695182596,1053900.0
208,2082,3809.7946089905076,1053300.0
208,2083,4100.950045130258,1054400.0
208,2084,3911.612944377031,1053800.0
208,2085,4164.248285520312,1054200.0
209,2091,7513.074121416967,1291500.0
209,2092,7537.086391188512,1134600.0
209,2093,8116.9506196695265,1256500.0
209,2094,7735.625809295503,1242500.0
209,2095,6752.739495617134,1635200.0
210,2101,7132.965123272341,460.0
210,2102,6959.340567272959,600.0
210,2103,7026.6959995459565,480.0
210,2104,6984.352386740228,280.0
210,2105,6933.311884546578,240.0
211,2111,11209.54060653119,210000.0
211,2112,10808.54785630475,210000.0
211,2113,10702.689074953647,209000.0
211,2114,10860.815937516296,211000.0
211,2115,10633.795575510507,211000.0
212,2121,1872.9061670407616,2482800.0
212,2122,2189.9174536042556,1930060.0
212,2123,1570.8513540786676,1783880.0
212,2124,1862.335545449004,2161690.0
212,2125,1689.8974390469714,2040750.0
213,2131,4028.185713691946,20300.0
213,2132,3880.4054882059586,20700.0
213,2133,3973.4183384513226,13100.0
213,2134,3960.1118062125365,31100.0
213,2135,3909.3918533501746,23800.0
214,2141,733.7223093729644,11436100.0
214,2142,781.0889533295418,11388300.0
214,2143,803.8572973267022,11426500.0
214,2144,775.1623117177004,11376100.0
214,2145,748.2877195171475,11451300.0
215,2151,46.881009682938846,66777300.0
215,2152,46.471641585114284,65057000.0
215,2153,46.83581405325651,64166400.0
215,2154,47.78545250152041,65143700.0
215,2155,47.15811831082765,69676000.0
216,2161,8950.728535568402,311800.0
216,2162,8365.691380462575,315500.0
216,2163,8380.766238439046,315800.0
216,2164,8724.730255097329,401400.0
216,2165,8410.503021675077,397300.0
217,2171,1885.8288763017833,3910.0
217,2172,1896.034351937026,3410.0
217,2173,1866.7994705163753,4110.0
217,2174,1898.2128160829416,3010.0
217,2175,1871.4712048746132,7710.0
218,2181,15447.504380103632,112100.0
218,2182,15551.600944926535,109700.0
218,2183,15531.54584551336,113700.0
218,2184,14898.436878173941,98600.0
218,2185,15543.877402832179,109300.0
219,2191,20768.864090720446,6550.0
219,2192,20682.09360104237,5180.0
219,2193,20583.875669078345,9360.0
219,2194,20612.387153161246,6460.0
219,2195,20595.01409926533,4000.0
220,2201,7209.103287609709,270105.0
220,2202,7234.183246323026,275710.0
220,2203,7794.330638789348,273500.0
220,2204,7430.41692698626,272800.0
220,2205,7913.000196990322,267620.0
221,2211,1631.7032474447908,-29100.0
221,2212,1638.6663246425699,-29100.0
221,2213,1616.0254150886678,-29100.0
221,2214,1638.856580838501,-29100.0
221,2215,1618.9116820385107,-29100.0
222,2221,10484.052378061066,186100.0
222,2222,10377.161508641222,120730.0
222,2223,10285.335960912076,267100.0
222,2224,10635.834148019496,442500.0
222,2225,10295.378987371127,302000.0
223,2231,52.85429261824355,141724800.0
223,2232,53.05683389379247,139815700.0
223,2233,53.3511811980862,120516300.0
223,2234,54.511668316321064,128424000.0
223,2235,53.31713230394881,131305000.0
224,2241,8658.753842942391,688800.0
224,2242,8694.081038572314,746300.0
224,2243,9361.41348598039,689500.0
224,2244,8935.779557634896,747500.0
224,2245,9507.102875975203,752700.0
225,2251,9021.671355510249,11450.0
225,2252,9036.803682610673,8440.0
225,2253,9104.139522815538,4740.0
225,2254,8844.142468613569,6350.0
225,2255,9111.712587628308,4940.0
226,2261,8379.969655102843,2552500.0
226,2262,9864.51832330153,2551500.0
226,2263,7069.150042320905,2552500.0
226,2264,8467.379871434783,2552500.0
226,2265,7621.72061999272,2551500.0
227,2271,5654.453780596764,25210.0
227,2272,5664.66081945197,20820.0
227,2273,5685.245022149595,24000.0
227,2274,5699.379644865961,12820.0
227,2275,5673.144369665998,18930.0
228,2281,6720.324837550828,535600.0
228,2282,6748.721976544541,535600.0
228,2283,7265.2056546420745,536600.0
228,2284,6934.548376872958,535600.0
228,2285,7376.833516189543,536600.0
229,2291,2018.6607510589342,-6195.0
229,2292,2060.214630143505,-7890.0
229,2293,2056.067701776906,-7875.0
229,2294,2072.4916529888164,-8615.0
229,2295,2057.7309477789545,-8830.0
230,2301,2487.4170562783424,19000.0
230,2302,2486.937956872828,20000.0
230,2303,2492.5908821907915,20000.0
230,2304,2487.506815589021,20000.0
230,2305,2493.5352197718407,20000.0
231,2311,3040.024942496507,31900.0
231,2312,2969.3957347293963,30300.0
231,2313,2921.675456773505,29200.0
231,2314,2992.555162653214,28700.0
231,2315,2899.089268308329,31000.0
232,2321,8950.838272551171,5751.0
232,2322,8917.386612183494,5751.0
232,2323,8967.400126146862,5760.0
232,2324,8878.433133253682,6890.0
232,2325,8949.557099809235,5920.0
233,2331,66.99833305540875,60932000.0
233,2332,66.33063328289322,60931000.0
233,2333,68.22188770903819,60923000.0
233,2334,68.08735658682777,60932000.0
233,2335,66.34921817865641,60931000.0
234,2341,8641.796180716283,11700.0
234,2342,8646.281053658093,12700.0
234,2343,8637.82069920329,11700.0
234,2344,8641.914745747174,11700.0
234,2345,8636.336253174526,11700.0
235,2351,2089.860372381565,100500.0
235,2352,1952.1788856860094,106000.0
235,2353,2033.4610899562413,102000.0
235,2354,1952.9309413036808,102000.0
235,2355,1987.308465481469,102000.0
236,2361,3844.6333295064383,4737020.0
236,2362,4213.719180109541,4737130.0
236,2363,4571.027300946361,4736020.0
236,2364,4093.9205966842433,4726020.0
236,2365,3961.343909974569,4737030.0
237,2371,3553.5620516773342,717900.0
237,2372,3565.447300741472,1090500.0
237,2373,2961.556207209418,1970020.0
237,2374,3659.597663014617,1499000.0
237,2375,3898.05822871606,1273430.0
238,2381,3480.0861236843166,353800.0
238,2382,3340.358505283207,346500.0
238,2383,3382.1854576706514,349100.0
238,2384,3368.4597240448543,345390.0
238,2385,3346.940466481084,390600.0
239,2391,2203.1867217687145,200.0
239,2392,2113.4962354176077,190.0
239,2393,2122.6447282658105,190.0
239,2394,2219.24657471543,190.0
239,2395,2142.323114113432,190.0
240,2401,823.4762307851066,4981000.0
240,2402,843.0254979363142,4991000.0
240,2403,875.2931956508874,6433200.0
240,2404,843.4941919643377,5913000.0
240,2405,837.8703702287064,6241000.0
241,2411,2627.2647447657273,10.0
241,2412,2700.9346197252667,1010.0
241,2413,2664.409281508925,600.0
241,2414,2693.074998962259,-1230.0
241,2415,2677.6517471271463,-240.0
242,2421,9346.863298473852,651800.0
242,2422,9386.359034566678,650900.0
242,2423,10104.702634283201,650900.0
242,2424,9644.812904446908,650900.0
242,2425,10259.958576132201,651800.0
243,2431,8932.68092337107,48200.0
243,2432,8463.958227159306,51500.0
243,2433,8624.611003162063,50050.0
243,2434,8510.063675440937,45900.0
243,2435,8545.861853609664,45500.0
244,2441,17925.73266774322,409850.0
244,2442,16796.595324537335,387950.0
244,2443,17080.919439550882,407150.0
244,2444,17518.061259470393,386140.0
244,2445,16840.30839339555,389240.0
245,2451,2913.325541905534,3491300.0
245,2452,3192.6430921028004,3464300.0
245,2453,3464.322005227663,3498300.0
245,2454,3100.4973682977056,3456000.0
245,2455,3001.4582662635075,3498300.0
246,2461,1752.399579103394,386700.0
246,2462,1746.979132482423,388000.0
246,2463,1883.9728189157418,387200.0
246,2464,1778.3898503023015,387700.0
246,2465,1908.0344837309106,387800.0
247,2471,6280.290077993158,3000.0
247,2472,6389.582467941878,3000.0
247,2473,6308.784149388222,3000.0
247,2474,6343.82145169907,3000.0
247,2475,6324.0367220196395,3000.0
248,2481,501.8391437569141,3142800.0
248,2482,537.5115435872818,2663900.0
248,2483,563.9429560647061,2562000.0
248,2484,537.0419143352187,2582800.0
248,2485,505.17331758334103,2808000.0
249,2491,21650.688220905464,387500.0
249,2492,19994.97593030909,384500.0
249,2493,20680.26709012554,381800.0
249,2494,20463.14172614525,382600.0
249,2495,20189.937253404172,385600.0
250,2501,7486.5856132509725,5005.0
250,2502,7792.125560251407,6690.0
250,2503,7704.956593954618,4585.0
250,2504,7465.333360797747,3100.0
250,2505,7812.814894721669,7810.0
251,2511,9940.34765148576,2892000.0
251,2512,11707.607864987265,2917000.0
251,2513,8388.033630815007,2907000.0
251,2514,10054.279074032524,2919000.0
251,2515,9046.592284356288,2891000.0
252,2521,13994.353837655368,-3900.0
252,2522,13653.715207076097,-8800.0
252,2523,13785.861619658597,-4000.0
252,2524,13702.786560391218,-7500.0
252,2525,13602.64884270925,-7700.0
253,2531,1627.8472023955314,12700.0
253,2532,1664.9558409423043,14200.0
253,2533,1615.8557697737901,12400.0
253,2534,1654.7629908520769,12500.0
253,2535,1623.1620416846224,12800.0
254,2541,3858.3880813239166,4367100.0
254,2542,4231.012939638869,4363500.0
254,2543,4587.823419567615,4362100.0
254,2544,4111.707551705818,4361200.0
254,2545,3975.2812402312643,4361800.0
255,2551,2995.2874628696964,4220.0
255,2552,3095.601496476483,3190.0
255,2553,3001.6399672526722,4240.0
255,2554,3089.826069338046,4430.0
255,2555,3022.889862248622,2790.0
256,2561,8331.30031133533,1020200.0
256,2562,8302.474244622392,1018000.0
256,2563,9119.635574068221,1001000.0
256,2564,8511.808728476879,982610.0
256,2565,9227.874628735852,1052810.0
257,2571,8315.032693672078,7510.0
257,2572,8270.31630031843,7520.0
257,2573,8310.696602727756,7520.0
257,2574,8203.665030329472,7520.0
257,2575,8324.409000250818,7520.0
258,2581,2071.1539940156667,3646000.0
258,2582,2285.825159282477,3647000.0
258,2583,2481.127154248714,3646000.0
258,2584,2244.646677661331,3646000.0
258,2585,2155.4880001545484,3645000.0
259,2591,853.5579441423585,7537000.0
259,2592,858.5315857649088,5597000.0
259,2593,891.3668833685895,4614000.0
259,2594,859.0369651783622,4566000.0
259,2595,868.7132164447657,4665000.0
260,2601,3738.132186165511,-600.0
260,2602,3764.7332766705085,11100.0
260,2603,3713.951035029839,10100.0
260,2604,3791.7744633841903,21100.0
260,2605,3713.824635714148,21100.0
261,2611,1213.9076042114996,526110.0
261,2612,1213.4846600542737,526110.0
261,2613,1248.5816551089133,526220.0
261,2614,1242.4129594670044,526110.0
261,2615,1301.826387783505,526120.0
262,2621,10276.582286672743,14420.0
262,2622,10427.07075656991,22420.0
262,2623,10318.902036277575,20430.0
262,2624,10316.769139343307,21420.0
262,2625,10326.491659121608,22420.0
263,2631,13538.708922371952,90600.0
263,2632,13552.968188249983,90600.0
263,2633,13534.234886539061,91500.0
263,2634,13548.31168587367,91200.0
263,2635,13537.065739353191,90100.0
264,2641,2245.312962918294,25130.0
264,2642,2141.822368837741,27850.0
264,2643,2144.6503996959145,24130.0
264,2644,2191.682096475889,25240.0
264,2645,2111.4748877481024,25180.0
265,2651,7.331383193005602,359936000.0
265,2652,7.3620767984549165,360393500.0
265,2653,7.448248253348557,358312500.0
265,2654,7.584971848658563,362848600.0
265,2655,7.3721639070964216,361543600.0
266,2661,7281.922756697089,283300.0
266,2662,7304.687906686069,282300.0
266,2663,7869.172972182469,283300.0
266,2664,7499.65971056844,282300.0
266,2665,7987.875983925337,282300.0
267,2671,6368.024906296563,86601.0
267,2672,4079.2582104913367,144201.0
267,2673,6130.54549614792,61001.0
267,2674,6132.316296367193,103201.0
267,2675,6055.261942930396,132001.0
268,2681,9502.570902912496,53990.0
268,2682,9493.912211798928,51990.0
268,2683,9550.331956253396,50980.0
268,2684,9519.229732844029,53990.0
268,2685,9514.01235187173,55990.0
269,2691,2285.2557799552374,245300.0
269,2692,2065.0502607519984,265300.0
269,2693,2142.6854099599977,155300.0
269,2694,2194.508224670047,255300.0
269,2695,2138.0384715051573,188300.0
270,2701,485.6343303159896,29306500.0
270,2702,487.8102632374047,28746500.0
270,2703,490.3691433654759,25151500.0
270,2704,495.4121824297073,31141500.0
270,2705,493.98006825716294,33281500.0
271,2711,8234.133242607855,45650.0
271,2712,8354.712446670328,44650.0
271,2713,8268.042031280906,76650.0
271,2714,8266.333043111528,44650.0
271,2715,8274.123232600139,51250.0
272,2721,1956.964817954146,3140600.0
272,2722,4000.239465464293,3229600.0
272,2723,1891.6929662162827,2940400.0
272,2724,1956.4997900408434,2875500.0
272,2725,1926.267845594058,2734500.0
273,2731,12137.3690419519,194000.0
273,2732,11500.487416932003,194000.0
273,2733,11718.775974050153,193900.0
273,2734,11563.133653312685,195100.0
273,2735,11611.774783919576,193500.0
274,2741,7184.426430418389,935200.0
274,2742,7204.224513530496,949300.0
274,2743,7764.36630230219,941200.0
274,2744,7394.216113276348,940300.0
274,2745,7879.817058619423,938300.0
275,2751,2279.703196282627,17190.0
275,2752,2300.351875345948,18690.0
275,2753,2244.0720693740213,21200.0
275,2754,2278.3051215651362,26800.0
275,2755,2255.8170453368894,25090.0
276,2761,769.9916298603198,2972900.0
276,2762,900.5155513502428,2524600.0
276,2763,646.0309690369761,2403700.0
276,2764,766.1944350783695,2487500.0
276,2765,694.9429533984313,2597500.0
277,2771,1773.8705621342572,365300.0
277,2772,1691.7565821382486,333500.0
277,2773,1749.049626506069,347500.0
277,2774,1704.0802789766967,373000.0
277,2775,1726.2524265889429,361500.0
278,2781,6368.357067525574,49600.0
278,2782,6374.8196954119685,47600.0
278,2783,6341.35005330238,54600.0
278,2784,6285.413162880618,36600.0
278,2785,6350.5132382529355,43600.0
279,2791,13005.308063733231,677500.0
279,2792,13042.892662498973,677600.0
279,2793,14063.964115752742,676500.0
279,2794,13396.247999038951,677600.0
279,2795,14273.161727788818,676500.0
280,2801,1117.4331527476315,7154000.0
280,2802,1212.643099587508,7183900.0
280,2803,1271.4793602118293,6615900.0
280,2804,1213.301001976458,7139300.0
280,2805,1141.3179841354604,7069000.0
281,2811,4334.450151283345,1941200.0
281,2812,5103.818566802706,1945200.0
281,2813,3654.7135930468635,1943200.0
281,2814,4379.83814490636,1946700.0
281,2815,3941.755810975193,2009700.0
282,2821,15082.524922427212,4250.0
282,2822,14621.424955802539,4250.0
282,2823,14913.317392690751,4150.0
282,2824,14762.762303962998,4250.0
282,2825,14718.132791222704,4250.0
283,2831,8557.061701862911,-89970.0
283,2832,8777.933434950464,-74120.0
283,2833,8656.820111881778,-70830.0
283,2834,8698.130786689697,-86770.0
283,2835,8706.292325687886,-72740.0
284,2841,9785.824428734868,838200.0
284,2842,9817.962534402086,838200.0
284,2843,10576.549174779086,850200.0
284,2844,10079.865005443058,853200.0
284,2845,10739.105680119905,860300.0
285,2851,5986.058900942291,464100.0
285,2852,5998.05033211787,464000.0
285,2853,6456.914154892259,464000.0
285,2854,6152.493463634504,464000.0
285,2855,6550.7085045916565,464100.0
286,2861,2170.030546996294,121210.0
286,2862,2087.119218406662,116820.0
286,2863,2050.395342944007,101520.0
286,2864,2095.360047709916,100730.0
286,2865,2018.6778587296928,103310.0
287,2871,1162.6008845481479,899000.0
287,2872,1174.1631744792676,900000.0
287,2873,1266.8503611183128,899000.0
287,2874,1217.8020038090735,900000.0
287,2875,1288.923860324378,900000.0
288,2881,3456.0531992642987,299000.0
288,2882,3319.2902154423346,298000.0
288,2883,3364.872226716698,299000.0
288,2884,3349.03734888128,299000.0
288,2885,3331.786318702251,299000.0
289,2891,55.29755254817663,183688300.0
289,2892,55.61699908689934,178484400.0
289,2893,56.05388530787859,185511000.0
289,2894,57.30580939982993,186507000.0
289,2895,55.81412753154856,196034700.0
290,2901,6884.379639586967,4300.0
290,2902,6865.63600004436,4300.0
290,2903,6956.339428527988,4300.0
290,2904,6729.258489606259,4300.0
290,2905,6950.334769795607,4300.0
291,2911,7895.752816926164,2000.0
291,2912,7873.700288501173,1995.0
291,2913,7910.9151672764465,2000.0
291,2914,7841.470302432061,1985.0
291,2915,7895.824786514919,1990.0
292,2921,7583.424867611053,1198920.0
292,2922,7612.321514756377,1182720.0
292,2923,8196.979703404233,1199415.0
292,2924,7817.259091857774,1199515.0
292,2925,8321.668576330816,1206915.0
293,2931,1839.309613855184,300.0
293,2932,1862.1949819632223,300.0
293,2933,1863.534579801641,300.0
293,2934,1853.4241635173234,300.0
293,2935,1860.3308365155233,300.0
294,2941,6100.1824990489085,-67740.0
294,2942,6130.929008092123,-34590.0
294,2943,6039.056682268524,-59360.0
294,2944,6136.065618000184,-72990.0
294,2945,6052.885839217127,-34750.0
295,2951,7611.589133273216,3174000.0
295,2952,7981.237599557108,3175000.0
295,2953,8189.527172191216,3175000.0
295,2954,7876.736830901221,3175000.0
295,2955,7842.057050537207,3174000.0
296,2961,3291.344781279863,109100.0
296,2962,3123.0696641033824,108100.0
296,2963,3139.7155488562857,109100.0
296,2964,3178.4508055150063,109100.0
296,2965,3103.5135301754963,109100.0
297,2971,4730.0695458585005,6560.0
297,2972,4724.719667457454,6470.0
297,2973,4737.513907990807,6750.0
297,2974,4719.639257640214,6580.0
297,2975,4736.439259378482,6660.0
298,2981,9964.960958264062,394110.0
298,2982,9202.901657166205,394020.0
298,2983,9518.31424742376,394170.0
298,2984,9418.379974986943,394010.0
298,2985,9292.634692587135,394170.0
299,2991,3624.6030741236746,303200.0
299,2992,3639.480471992876,303200.0
299,2993,3918.9057152136966,303300.0
299,2994,3738.5356098281104,303300.0
299,2995,3978.5126456572725,303300.0
300,3001,659.0319229599627,23687970.0
300,3002,675.0204837925231,23670790.0
300,3003,683.6383178075913,23687300.0
300,3004,682.5536958557398,23667900.0
300,3005,661.869870263102,23680340.0
301,3011,4510.754819803158,393800.0
301,3012,4495.840988263938,381800.0
301,3013,4935.540999591595,376100.0
301,3014,4608.320380745474,398800.0
301,3015,4995.517762523724,376500.0
302,3021,1746.3272211862145,200.0
302,3022,1765.3712856605248,200.0
302,3023,1760.8028544233061,200.0
302,3024,1763.3332804555225,200.0
302,3025,1765.4211787712752,200.0
303,3031,1525.2079231599032,147300.0
303,3032,1565.202428642588,138300.0
303,3033,1537.8090884199212,140300.0
303,3034,1556.4313478134245,156300.0
303,3035,1543.4474939009192,139300.0
304,3041,8438.149011933117,294960.0
304,3042,7835.457408454803,317470.0
304,3043,8226.850473276067,287460.0
304,3044,8055.556280778814,307460.0
304,3045,8099.552523398229,313190.0
305,3051,3801.939325455708,6932200.0
305,3052,4088.5737540378964,6972200.0
305,3053,4242.9397819320975,7041200.0
305,3054,4082.3416178758243,6912100.0
305,3055,3880.5404850756363,6892200.0
306,3061,10256.481700868198,135570.0
306,3062,9781.700422463533,142370.0
306,3063,10112.967581234452,133370.0
306,3064,9852.955774352631,144370.0
306,3065,9981.1546582556,145370.0
307,3071,5260.235805666448,6900.0
307,3072,5067.255916276403,6900.0
307,3073,5188.717427741652,6900.0
307,3074,5171.340995196895,6900.0
307,3075,5105.107973417025,6900.0
308,3081,10894.429632267495,322700.0
308,3082,10928.907286046962,351500.0
308,3083,10977.772401149454,328810.0
308,3084,10911.925448909595,324660.0
308,3085,10966.53585423306,355500.0
309,3091,3279.439373946323,255180.0
309,3092,3105.096226936591,215300.0
309,3093,3217.7230818341773,250200.0
309,3094,3117.150745533907,242900.0
309,3095,3142.4638678263022,224870.0
310,3101,2624.0268407444946,25850.0
310,3102,2599.0434289111918,25850.0
310,3103,2526.4520611043,26850.0
310,3104,2676.6600574274103,26850.0
310,3105,2561.5571051497286,25750.0
311,3111,46.161938256000624,236905000.0
311,3112,45.75884913775086,233617600.0
311,3113,46.11743584700928,250936400.0
311,3114,47.05250852805342,230783100.0
311,3115,46.43479652968802,260937900.0
312,3121,13270.593404548024,764700.0
312,3122,13916.530515290444,755800.0
312,3123,15087.66631696092,727200.0
312,3124,13731.080098863324,762700.0
312,3125,15323.510657882365,749000.0
313,3131,6864.325337313608,19090.0
313,3132,6765.950794306719,21980.0
313,3133,6841.396227658307,18190.0
313,3134,6760.362198956582,16090.0
313,3135,6820.210458457825,13760.0
314,3141,1683.2077995415766,3938840.0
314,3142,1790.0154537031835,3928050.0
314,3143,1863.0235200725783,3925340.0
314,3144,1789.8724125521671,3922840.0
314,3145,1694.2100209850719,3921340.0
315,3151,2647.755265288426,690.0
315,3152,2623.8902919670695,690.0
315,3153,2621.136597271167,2690.0
315,3154,2668.26498009943,690.0
315,3155,2615.6414169932677,690.0
316,3161,13152.228041162389,30250.0
316,3162,12657.340358122265,30250.0
316,3163,12674.40123286483,30150.0
316,3164,12933.86232616896,29250.0
316,3165,12526.824565311803,30150.0
317,3171,8301.825235248127,387890.0
317,3172,8330.2184174745,382900.0
317,3173,8973.719692705648,326880.0
317,3174,8555.019944113714,352880.0
317,3175,9109.071139284779,393890.0
318,3181,8684.704132927567,718000.0
318,3182,8707.286641432522,651500.0
318,3183,9384.176195680271,680000.0
318,3184,8937.554360899307,659300.0
318,3185,9527.214494456162,667600.0
319,3191,1750.5908863713908,3380.0
319,3192,1771.263361143893,3160.0
319,3193,1753.1199068602014,1930.0
319,3194,1771.2375000928246,2911.0
319,3195,1763.0578960608268,3070.0
320,3201,144.95821075926045,48114500.0
320,3202,144.41315865981318,47091000.0
320,3203,146.19301945920614,48023900.0
320,3204,146.5434253399453,49367900.0
320,3205,147.05312026160982,48107200.0
321,3211,19696.765493100567,70500.0
321,3212,17009.22656978053,215600.0
321,3213,19739.968869037348,56100.0
321,3214,19701.63385143435,27100.0
321,3215,19742.394752664382,28300.0
322,3221,6036.965486227621,4514000.0
322,3222,6469.601533184704,3742000.0
322,3223,6651.042549723391,3815000.0
322,3224,6404.497593546506,3714000.0
322,3225,6167.227020414267,4242000.0
323,3231,7248.644201351734,240.0
323,3232,7250.999664687862,240.0
323,3233,7264.026866348865,240.0
323,3234,7255.369998427716,240.0
323,3235,7266.460431344167,240.0
324,3241,6560.483813869444,2431820.0
324,3242,7722.194642186827,2432830.0
324,3243,5526.036196668924,2440830.0
324,3244,6628.0690727157225,2431920.0
324,3245,5956.3551746689245,2432920.0
325,3251,9844.388619082978,-300.0
325,3252,9813.357416057946,-300.0
325,3253,9860.570880057248,-300.0
325,3254,9770.814496086354,-300.0
325,3255,9844.348248167338,-300.0
326,3261,5128.703991496697,6700.0
326,3262,5142.1087561233835,6700.0
326,3263,5067.400981726032,6700.0
326,3264,5123.64162713989,6700.0
326,3265,5094.965281678708,6700.0
327,3271,7386.8361682345785,42950.0
327,3272,7180.476654084295,36750.0
327,3273,7307.012591255606,53750.0
327,3274,7400.587007516389,107750.0
327,3275,7378.184040168604,102750.0
328,3281,2123.1493555230027,39900.0
328,3282,2126.9819216395745,41800.0
328,3283,2134.7109328557203,46300.0
328,3284,2140.0182386141996,40400.0
328,3285,2130.167347653891,55400.0
329,3291,3668.565395394272,20700.0
329,3292,3556.2554275043212,20600.0
329,3293,3543.271410280236,20600.0
329,3294,3633.3352588299385,20700.0
329,3295,3581.5021279146467,20700.0
330,3301,5964.8019456691345,26150.0
330,3302,5989.485643188264,27610.0
330,3303,5922.037735496342,31710.0
330,3304,5946.731616284383,23510.0
330,3305,5928.464974944116,60210.0
331,3311,764.1809197393907,41253000.0
331,3312,766.6806096028556,41253000.0
331,3313,762.7431416205453,41254000.0
331,3314,771.9244471255341,41252000.0
331,3315,775.6178677309955,41253000.0
332,3321,662.8559514530607,10322000.0
332,3322,700.5176329667868,11523000.0
332,3323,721.4548989567647,10781000.0
332,3324,696.0582161897488,6111000.0
332,3325,675.1779797142136,13085000.0
333,3331,3008.1047039272353,182700.0
333,3332,2860.7841947480924,216500.0
333,3333,2858.60390161898,238800.0
333,3334,2942.6471432790513,277700.0
333,3335,2829.4944750264112,237700.0
334,3341,2446.601870737358,387800.0
334,3342,2454.7408608766636,387800.0
334,3343,2639.516178416369,386800.0
334,3344,2520.235157589789,386800.0
334,3345,2678.4838523522353,386900.0
335,3351,11686.133590982874,-1790.0
335,3352,11690.386049726143,-1695.0
335,3353,11678.800075894922,-1790.0
335,3354,11685.31531963156,-1690.0
335,3355,11681.086852101042,-1690.0
336,3361,79.49974020785461,41481220.0
336,3362,79.79200795134274,41483000.0
336,3363,79.09199927811201,41484020.0
336,3364,80.11839538606628,41481620.0
336,3365,80.75191332041221,41482500.0
337,3371,1996.346845152319,4701.0
337,3372,2006.4089533494807,4701.0
337,3373,1976.3427991248586,4701.0
337,3374,2008.0899612515127,4701.0
337,3375,1980.86853156807,4701.0
338,3381,2125.1887678557155,23503200.0
338,3382,2117.4658339452644,24403200.0
338,3383,2144.8293033135647,24043200.0
338,3384,2105.7345859646807,24075200.0
338,3385,2127.8827503882176,24058200.0
339,3391,2558.802319203695,79400.0
339,3392,2445.293567692902,78700.0
339,3393,2497.220570838623,82000.0
339,3394,2494.561361305443,77500.0
339,3395,2460.163974738638,80000.0
340,3401,9614.051010012387,259800.0
340,3402,9837.822555752824,258900.0
340,3403,9547.299854305431,259900.0
340,3404,9782.73845151619,259800.0
340,3405,9558.096984997941,258800.0
341,3411,2850.9061394879113,31380.0
341,3412,2789.0741996571774,54380.0
341,3413,2809.604326739291,54380.0
341,3414,2808.763682055911,37370.0
341,3415,2776.9249359995147,37380.0
342,3421,7114.054367469672,683490.0
342,3422,7136.0388674326705,606980.0
342,3423,7680.372544502597,630190.0
342,3424,7329.291362320172,570090.0
342,3425,7792.148236027393,605490.0
343,3431,7802.070291653258,79300.0
343,3432,7760.58800889685,79300.0
343,3433,7757.782560605771,79300.0
343,3434,7693.2458325510015,79200.0
343,3435,7740.418263288579,79200.0
344,3441,8017.2932550071155,683320.0
344,3442,7991.967586952956,683320.0
344,3443,8775.211425705722,682320.0
344,3444,8196.384023613087,682570.0
344,3445,8883.56736901579,682770.0
345,3451,2110.811426036306,-8000.0
345,3452,2121.3715952711527,-8000.0
345,3453,2089.9626659174505,-8000.0
345,3454,2121.1406729764485,-8000.0
345,3455,2094.0098377558015,-8000.0
346,3461,348.8590849478428,1610300.0
346,3462,368.11150656425764,1610300.0
346,3463,335.310114457582,1610300.0
346,3464,347.6143823778269,1610200.0
346,3465,338.6117583605775,1610200.0
347,3471,4883.220771932266,3419580.0
347,3472,5352.011300916924,3419580.0
347,3473,5805.842469746338,3419590.0
347,3474,5199.850384415278,3419580.0
347,3475,5031.459493807834,3414580.0
348,3481,9123.43446483492,393240.0
348,3482,9161.986088879978,375650.0
348,3483,9863.158294567142,408750.0
348,3484,9414.261838373415,501140.0
348,3485,10014.702974905715,418350.0
349,3491,113.70305427081568,149936000.0
349,3492,114.01827395650699,167523000.0
349,3493,114.62642847660678,158961000.0
349,3494,117.31235199230602,141588000.0
349,3495,115.1324799610431,168274000.0
350,3501,1713.4126500537484,3465380.0
350,3502,1822.136947679333,3403890.0
350,3503,1896.4551302040065,3851890.0
350,3504,1821.991339681499,3652020.0
350,3505,1724.6123043121886,3345990.0
351,3511,34.75138512346753,20327000.0
351,3512,36.971498628407595,20327000.0
351,3513,38.42154655579137,20327000.0
351,3514,36.98340299346769,20327000.0
351,3515,35.392439125327925,20328000.0
352,3521,5915.995195356254,1221800.0
352,3522,5911.60780910108,1220800.0
352,3523,6405.6568295819725,1220800.0
352,3524,6048.4195116931605,1220800.0
352,3525,6492.348596561985,1220800.0
353,3531,9273.705668595963,83340.0
353,3532,9297.944119852029,83340.0
353,3533,9162.857768199527,83340.0
353,3534,9264.551918036354,83340.0
353,3535,9212.69944460469,83340.0
354,3541,138.25271961303443,21079460.0
354,3542,140.45738558662424,21077900.0
354,3543,142.5189236881136,21079700.0
354,3544,142.933134875907,21078500.0
354,3545,140.29402156903402,21078840.0
355,3551,13304.923765513964,5320.0
355,3552,13281.4251732673,5320.0
355,3553,13336.274274176903,4310.0
355,3554,13469.794908908068,4330.0
355,3555,13346.995681792012,4310.0
356,3561,6523.196595253443,-65200.0
356,3562,6317.196680093454,-64400.0
356,3563,6358.259741705436,-73300.0
356,3564,6453.70848549686,-53200.0
356,3565,6268.9347171944255,-66500.0
357,3571,3603.1395611240137,20525760.0
357,3572,3945.8745828358706,20598050.0
357,3573,4283.327082700453,20415960.0
357,3574,3831.6435072816166,20490150.0
357,3575,3710.9875410204586,20429000.0
358,3581,494.2522654319343,8771500.0
358,3582,529.3853646508612,8770500.0
358,3583,555.4171831290566,8771500.0
358,3584,528.9228353232214,8770500.0
358,3585,497.53603272580983,8769500.0
359,3591,1369.6281568164773,-5040.0
359,3592,1360.8464262759867,-9040.0
359,3593,1349.4404714861817,-7930.0
359,3594,1365.8466284221295,-8390.0
359,3595,1350.3512136690485,-5520.0
360,3601,13832.40336420939,215700.0
360,3602,13749.4896703693,216700.0
360,3603,14041.824376537066,215700.0
360,3604,14074.44854871883,216700.0
360,3605,13467.380795075089,216700.0
361,3611,9883.164336299993,800.0
361,3612,9851.661702392656,800.0
361,3613,9898.668097463273,800.0
361,3614,9818.430781974315,800.0
361,3615,9882.625831283414,800.0
362,3621,7673.211072085073,-12329.0
362,3622,8028.757919808573,-11344.0
362,3623,7828.042800064761,-11339.0
362,3624,7682.744799399568,-11344.0
362,3625,7975.02046588799,-11329.0
363,3631,3289.6355196225513,6080.0
363,3632,3343.1396831973966,8550.0
363,3633,3277.5994877928506,9870.0
363,3634,3342.777552470225,6860.0
363,3635,3293.0934257188683,6610.0
364,3641,11264.696697106665,8070.0
364,3642,11232.298912968718,5380.0
364,3643,11285.910099224686,9570.0
364,3644,11193.444332202747,6170.0
364,3645,11266.639725480485,8970.0
365,3651,163.41270814401003,6776000.0
365,3652,170.82415902619235,6776000.0
365,3653,177.45881538934606,6776000.0
365,3654,171.73885808645753,6776000.0
365,3655,166.33906399348714,6776000.0
366,3661,2368.3630987007646,309900.0
366,3662,2284.5156776082918,310000.0
366,3663,2296.999373180285,309900.0
366,3664,2385.9224396532013,310000.0
366,3665,2322.0163371068493,310000.0
367,3671,5799.3420269331145,420480.0
367,3672,5818.428450375084,420490.0
367,3673,6268.287817063467,420480.0
367,3674,5972.837926133026,420480.0
367,3675,6363.917172243666,420480.0
368,3681,3084.3158442481385,1000.0
368,3682,3134.4805930365014,1000.0
368,3683,3073.031030641041,1000.0
368,3684,3134.1410643766094,1000.0
368,3685,3087.557928210686,1000.0
369,3691,11760.681184266094,318800.0
369,3692,11794.668882316486,283400.0
369,3693,12718.022313794192,362120.0
369,3694,12114.20759969561,332000.0
369,3695,12907.199410377316,367100.0
370,3701,44.83861618297097,123999000.0
370,3702,45.23864951293122,110743000.0
370,3703,45.5944851037373,128203000.0
370,3704,46.5160824967832,110462000.0
370,3705,45.09143498773187,104234000.0
371,3711,469.34944763289894,41164600.0
371,3712,557.1757593891973,96666500.0
371,3713,562.30632658236,61203200.0
371,3714,574.039811179559,70962400.0
371,3715,569.8251236578731,115545000.0
372,3721,2992.824918823622,468200.0
372,3722,3013.6177505093465,464900.0
372,3723,3113.7407400253073,457900.0
372,3724,3114.5151703502797,459400.0
372,3725,3196.2310440420347,465100.0
373,3731,2192.8148916822875,14650.0
373,3732,2216.7279978119955,14550.0
373,3733,2210.9915447996013,14650.0
373,3734,2214.1689309265707,14550.0
373,3735,2216.790647214078,14650.0
374,3741,2741.01861460286,-20300.0
374,3742,2770.9099972649956,-20300.0
374,3743,2763.7394309995025,-20300.0
374,3744,2767.711163658215,-20200.0
374,3745,2770.988309017598,-20300.0
375,3751,486.2039948613691,928500.0
375,3752,510.61783847515335,923500.0
375,3753,463.5314228080173,920500.0
375,3754,481.9062336698774,920500.0
375,3755,476.87461092423416,918500.0
376,3761,12036.137779159779,-85080.0
376,3762,11837.516715475307,-76700.0
376,3763,11721.20833459375,-84000.0
376,3764,11933.568943515838,-77100.0
376,3765,11609.190364041755,-86680.0
377,3771,678.8693074694265,79885000.0
377,3772,671.8323703623448,79878000.0
377,3773,619.9533487808426,79938000.0
377,3774,691.5135947966958,80108500.0
377,3775,671.7729155681716,79865000.0
378,3781,1339.923556287317,703260.0
378,3782,1334.2164800208184,699860.0
378,3783,1466.513223526513,707060.0
378,3784,1367.1262180144465,695160.0
378,3785,1483.5073731924567,690560.0
379,3791,3705.8760410431787,442000.0
379,3792,3707.286917699923,423800.0
379,3793,3228.680565346035,586600.0
379,3794,3812.5836793478165,411700.0
379,3795,3762.953618301651,515800.0
380,3801,4102.448206812093,19516000.0
380,3802,4497.041541509058,19522000.0
380,3803,4881.965312483821,19518000.0
380,3804,4370.585417422148,19509000.0
380,3805,4228.632347455933,19511000.0
381,3811,49.8307207898742,70926770.0
381,3812,50.643470554019586,126757000.0
381,3813,51.00520428914508,471040000.0
381,3814,52.009493101995474,297585000.0
381,3815,50.17377854145026,111501000.0
382,3821,1041.036951660209,455550.0
382,3822,1217.8633539803081,455550.0
382,3823,873.6739111907387,455550.0
382,3824,1036.5042413490528,456550.0
382,3825,939.8197294859608,455550.0
383,3831,8757.858452987428,-11060.0
383,3832,8731.842946069006,-12570.0
383,3833,8770.412683463077,-11060.0
383,3834,8699.973614722094,-12570.0
383,3835,8757.364588102746,-10860.0
384,3841,1551.903036557897,74410.0
384,3842,1609.311323887337,113710.0
384,3843,1558.9441183188897,60790.0
384,3844,1594.6806244779632,113650.0
384,3845,1562.7131343178414,75041.0
385,3851,5048.760741009497,513640.0
385,3852,5179.077498520826,513440.0
385,3853,5107.6193027023655,514640.0
385,3854,5131.9930562665595,513540.0
385,3855,5136.808454251983,512540.0
386,3861,4992.288259118099,1513000.0
386,3862,5839.411633846136,1619000.0
386,3863,2515.5395358450905,2445000.0
386,3864,2231.1132126110724,2768000.0
386,3865,4508.075183631702,1244200.0
387,3871,45.8077840817505,29267500.0
387,3872,45.69696658253655,27147500.0
387,3873,45.80158982970991,29267500.0
387,3874,46.33935583759582,28266500.0
387,3875,46.57330326851754,32766500.0
388,3881,2238.435003339825,2580.0
388,3882,2237.853447437146,4290.0
388,3883,2242.5791260826863,3530.0
388,3884,2237.3850994608033,2580.0
388,3885,2243.006759385594,2340.0
389,3891,3595.9134927979635,-10150.0
389,3892,3594.7295675909154,-10350.0
389,3893,3602.0599827516394,-10150.0
389,3894,3592.783029882334,-10250.0
389,3895,3602.2420416599175,-10150.0
390,3901,15175.505193739958,11590.0
390,3902,14896.205268555528,11490.0
390,3903,15123.534309835566,11590.0
390,3904,15134.076360257011,11590.0
390,3905,15100.34053516531,11590.0
391,3911,10095.357956505877,22880.0
391,3912,10193.254653883909,27900.0
391,3913,10224.054553123213,25000.0
391,3914,10110.333074257058,32210.0
391,3915,10189.350032084705,33150.0
392,3921,3066.5501662186007,43001.0
392,3922,3049.5937355991036,40001.0
392,3923,3103.2864665160096,38001.0
392,3924,3044.0335672411525,48001.0
392,3925,3094.445587656901,46001.0
393,3931,1120.8335096687351,3739000.0
393,3932,1216.3331810446155,3750600.0
393,3933,1275.3484808226733,3725600.0
393,3934,1216.9930854351487,3809900.0
393,3935,1144.791022765997,3773000.0
394,3941,5652.831714943713,61200.0
394,3942,5658.5682255524525,61200.0
394,3943,5628.85911025022,61200.0
394,3944,5579.207084640055,61200.0
394,3945,5636.992753189702,61200.0
395,3951,2103.635999993148,100900.0
395,3952,2089.6797890349358,100380.0
395,3953,2129.070383332254,100350.0
395,3954,2179.7504348626526,110000.0
395,3955,2216.4273937132084,109300.0
396,3961,585.9424726804552,115364000.0
396,3962,592.2560554802579,122459000.0
396,3963,597.2982445790557,111709000.0
396,3964,609.4116907871451,108678000.0
396,3965,591.3488881663263,113238000.0
397,3971,47.354643384641555,169154000.0
397,3972,46.941139485799845,171044000.0
397,3973,47.308991148466895,171120000.0
397,3974,48.26822368987367,170223000.0
397,3975,47.6345516106211,170335000.0
398,3981,1502.2684514910911,1158500.0
398,3982,1496.6440032997084,677900.0
398,3983,1644.6250280286854,687400.0
398,3984,1534.8738084667466,673500.0
398,3985,1664.3581682014246,669000.0
399,3991,7584.599879072941,722000.0
399,3992,7580.606684118298,811500.0
399,3993,8215.174500284,643100.0
399,3994,7759.930724672426,949000.0
399,3995,8325.791215915979,659000.0
400,4001,507.39199588858474,8146200.0
400,4002,544.5119939846672,8445500.0
400,4003,572.5986121499456,8777500.0
400,4004,545.5955164036651,9269700.0
400,4005,511.05918115347424,8890500.0
401,4011,10831.81212751364,1568100.0
401,4012,12666.441762662627,1677220.0
401,4013,9253.53086333218,1567340.0
401,4014,10853.703338374446,1863860.0
401,4015,9945.849240781301,1717170.0
402,4021,7205.125601772697,1089880.0
402,4022,7179.133098651326,1090000.0
402,4023,7886.00586123506,1176100.0
402,4024,7359.680559029916,1205780.0
402,4025,7981.645476917527,1164900.0
403,4031,18441.863787275688,-10280.0
403,4032,18449.153433934945,-10270.0
403,4033,18485.047103719684,-11280.0
403,4034,18451.171157049987,-11270.0
403,4035,18488.68975868295,-10270.0
404,4041,2975.550394059343,14262000.0
404,4042,3098.21938811522,14253000.0
404,4043,3194.318829274255,14252000.0
404,4044,3071.578899570214,14252000.0
404,4045,2998.46291723332,14262000.0
405,4051,680.5807513408627,3374000.0
405,4052,727.5475708703335,3894500.0
405,4053,758.4140501473285,3186000.0
405,4054,731.8435821155437,3708700.0
405,4055,685.3884034136324,3762000.0
406,4061,1736.1434546128573,6934000.0
406,4062,1849.887122869172,5749000.0
406,4063,1929.7553178670273,6145000.0
406,4064,1855.040854667826,6433000.0
406,4065,1748.5048095503892,5916000.0
407,4071,11987.683616481707,296200.0
407,4072,11342.50935090985,296200.0
407,4073,11259.182518914098,296200.0
407,4074,11568.436053606782,296200.0
407,4075,11196.243990341245,296200.0
408,4081,1652.482523190795,-300.0
408,4082,1656.8015751988278,1700.0
408,4083,1632.7305249407532,-4300.0
408,4084,1650.851415480247,2400.0
408,4085,1641.6118181507554,200.0
409,4091,123.3378703135173,97032000.0
409,4092,124.58553929373954,96711000.0
409,4093,125.16020986868473,106426000.0
409,4094,128.0272971731568,97794000.0
409,4095,125.04316498010294,98513000.0
410,4101,5083.441407328087,54930.0
410,4102,5265.592795692402,107260.0
410,4103,5064.842245743752,56770.0
410,4104,5165.561267913265,14020.0
410,4105,5088.784875602252,28940.0
411,4111,3334.5295425963122,306620.0
411,4112,3354.9776217172903,306610.0
411,4113,3346.649211021019,306630.0
411,4114,3357.8151184536096,306605.0
411,4115,3347.3172742784786,306605.0
412,4121,2558.802319203695,77070.0
412,4122,2445.293567692902,77070.0
412,4123,2497.220570838623,77070.0
412,4124,2494.561361305443,77070.0
412,4125,2460.163974738638,77070.0
413,4131,45.181719726372926,180803800.0
413,4132,45.58481409756662,160015000.0
413,4133,45.94337253003171,176716700.0
413,4134,46.87202195451973,163104800.0
413,4135,45.43647309190169,175279000.0
414,4141,11318.897819345615,91750.0
414,4142,10351.412905533485,91750.0
414,4143,10435.932291002293,91850.0
414,4144,10779.01698765495,91750.0
414,4145,10446.027095793546,91750.0
415,4151,1109.2426202920146,4558400.0
415,4152,1203.7546997402064,4561000.0
415,4153,1262.159703871891,4562400.0
415,4154,1204.4077798533397,4561400.0
415,4155,1132.952381264045,4556400.0
416,4161,8850.30443855625,234410.0
416,4162,8729.918768124428,446370.0
416,4163,8783.916898765026,410850.0
416,4164,8774.462339462672,147160.0
416,4165,8710.30441428003,162220.0
417,4171,4215.260159375697,12132000.0
417,4172,4616.220837622105,12115000.0
417,4173,5011.001570988195,12116000.0
417,4174,4482.58357667841,12115000.0
417,4175,4341.42993026984,12147000.0
418,4181,46.19766487404768,283226000.0
418,4182,46.60982312711551,286689000.0
418,4183,46.976444017181294,303500000.0
418,4184,47.92597482649517,276809000.0
418,4185,46.458146561719346,293704000.0
419,4191,12445.339660501593,215900.0
419,4192,12521.744462470666,216000.0
419,4193,12491.253172939192,218900.0
419,4194,12530.652199994374,216400.0
419,4195,12492.350549006898,219500.0
420,4201,10113.634717827546,157400.0
420,4202,10342.799559886302,156400.0
420,4203,10025.376052931464,157400.0
420,4204,10279.28907535225,157500.0
420,4205,10030.753287107054,156400.0
421,4211,7611.589133273216,3268500.0
421,4212,7981.237599557108,3268500.0
421,4213,8189.527172191216,3267500.0
421,4214,7876.736830901221,3268500.0
421,4215,7842.057050537207,3268500.0
422,4221,2390.2020384521957,352600.0
422,4222,2398.5080732256743,335600.0
422,4223,2579.526029764712,344600.0
422,4224,2463.8454407162963,337600.0
422,4225,2618.114805005824,339600.0
423,4231,4006.5903564196315,2299780.0
423,4232,4113.501985006544,2284720.0
423,4233,3733.914565919943,2293600.0
423,4234,3860.455621847794,2332470.0
423,4235,3942.93355797002,2289170.0
424,4241,6079.512233999097,820000.0
424,4242,6099.845779900018,825800.0
424,4243,6568.907134489428,822900.0
424,4244,6260.9202935714075,822700.0
424,4245,6668.883882056932,820100.0
425,4251,2336.607569794829,15260.0
425,4252,2355.6578452183835,10650.0
425,4253,2353.150112769197,17010.0
425,4254,2381.1511045672896,16550.0
425,4255,2360.059717505736,15020.0
426,4261,18740.614585251074,88501.0
426,4262,19213.092027502706,89801.0
426,4263,18455.57184178134,82421.0
426,4264,18747.75485907675,86501.0
426,4265,19087.74679583807,91301.0
427,4271,2652.3875581538273,80660.0
427,4272,2410.510948028258,81180.0
427,4273,2498.859142218258,80660.0
427,4274,2462.064553771175,80340.0
427,4275,2404.6724507942167,82300.0
428,4281,8746.016717342996,4200.0
428,4282,8598.103530053753,4300.0
428,4283,8758.26227777167,4300.0
428,4284,8704.308312265213,4300.0
428,4285,8706.959459039053,4300.0
429,4291,3422.1773146794158,4115000.0
429,4292,3513.2048185804356,4115000.0
429,4293,3651.782603639195,4115000.0
429,4294,3507.1446854722935,4115000.0
429,4295,3443.839315630001,4115000.0
430,4301,405.75465586993323,10057500.0
430,4302,430.2998929946945,10056500.0
430,4303,447.3466524223033,10056500.0
430,4304,431.2486067642506,10056500.0
430,4305,412.93188260079444,10056500.0
431,4311,12433.442129734498,369400.0
431,4312,11482.608477770373,371500.0
431,4313,11876.15384180962,365670.0
431,4314,11751.464242088738,366400.0
431,4315,11594.569829922619,366640.0
432,4321,2989.459441698084,9995800.0
432,4322,3112.7018452601583,8705600.0
432,4323,3209.2504980029726,7507100.0
432,4324,3085.9368272079273,8596000.0
432,4325,3012.479068208971,8124900.0
433,4331,10137.853872967207,4650.0
433,4332,9625.339098462144,4620.0
433,4333,9688.213136471382,4700.0
433,4334,9801.36013785737,3460.0
433,4335,9582.1952796403,3640.0
434,4341,44.07692596469304,118713100.0
434,4342,44.4701637799752,111641100.0
434,4343,44.8199546595055,118672900.0
434,4344,45.7258965355165,121159500.0
434,4345,44.32545004256503,121124000.0
435,4351,6425.789693112792,2146600.0
435,4352,7567.089627131466,2120900.0
435,4353,5420.518358689251,1872600.0
435,4354,6494.9346207754115,2045400.0
435,4355,5844.9608523590705,1908600.0
436,4361,4452.532961798141,18010.0
436,4362,4569.28875046696,33400.0
436,4363,4489.319489605477,24100.0
436,4364,4543.683371744869,23950.0
436,4365,4505.77966259233,26950.0
437,4371,48.94215104317907,83539900.0
437,4372,48.514784921768936,84570900.0
437,4373,48.894968370507044,80659900.0
437,4374,49.88635803309477,72928900.0
437,4375,49.2314428569268,82519900.0
438,4381,44.69917849306705,204429400.0
438,4382,45.09796781221334,186167800.0
438,4383,45.45269683691656,212296400.0
438,4384,46.37142827596014,189697400.0
438,4385,44.951211090020934,237240100.0
439,4391,7300.145188579544,3820.0
439,4392,7271.927369125324,3730.0
439,4393,7331.662581220371,3830.0
439,4394,7187.645592686703,3830.0
439,4395,7311.956214462142,3720.0
440,4401,2128.7652261716858,4201.0
440,4402,2140.285392143188,4401.0
440,4403,2107.2844132412324,4101.0
440,4404,2142.7444905155603,4201.0
440,4405,2112.5579700165595,3901.0
441,4411,3773.48082502483,193200.0
441,4412,3489.8593978656136,181300.0
441,4413,3561.113493586985,170700.0
441,4414,3615.2129202182996,188400.0
441,4415,3468.2598486145994,176100.0
442,4421,6869.463442486618,36800.0
442,4422,6682.333168506893,36800.0
442,4423,6826.63012877444,30500.0
442,4424,6838.5452946675605,21400.0
442,4425,6783.859877892248,35210.0
443,4431,2551.3379945802217,2960.0
443,4432,2564.042907313228,240.0
443,4433,2526.483477046081,1370.0
443,4434,2566.864962386589,150.0
443,4435,2532.6427262375823,100.0
444,4441,4572.787688005915,142900.0
444,4442,4244.002515091375,142900.0
444,4443,4336.091381911259,142800.0
444,4444,4418.788476277538,142800.0
444,4445,4337.408011049485,142800.0
445,4451,7263.178807984475,653610.0
445,4452,7283.193908576187,654190.0
445,4453,7849.475713961195,650560.0
445,4454,7475.268108838932,637790.0
445,4455,7966.191988359775,626550.0
446,4461,1792.6024091363574,67060.0
446,4462,1812.1511142371157,65910.0
446,4463,1807.46162606877,73100.0
446,4464,1810.0591047923822,67100.0
446,4465,1812.2023294443502,73500.0
447,4471,7156.056013569641,555700.0
447,4472,7185.25229230854,388900.0
447,4473,7736.771420804973,314300.0
447,4474,7385.004840097904,718200.0
447,4475,7857.1769034294075,619700.0
448,4481,8681.38450987684,1964000.0
448,4482,10211.051492306377,1963400.0
448,4483,7321.15483656667,1958090.0
448,4484,8759.040415467958,1966300.0
448,4485,7893.781098355792,1964500.0
449,4491,48.34355802836918,51427000.0
449,4492,47.3827568885785,51203000.0
449,4493,47.489859219633914,51540000.0
449,4494,48.05041408862397,51515000.0
449,4495,49.164771444126345,51612000.0
450,4501,20768.864090720446,4990.0
450,4502,20682.09360104237,9200.0
450,4503,20583.875669078345,12300.0
450,4504,20612.387153161246,16490.0
450,4505,20595.01409926533,11990.0
451,4511,20253.43671390906,200.0
451,4512,19136.07648797852,0.0
451,4513,19352.346198882024,200.0
451,4514,19900.205131950195,100.0
451,4515,19273.33596879783,100.0
452,4521,2997.106005852499,1100500.0
452,4522,3017.9285806486414,1108500.0
452,4523,3118.194791115822,1086500.0
452,4524,3118.970329224816,1145500.0
452,4525,3200.803093405124,1079500.0
453,4531,1849.4793933601693,146300.0
453,4532,1838.9939732776716,147200.0
453,4533,1845.3169116246522,145300.0
453,4534,1868.1909855008598,146300.0
453,4535,1834.4865257301458,145300.0
454,4541,2917.209772957519,116050.0
454,4542,2707.461281431098,135320.0
454,4543,2766.2093713483673,116050.0
454,4544,2818.9659803012105,112510.0
454,4545,2767.049314868919,130120.0
455,4551,18948.46927943092,179000.0
455,4552,18482.575938026224,178000.0
455,4553,18232.890959735247,179100.0
455,4554,18673.99999975937,179000.0
455,4555,18085.876180196017,179000.0
456,4561,9298.633646284936,32300.0
456,4562,8868.191970595495,14300.0
456,4563,9168.522243518973,34300.0
456,4564,8932.792818320664,22300.0
456,4565,9049.019268095883,10300.0
457,4571,2306.6272487645083,736600.0
457,4572,2315.6956770398388,745500.0
457,4573,2492.9821874229174,753700.0
457,4574,2378.7751072415226,742400.0
457,4575,2531.2898232151606,749900.0
458,4581,554.867968767163,9455100.0
458,4582,598.6621163746879,9056100.0
458,4583,627.649959446506,9139100.0
458,4584,597.4035845129437,8997100.0
458,4585,559.2465437228245,9677100.0
459,4591,8388.320481646912,148270.0
459,4592,8141.019746151307,149480.0
459,4593,8179.045412688382,144860.0
459,4594,8195.336477153518,147700.0
459,4595,8094.384602877624,147760.0
460,4601,7925.173872672965,7400.0
460,4602,8023.781806883768,25800.0
460,4603,8029.553834447232,20800.0
460,4604,7985.990311278141,4910.0
460,4605,8015.749620956138,9810.0
461,4611,1336.7819358203292,3253000.0
461,4612,1455.6250635485499,3253000.0
461,4613,1581.1063762700503,3253000.0
461,4614,1401.8280387008297,3253000.0
461,4615,1366.5047458777287,3253000.0
462,4621,125.72632054918677,11440000.0
462,4622,131.93857075677911,9890000.0
462,4623,138.26680503795706,13640000.0
462,4624,132.12880995289652,13140000.0
462,4625,127.99857201586353,12740000.0
463,4631,8233.326874993832,372680.0
463,4632,8257.120720213601,338730.0
463,4633,8903.534860975604,377950.0
463,4634,8480.82091820199,362020.0
463,4635,9035.9725020465,385950.0
464,4641,15762.186072875222,152970.0
464,4642,14831.847525235211,152970.0
464,4643,15175.088796154561,152870.0
464,4644,15686.771293928943,152970.0
464,4645,14421.509091826147,152870.0
465,4651,404.95732388597384,13536000.0
465,4652,429.45432816280555,13536000.0
465,4653,446.46758969626114,13536000.0
465,4654,430.40117765348975,13536000.0
465,4655,412.12044694027657,13536000.0
466,4661,2243.8738367215274,296560.0
466,4662,2040.7104341365016,293160.0
466,4663,2073.715871760349,302860.0
466,4664,2171.071242390516,306260.0
466,4665,2074.697360334142,299160.0
467,4671,2204.51083656622,1200.0
467,4672,2210.4867793044423,1200.0
467,4673,2129.125554314208,1200.0
467,4674,2226.296164789018,1200.0
467,4675,2139.0527930446265,1200.0
468,4681,44.019844856913025,48072030.0
468,4682,43.998429258020295,50494000.0
468,4683,44.20036068788865,46686000.0
468,4684,44.74481825661824,46561000.0
468,4685,44.781432138135585,47507000.0
469,4691,3148.672804821933,261090.0
469,4692,3022.251636923841,274200.0
469,4693,3060.0953519384293,270700.0
469,4694,3047.6767385312332,236400.0
469,4695,3028.206789034906,245400.0
470,4701,9287.040556434968,25640.0
470,4702,9438.089307609302,24635.0
470,4703,9253.0613769562,28140.0
470,4704,9437.066968590305,24635.0
470,4705,9296.802645263739,8430.0
471,4711,8060.146326004343,9800.0
471,4712,8035.775168502121,7520.0
471,4713,8074.411053643955,11300.0
471,4714,8007.4734839722005,29500.0
471,4715,8062.687215229533,14500.0
472,4721,5.08461728370847,266091800.0
472,4722,5.00686340691882,390056000.0
472,4723,5.053723288136309,342721000.0
472,4724,5.143877365957818,328197000.0
472,4725,5.111322398704262,288446000.0
473,4731,10073.716661118542,875000.0
473,4732,10115.064827448534,876000.0
473,4733,10891.660407876663,876000.0
473,4734,10390.364873267052,876000.0
473,4735,11057.323603555755,876000.0
474,4741,2252.4120511717983,742230.0
474,4742,2276.8624861617827,726100.0
474,4743,2373.1705543204016,674500.0
474,4744,2343.9349551257874,840500.0
474,4745,2405.8867988336556,731500.0
475,4751,2908.457313392543,4200.0
475,4752,2907.593581411599,5500.0
475,4753,2914.2633525730103,7000.0
475,4754,2904.235402710953,8800.0
475,4755,2913.7911130684925,6800.0
476,4761,9621.793394567407,380.0
476,4762,9592.372819469932,370.0
476,4763,9641.937522222064,360.0
476,4764,9552.614958135475,370.0
476,4765,9623.95628152101,380.0
477,4771,2143.184843721315,22800.0
477,4772,1962.3709560040675,23300.0
477,4773,2015.3317837825591,-5700.0
477,4774,2036.072418656803,29900.0
477,4775,2017.3729538284072,14000.0
478,4781,1511.9896828394158,80500.0
478,4782,1481.570943045553,81500.0
478,4783,1503.563149793405,80500.0
478,4784,1517.1485756516515,81500.0
478,4785,1490.1431273530868,80500.0
479,4791,1667.9464313558249,5600.0
479,4792,1626.9213797307038,5500.0
479,4793,1658.2378905279081,12060.0
479,4794,1670.7029860977618,7100.0
479,4795,1650.6186037526118,5350.0
480,4801,2859.2575408126854,8142500.0
480,4802,3036.023175721772,8142500.0
480,4803,3137.4676831097913,8327500.0
480,4804,3018.445631551676,8142500.0
480,4805,2882.1641014436514,8142500.0
481,4811,9099.427529044606,137100.0
481,4812,9135.910870512722,137100.0
481,4813,9833.847174415478,137100.0
481,4814,9382.766542192716,138000.0
481,4815,9985.618355454093,137000.0
482,4821,47.19592779970564,131303000.0
482,4822,46.783809815918644,147676800.0
482,4823,47.15042857326456,145117000.0
482,4824,48.10644611519047,132246400.0
482,4825,47.47489787485902,127501500.0
483,4831,1147.8870592534704,4429250.0
483,4832,1221.5286506368889,4439250.0
483,4833,1277.8264929649972,4444250.0
483,4834,1218.738265132218,4443250.0
483,4835,1172.0609894681927,4435250.0
484,4841,431.28330672762087,4666200.0
484,4842,443.5444861632206,5751000.0
484,4843,472.7873563067995,8533000.0
484,4844,445.2377455010904,5909000.0
484,4845,431.14158676011175,5899000.0
485,4851,7849.705247065018,324000.0
485,4852,7991.3351422446085,324000.0
485,4853,8006.128375458715,324000.0
485,4854,7910.922184200032,324000.0
485,4855,8005.196756747003,325000.0
486,4861,8794.268784966602,666490.0
486,4862,8829.084909954689,667590.0
486,4863,9508.948250249317,667490.0
486,4864,9071.726303297857,666400.0
486,4865,9655.463070918107,665490.0
487,4871,2177.4888234114223,-45100.0
487,4872,2197.2116838047873,-44200.0
487,4873,2143.4552787221137,-46600.0
487,4874,2176.153433753419,-47000.0
487,4875,2154.6736486976815,-46900.0
488,4881,2480.009552664203,-1460.0
488,4882,2464.108320259664,-1460.0
488,4883,2443.4553593116916,-1460.0
488,4884,2473.162273353408,-1460.0
488,4885,2445.104456040818,-1460.0
489,4891,2020.2747955007685,112380.0
489,4892,2089.088709706246,113800.0
489,4893,2054.639494499518,112200.0
489,4894,2092.2866635422147,112000.0
489,4895,2071.614458444871,112790.0
490,4901,7455.853050704643,272140.0
490,4902,7059.481373634192,271140.0
490,4903,7315.540164155132,280980.0
490,4904,7086.887496757741,280090.0
490,4905,7144.437247963996,282060.0
491,4911,1760.7780817355895,204100.0
491,4912,1766.2553243742034,208900.0
491,4913,1898.9668618683586,206000.0
491,4914,1812.4720139022265,204400.0
491,4915,1927.1322942533886,206200.0
492,4921,20085.309757366187,121270.0
492,4922,20552.80476091887,124270.0
492,4923,19945.855781342958,131500.0
492,4924,20437.72514514111,130270.0
492,4925,19968.412736181665,91580.0
493,4931,2996.3818262099567,7330.0
493,4932,2931.394733782776,7550.0
493,4933,2952.9724696564917,9100.0
493,4934,2952.0889286599327,7460.0
493,4935,2918.6255189982476,7270.0
494,4941,823.2688955195456,1246000.0
494,4942,962.9664227621608,1246000.0
494,4943,690.9606544993867,1246000.0
494,4944,819.7771000564911,1246000.0
494,4945,743.4182252134544,1246000.0
495,4951,15357.67340429527,263000.0
495,4952,15300.978538336954,263000.0
495,4953,15080.153987618785,263000.0
495,4954,15529.578556495655,263000.0
495,4955,15059.893428751539,263000.0
496,4961,11828.88953733291,270500.0
496,4962,11872.59686621931,269500.0
496,4963,12793.513015365766,269500.0
496,4964,12200.76290659529,268500.0
496,4965,12987.415296770665,269500.0
497,4971,8309.221680318853,572200.0
497,4972,8343.327372554239,554600.0
497,4973,8983.895799363334,556700.0
497,4974,8570.406333206089,558700.0
497,4975,9120.541713029,552170.0
498,4981,2884.8037216556145,3361630.0
498,4982,3162.723518486924,3217640.0
498,4983,3429.010335602293,3123990.0
498,4984,3072.0020668690713,3258600.0
498,4985,2971.3882267087693,3283740.0
499,4991,2176.1428633489163,9690.0
499,4992,2225.7505285052753,9690.0
499,4993,2160.1124457011615,8680.0
499,4994,2212.1244965605138,8630.0
499,4995,2169.87963481636,8690.0
500,5001,1393.9216048092096,49100.0
500,5002,1354.9808487695702,43000.0
500,5003,1378.8586189800915,42000.0
500,5004,1372.80282502521,41700.0
500,5005,1363.0996291441083,46200.0
501,5011,10623.4158464572,0.0
501,5012,10582.628284063105,0.0
501,5013,10635.697439844243,0.0
501,5014,10534.870986702548,0.0
501,5015,10615.441054392151,0.0
502,5021,540.2354521327755,78582000.0
502,5022,543.1369230660077,82381100.0
502,5023,549.412034826005,79408900.0
502,5024,561.1615343211159,80365300.0
502,5025,544.8611148470143,86322800.0
503,5031,1340.2423295445792,1266500.0
503,5032,1336.0067232037159,1155500.0
503,5033,1440.8568585668215,841100.0
503,5034,1318.0508909552827,1435400.0
503,5035,1459.6405885468328,1313660.0
504,5041,2436.4939330966813,6619850.0
504,5042,2670.0762547638105,6766850.0
504,5043,2897.149703770229,6444480.0
504,5044,2593.3609895622576,6437040.0
504,5045,2510.345673341256,6618880.0
505,5051,6943.236526625073,308560.0
505,5052,6941.173543858301,309550.0
505,5053,7070.237397004343,312560.0
505,5054,6938.34097482589,308550.0
505,5055,7052.185843038232,310550.0
506,5061,16863.60999248086,80000.0
506,5062,15617.945819380406,80700.0
506,5063,15681.62425710959,77700.0
506,5064,16346.647983020608,83700.0
506,5065,15493.440335362553,80300.0
507,5071,9128.971790549194,969750.0
507,5072,9161.476482764903,969750.0
507,5073,9867.21321469335,969750.0
507,5074,9408.109847940492,969750.0
507,5075,10016.710155606406,969750.0
508,5081,6372.207402577603,31420.0
508,5082,6424.231430684096,31410.0
508,5083,6422.347980114113,31410.0
508,5084,6394.73341367986,31410.0
508,5085,6428.387181626262,31420.0
509,5091,485.9120547485545,3136000.0
509,5092,529.2658033584904,3136000.0
509,5093,574.8758760283954,3135000.0
509,5094,509.85161205950965,3134000.0
509,5095,496.8479598819552,3135000.0
510,5101,11893.846193531595,25990.0
510,5102,11911.407693414394,25980.0
510,5103,11885.078779974847,25980.0
510,5104,11909.489050172899,25980.0
510,5105,11889.660143105712,25990.0
511,5111,12345.811765323415,401.0
511,5112,12313.686876888683,301.0
511,5113,12362.62990510531,201.0
511,5114,12272.558681909017,301.0
511,5115,12346.855711131302,401.0
512,5121,6384.629615167797,800200.0
512,5122,6401.132028297325,802500.0
512,5123,6885.041663519945,802900.0
512,5124,6567.053771645808,799550.0
512,5125,6988.2475894825475,800200.0
513,5131,5772.374914647617,1600250.0
513,5132,5787.384603361087,1598250.0
513,5133,4810.911269660169,1760250.0
513,5134,5756.827383557429,1670250.0
513,5135,6332.357799704056,1562250.0
514,5141,8357.872568215007,1214000.0
514,5142,9726.639277004411,1885000.0
514,5143,6964.996955720681,1638000.0
514,5144,8613.122736302616,1389000.0
514,5145,9169.409677709416,1247000.0
515,5151,9587.854690502212,131500.0
515,5152,8898.484293847965,139500.0
515,5153,9091.568848374285,133200.0
515,5154,9264.961487221335,128280.0
515,5155,9094.329450816364,142900.0
516,5161,1251.7999991932106,1251600.0
516,5162,1251.3638527403534,1254200.0
516,5163,1287.5564082764226,1254700.0
516,5164,1281.1951554324878,1256000.0
516,5165,1342.4631870854996,1252500.0
517,5171,5114.726472668559,4000.0
517,5172,4958.360067310596,4000.0
517,5173,5057.345481344551,5000.0
517,5174,5006.289832381839,4000.0
517,5175,4991.155247725151,4000.0
518,5181,2320.2535608030753,8940.0
518,5182,2373.1463941095412,8930.0
518,5183,2303.1615608913035,8930.0
518,5184,2358.618005522592,8940.0
518,5185,2313.5755625201764,8940.0
519,5191,3081.0469095988874,-2000.0
519,5192,3079.369552804547,-2000.0
519,5193,3085.259893754151,-2000.0
519,5194,3076.160489120485,-2000.0
519,5195,3085.6249857986195,-1000.0
520,5201,6437.333880663254,208000.0
520,5202,6397.5229810183255,212100.0
520,5203,6461.3115829031685,214100.0
520,5204,6379.816144198731,206100.0
520,5205,6462.489560600519,197000.0
521,5211,13734.21922483479,183710.0
521,5212,12683.910091920168,186890.0
521,5213,13118.627867435149,217230.0
521,5214,12980.893338271411,240970.0
521,5215,12807.584754103256,188900.0
522,5221,7297.606028089351,1537560.0
522,5222,8588.491085462258,1550460.0
522,5223,6152.923064879322,1538070.0
522,5224,7367.452629333791,1540960.0
522,5225,6636.466191577619,1524460.0
523,5231,19886.28424071942,113780.0
523,5232,18596.607179312072,116940.0
523,5233,18643.930311099473,120650.0
523,5234,19035.823096011318,116610.0
523,5235,18406.140317413443,118870.0
524,5241,3158.5395929512874,85901.0
524,5242,3085.1569222920116,85301.0
524,5243,3035.5762806323596,85401.0
524,5244,3109.2192150136666,85501.0
524,5245,3012.109574973514,86101.0
525,5251,9517.595736388943,10400.0
525,5252,9527.254221138655,9400.0
525,5253,9477.233388502706,10400.0
525,5254,9393.634949511305,11400.0
525,5255,9490.927892295818,11400.0
526,5261,8253.097413027708,206400.0
526,5262,8284.60186723053,206400.0
526,5263,8915.713908133064,206400.0
526,5264,8514.500005041535,206400.0
526,5265,9046.793285793396,206400.0
527,5271,12519.03392633298,233500.0
527,5272,12047.971861843713,259100.0
527,5273,12064.211366591246,233700.0
527,5274,12311.18109821938,231200.0
527,5275,11923.73955435918,272800.0
528,5281,1697.4747190712037,570.0
528,5282,1628.3714825556985,290.0
528,5283,1635.4200614046854,1700.0
528,5284,1709.8482478782232,360.0
528,5285,1650.5815373515125,150.0
529,5291,1493.5956246398123,6260.0
529,5292,1419.6155001496013,22750.0
529,5293,1432.284025246559,23740.0
529,5294,1491.204145357592,28930.0
529,5295,1371.6383464555179,21640.0
530,5301,116.80942378701221,17940850.0
530,5302,124.76415350347267,17937050.0
530,5303,130.75207856099868,17940850.0
530,5304,124.9399661819098,17959150.0
530,5305,118.88830760032381,17955150.0
531,5311,11518.064136701776,166525.0
531,5312,11257.245682943943,155830.0
531,5313,11089.578779100806,166830.0
531,5314,11351.224550865521,174930.0
531,5315,11010.388920031171,161830.0
532,5321,1705.4406609235393,5256000.0
532,5322,1813.6590973843697,5317000.0
532,5323,1887.6314999574092,5264000.0
532,5324,1813.5141668563658,5239000.0
532,5325,1716.5882065892208,5225000.0
533,5331,3250.477804254503,-23700.0
533,5332,3270.8073085376495,-23700.0
533,5333,3220.87227797972,-23700.0
533,5334,3332.1377827396864,-23700.0
533,5335,3235.6570213030473,-23700.0
534,5341,9032.81854845399,904750.0
534,5342,9068.330774009552,900450.0
534,5343,9762.589840027566,889450.0
534,5344,9315.351634210034,902750.0
534,5345,9912.603641918153,884350.0
535,5351,6875.80946604421,546300.0
535,5352,9693.399754820219,86800.0
535,5353,9977.581777701385,272000.0
535,5354,9911.31652351074,230300.0
535,5355,9881.304925694487,222800.0
536,5361,3287.94024755217,129440.0
536,5362,3244.5147265176574,117490.0
536,5363,3252.322216846589,202200.0
536,5364,3272.54680905489,107710.0
536,5365,3151.0224582594788,98710.0
537,5371,2319.0350236040476,25800.0
537,5372,2335.5376129922615,25900.0
537,5373,2304.033698449677,24900.0
537,5374,2352.3132260379757,25900.0
537,5375,2303.9552837694455,25000.0
538,5381,9159.739937526118,1047000.0
538,5382,9188.375623526228,1033000.0
538,5383,9898.426604746692,910000.0
538,5384,9433.625549731556,1012000.0
538,5385,10047.740014637757,1092000.0
539,5391,14402.943306332858,248010.0
539,5392,13495.705569349177,250005.0
539,5393,13724.153922622489,249010.0
539,5394,14075.388037613917,249005.0
539,5395,13530.828086469151,249010.0
540,5401,1546.5808621495612,68560.0
540,5402,1594.9113811987945,51690.0
540,5403,1546.0707084096844,82260.0
540,5404,1582.0667968556768,52560.0
540,5405,1558.1697701759306,112880.0
541,5411,6210.984228440541,3129205.0
541,5412,7339.90592864596,3129210.0
541,5413,5189.216223918999,3129205.0
541,5414,6308.63699541161,3129210.0
541,5415,5609.115310212268,3129210.0
542,5421,5439.418915833319,-56050.0
542,5422,5321.445960337013,-56050.0
542,5423,5360.616650682841,-55850.0
542,5424,5359.012733062078,-56050.0
542,5425,5298.265634040892,-56050.0
543,5431,7686.080478234151,1073890.0
543,5432,7718.38372776351,732890.0
543,5433,8240.173836288828,883900.0
543,5434,7923.708306754704,788900.0
543,5435,8376.914143111579,738890.0
544,5441,762.783182622738,25004000.0
544,5442,765.2783003891878,25011800.0
544,5443,761.3480342945488,24975700.0
544,5444,770.5125465884639,25014500.0
544,5445,774.1992116849427,25018000.0
545,5451,2833.0638888795775,4694300.0
545,5452,3008.2101742028167,4694300.0
545,5453,3108.725348685661,4694300.0
545,5454,2990.79365787553,4694300.0
545,5455,2855.7606025598607,4694300.0
546,5461,2866.18175162446,7498500.0
546,5462,3043.375456584218,7479000.0
546,5463,3145.065630249174,7467000.0
546,5464,3025.7553452023044,7433830.0
546,5465,2889.143784647301,7498200.0
547,5471,1652.1483314732006,3400.0
547,5472,1655.1306782865704,3740.0
547,5473,1661.1450799354595,3840.0
547,5474,1665.2750090573456,3940.0
547,5475,1657.60944703682,3860.0
548,5481,44.5493630630773,645352000.0
548,5482,44.94681578510174,734306000.0
548,5483,45.30035588680553,644560000.0
548,5484,46.216008071370055,721160000.0
548,5485,44.800550938200544,717500000.0
549,5491,13270.593404548024,559700.0
549,5492,13916.530515290444,541700.0
549,5493,15087.66631696092,588700.0
549,5494,13731.080098863324,627700.0
549,5495,15323.510657882365,599700.0
550,5501,1835.0416045934846,380960.0
550,5502,2211.840388612549,580190.0
550,5503,2723.063081098267,479760.0
550,5504,1874.869497220508,609030.0
550,5505,1665.5630671740084,1646800.0
551,5511,2752.838029762248,935400.0
551,5512,2750.3892528959577,968400.0
551,5513,2980.3506266485056,1165400.0
551,5514,2813.8639435541854,918400.0
551,5515,3021.458676240579,1113400.0
552,5521,1373.2579120110165,1748800.0
552,5522,1605.6652244385455,1740800.0
552,5523,1152.9846484973532,1756900.0
552,5524,1366.69669278592,1748900.0
552,5525,1240.0224794600315,1728700.0
553,5531,232.819402454077,960000.0
553,5532,241.4167769713973,958000.0
553,5533,247.97204090063337,957000.0
553,5534,247.6394774820999,963000.0
553,5535,249.57432312284286,959000.0
554,5541,1882.7097679447477,7200.0
554,5542,1874.880849698477,7300.0
554,5543,1847.9003153188198,7300.0
554,5544,1901.8915961948958,7200.0
554,5545,1851.6678085970786,7300.0
555,5551,7.285044298637483,1433345000.0
555,5552,7.301398369232446,1429189000.0
555,5553,7.3699473383008485,1432256000.0
555,5554,7.5009577384461625,1482471000.0
555,5555,7.321322660485284,1513381000.0
556,5561,12489.281749926886,1686000.0
556,5562,15222.86299863659,1686000.0
556,5563,10296.941343485509,1686000.0
556,5564,13056.377149239639,1686000.0
556,5565,11356.17180202316,1686000.0
557,5571,1744.9793728867414,6300.0
557,5572,1743.437260707417,6300.0
557,5573,1748.8232849319952,6300.0
557,5574,1741.3658299825688,6300.0
557,5575,1747.9364219716542,6300.0
558,5581,3290.1898355455583,360300.0
558,5582,3299.698296569786,366200.0
558,5583,3558.017353711515,362530.0
558,5584,3389.0930368498484,368600.0
558,5585,3610.9418867843533,360950.0
559,5591,5139.681005877646,26820.0
559,5592,4915.196186909914,27410.0
559,5593,4872.74287512307,30220.0
559,5594,4948.582123588922,27930.0
559,5595,4825.504843316592,24420.0
560,5601,2934.3868735596097,4444000.0
560,5602,8076.737560137114,1824000.0
560,5603,5824.225679467365,3000000.0
560,5604,3100.3046866945388,4678000.0
560,5605,6270.124208725718,2604000.0
561,5611,11472.50746577768,829800.0
561,5612,11517.92662041372,942200.0
561,5613,12404.838021231031,1158500.0
561,5614,11834.462908387406,987600.0
561,5615,12595.972999598207,882200.0
562,5621,7.717830314416209,398170000.0
562,5622,7.599809390939174,383939900.0
562,5623,7.670936988477161,384670500.0
562,5624,7.807779908200627,379928000.0
562,5625,7.758365429364757,369701000.0
563,5631,3251.2104102787503,2633830.0
563,5632,3565.724186355887,2629840.0
563,5633,3867.1421908901902,2635130.0
563,5634,3467.06890534998,2658230.0
563,5635,3351.4702897802586,2657730.0
564,5641,2979.381081480215,538300.0
564,5642,3000.0805112949065,539300.0
564,5643,3099.7537460734884,538300.0
564,5644,3100.5246976398953,538300.0
564,5645,3181.8735017756007,538300.0
565,5651,6046.071931441022,10800.0
565,5652,6151.28835345066,8800.0
565,5653,6073.50334036238,9800.0
565,5654,6107.233955895145,9800.0
565,5655,6088.187081101078,8800.0
566,5661,47.996510102285114,47135000.0
566,5662,47.042606345652466,48165000.0
566,5663,47.148939812284425,45746000.0
566,5664,47.705470579353275,44402000.0
566,5665,48.81182820490368,46959000.0
567,5671,13184.691363379123,263060.0
567,5672,12546.535949978974,281650.0
567,5673,12551.965410852566,256440.0
567,5674,12912.59150993197,298430.0
567,5675,12431.530371945171,289350.0
568,5681,7310.9468965084525,130.0
568,5682,7347.353261526769,120.0
568,5683,7239.725420476486,130.0
568,5684,7355.439957536544,130.0
568,5685,7257.374961171244,130.0
569,5691,2192.0514231168727,12350.0
569,5692,2197.7807327875403,15050.0
569,5693,2165.849998735208,16450.0
569,5694,2189.8877258141865,14250.0
569,5695,2177.6312134511813,17320.0
570,5701,49.675758813241515,114738800.0
570,5702,50.485981114248474,120757700.0
570,5703,50.84658994141111,126478900.0
570,5704,51.84775564913515,120951400.0
570,5705,50.01774973482917,126510600.0
571,5711,7459.170575175723,9520.0
571,5712,7255.976156123846,9630.0
571,5713,7412.660247847521,9630.0
571,5714,7425.598267763109,9640.0
571,5715,7366.218396959986,9520.0
572,5721,5386.954662261255,154700.0
572,5722,5157.905323682813,202700.0
572,5723,5116.207499734747,192700.0
572,5724,5136.127821478547,192860.0
572,5725,5070.285766763713,202200.0
573,5731,7.285044298637483,1211146000.0
573,5732,7.301398369232446,1228875000.0
573,5733,7.3699473383008485,1240346000.0
573,5734,7.5009577384461625,1189024000.0
573,5735,7.321322660485284,1167606000.0
574,5741,12765.691774298137,215970.0
574,5742,11937.417315056282,198470.0
574,5743,12289.627531882537,216380.0
574,5744,12293.177375064017,213980.0
574,5745,12138.70999462564,207770.0
575,5751,11.873560026927347,13999000.0
575,5752,12.711853129451235,14409000.0
575,5753,13.303699641325304,14659000.0
575,5754,12.73139270597078,13929000.0
575,5755,12.10122746542508,13959000.0
576,5761,678.8693074694265,87756000.0
576,5762,671.8323703623448,91768000.0
576,5763,1049.1354036523217,46588000.0
576,5764,1061.6677791394552,42361030.0
576,5765,1062.204628592166,43298000.0
577,5771,3006.242735495438,1340950.0
577,5772,3032.993465914141,1352710.0
577,5773,3140.9514116074165,952850.0
577,5774,3143.523531359429,1092300.0
577,5775,3212.4221443292217,1164840.0
578,5781,25383.998207447345,-2200.0
578,5782,25004.136961792374,-2300.0
578,5783,24988.102404538055,-2200.0
578,5784,25163.343613265803,-2200.0
578,5785,24786.373877689355,-2200.0
579,5791,8231.626874521697,2516670.0
579,5792,9626.349501594806,2531990.0
579,5793,6906.3570144993455,2309830.0
579,5794,8190.8443877796935,2504970.0
579,5795,7431.18972841193,2515660.0
580,5801,6119.498471607169,663270.0
580,5802,6096.68767882039,778650.0
580,5803,6698.508060121012,669060.0
580,5804,6248.07724544837,672310.0
580,5805,6778.713521970189,682310.0
581,5811,2069.9920102100614,76580.0
581,5812,1981.977476855469,76580.0
581,5813,1965.9546647422867,76680.0
581,5814,1973.6092505770907,77580.0
581,5815,1948.308772711493,76680.0
582,5821,712.117762944549,168000.0
582,5822,709.5428243893834,180000.0
582,5823,765.5109606255628,162000.0
582,5824,722.1274068812755,208000.0
582,5825,775.4085182229971,162000.0
583,5831,9055.385574949618,360.0
583,5832,9216.659941993044,360.0
583,5833,9065.934001781938,360.0
583,5834,9182.857421492026,360.0
583,5835,9069.343525425209,360.0
584,5841,7020.881751326531,906900.0
584,5842,7044.363803152528,906800.0
584,5843,7586.055994554375,906800.0
584,5844,7230.3795672651295,906800.0
584,5845,7701.513435141171,906800.0
585,5851,5991.661723504722,3913300.0
585,5852,6566.071631532504,3909700.0
585,5853,7124.475358442984,3912700.0
585,5854,6377.418619976483,3909900.0
585,5855,6173.272947414172,3915600.0
586,5861,17128.48043249481,54850.0
586,5862,17065.24840010126,54850.0
586,5863,16818.96181121387,52750.0
586,5864,17320.207001890794,53750.0
586,5865,16796.365121144143,53850.0
587,5871,23896.566948638672,464400.0
587,5872,21443.337237860764,473900.0
587,5873,22206.068402063604,481000.0
587,5874,21984.431682862945,466700.0
587,5875,21660.861193149736,472600.0
588,5881,4987.4333916628375,-5500.0
588,5882,4984.718176500171,-5500.0
588,5883,4994.253144321926,-6400.0
588,5884,4979.523516424079,-5490.0
588,5885,4994.8441357307,-5500.0
589,5891,4494.050894852595,-33700.0
589,5892,4567.14423080352,-34600.0
589,5893,4477.608179757838,-33800.0
589,5894,4566.649515231297,-34700.0
589,5895,4498.774824264767,-34800.0
590,5901,8750.517338320615,29501.0
590,5902,8668.176010126657,29501.0
590,5903,8691.723506326362,27501.0
590,5904,8783.855828879972,19901.0
590,5905,8691.20250581085,19801.0
591,5911,10317.848379267842,1698000.0
591,5912,10483.776006109623,1697000.0
591,5913,9555.851648640251,1697000.0
591,5914,9931.832308860266,1697000.0
591,5915,10114.41409939953,1697000.0
592,5921,3526.679762558405,2649000.0
592,5922,3867.841738919683,2651000.0
592,5923,4194.798361998018,2651000.0
592,5924,3760.827569091404,2651000.0
592,5925,3635.4344856967937,2650000.0
593,5931,5944.797962262148,299900.0
593,5932,5925.14277839921,288900.0
593,5933,6504.630654767841,287100.0
593,5934,6073.38121962087,295900.0
593,5935,6583.675017032149,296500.0
594,5941,2058.296047735463,400.0
594,5942,2007.6699004979357,400.0
594,5943,2046.315416439567,400.0
594,5944,2061.6977191704887,400.0
594,5945,2036.9129874638315,400.0
595,5951,2025.1081097636707,17230.0
595,5952,2033.4884644645063,-2890.0
595,5953,2010.5892456643464,-2850.0
595,5954,2018.9730576837396,9130.0
595,5955,2012.7713557909913,-2850.0
596,5961,656.2342707541899,16367100.0
596,5962,693.5197262884709,16365000.0
596,5963,714.2478368959121,16367000.0
596,5964,689.1048574014171,16366000.0
596,5965,668.4332066051006,16366000.0
597,5971,2867.926186130657,1500.0
597,5972,2868.7141125767967,1500.0
597,5973,2874.9509205061718,1500.0
597,5974,2868.139349031665,1500.0
597,5975,2875.0795556763087,1500.0
598,5981,10564.050604892607,-71810.0
598,5982,10959.223855767526,2390.0
598,5983,10767.421350121174,68791.0
598,5984,10897.810560908792,141172.0
598,5985,10580.334008171718,-64238.0
599,5991,4483.102525231445,78805.0
599,5992,4517.283197594408,84790.0
599,5993,4514.406122791877,84785.0
599,5994,4565.076145653357,75800.0
599,5995,4528.366338577299,78795.0
600,6001,8579.371455267892,852031.0
600,6002,8601.73997443511,908031.0
600,6003,9270.864437884693,879041.0
600,6004,8828.031039456711,820031.0
600,6005,9411.123793584598,862041.0
601,6011,56.41861076211673,113432100.0
601,6012,55.643838338513355,141966000.0
601,6013,55.95091125972046,124430500.0
601,6014,57.17147698243175,145955200.0
601,6015,56.9280832177775,108801900.0
602,6021,12489.281749926886,1296800.0
602,6022,15222.86299863659,1296800.0
602,6023,10296.941343485509,1296800.0
602,6024,13056.377149239639,1297800.0
602,6025,11356.17180202316,1296800.0
603,6031,9232.026922622761,31000.0
603,6032,9196.341650320699,31000.0
603,6033,9271.884954192628,31000.0
603,6034,9089.755875782259,31000.0
603,6035,9246.963571979064,30000.0
604,6041,2056.0310526764074,8212000.0
604,6042,2135.9170616769757,8212000.0
604,6043,2277.6658228894185,8213000.0
604,6044,2136.5529623445686,8212000.0
604,6045,2035.351059013777,8212000.0
605,6051,1915.245340009847,1300.0
605,6052,1873.7064997848756,1300.0
605,6053,1887.4986866545878,1300.0
605,6054,1886.9339396114824,1300.0
605,6055,1865.5445963526322,1300.0
606,6061,2806.6974811872674,9567000.0
606,6062,2980.2137367809432,13363000.0
606,6063,3079.7934491021033,12957000.0
606,6064,2962.9593103281086,17403000.0
606,6065,2829.182963907134,17315000.0
607,6071,5306.176314729016,12370.0
607,6072,5326.0021346681915,5860.0
607,6073,5285.8785206961165,6360.0
607,6074,5269.438506899762,21900.0
607,6075,5302.414586457518,9180.0
608,6081,1898.7462483414051,-148410.0
608,6082,1861.8629180873559,-150820.0
608,6083,1865.3256219247069,-132220.0
608,6084,1913.9694142886044,-140520.0
608,6085,1860.651883772689,-148860.0
609,6091,9869.325867207112,580300.0
609,6092,9908.126793451509,577400.0
609,6093,17624.240669105096,498400.0
609,6094,17439.201005280687,491400.0
609,6095,17206.369322861865,537400.0
610,6101,10568.511932585603,755400.0
610,6102,10611.6308265202,744700.0
610,6103,11426.148834695523,747100.0
610,6104,10906.63790596076,751310.0
610,6105,11603.97119626621,755400.0
611,6111,1277.1741329737613,9850.0
611,6112,1276.0103788246324,9750.0
611,6113,1283.5933623079916,8850.0
611,6114,1279.4131298611874,9850.0
611,6115,1278.7118981537085,9950.0
612,6121,14276.047008697798,291600.0
612,6122,13738.872637557419,358900.0
612,6123,13757.391313562126,359600.0
612,6124,14039.022589521259,290100.0
612,6125,13597.204656458833,360100.0
613,6131,2985.5456837066195,1380.0
613,6132,2967.50100579146,1380.0
613,6133,3021.184514283997,4980.0
613,6134,2960.9834088568164,4980.0
613,6135,3012.7095665042134,10380.0
614,6141,2166.7159857224096,108000.0
614,6142,2172.689292717472,108000.0
614,6143,2183.762560999286,108000.0
614,6144,2166.5878087523574,108000.0
614,6145,2180.2955367068407,108000.0
615,6151,382.83713084555086,15230000.0
615,6152,402.910833164654,17946900.0
615,6153,420.5470017639829,16914000.0
615,6154,405.4788113000642,21002600.0
615,6155,390.5489924042614,16869500.0
616,6161,11316.905405578394,2080.0
616,6162,11276.665505868503,3960.0
616,6163,11335.464518888304,2420.0
616,6164,11235.135102354772,10400.0
616,6165,11314.693886869765,6000.0
617,6171,1485.7569304001922,14761114.0
617,6172,1606.1167340907998,14849314.0
617,6173,1669.3813458983536,14902104.0
617,6174,1613.2667940264532,14912104.0
617,6175,1517.2682867298756,14831104.0
618,6181,447.0381522516729,18050000.0
618,6182,451.7027681786186,14550000.0
618,6183,481.46951716434234,18050000.0
618,6184,453.4419861118422,16550000.0
618,6185,447.01233971937955,15180000.0
619,6191,46.01726343412899,157838000.0
619,6192,46.42781221315671,164233000.0
619,6193,46.79300145214982,160947000.0
619,6194,47.738824352726,164327000.0
619,6195,46.276727943299164,157583000.0
620,6201,3021.110179692684,727620.0
620,6202,3047.9932064782233,729510.0
620,6203,3156.485060732606,728520.0
620,6204,3159.0699009633854,728520.0
620,6205,3228.309253645076,728520.0
621,6211,6868.286026855759,1323000.0
621,6212,6890.776981405281,1323000.0
621,6213,7424.644672684187,1323100.0
621,6214,7078.560514108634,1323000.0
621,6215,7538.101201889362,1323000.0
622,6221,6991.8274626819375,77990.0
622,6222,6785.697513574395,106190.0
622,6223,6817.392642553126,106090.0
622,6224,6830.971560069796,96290.0
622,6225,6746.826219114386,75390.0
623,6231,5963.872658975178,373800.0
623,6232,6001.374699215276,373800.0
623,6233,5986.5521989609015,396900.0
623,6234,6006.022317655398,368480.0
623,6235,5985.546219648621,377900.0
624,6241,7422.166627832485,40900.0
624,6242,7315.797507160855,64900.0
624,6243,7397.374144357903,47900.0
624,6244,7309.754744927726,43900.0
624,6245,7374.466676920427,48900.0
625,6251,38.798286613426015,20679000.0
625,6252,40.84913210943682,20665000.0
625,6253,42.48129606326379,21415900.0
625,6254,45.840462449539146,22422000.0
625,6255,39.610425921248364,21189000.0
626,6261,13270.593404548024,1049700.0
626,6262,13916.530515290444,1049700.0
626,6263,15087.66631696092,1049700.0
626,6264,13731.080098863324,1049700.0
626,6265,15323.510657882365,1049600.0
627,6271,5921.313476875147,32505.0
627,6272,5899.388615935181,32610.0
627,6273,5935.230292676779,32610.0
627,6274,5978.274737764061,32705.0
627,6275,5941.805917849945,32805.0
628,6281,13723.1484835096,35001.0
628,6282,13209.369274254248,43001.0
628,6283,13050.323909235896,20001.0
628,6284,13225.278501577248,27001.0
628,6285,12881.654652287845,34001.0
629,6291,1328.8875656360592,-31570.0
629,6292,1338.3441221846165,-16570.0
629,6293,1320.2912856045814,-16670.0
629,6294,1347.9571307659721,-34470.0
629,6295,1320.2463512709198,-20680.0
630,6301,5685.005537591014,1025501.0
630,6302,5704.448900178485,1023501.0
630,6303,6145.112032618736,1027501.0
630,6304,5858.390700636617,1025101.0
630,6305,6237.799327462798,1025701.0
631,6311,2477.6167919080845,63530.0
631,6312,2504.6357224700673,64020.0
631,6313,2498.154221289364,63610.0
631,6314,2501.74428502544,63150.0
631,6315,2504.706508750838,64490.0
632,6321,5894.567003549681,659000.0
632,6322,5910.810628364609,659000.0
632,6323,6370.387093846022,660000.0
632,6324,6066.691995605263,659000.0
632,6325,6465.110343546387,660000.0
633,6331,21715.11617093375,20940.0
633,6332,21408.074324140427,21080.0
633,6333,21596.05158672406,21050.0
633,6334,21577.02487183553,20980.0
633,6335,21363.3014237869,21100.0
634,6341,2356.520475745507,11060.0
634,6342,2397.5296889440842,11940.0
634,6343,2367.2121574745283,13950.0
634,6344,2380.359021597845,4500.0
634,6345,2372.9353007159007,21010.0
635,6351,4584.7699385681535,5210.0
635,6352,4485.333056009043,5250.0
635,6353,4518.349193642378,5060.0
635,6354,4516.997285762989,5150.0
635,6355,4465.794854445032,5360.0
636,6361,8598.419229844072,1339720.0
636,6362,10001.333216986588,2383940.0
636,6363,7164.7642302316235,1472940.0
636,6364,8580.580957115993,2252290.0
636,6365,9433.870650499342,1096180.0
637,6371,7425.139369918504,2259100.0
637,6372,7723.644154979236,2259130.0
637,6373,7118.3587611945895,2259900.0
637,6374,7309.1880810382545,2260000.0
637,6375,7282.168912506652,2258100.0
638,6381,5594.766953319786,28250.0
638,6382,5541.499065683972,29250.0
638,6383,5386.724815895027,29250.0
638,6384,5706.98782574842,29250.0
638,6385,5461.573341554347,29250.0
639,6391,5755.8363092862255,412400.0
639,6392,5775.521921132262,412500.0
639,6393,6221.675375353559,414500.0
639,6394,5931.381717351439,413400.0
639,6395,6315.5174821985465,413400.0
640,6401,8509.624767391966,1163320.0
640,6402,8536.822077343528,1150320.0
640,6403,9193.600770147912,1151320.0
640,6404,8761.69619974979,1145320.0
640,6405,9335.913318249182,1157320.0
641,6411,4993.196916133914,300.0
641,6412,5011.853330302687,300.0
641,6413,4974.096366782009,300.0
641,6414,4958.626050433622,300.0
641,6415,4989.657069568237,300.0
642,6421,576.6068044700065,1908000.0
642,6422,616.4505678055209,1908000.0
642,6423,563.5097023618744,1908000.0
642,6424,577.3674923098441,1909000.0
642,6425,567.2938385173753,1909000.0
643,6431,13734.426040768856,35500.0
643,6432,13892.118278841235,33790.0
643,6433,13806.893397380521,34840.0
643,6434,13755.940937758442,34700.0
643,6435,13862.05155674199,32980.0
644,6441,46.688700301761955,99614000.0
644,6442,47.196499808784,74650000.0
644,6443,47.67689187088784,96556000.0
644,6444,48.66830798049493,69416000.0
644,6445,46.97917140429781,87810000.0
645,6451,1646.669182026577,40770.0
645,6452,1646.097441090539,27670.0
645,6453,1650.8051799541777,40770.0
645,6454,1644.9353826510883,28870.0
645,6455,1650.4963064829699,25970.0
646,6461,1477.182113765448,9610.0
646,6462,1490.561864004407,9610.0
646,6463,1454.094168173001,9605.0
646,6464,1476.2762015529486,9710.0
646,6465,1461.7045748466617,9610.0
647,6471,7629.980203565639,2853000.0
647,6472,8975.717677432502,2833000.0
647,6473,6435.2165528013375,2862000.0
647,6474,7699.85607024903,2848000.0
647,6475,6936.773534155489,2846100.0
648,6481,4568.9584910480635,3052000.0
648,6482,5010.9478446795965,3052000.0
648,6483,5434.533579647055,3052000.0
648,6484,4872.3065920514655,3052000.0
648,6485,4709.854701982808,3052000.0
649,6491,10165.601538128836,14201.0
649,6492,10163.572769284818,15501.0
649,6493,10186.191657628191,10001.0
649,6494,10167.26264988483,15601.0
649,6495,10191.189617823977,6001.0
650,6501,5456.533326630141,41100.0
650,6502,5381.121247760072,40100.0
650,6503,5405.931179567945,40100.0
650,6504,5477.199564237142,39100.0
650,6505,5356.584241541325,40100.0
651,6511,1442.0470096479044,-3000.0
651,6512,1429.0494286914784,-5200.0
651,6513,1427.5496838873537,-5600.0
651,6514,1453.2172160864202,-2600.0
651,6515,1424.556843729086,-2300.0
652,6521,804.004373430829,72500.0
652,6522,831.6735308845255,72200.0
652,6523,802.5019598980216,72400.0
652,6524,813.4812211488359,72400.0
652,6525,818.9120418187027,70900.0
653,6531,6467.690687278292,2825200.0
653,6532,7617.9419892618,2825300.0
653,6533,5454.8707773036,2825200.0
653,6534,6539.209332979387,2826200.0
653,6535,5883.289335294538,2825200.0
654,6541,1809.900233084313,2245640.0
654,6542,2131.7832977244307,2245540.0
654,6543,1526.4755797159519,2245630.0
654,6544,1829.9138082200097,2243630.0
654,6545,1646.3630148851412,2247730.0
655,6551,7647.412681522194,656400.0
655,6552,7678.613665955202,682300.0
655,6553,8268.001782729008,613400.0
655,6554,7892.081833928462,622300.0
655,6555,8396.674673634401,638800.0
656,6561,3630.2994872180097,10250.0
656,6562,3633.4694027242595,11050.0
656,6563,3621.1079219079015,16050.0
656,6564,3630.9064620906406,13250.0
656,6565,3620.352441188735,10150.0
657,6571,3243.1385635875863,3029500.0
657,6572,3430.6148799224648,3104850.0
657,6573,3081.814158774426,2154700.0
657,6574,3188.166330854514,2542750.0
657,6575,3193.24068837665,2841250.0
658,6581,2281.4489292439403,84700.0
658,6582,2238.949263057673,79500.0
658,6583,2279.717862613412,84200.0
658,6584,2284.5529938579357,79100.0
658,6585,2249.5857034457686,80900.0
659,6591,50.23431284775829,50894000.0
659,6592,49.06465790876399,36144000.0
659,6593,50.336207180723534,40983000.0
659,6594,49.77026134437752,43585000.0
659,6595,50.077856923474215,27231000.0
660,6601,7433.609147645414,2747700.0
660,6602,8751.731080723572,2752300.0
660,6603,6270.442805828276,2754700.0
660,6604,7511.720070258263,2750900.0
660,6605,6761.032706389633,2755600.0
661,6611,125.21051072971056,18415400.0
661,6612,131.39727431171715,18096400.0
661,6613,137.69954612642098,19207400.0
661,6614,131.58673302491758,19120400.0
661,6615,127.47343996685174,19639400.0
662,6621,10893.953737132002,1475300.0
662,6622,11348.78455973324,1478000.0
662,6623,10296.941343485509,1478600.0
662,6624,10737.729736558353,1476500.0
662,6625,10689.496357653003,1477700.0
663,6631,8351.102165404913,1476100.0
663,6632,8379.827343679837,1325000.0
663,6633,9027.409815454255,1408000.0
663,6634,8336.85926585487,1586000.0
663,6635,9162.787420031671,1349800.0
664,6641,3450.128481114407,3000.0
664,6642,3478.296048447497,3000.0
664,6643,3477.2762846445075,4000.0
664,6644,3462.324824949411,3000.0
664,6645,3480.5461124802787,4000.0
665,6651,1416.3678893714891,33500.0
665,6652,1423.6877430352065,96000.0
665,6653,1403.232946003259,53000.0
665,6654,1421.7322835002346,50000.0
665,6655,1390.4238208177496,36300.0
666,6661,3136.8644669217074,9630.0
666,6662,3165.2769847214904,11530.0
666,6663,3087.8361477535623,10530.0
666,6664,3134.9407204837703,10530.0
666,6665,3103.9971979388897,10520.0
667,6671,5689.140477627133,866100.0
667,6672,5710.277797423283,866100.0
667,6673,6146.673612217208,866100.0
667,6674,5862.88733142709,866100.0
667,6675,6241.5476339984125,867100.0
668,6681,3527.59456772274,886320.0
668,6682,3561.9743691439203,842200.0
668,6683,3839.523352695869,731970.0
668,6684,3693.115538704272,927400.0
668,6685,3907.616297325031,670120.0
669,6691,8149.669849479231,-6300.0
669,6692,8119.489593131288,-8000.0
669,6693,8162.110997500534,-9000.0
669,6694,8089.0770267215385,-6100.0
669,6695,8149.240223365441,-7300.0
670,6701,1434.1545854638925,9700.0
670,6702,1459.1123788547607,9800.0
670,6703,1440.6614350906266,9600.0
670,6704,1448.6624839510073,9700.0
670,6705,1444.1444823237655,9600.0
671,6711,4638.132023501679,7760.0
671,6712,4596.407179268129,-12830.0
671,6713,4613.109569768541,-15080.0
671,6714,4624.578655632724,-140.0
671,6715,4701.865327988109,10520.0
672,6721,1600.2482837516939,-9200.0
672,6722,1611.6358825059851,-5700.0
672,6723,1589.896631194514,-13500.0
672,6724,1623.2118810191791,-5500.0
672,6725,1589.8425212064435,-5500.0
673,6731,301.2312007897291,2752000.0
673,6732,320.8039429614245,2753000.0
673,6733,293.89873167849714,2752000.0
673,6734,300.5295736363261,2643000.0
673,6735,292.62303785516724,2829000.0
674,6741,6216.421824061466,2339100.0
674,6742,7312.8429914576645,2339000.0
674,6743,5243.004510378831,2338000.0
674,6744,6273.3522289952625,2338000.0
674,6745,5651.641188550455,2339100.0
675,6751,1460.805485072771,5732900.0
675,6752,1589.8516000473558,5734000.0
675,6753,1727.7251216358327,5732700.0
675,6754,1530.5215696870187,5733400.0
675,6755,1493.2885524157016,5732000.0
676,6761,1720.2386483101873,5778000.0
676,6762,1832.940311076134,5810000.0
676,6763,1912.0768337183388,5789000.0
676,6764,1838.0468295493145,5788000.0
676,6765,1732.4867609027976,5775000.0
677,6771,485.9120547485545,2664170.0
677,6772,529.2658033584904,2668420.0
677,6773,574.8758760283954,2664520.0
677,6774,509.85161205950965,2665120.0
677,6775,496.8479598819552,2674420.0
678,6781,83.58703658346077,43548800.0
678,6782,82.42638242661427,43334400.0
678,6783,81.70088755210482,42488800.0
678,6784,82.76624966381317,43748700.0
678,6785,84.92659179223057,43106300.0
679,6791,14194.803568241541,198550.0
679,6792,13449.962612006915,192250.0
679,6793,13705.2537858006,186950.0
679,6794,13523.22816211418,208450.0
679,6795,13580.114567389945,188850.0
680,6801,9105.466259378753,19200.0
680,6802,9034.261478142182,26700.0
680,6803,9126.094550118056,23500.0
680,6804,9308.949257645658,15000.0
680,6805,9150.530316307133,42600.0
681,6811,678.8693074694265,65472100.0
681,6812,671.8323703623448,63820190.0
681,6813,619.9533487808426,62561850.0
681,6814,691.5135947966958,67029390.0
681,6815,671.7729155681716,63951200.0
682,6821,811.8447732098066,4054000.0
682,6822,831.1179103854341,4128000.0
682,6823,862.9298325196216,4055000.0
682,6824,831.5799841923761,4060000.0
682,6825,826.0355979540715,4043000.0
683,6831,8292.548013093017,191200.0
683,6832,7873.321870335562,187200.0
683,6833,7924.751490993137,178200.0
683,6834,8017.303322306539,164600.0
683,6835,7838.031147710108,173200.0
684,6841,3109.1213333273704,21090.0
684,6842,3114.733709603877,22550.0
684,6843,3126.0520059805017,21700.0
684,6844,3133.8239780809363,21750.0
684,6845,3119.398419578748,21760.0
685,6851,10613.85730908682,-128530.0
685,6852,10416.138488032891,-138300.0
685,6853,10605.80396457692,-137510.0
685,6854,10628.298175357744,-161310.0
685,6855,10465.62180502008,-154800.0
686,6861,3936.7428186990737,2988500.0
686,6862,4033.97532461583,2987300.0
686,6863,3653.3429549004286,2987700.0
686,6864,3775.001555070319,2987700.0
686,6865,3871.9509663272606,2990700.0
687,6871,22400.924902651524,13400.0
687,6872,22084.186032923753,14400.0
687,6873,22278.10001014568,13400.0
687,6874,22258.472391854022,13400.0
687,6875,22037.999110846133,13400.0
688,6881,6505.351501847782,6420.0
688,6882,6687.764953961341,6420.0
688,6883,6597.324824433264,6420.0
688,6884,6668.303803029962,6420.0
688,6885,6630.114399130403,6420.0
689,6891,62.048096314015254,70589000.0
689,6892,62.74200413417416,68750000.0
689,6893,63.044824973966094,68309000.0
689,6894,64.38314555623599,68751000.0
689,6895,62.66899975517879,68150000.0
690,6901,2885.897291721013,10112900.0
690,6902,3058.384623189363,10144400.0
690,6903,3153.340149334424,9133900.0
690,6904,3031.987602148145,8262400.0
690,6905,2907.3317253619352,8799400.0
691,6911,7201.111625473828,9620.0
691,6912,7214.1105868260465,9610.0
691,6913,7240.32516865809,10000.0
691,6914,7258.326022483054,11000.0
691,6915,7224.914635181905,10000.0
692,6921,11898.62699071483,754600.0
692,6922,11947.465609514738,786000.0
692,6923,12864.74583934463,728600.0
692,6924,12272.637804238502,776000.0
692,6925,13060.41985299675,747600.0
693,6931,49.12130731893448,31265000.0
693,6932,48.14504884759182,30362000.0
693,6933,48.25387423680418,29612000.0
693,6934,48.82344729083191,31506000.0
693,6935,49.95573238434168,29682000.0
694,6941,3689.634915613806,22800.0
694,6942,3654.505828067904,17410.0
694,6943,3552.435361000394,22700.0
694,6944,3763.6422965517463,22500.0
694,6945,3601.7964400156648,17920.0
695,6951,425.3255447255524,13254400.0
695,6952,450.03329141834485,13259400.0
695,6953,468.3204543747373,13268400.0
695,6954,451.051952760529,18406800.0
695,6955,434.17919288533574,13251400.0
696,6961,1773.8705621342572,184420.0
696,6962,1691.7565821382486,184330.0
696,6963,1749.049626506069,184820.0
696,6964,1704.0802789766967,180920.0
696,6965,1726.2524265889429,183620.0
697,6971,9263.741841886327,445000.0
697,6972,8714.403046259027,325000.0
697,6973,8900.471061006812,529000.0
697,6974,8732.277066410894,322000.0
697,6975,8726.674982287057,388000.0
698,6981,10563.21945082463,153350.0
698,6982,10634.402137117799,150290.0
698,6983,10620.688179769302,152450.0
698,6984,10649.193485767571,150270.0
698,6985,10629.120671058763,153270.0
699,6991,6305.87664577338,32900.0
699,6992,6169.111502950569,32800.0
699,6993,6214.521783951654,32800.0
699,6994,6212.6623745509405,32800.0
699,6995,6142.238728396176,32900.0
700,7001,60.28635534769901,107672000.0
700,7002,59.25163181411169,120685000.0
700,7003,60.984793341187846,151030000.0
700,7004,60.8957501233416,165796600.0
700,7005,59.62838647916684,117711000.0
701,7011,7611.589133273216,3782100.0
701,7012,7981.237599557108,3782100.0
701,7013,8189.527172191216,3782100.0
701,7014,7876.736830901221,3782000.0
701,7015,7842.057050537207,3782000.0
702,7021,8219.77764623966,1275500.0
702,7022,8247.766411868917,1275500.0
702,7023,8883.005455074495,1276500.0
702,7024,8470.405759144687,1275500.0
702,7025,9020.906761679056,1277500.0
703,7031,1705.5961511758458,89361.0
703,7032,1755.093180013629,214650.0
703,7033,1749.5165038481487,81510.0
703,7034,1762.1208129270367,163690.0
703,7035,1756.6909327514907,216870.0
704,7041,5928.719058635061,30200.0
704,7042,5904.065520630721,25000.0
704,7043,5819.10287205242,34500.0
704,7044,5989.123308223811,27200.0
704,7045,5830.966840457106,24800.0
705,7051,2524.0879371250835,410640.0
705,7052,2434.727372330498,409530.0
705,7053,2448.0318970553158,409530.0
705,7054,2542.8018415539395,410930.0
705,7055,2474.6937788018986,410640.0
706,7061,4979.891792197274,250420.0
706,7062,4677.29985154385,250620.0
706,7063,4695.382861498236,254920.0
706,7064,4781.299603219837,255520.0
706,7065,4593.787367788969,251820.0
707,7071,11067.697726333037,1090.0
707,7072,10541.124086715847,670.0
707,7073,10454.333669282472,8880.0
707,7074,11011.41850210454,1890.0
707,7075,10451.042171502411,-4850.0
708,7081,4734.826338854822,-25750.0
708,7082,4760.145081048706,-25750.0
708,7083,4759.3775515514535,-25750.0
708,7084,4788.877447513221,-25650.0
708,7085,4787.336940130434,-25750.0
709,7091,2803.1847989259204,1681.0
709,7092,2742.387864428193,1681.0
709,7093,2762.5743375496595,3181.0
709,7094,2761.7477644243268,-19.0
709,7095,2730.4419673916036,1481.0
710,7101,2145.6278652055066,18130.0
710,7102,2169.026386918461,18030.0
710,7103,2163.4133762272595,17040.0
710,7104,2166.5223884099128,18030.0
710,7105,2169.08768817255,18130.0
711,7111,18291.283493949904,57380.0
711,7112,17388.199294717997,55210.0
711,7113,17171.08485777695,55140.0
711,7114,17821.486051203363,54140.0
711,7115,16996.96222761325,57390.0
712,7121,9011.405452695337,5900.0
712,7122,9054.854352689385,5800.0
712,7123,8922.312840003486,5900.0
712,7124,9064.957032240465,5800.0
712,7125,8941.554178324423,5900.0
713,7131,2717.004698647579,269550.0
713,7132,2655.4800399945707,273460.0
713,7133,2615.928969593954,266150.0
713,7134,2677.648784905694,276660.0
713,7135,2597.24881495826,275060.0
714,7141,475.3980510771852,15705000.0
714,7142,492.493828834532,15704000.0
714,7143,524.5873449163065,15704500.0
714,7144,493.7660707525788,15704000.0
714,7145,475.8306880628169,15703140.0
715,7151,8457.385913297065,572300.0
715,7152,8485.672499136654,703100.0
715,7153,9138.197362988602,680500.0
715,7154,8709.747929941319,558900.0
715,7155,9277.277918136764,583100.0
716,7161,2833.0638888795775,6683400.0
716,7162,3008.2101742028167,6676400.0
716,7163,3108.725348685661,6683400.0
716,7164,2990.79365787553,6691800.0
716,7165,2855.7606025598607,6691500.0
717,7171,5799.783044910813,1049000.0
717,7172,5821.331443908987,1049000.0
717,7173,6266.2142970333125,1049000.0
717,7174,5976.908932509899,1049000.0
717,7175,6362.933431512943,1049000.0
718,7181,3329.500051268624,187600.0
718,7182,3282.090503515433,190600.0
718,7183,3335.5530243325943,187600.0
718,7184,3334.104653090959,187600.0
718,7185,3321.5885137985542,188600.0
719,7191,28265.283116438066,234630.0
719,7192,27467.898527412402,288960.0
719,7193,26909.730207828758,176000.0
719,7194,27676.994735542765,106515.0
719,7195,26603.41652220855,205180.0
720,7201,7193.935093511046,402650.0
720,7202,7220.663297404462,402650.0
720,7203,7772.487106124466,402650.0
720,7204,7413.638508087302,399750.0
720,7205,7892.4555894899895,402750.0
721,7211,1873.2020963249586,75020.0
721,7212,1861.8674715875272,75020.0
721,7213,1895.4595934311142,75020.0
721,7214,1858.0276682334497,75020.0
721,7215,1890.3537423819312,75020.0
722,7221,47.319677378465336,14534000.0
722,7222,47.832748100749015,14544000.0
722,7223,50.79847851713168,14545000.0
722,7224,47.88581067418058,14533000.0
722,7225,47.35351197192502,14533000.0
723,7231,663.3113978526577,3137500.0
723,7232,709.0864607726846,3137500.0
723,7233,739.1697205117764,3137500.0
723,7234,713.2734631506341,3137500.0
723,7235,667.9970584601544,3138500.0
724,7241,13194.402536283716,81160.0
724,7242,13338.290262222214,78850.0
724,7243,13303.773408810139,72780.0
724,7244,13322.892082133394,85940.0
724,7245,13338.66723039808,75980.0
725,7251,46.36699898564084,142477600.0
725,7252,45.96211926344721,141742000.0
725,7253,46.32229888788678,145556700.0
725,7254,47.26152535218799,143101600.0
725,7255,46.641069351341784,142690500.0
726,7261,7.285044298637483,1914217000.0
726,7262,7.301398369232446,2005214000.0
726,7263,7.3699473383008485,1896857000.0
726,7264,7.5009577384461625,2011663000.0
726,7265,7.321322660485284,1884856000.0
727,7271,2039.5658829810232,-10250.0
727,7272,2034.1129122858965,-10150.0
727,7273,2039.3529005510493,-10250.0
727,7274,2024.6871931320334,-10250.0
727,7275,2046.151434845664,-10250.0
728,7281,1780.8328170233985,114000.0
728,7282,1826.799019481598,114100.0
728,7283,1801.5938044423613,113000.0
728,7284,1810.1910785949253,116100.0
728,7285,1811.8895981325645,115100.0
729,7291,17442.78849121542,110650.0
729,7292,16290.384827794463,109050.0
729,7293,16938.39419114071,108550.0
729,7294,16941.822264424634,111450.0
729,7295,16060.870090199347,116550.0
730,7301,3600.9901483499816,-6300.0
730,7302,3640.2597008854746,-6300.0
730,7303,3630.8394297707246,-6300.0
730,7304,3636.0572601421445,-6300.0
730,7305,3640.362582291721,-6300.0
731,7311,10342.322206090697,89720.0
731,7312,9947.168471505734,90740.0
731,7313,9948.679779491149,89840.0
731,7314,10158.948587715267,91820.0
731,7315,9827.001057300247,92850.0
732,7321,14701.92399900686,495901.0
732,7322,13577.610720269373,501061.0
732,7323,14042.958447141365,466771.0
732,7324,13895.519226414306,464161.0
732,7325,13709.999424297825,511061.0
733,7331,653.7589223187261,17098541.0
733,7332,690.9037352530461,17125831.0
733,7333,711.5536583923086,17576700.0
733,7334,686.5055194718713,17143190.0
733,7335,665.9118431745067,17148350.0
734,7341,59.3406445715716,49101830.0
734,7342,48.22636620157441,49672200.0
734,7343,60.28244005585077,53693620.0
734,7344,49.06012396795419,49827500.0
734,7345,58.727024960748494,49510200.0
735,7351,6340.503263665969,91900.0
735,7352,6484.172722721059,93900.0
735,7353,6285.171588315467,95200.0
735,7354,6444.356331710283,93900.0
735,7355,6288.542717666192,90400.0
736,7361,2946.915079968944,4900.0
736,7362,2939.52549595956,4400.0
736,7363,2952.2546441116833,4400.0
736,7364,2930.2678126916426,3600.0
736,7365,2947.838850377487,4900.0
737,7371,8274.78070098741,182080.0
737,7372,8301.169623691245,176090.0
737,7373,8939.39422489447,185080.0
737,7374,8520.980313340016,181090.0
737,7375,9078.786310327321,186190.0
738,7381,2028.756571326249,663900.0
738,7382,2035.9801786989688,729390.0
738,7383,2192.8179984859007,817170.0
738,7384,2090.7901914570616,735960.0
738,7385,2226.0411158565253,749080.0
739,7391,8373.259341809618,901500.0
739,7392,8404.369183646,901600.0
739,7393,9046.655192810234,901000.0
739,7394,8628.97942332487,902200.0
739,7395,9186.290484344794,902400.0
740,7401,6044.065720308346,7650.0
740,7402,6054.976060377319,7650.0
740,7403,6076.978587718069,8650.0
740,7404,6092.087136119798,7650.0
740,7405,6064.044157319074,8650.0
741,7411,13270.593404548024,943800.0
741,7412,13916.530515290444,858000.0
741,7413,15087.66631696092,985800.0
741,7414,13731.080098863324,866600.0
741,7415,15323.510657882365,851000.0
742,7421,3368.1151037177515,14075100.0
742,7422,3550.8669668155817,10616400.0
742,7423,3709.677806755078,12630600.0
742,7424,3570.455176753671,11256000.0
742,7425,3411.1609528842732,10256600.0
743,7431,15036.59773089228,15.0
743,7432,14599.067138499691,60.0
743,7433,14939.886419413926,280.0
743,7434,14687.719034818878,280.0
743,7435,14680.501175468573,60.0
744,7441,2399.7342490889996,-18739.0
744,7442,2409.974796723337,-18639.0
744,7443,2376.6769736221654,-18739.0
744,7444,2410.254605144502,-18639.0
744,7445,2380.9217856996042,-18739.0
745,7451,1747.522617567322,11733100.0
745,7452,1858.4113571677146,11748100.0
745,7453,1934.2090378106636,11748100.0
745,7454,1858.2628504612271,11783100.0
745,7455,1758.9452302840812,11805100.0
746,7461,4422.060377495031,12050.0
746,7462,4380.449314884796,13040.0
746,7463,4392.349005601131,12050.0
746,7464,4438.907932039311,12050.0
746,7465,4392.085718797936,12050.0
747,7471,2910.0039548340405,111240.0
747,7472,2929.8219671754673,111600.0
747,7473,2926.341277646744,110460.0
747,7474,2994.9152839924536,110850.0
747,7475,2943.2254284235705,111980.0
748,7481,442.31167835208987,26503050.0
748,7482,400.4802427315291,17924040.0
748,7483,418.010019794205,20355040.0
748,7484,450.6451685961039,29609040.0
748,7485,388.1929757214923,16455050.0
749,7491,502.4564308222374,6201500.0
749,7492,539.2153507630662,6201500.0
749,7493,567.0287613638349,6201500.0
749,7494,540.288333411151,6201500.0
749,7495,506.0879441970854,6201500.0
750,7501,2147.3372229581496,2103730.0
750,7502,2296.0608290079417,2172730.0
750,7503,2080.6022062858056,2101730.0
750,7504,4400.830854749258,3342730.0
750,7505,2115.046796267343,2121730.0
751,7511,7373.128941212148,3106200.0
751,7512,7654.71277369358,2303400.0
751,7513,7038.677310800704,2241800.0
751,7514,7223.252963649863,2350100.0
751,7515,7842.057050537207,3619500.0
752,7521,19321.49466354918,102600.0
752,7522,18482.575938026224,100800.0
752,7523,18232.890959735247,101700.0
752,7524,18673.99999975937,101500.0
752,7525,18085.876180196017,102600.0
753,7531,23896.566948638672,430250.0
753,7532,21443.337237860764,430350.0
753,7533,22206.068402063604,431250.0
753,7534,21984.431682862945,430350.0
753,7535,21660.861193149736,431350.0
754,7541,2269.785139721241,136900.0
754,7542,2183.062442749173,136000.0
754,7543,2183.3941230370697,136000.0
754,7544,2229.5409174168594,137000.0
754,7545,2156.6898152476124,136900.0
755,7551,7850.649078225547,2451800.0
755,7552,8021.788259371603,1441900.0
755,7553,8648.86368332024,1402400.0
755,7554,8323.535969115208,1337400.0
755,7555,7213.601181037717,2260900.0
756,7561,13270.593404548024,1308500.0
756,7562,13916.530515290444,1308400.0
756,7563,15087.66631696092,1305300.0
756,7564,13731.080098863324,1307400.0
756,7565,15323.510657882365,1308400.0
757,7571,52.60254939109031,67659200.0
757,7572,52.906427258313,63377700.0
757,7573,53.3220212214875,70454400.0
757,7574,54.51293105105715,64402400.0
757,7575,53.09394837395398,67228400.0
758,7581,2125.1887678557155,44693000.0
758,7582,2117.4658339452644,44764000.0
758,7583,2144.8293033135647,44664000.0
758,7584,2105.7345859646807,44780000.0
758,7585,2203.16836073048,44642000.0
759,7591,3447.1649394784827,37170.0
759,7592,3318.1117920780534,34130.0
759,7593,3337.504841107864,35210.0
759,7594,3346.7541919063187,34190.0
759,7595,3292.13005164403,36100.0
760,7601,9518.726381956505,859310.0
760,7602,11129.65583433003,930510.0
760,7603,7991.903993890521,870210.0
760,7604,9473.24734266645,862910.0
760,7605,8595.206032470782,915510.0
761,7611,44.198604353663924,247941000.0
761,7612,44.67932087300996,240347000.0
761,7613,45.134091696578324,256581000.0
761,7614,46.072631602276196,243361000.0
761,7615,44.47358346540138,257336000.0
762,7621,726.1669462236154,5850500.0
762,7622,790.8418751738884,5779000.0
762,7623,859.1742966071664,5821000.0
762,7624,762.0294166643218,5777300.0
762,7625,742.703375840165,5905000.0
763,7631,12489.281749926886,1290100.0
763,7632,15222.86299863659,1545000.0
763,7633,10296.941343485509,1514000.0
763,7634,13056.377149239639,1295900.0
763,7635,11356.17180202316,1529000.0
764,7641,12446.853101345685,943500.0
764,7642,12496.129647682956,925000.0
764,7643,13458.365318726253,926600.0
764,7644,12839.54896463754,928700.0
764,7645,13665.733150506858,942600.0
765,7651,1802.5264381711652,564000.0
765,7652,1808.4009552852615,584000.0
765,7653,1944.6376212162256,571100.0
765,7654,1856.7328247560206,569000.0
765,7655,1973.8624906482103,568000.0
766,7661,1950.2408729651465,13855200.0
766,7662,1976.094621442719,14356200.0
766,7663,2108.68827853451,14204200.0
766,7664,1979.1811308337383,13882200.0
766,7665,1928.7581921637698,14252200.0
767,7671,1903.8415281742557,161100.0
767,7672,1875.7622268450239,159100.0
767,7673,1830.6734609575954,161100.0
767,7674,1921.3088355137334,160100.0
767,7675,1863.5360228890072,161100.0
768,7681,1602.9415096708285,1000.0
768,7682,1610.9608587263106,1000.0
768,7683,1587.109047041782,1000.0
768,7684,1610.7854972860969,1000.0
768,7685,1590.1824526792748,1000.0
769,7691,10518.477442684172,290600.0
769,7692,9830.969147168425,418390.0
769,7693,9848.68441503149,291201.0
769,7694,10252.894836109292,289000.0
769,7695,9883.629691546503,284900.0
770,7701,348.8635561494148,2925500.0
770,7702,367.4044250966309,2923500.0
770,7703,333.8998191895957,2924500.0
770,7704,345.9551268623194,2923500.0
770,7705,338.4198967024801,2924500.0
771,7711,2710.8147089739714,270200.0
771,7712,2601.9738154587767,270200.0
771,7713,2634.5549395268786,270200.0
771,7714,2623.8632729180995,270200.0
771,7715,2607.100837203345,270200.0
772,7721,6016.0709920843665,822600.0
772,7722,6032.6494447504465,822700.0
772,7723,6501.699103692724,822700.0
772,7724,6191.743975544348,822600.0
772,7725,6598.374872151236,822700.0
773,7731,3973.0187705007397,1270000.0
773,7732,4657.727359123552,1264000.0
773,7733,3359.232810547453,1268000.0
773,7734,3980.072319285414,1264000.0
773,7735,3614.2128742784907,1264000.0
774,7741,11613.915799389311,-1280.0
774,7742,11878.668291440144,-2880.0
774,7743,11528.36262917899,5120.0
774,7744,11805.947152423232,4820.0
774,7745,11580.489405362268,-1980.0
775,7751,5185.706548042224,151600.0
775,7752,5303.209469118695,159300.0
775,7753,5140.452438195216,149800.0
775,7754,5270.644842779459,150600.0
775,7755,5143.209583302063,151500.0
776,7761,8884.504295379134,387100.0
776,7762,8418.309561283166,387300.0
776,7763,8578.095888669688,390700.0
776,7764,8464.166349050745,387000.0
776,7765,8499.771456905282,386800.0
777,7771,3552.426537630363,1882500.0
777,7772,3785.301075865099,1864500.0
777,7773,3397.9990638332238,1845400.0
777,7774,3513.4606428953966,1902500.0
777,7775,3502.104004749025,1895400.0
778,7781,2103.0441332190467,-155140.0
778,7782,2122.0927021001417,-154110.0
778,7783,2070.174138332293,-155000.0
778,7784,2101.7543982933703,-154090.0
778,7785,2081.008971056915,-153040.0
779,7791,1544.531679795447,1955300.0
779,7792,1806.8796970988624,1985100.0
779,7793,1296.2239539075786,2048900.0
779,7794,1537.8067363054474,2118900.0
779,7795,1394.3610197245378,1966900.0
780,7801,47.354643384641555,217259500.0
780,7802,46.941139485799845,223855700.0
780,7803,47.308991148466895,231965100.0
780,7804,48.26822368987367,212106700.0
780,7805,47.6345516106211,237765600.0
781,7811,9744.921669837606,598100.0
781,7812,9781.127758707062,605800.0
781,7813,10528.629608755506,600300.0
781,7814,10042.532440272917,602300.0
781,7815,10691.139203024813,603000.0
782,7821,2231.7347480329245,36880.0
782,7822,2219.732975757274,36880.0
782,7823,2230.570951667043,35880.0
782,7824,2201.8439354233637,37880.0
782,7825,2234.251326135607,35880.0
783,7831,43.89384839442622,51335000.0
783,7832,43.78766105951244,51336000.0
783,7833,43.887912949928406,51336000.0
783,7834,44.40321007889872,51337000.0
783,7835,44.62738274454913,51337000.0
784,7841,7226.748674443537,532080.0
784,7842,7251.464973113191,531970.0
784,7843,7811.633593386544,522080.0
784,7844,7447.154967616463,621980.0
784,7845,7929.45718752783,521970.0
785,7851,8855.484022537279,712680.0
785,7852,8892.903405784864,646290.0
785,7853,9573.482554836955,689280.0
785,7854,9137.769950014836,899580.0
785,7855,9720.576448108326,708980.0
786,7861,19942.544987646215,46010.0
786,7862,20406.71707423451,47440.0
786,7863,19804.08223929206,47410.0
786,7864,20292.455435129486,44210.0
786,7865,19826.478861106174,47100.0
787,7871,1150.0480494704639,9337000.0
787,7872,1223.82827710495,9339000.0
787,7873,1280.2321046739648,9338000.0
787,7874,1221.0326384739117,9339000.0
787,7875,1174.2674890637263,9338000.0
788,7881,511.58392962447977,4101100.0
788,7882,547.9490213304289,4053600.0
788,7883,574.8936828398868,3377300.0
788,7884,547.4702727488843,3754700.0
788,7885,514.982846925759,3858900.0
789,7891,1097.783864073625,5038650.0
789,7892,1191.3196098881479,4598050.0
789,7893,1249.1212755868905,4699750.0
789,7894,1191.9659435188883,4416060.0
789,7895,1121.2486972309414,5022300.0
790,7901,2653.349680795677,96600.0
790,7902,2668.053694926114,101600.0
790,7903,2663.542561254389,92600.0
790,7904,2670.2215656564053,109600.0
790,7905,2663.154805654483,108600.0
791,7911,8218.772137883087,786500.0
791,7912,8244.466118263763,787500.0
791,7913,8881.57451443373,786500.0
791,7914,8464.521848455008,787500.0
791,7915,9015.549157971094,786500.0
793,7931,2232.6110292215244,170100.0
793,7932,2180.7405507784965,171300.0
793,7933,2145.6945163224946,171300.0
793,7934,2197.748961956439,170700.0
793,7935,2129.1070953541594,170500.0
794,7941,4632.531750541939,270530.0
794,7942,4550.784364895653,256270.0
794,7943,4639.0106924944275,231510.0
794,7944,4618.798190566475,267650.0
794,7945,4544.565940148998,266360.0
795,7951,2955.694085160473,-26780.0
795,7952,2912.1144554002567,-26780.0
795,7953,2879.912418252734,-26780.0
795,7954,2995.9427726783583,-26780.0
795,7955,2913.813093294462,-26790.0
796,7961,2056.801192936278,134400.0
796,7962,1919.4634676113074,132200.0
796,7963,1932.5195120391054,152900.0
796,7964,1154.6445659135302,176900.0
796,7965,1886.9945627289076,128600.0
797,7971,841.3754775251728,1202000.0
797,7972,838.67190572736,1353100.0
797,7973,904.6447280544177,1249710.0
797,7974,853.4868453761086,1241400.0
797,7975,916.0591168284773,1292700.0
798,7981,10232.542660795127,623100.0
798,7982,10272.079378527978,652700.0
798,7983,11059.139505373962,621700.0
798,7984,10552.358581287723,643700.0
798,7985,11232.011532963219,580200.0
799,7991,1514.7767567331127,3138700.0
799,7992,1605.7244672600195,3138700.0
799,7993,1665.1040981015874,3138700.0
799,7994,1608.3158637012775,3139700.0
799,7995,1546.4261720520442,3139700.0
800,8001,658.8360213865398,5540000.0
800,8002,696.2693013515718,5540000.0
800,8003,717.0795920237916,5540000.0
800,8004,691.8369289776833,5540000.0
800,8005,671.083321960962,5540000.0
801,8011,6986.683507618274,11000.0
801,8012,6920.939646147502,10000.0
801,8013,6939.740694929355,10000.0
801,8014,7013.301988921075,11200.0
801,8015,6939.324712014464,11000.0
802,8021,3079.1873942699794,-6960.0
802,8022,3142.572081663892,-6970.0
802,8023,3136.2465167839705,-6960.0
802,8024,3161.2989796652605,-6960.0
802,8025,3138.7835682030327,-6960.0
803,8031,3330.788620814107,691650.0
803,8032,3378.491154218159,666240.0
803,8033,3488.232446804712,667470.0
803,8034,3487.311422546483,695580.0
803,8035,3561.571850773688,668930.0
804,8041,6643.065697350945,155000.0
804,8042,6165.426748638097,189000.0
804,8043,6299.207810436279,222000.0
804,8044,6419.345080814294,211000.0
804,8045,6301.120528555082,156000.0
805,8051,699.438904080731,4602000.0
805,8052,726.2452803697529,4986000.0
805,8053,747.9297590591593,4604000.0
805,8054,721.6456602509402,4736000.0
805,8055,712.6340186014625,4598000.0
806,8061,1357.0889773806068,488400.0
806,8062,1351.755043259375,489500.0
806,8063,1356.9601094039326,492500.0
806,8064,1362.4280476541746,489500.0
806,8065,1359.0573378471186,489500.0
807,8071,5997.30559946559,1308200.0
807,8072,6020.158337740957,1307500.0
807,8073,6482.531723086541,1308800.0
807,8074,6182.231978628536,1307600.0
807,8075,6581.141162600803,1308300.0
809,8091,9664.066931799189,114200.0
809,8092,9156.966370668395,122600.0
809,8093,9330.773002002094,117600.0
809,8094,9206.846819991115,124000.0
809,8095,9245.57606520057,113800.0
810,8101,18377.430868894146,196360.0
810,8102,17625.10804622508,195400.0
810,8103,17405.513818159066,195410.0
810,8104,18039.012483165974,196500.0
810,8105,17295.955298616547,196320.0
811,8111,6900.640607450946,252650.0
811,8112,6919.066624213998,253050.0
811,8113,7446.221968882821,254850.0
811,8114,7103.751831573706,254550.0
811,8115,7555.518519462334,252050.0
812,8121,1774.1555112907001,5650.0
812,8122,1722.8129460551766,5550.0
812,8123,1759.2920832844597,5650.0
812,8124,1777.0478355357022,5650.0
812,8125,1735.3269423222487,5650.0
813,8131,168.0718912003893,71894000.0
813,8132,171.4898359334623,92554000.0
813,8133,174.17282913441153,85798000.0
813,8134,176.3068924859954,102388000.0
813,8135,169.12103009893445,91519000.0
814,8141,2125.1887678557155,26097000.0
814,8142,2117.4658339452644,26095000.0
814,8143,2144.8293033135647,26096000.0
814,8144,2105.7345859646807,26096000.0
814,8145,2203.16836073048,26096000.0
815,8151,7660.697096855758,1257500.0
815,8152,7684.646392152757,1257500.0
815,8153,8278.493545844362,1258500.0
815,8154,7889.759791714256,1258500.0
815,8155,8403.370978334333,1258500.0
816,8161,7962.761429010789,645900.0
816,8162,7995.44505463663,651100.0
816,8163,8609.304421720193,685300.0
816,8164,8213.055759800656,679700.0
816,8165,8740.252764733614,657100.0
817,8171,9291.0853459229,34070.0
817,8172,9120.086133121144,34080.0
817,8173,9259.266575365065,34070.0
817,8174,9265.720863966086,34080.0
817,8175,9245.06636672593,34070.0
818,8181,2404.6519507027147,452220.0
818,8182,2388.2226419830213,448220.0
818,8183,2489.168727124542,448220.0
818,8184,2458.6559140575496,452320.0
818,8185,2569.195944629355,448220.0
819,8191,50.37821480022433,1075640050.0
819,8192,51.199894309328855,776483200.0
819,8193,51.56560244117553,836936200.0
819,8194,52.58092545343105,841883350.0
819,8195,50.725041754035786,927900200.0
820,8201,13294.491883962663,24200.0
820,8202,13218.052957634354,24200.0
820,8203,13165.571098182516,24200.0
820,8204,13101.943123085934,24200.0
820,8205,13104.058742978239,24200.0
821,8211,9162.702131133075,6410.0
821,8212,9234.773511608519,6930.0
821,8213,9206.269159112517,6620.0
821,8214,8984.5498126618,5230.0
821,8215,9214.624894678074,6830.0
822,8221,4200.084833503077,4823400.0
822,8222,4602.303311107442,4812300.0
822,8223,4991.932322608214,4812400.0
822,8224,4469.217334874339,4822300.0
822,8225,4326.401898747595,4813300.0
823,8231,2412.6355610320725,28850.0
823,8232,2360.309062177215,27300.0
823,8233,2377.683087223058,13650.0
823,8234,2376.9716750761554,11050.0
823,8235,2350.0275081355594,12950.0
824,8241,1059.7275897797765,397600.0
824,8242,1056.7591647540253,397600.0
824,8243,1139.5978543670212,397600.0
824,8244,1076.0687554399549,397600.0
824,8245,1154.1508661816993,397600.0
825,8251,3400.0010654601983,6354200.0
825,8252,3725.6259707278973,6347280.0
825,8253,4041.2276237022843,6353300.0
825,8254,3617.405350225319,6353200.0
825,8255,3502.05490403549,6370700.0
826,8261,3567.0125865247987,10739500.0
826,8262,3687.6115692674625,10750190.0
826,8263,3843.6061037238205,10748300.0
826,8264,3697.4778865830754,10740100.0
826,8265,3611.4854666638375,10749800.0
827,8271,9703.327224528908,78620.0
827,8272,8873.933510286774,76620.0
827,8273,8946.389262349334,79420.0
827,8274,9240.504743421978,72820.0
827,8275,8955.0432139726,80520.0
828,8281,57.16637596372372,113802500.0
828,8282,56.38133480344444,104812200.0
828,8283,56.6924776306938,126090500.0
828,8284,57.929220578639615,110565600.0
828,8285,57.682600903509375,115374000.0
829,8291,529.9486967127696,34568000.0
829,8292,508.3471219947784,43998000.0
829,8293,523.4197791250206,38730000.0
829,8294,517.086466311711,34957000.0
829,8295,528.033232813035,34209000.0
830,8301,2641.56398536801,196250.0
830,8302,2529.246633246989,196350.0
830,8303,2508.7995575028635,196350.0
830,8304,2518.5677489569325,196350.0
830,8305,2486.2812324811616,196350.0
831,8311,537.9789273369004,81984900.0
831,8312,540.8682790338264,81983900.0
831,8313,547.1171801013793,81983900.0
831,8314,558.8176027785119,81983900.0
831,8315,542.5852689892378,81983900.0
832,8321,8030.066377078714,519880.0
832,8322,8063.026259847885,694500.0
832,8323,8682.074250650861,450780.0
832,8324,8282.476311492484,504100.0
832,8325,11478.901927126099,446500.0
833,8331,9606.496120423177,218650.0
833,8332,9038.738944942666,217650.0
833,8333,9393.225612373826,218650.0
833,8334,9072.867159053512,218650.0
833,8335,9277.366476511768,218650.0
834,8341,11165.038346566278,467650.0
834,8342,11205.46212041608,417960.0
834,8343,12048.615158756662,453890.0
834,8344,11507.737072364018,425780.0
834,8345,12226.47345876968,413000.0
835,8351,14645.670982623731,19490.0
835,8352,15015.5189812906,21401.0
835,8353,14846.537981518024,16970.0
835,8354,14920.303050018021,21240.0
835,8355,14895.289308076051,23160.0
836,8361,5797.216306182927,162960.0
836,8362,5839.806288616051,162970.0
836,8363,5867.655641369093,162960.0
836,8364,5844.0001288704025,162960.0
836,8365,5864.567636432004,161960.0
837,8371,7674.300591965721,19100.0
837,8372,7670.1226159019225,19070.0
837,8373,7684.7943324848775,18930.0
837,8374,7662.129449925281,18960.0
837,8375,7685.703707179644,18950.0
838,8381,1928.952778161527,8170.0
838,8382,1928.5153963110138,11330.0
838,8383,1933.5898037875936,14490.0
838,8384,1927.7509681997558,13430.0
838,8385,1933.5224685759713,14360.0
839,8391,7842.520162292271,6660.0
839,8392,7672.427493130153,6660.0
839,8393,7728.903549407762,6660.0
839,8394,7726.591031016712,6660.0
839,8395,7639.006243699146,6660.0
840,8401,3069.3479705304344,9330.0
840,8402,3102.8198536550476,9430.0
840,8403,3094.7903704194,9430.0
840,8404,3099.237851917906,9420.0
840,8405,3102.9075458792577,9430.0
841,8411,7844.3949082871695,-8650.0
841,8412,7852.355423809249,-8900.0
841,8413,7811.128292955442,-9300.0
841,8414,7742.226525394787,-9690.0
841,8415,7822.415292193657,-8780.0
842,8421,2718.1392391702216,5210.0
842,8422,2766.548683660996,8190.0
842,8423,2721.3055419904754,5890.0
842,8424,2756.4022402438486,5980.0
842,8425,2722.32897273508,5770.0
843,8431,10181.99797709105,8150.0
843,8432,10058.838570227217,8150.0
843,8433,10109.36785382615,8150.0
843,8434,10158.000656113876,8050.0
843,8435,10091.798278925417,9150.0
844,8441,421.2179008938162,3264300.0
844,8442,438.882407210182,3265300.0
844,8443,456.2559080970931,3264300.0
844,8444,439.86441373711807,3262300.0
844,8445,428.7847976883669,3265300.0
845,8451,1528.885859071353,150.0
845,8452,1563.7385606271632,150.0
845,8453,1517.6234188752426,150.0
845,8454,1554.1653621453593,150.0
845,8455,1524.4855222658823,150.0
846,8461,6042.527430385007,1260890.0
846,8462,6058.281776883436,1209900.0
846,8463,6529.552072827221,1359810.0
846,8464,6217.660581586488,1230850.0
846,8465,6628.3379813991605,1361030.0
847,8471,2812.7127045087846,5060.0
847,8472,2826.47101137389,7930.0
847,8473,2784.2132611372426,8601.0
847,8474,2828.660879312818,8110.0
847,8475,2791.3031868517382,8410.0
848,8481,11810.113679809529,1640000.0
848,8482,13849.78322768564,1640000.0
848,8483,9978.950864499726,1640000.0
848,8484,11847.392640950706,1640000.0
848,8485,10744.825850266,1640000.0
849,8491,11989.67970485902,-151580.0
849,8492,11457.816198210192,-193470.0
849,8493,11701.128520962871,-165630.0
849,8494,11688.668367112119,-207750.0
849,8495,11527.493881484585,-162570.0
850,8501,7893.720129611244,1278300.0
850,8502,7920.121478010027,1200300.0
850,8503,8529.157024651171,1197300.0
850,8504,8129.262784416911,1409300.0
850,8505,8658.96817304449,1217300.0
851,8511,6447.753530669799,500.0
851,8512,6594.737445902259,260.0
851,8513,6400.256565407437,170.0
851,8514,6554.364501156507,50.0
851,8515,6429.196038620757,540.0
852,8521,4183.537349182781,7800.0
852,8522,4251.580348267928,7800.0
852,8523,4168.2307328737215,7800.0
852,8524,4251.119814748827,7800.0
852,8525,4187.934881741514,7800.0
853,8531,18013.596554745665,283050.0
853,8532,17276.168134899104,295500.0
853,8533,17060.921408718925,283060.0
853,8534,17681.878138243068,284310.0
853,8535,16953.53191645239,296500.0
854,8541,19207.311659824838,-10500.0
854,8542,19366.10955251614,-10480.0
854,8543,19180.232694941118,-10510.0
854,8544,19270.211783956085,-10490.0
854,8545,19252.270582107878,-10510.0
855,8551,12856.193555311223,70710.0
855,8552,12120.845745627794,77230.0
855,8553,12221.085852940769,76490.0
855,8554,12231.242767564636,77200.0
855,8555,12056.465752217333,72380.0
856,8561,5338.962614608491,30100.0
856,8562,5382.490980089773,30100.0
856,8563,5376.761010724474,30100.0
856,8564,5440.741051838138,30100.0
856,8565,5392.548908464332,30100.0
857,8571,378.8153437532186,8838500.0
857,8572,397.90727266124134,8837500.0
857,8573,414.37353824824714,8838500.0
857,8574,399.29892541590755,8837500.0
857,8575,386.2222752157411,8838500.0
858,8581,3456.9488982576427,15746600.0
858,8582,3555.776847399826,15741000.0
858,8583,3704.5153888655286,15740500.0
858,8584,3559.8169493797022,15742000.0
858,8585,3480.8478783346873,15746800.0
859,8591,2203.4479122199127,-2919.0
859,8592,2220.26319782202,-2879.0
859,8593,2218.9543988650057,-2439.0
859,8594,2243.4523762679896,-3149.0
859,8595,2225.5674979492683,-3069.0
860,8601,9763.213724369756,2306200.0
860,8602,11499.559793004253,2308800.0
860,8603,8234.325327645724,2320400.0
860,8604,9871.173714576262,2314400.0
860,8605,8881.038682905453,2307500.0
861,8611,7775.755820176356,39940.0
861,8612,7484.651164719175,39930.0
861,8613,7528.395985901804,40940.0
861,8614,7549.259708574388,39830.0
861,8615,7426.044259350517,40940.0
862,8621,77.24367040833643,46833000.0
862,8622,77.67784404752248,46557000.0
862,8623,77.17307095835764,46387000.0
862,8624,78.21912750722412,46159000.0
862,8625,78.50579690425761,47412000.0
863,8631,2835.4697585395056,159000.0
863,8632,2890.082883527053,160000.0
863,8633,2879.2401789743117,160000.0
863,8634,2881.136422938062,159000.0
863,8635,2896.2872365835938,160000.0
864,8641,3032.8564971322126,233100.0
864,8642,2916.9787911953113,217100.0
864,8643,2917.4219779527334,242100.0
864,8644,2979.0827064099485,223300.0
864,8645,2881.7400396215044,213700.0
865,8651,3749.317602133598,200.0
865,8652,3694.0365519820325,210.0
865,8653,3653.1880537196644,190.0
865,8654,3800.3733299002934,210.0
865,8655,3696.1912854466245,200.0
866,8661,6102.806513051337,14789000.0
866,8662,6552.831755066761,14787000.0
866,8663,6752.065871056811,14789000.0
866,8664,6505.482410014201,14788000.0
866,8665,6238.103212638916,14788000.0
867,8671,8571.48904173132,140100.0
867,8672,8796.253455991671,140000.0
867,8673,8642.306107587825,140100.0
867,8674,8746.961013912332,140100.0
867,8675,8673.993282863636,139100.0
868,8681,137.11633960457067,21372000.0
868,8682,139.03352433943002,21329000.0
868,8683,140.75117384546405,21141000.0
868,8684,141.07982579159733,21467000.0
868,8685,139.0602416665712,21159000.0
869,8691,3744.2207304323456,435301.0
869,8692,3913.953314022738,436501.0
869,8693,3766.081333223213,431501.0
869,8694,3829.2087664452106,437201.0
869,8695,3768.3948465574044,436501.0
870,8701,13270.593404548024,472870.0
870,8702,13916.530515290444,478280.0
870,8703,15087.66631696092,477870.0
870,8704,13731.080098863324,478180.0
870,8705,15323.510657882365,477270.0
871,8711,867.3230620913788,37110.0
871,8712,864.9616596566045,86790.0
871,8713,876.3888585406173,43570.0
871,8714,1473.4596429368933,151880.0
871,8715,875.632366413333,43610.0
872,8721,5456.368996444086,247920.0
872,8722,5237.2923937697715,240030.0
872,8723,5302.87217487616,238630.0
872,8724,5281.351826026298,256920.0
872,8725,5247.612140965531,240320.0
873,8731,678.8693074694265,62798800.0
873,8732,671.8323703623448,62798900.0
873,8733,619.9533487808426,62795500.0
873,8734,691.5135947966958,62797700.0
873,8735,671.7729155681716,62796300.0
874,8741,2061.4905750991934,93000.0
874,8742,1909.8015649854508,92000.0
874,8743,1913.190422229401,92000.0
874,8744,1994.5583653842266,92000.0
874,8745,1912.5478564310354,92000.0
875,8751,8309.451057935246,827500.0
875,8752,8338.03296943368,827500.0
875,8753,8982.385624760744,827500.0
875,8754,8559.846949726249,827500.0
875,8755,9117.088033771688,827500.0
876,8761,8884.017753602948,575860.0
876,8762,8855.954206785009,495690.0
876,8763,9723.87208724098,610100.0
876,8764,9082.46946507155,508100.0
876,8765,9843.942052683971,506600.0
877,8771,2190.4033945824867,546090.0
877,8772,2186.214137871718,610090.0
877,8773,2677.1019678716043,519090.0
877,8774,2241.2750579437816,556090.0
877,8775,2414.810901230371,610090.0
878,8781,4760.283360265843,566200.0
878,8782,4776.204611261285,566200.0
878,8783,5143.4816024495985,566200.0
878,8784,4902.326625278263,566200.0
878,8785,5221.763811538274,566200.0
879,8791,3480.9230221078287,1994000.0
879,8792,3617.7163155554567,1994100.0
879,8793,3249.7979683351887,1994000.0
879,8794,3362.1547672432353,1994200.0
879,8795,3428.2953121953274,1994000.0
880,8801,937.4056706536667,741500.0
880,8802,934.5317164464319,741500.0
880,8803,1008.2310321094525,741500.0
880,8804,951.5588309342274,742500.0
880,8805,1021.1500728595786,741500.0
881,8811,23795.91541539975,115550.0
881,8812,24053.79613495402,108560.0
881,8813,23099.91615470456,100270.0
881,8814,23906.61292277849,107860.0
881,8815,23160.011588146986,109170.0
882,8821,3756.2391130863834,7875100.0
882,8822,4039.428127858083,7880100.0
882,8823,4191.938639487166,7876100.0
882,8824,4033.2709034507097,7894900.0
882,8825,3833.895468126436,7882900.0
883,8831,23795.91541539975,127910.0
883,8832,24053.79613495402,126900.0
883,8833,23099.91615470456,114250.0
883,8834,23906.61292277849,120610.0
883,8835,23160.011588146986,125900.0
884,8841,5958.69281230737,1692100.0
884,8842,6047.846287268928,1402100.0
884,8843,6515.206282821419,1376100.0
884,8844,6017.355160233981,1636100.0
884,8845,5418.091247409535,1556100.0
885,8851,10730.548672652694,1315900.0
885,8852,12637.098407287536,1315900.0
885,8853,9050.770279227054,1317900.0
885,8854,10850.432853094439,1316900.0
885,8855,9763.510052483633,1317000.0
886,8861,1389.121094528315,714960.0
886,8862,1393.7422153677508,708930.0
886,8863,1498.653150985247,713640.0
886,8864,1430.928285657185,709060.0
886,8865,1520.7780494071962,707960.0
887,8871,4409.308864917423,87700.0
887,8872,4445.307380632069,87600.0
887,8873,4444.004109289786,87600.0
887,8874,4424.895950234865,87600.0
887,8875,4448.182991595745,87700.0
888,8881,8063.953633561419,-27100.0
888,8882,8129.789430166551,-25100.0
888,8883,8127.405945589245,-27100.0
888,8884,8092.460036068684,-27100.0
888,8885,8135.048484179247,-26100.0
889,8891,1602.261374531264,1040200.0
889,8892,1595.1896340236185,1075200.0
889,8893,1753.341596053193,1065200.0
889,8894,1634.6530308369104,1027200.0
889,8895,1774.3117666494713,1091200.0
890,8901,7949.176058616523,-72700.0
890,8902,7907.00814319159,-72700.0
890,8903,7909.011349469995,-72700.0
890,8904,7767.140535520286,-72700.0
890,8905,8184.373018382389,-72700.0
891,8911,4871.346976097928,-5920.0
891,8912,4958.104562919236,-5920.0
891,8913,4877.021504998649,-5920.0
891,8914,4939.920488407526,-5920.0
891,8915,4878.855659110818,-5925.0
892,8921,3753.933276493023,22100.0
892,8922,3756.0494922466264,22100.0
892,8923,3745.345851803614,22100.0
892,8924,3754.3815789556515,22100.0
892,8925,3744.893217857129,22100.0
893,8931,3344.1492864145607,19710.0
893,8932,3404.0713658630752,18790.0
893,8933,3392.153546414725,19500.0
893,8934,3323.4782539980683,19610.0
893,8935,3402.4248556719913,19400.0
894,8941,10884.912526484355,994500.0
894,8942,10877.495432573998,991500.0
894,8943,11787.895384949965,993500.0
894,8944,11135.603109016465,992500.0
894,8945,11951.011570932087,991500.0
895,8951,12696.079979377244,701000.0
895,8952,12741.456116083107,705000.0
895,8953,13732.898264889203,700000.0
895,8954,13089.583021254211,704000.0
895,8955,13938.915121643722,701000.0
896,8961,1766.0802477304562,220.0
896,8962,1778.2702761440391,220.0
896,8963,1778.217425662127,220.0
896,8964,1795.399844230451,220.0
896,8965,1782.316327124309,220.0
897,8971,2961.8904649911415,3311100.0
897,8972,3225.6866297408455,3311100.0
897,8973,3504.4009784805035,3311100.0
897,8974,3108.1663452164107,3311100.0
897,8975,3029.339270614927,3311100.0
898,8981,4822.913949294054,103630.0
898,8982,4623.215992478987,29530.0
898,8983,4620.961857338549,16530.0
898,8984,4580.802598876508,51330.0
898,8985,4610.93127108934,23530.0
899,8991,8702.157863978142,1326300.0
899,8992,10246.797939127215,1345300.0
899,8993,7337.469234685757,1305300.0
899,8994,8793.282106235205,1303300.0
899,8995,7913.7561008062885,1350200.0
900,9001,554.867968767163,3107000.0
900,9002,598.6621163746879,2975000.0
900,9003,627.649959446506,3000000.0
900,9004,597.4035845129437,3283000.0
900,9005,559.2465437228245,2858000.0
901,9011,5103.398713179091,751.0
901,9012,5087.27244439093,891.0
901,9013,5110.539384562819,821.0
901,9014,5065.451562230877,1001.0
901,9015,5101.444216863616,701.0
902,9021,893.0847610545421,8651000.0
902,9022,943.9676691414037,8652000.0
902,9023,982.1169223694766,8650000.0
902,9024,947.4584681199091,8651000.0
902,9025,915.1229141051044,8651000.0
903,9031,386.529072555492,16496000.0
903,9032,406.00976597460783,16498000.0
903,9033,422.8113303007458,16498000.0
903,9034,407.42975663087543,16498000.0
903,9035,394.0868296418997,16358000.0
904,9041,7611.589133273216,4042000.0
904,9042,7981.237599557108,4064000.0
904,9043,8189.527172191216,4082000.0
904,9044,7876.736830901221,4055000.0
904,9045,7842.057050537207,4054000.0
905,9051,1139.1925813653163,45800.0
905,9052,1120.6499627459025,46800.0
905,9053,1130.1757302628423,45800.0
905,9054,1122.4918929824012,46800.0
905,9055,1118.8237746062846,45800.0
906,9061,44.98350216024359,95916700.0
906,9062,45.47275545008585,95994800.0
906,9063,45.935602289336956,95157100.0
906,9064,46.890809189935275,97124600.0
906,9065,45.26336446919539,96868100.0
907,9071,7300.145188579544,-25720.0
907,9072,7271.927369125324,-18700.0
907,9073,7331.662581220371,-15300.0
907,9074,7187.645592686703,-15300.0
907,9075,7311.956214462142,-18400.0
908,9081,8268.419470963767,743540.0
908,9082,8291.20470754143,894570.0
908,9083,8935.861218069667,1325200.0
908,9084,8509.862419172652,600030.0
908,9085,9068.731293463468,1053710.0
909,9091,8253.831854444212,112400.0
909,9092,7938.474005701186,112400.0
909,9093,7939.680125733357,113400.0
909,9094,8107.488027356672,113400.0
909,9095,7842.572755336798,113400.0
910,9101,6263.183815484113,185690.0
910,9102,6284.604613242571,185720.0
910,9103,6770.084210567613,185660.0
910,9104,6454.202652642971,183670.0
910,9105,6872.198018747707,185150.0
911,9111,3219.4251389539377,306800.0
911,9112,3066.030443631229,298800.0
911,9113,3087.965421557938,300500.0
911,9114,3132.815683825587,302400.0
911,9115,3058.607445445069,320800.0
912,9121,8112.286588354693,-9610.0
912,9122,8173.625483163324,-9610.0
912,9123,8171.403700216346,-9610.0
912,9124,8261.807300108721,-9610.0
912,9125,8192.56907653715,-9610.0
913,9131,423.5876619456315,16397000.0
913,9132,435.63005785756405,16396000.0
913,9133,464.3511300610873,16396000.0
913,9134,437.29310336108244,16397000.0
913,9135,423.4484707718672,16396000.0
914,9141,4416.641026395707,100.0
914,9142,4596.868844992156,350200.0
914,9143,4424.64361127377,200.0
914,9144,4391.691205434092,200.0
914,9145,4418.0255122646995,200.0
915,9151,1237.8245662552818,543470.0
915,9152,1233.7301751590758,544670.0
915,9153,1330.3083833657854,538850.0
915,9154,1255.283592101509,542280.0
915,9155,1347.3901046623198,539980.0
916,9161,2747.081103787397,898500.0
916,9162,2756.627305659267,859200.0
916,9163,2286.69622267856,1408700.0
916,9164,2831.720140790867,1310300.0
916,9165,3009.023334711446,919700.0
917,9171,2906.5462260250397,-95.0
917,9172,2953.8196469823056,10.0
917,9173,2895.911831216782,10.0
917,9174,2953.4996876153464,10.0
917,9175,2909.6014471442936,-95.0
918,9181,13906.815983331928,113500.0
918,9182,13770.837174673867,79000.0
918,9183,13946.004286917127,130800.0
918,9184,13812.241251657228,201600.0
918,9185,13718.330550200839,86100.0
919,9191,187.92353666111165,950732.5
919,9192,192.19637242570664,946132.5
919,9193,199.14329843211527,935932.5
919,9194,196.38950477624877,941732.5
919,9195,201.53480385277052,931399.2
920,9201,4499.703424235372,2111000.0
920,9202,5295.104715378323,2114000.0
920,9203,3791.1837800120384,2127000.0
920,9204,4545.564821249802,2118000.0
920,9205,4085.3943930842993,2170000.0
921,9211,8196.049071190557,1422100.0
921,9212,8222.88793119508,1423200.0
921,9213,8859.96183553395,1423100.0
921,9214,8446.97339338757,1423200.0
921,9215,8995.351549529056,1422100.0
922,9221,2907.8997876634517,489200.0
922,9222,2918.004840025368,484170.0
922,9223,3138.229770351346,485800.0
922,9224,2997.493734267758,490900.0
922,9225,3185.176551219496,491300.0
923,9231,588.5061680610905,3222610.0
923,9232,629.172182232167,3222610.0
923,9233,575.1387826701978,3223610.0
923,9234,589.2825541221689,3222610.0
923,9235,579.0010115773682,3223610.0
924,9241,3688.576193831895,428850.0
924,9242,3537.5757589196064,430750.0
924,9243,3493.5004990138164,487700.0
924,9244,3620.651465394209,432950.0
924,9245,3471.5107579069686,423700.0
925,9251,55.832039581363816,262600000.0
925,9252,56.04599178757316,264920000.0
925,9253,56.35692226322429,264475000.0
925,9254,57.58278982306344,264717000.0
925,9255,56.3209550955448,264629000.0
926,9261,1527.4221968492573,-80410.0
926,9262,1541.2570025328937,-105230.0
926,9263,1503.5490127313853,-88450.0
926,9264,1526.4854738759198,-77050.0
926,9265,1511.418255103111,-88060.0
927,9271,1078.6460204126065,3047500.0
927,9272,1168.2877333076335,3047500.0
927,9273,1222.16733441979,3047500.0
927,9274,1165.580887631318,3047360.0
927,9275,1101.0634373894097,3047500.0
928,9281,1192.0355908914064,21450.0
928,9282,1197.1224446773974,20350.0
928,9283,1180.582200585423,20910.0
928,9284,1197.2614357330888,22550.0
928,9285,1182.6907536782803,25170.0
929,9291,1250.720173393443,802500.0
929,9292,1247.8668196597457,738900.0
929,9293,1281.0186023838746,709300.0
929,9294,1273.963436414044,710700.0
929,9295,1340.5279722010193,774500.0
930,9301,12258.358531415459,124000.0
930,9302,11819.846992600924,125000.0
930,9303,11704.08356026682,124000.0
930,9304,11877.005524045728,126100.0
930,9305,11628.74405740032,126000.0
931,9311,571.2331992130938,30233200.0
931,9312,556.3040073233531,30323200.0
931,9313,574.1265905628691,28845200.0
931,9314,532.7458505316727,28444200.0
931,9315,616.143144699938,30534200.0
932,9321,8897.63445378785,326530.0
932,9322,8927.993532016653,329600.0
932,9323,9616.079651955682,327820.0
932,9324,9167.763809793665,332100.0
932,9325,9764.270072274818,325920.0
933,9331,11138.062539823879,1641200.0
933,9332,13111.022749426065,1658700.0
933,9333,9393.671140228293,1631200.0
933,9334,11254.156643417453,1650100.0
933,9335,10132.34219909409,1650000.0
934,9341,10618.262808910373,296210.0
934,9342,9790.926870048557,219710.0
934,9343,9859.351454217842,155810.0
934,9344,10175.56445729694,204410.0
934,9345,9901.349280448117,260260.0
935,9351,1079.5241545744507,6335700.0
935,9352,1171.5040972821366,6333000.0
935,9353,1228.3443336332925,6346000.0
935,9354,1172.1396802863437,6347000.0
935,9355,1102.598691380253,6334800.0
936,9361,54.900583402502505,143865300.0
936,9362,55.2177367037541,137898200.0
936,9363,55.65148661323478,135683300.0
936,9364,56.89442341344661,136816300.0
936,9365,55.413450006020796,137655200.0
937,9371,2648.0935059851645,409590.0
937,9372,2638.7125605789447,446590.0
937,9373,2847.9386426494493,412220.0
937,9374,2685.8584164504564,388580.0
937,9375,2883.911103919353,401590.0
938,9381,5524.9319807441925,181620.0
938,9382,5526.665273199785,181620.0
938,9383,5528.660234474666,181610.0
938,9384,5486.826959147737,181630.0
938,9385,5516.839138393947,181620.0
939,9391,5696.479737048327,2051600.0
939,9392,6701.196138237248,2044600.0
939,9393,4804.47913605592,2055600.0
939,9394,5748.648477733213,2039600.0
939,9395,5178.937405282341,2041600.0
940,9401,2830.7224138860124,368400.0
940,9402,2680.23417560094,337000.0
940,9403,1688.2883121089465,688300.0
940,9404,2690.6393065062794,454000.0
940,9405,2712.4889016559205,308240.0
941,9411,7033.2653086387245,2770.0
941,9412,7090.686351141048,2870.0
941,9413,7088.607509898521,2870.0
941,9414,7058.128186197202,2770.0
941,9415,7095.273223018606,2870.0
942,9421,9019.765215989044,8850.0
942,9422,9034.894345862967,8850.0
942,9423,9102.215959047015,8850.0
942,9424,8842.273838198393,8850.0
942,9425,9109.7874237884,8850.0
943,9431,12980.484675563988,403300.0
943,9432,12138.27384081735,402300.0
943,9433,12496.41027422984,403300.0
943,9434,12500.019846341758,402700.0
943,9435,12342.953429565838,402700.0
944,9441,11587.100350139688,421500.0
944,9442,11128.57545877894,432000.0
944,9443,11281.398146493837,416500.0
944,9444,11228.308593777963,405500.0
944,9445,11170.471110873983,416000.0
945,9451,13635.566470175409,491000.0
945,9452,13515.757633531768,490500.0
945,9453,13751.453125620177,491000.0
945,9454,13656.115137880184,489800.0
945,9455,13715.868292190524,489400.0
946,9461,1708.7238748628502,1.0
946,9462,1738.4598446551695,1.0
946,9463,1716.4764626382791,1.0
946,9464,1726.0093145011451,1.0
946,9465,1720.6263402211166,1.0
947,9471,3496.8104844338886,6944000.0
947,9472,3596.7780046045395,5250000.0
947,9473,3747.231629041629,6741000.0
947,9474,3600.864692425853,5729000.0
947,9475,3520.985040251824,5309300.0
948,9481,1755.811058952652,-14500.0
948,9482,1800.7332047451862,-14500.0
948,9483,1773.1080509026233,-14500.0
948,9484,1807.0014403543414,-14500.0
948,9485,1781.8960523696041,-14500.0
949,9491,18189.39103268713,64500.0
949,9492,18612.757638837098,65500.0
949,9493,18063.100578041838,62400.0
949,9494,18508.540768071383,62400.0
949,9495,18083.52830741341,58500.0
950,9501,666.9248897329692,19878000.0
950,9502,704.8177573094607,18023000.0
950,9503,725.8835466126509,20827000.0
950,9504,700.3309664225721,20827000.0
950,9505,679.3225567092428,18320000.0
951,9511,10605.238667325135,49500.0
951,9512,10576.884566999028,48500.0
951,9513,10604.131211311742,48500.0
951,9514,10527.873156251271,49600.0
951,9515,10639.481909901087,49600.0
952,9521,11226.876701300083,42100.0
952,9522,10407.048122676762,44300.0
952,9523,10437.981673223974,37100.0
952,9524,10874.831925437724,40900.0
952,9525,10440.676424421532,33000.0
953,9531,3184.3231897248234,208600.0
953,9532,2974.533392048812,206200.0
953,9533,3043.2905921722513,207700.0
953,9534,2953.765860500533,204500.0
953,9535,2976.241179819689,208100.0
954,9541,3888.1050430916816,73450.0
954,9542,3766.639700096022,71150.0
954,9543,3710.436900820789,67950.0
954,9544,3803.408605834525,67560.0
954,9545,3669.682821070614,34450.0
955,9551,4200.869010191519,674200.0
955,9552,4212.379975979589,1068340.0
955,9553,7453.8821456819205,411900.0
955,9554,4321.259757223363,1596110.0
955,9555,4597.109332961152,647700.0
956,9561,1215.6833608401466,3655000.0
956,9562,1326.3562970939286,3654000.0
956,9563,1386.5304329020687,3655000.0
956,9564,1321.6561014019157,3655000.0
956,9565,1242.4864241604846,3654000.0
957,9571,13270.593404548024,416750.0
957,9572,13916.530515290444,411450.0
957,9573,15087.66631696092,408950.0
957,9574,13731.080098863324,409750.0
957,9575,15323.510657882365,416750.0
958,9581,764.7395552431256,48566680.0
958,9582,768.727504596356,48558670.0
958,9583,766.5345095679747,48566770.0
958,9584,776.203669753,48567760.0
958,9585,776.6348630429993,48567780.0
959,9591,9907.238367532995,-38400.0
959,9592,9898.210945618506,-38400.0
959,9593,9957.033327756633,-38400.0
959,9594,9924.606614583414,-38400.0
959,9595,9919.16705117738,-38400.0
960,9601,14860.280830020629,81320.0
960,9602,14968.268922669453,78520.0
960,9603,14942.569028904114,81120.0
960,9604,14992.679390639114,79420.0
960,9605,14952.106525480292,79720.0
961,9611,12282.59893350262,123470.0
961,9612,11661.65750925049,122960.0
961,9613,11737.833059014183,126870.0
961,9614,11874.917224555213,120160.0
961,9615,11609.386266274554,124470.0
962,9621,9372.483893060176,267100.0
962,9622,8913.470914690008,267500.0
962,9623,8906.677679664623,262800.0
962,9624,9168.534897517176,263900.0
962,9625,8815.980161217578,262600.0
963,9631,6527.720370548665,244400.0
963,9632,6197.714318413229,235300.0
963,9633,6238.19864022674,275500.0
963,9634,6311.053506263355,265700.0
963,9635,6169.9341996114,298600.0
964,9641,13544.422912585254,123500.0
964,9642,13381.62864220722,123500.0
964,9643,13564.41647944433,123500.0
964,9644,13676.337644109968,123500.0
964,9645,13487.56542318795,123500.0
965,9651,1802.5007058938609,-11900.0
965,9652,1848.617398853759,-11900.0
965,9653,1820.2576507773622,-11900.0
965,9654,1855.0523162400004,-11900.0
965,9655,1829.2793383711746,-11900.0
966,9661,7275.642652662975,1186800.0
966,9662,7295.69209980068,1205900.0
966,9663,7862.945662683769,1186400.0
966,9664,7488.095905469282,1189400.0
966,9665,7979.862225902713,1207900.0
967,9671,265.1350582355984,3146600.0
967,9672,280.3096453783883,2877700.0
967,9673,256.9849610115535,2797600.0
967,9674,262.9177450932234,2706600.0
967,9675,257.2396649110528,2434700.0
968,9681,2100.2635795604647,18980.0
968,9682,2110.849455171917,18980.0
968,9683,2079.2182539862306,18980.0
968,9684,2112.6179653294394,18980.0
968,9685,2083.9795664026547,18980.0
969,9691,4942.436529591175,214300.0
969,9692,4642.120473851037,214300.0
969,9693,4660.067476053684,214300.0
969,9694,4745.338012143173,214300.0
969,9695,4559.236112581635,214300.0
970,9701,8212.171205218929,3101900.0
970,9702,8588.235112120146,3101800.0
970,9703,7891.406745771931,3102800.0
970,9704,8094.192169237596,3102800.0
970,9705,8059.353487537899,3102900.0
971,9711,2987.029571279447,135300.0
971,9712,2898.9672933132265,133500.0
971,9713,2912.508000378767,135100.0
971,9714,2918.3091487029697,136100.0
971,9715,2882.360804287906,136000.0
972,9721,4671.148524393397,22810.0
972,9722,4540.654776046467,29905.0
972,9723,4620.671192105927,28605.0
972,9724,4600.3777172800965,27810.0
972,9725,4567.861491858573,24610.0
973,9731,38.77351547546725,22215200.0
973,9732,38.95114323932864,23201200.0
973,9733,39.22011159197605,23029200.0
973,9734,39.64342259536821,22876300.0
973,9735,39.32239737368806,22880200.0
974,9741,13061.164871430608,122320.0
974,9742,12676.101414901827,150430.0
974,9743,12735.30987040534,78930.0
974,9744,12760.676125709462,87220.0
974,9745,12603.487439740404,70510.0
975,9751,2323.435773018473,1540.0
975,9752,2341.7352720671342,1540.0
975,9753,2341.1023002113257,1540.0
975,9754,2366.794890538952,1540.0
975,9755,2346.9620494008054,1540.0
976,9761,54.246725949241224,28070520.0
976,9762,53.37165876219909,38861100.0
976,9763,54.71554904404572,32442980.0
976,9764,54.072631750680316,33152590.0
976,9765,54.14477887064065,38071790.0
977,9771,8563.890134390444,14700.0
977,9772,8473.816262741388,14500.0
977,9773,8436.948455038551,14500.0
977,9774,8647.906866064423,14400.0
977,9775,8455.880110515456,14700.0
978,9781,13102.48470155896,292400.0
978,9782,12798.073345811386,262400.0
978,9783,12592.399305730081,251400.0
978,9784,12897.890306464189,283000.0
978,9785,12495.053002844656,265300.0
979,9791,3189.5503447906535,54500.0
979,9792,3171.211486415782,54500.0
979,9793,3158.6202919293037,54500.0
979,9794,3143.3549751590954,54500.0
979,9795,3143.8625444754603,54500.0
980,9801,2469.645340487897,18750.0
980,9802,2505.810394015536,17950.0
980,9803,2479.815528348674,18240.0
980,9804,2479.3029553133483,18040.0
980,9805,2481.639449587269,16360.0
981,9811,2022.9217099335942,540550.0
981,9812,2028.736367298563,540550.0
981,9813,2183.212049925599,542550.0
981,9814,2082.633288017436,540550.0
981,9815,2215.1354021390734,539550.0
982,9821,2244.230130994147,433000.0
982,9822,2268.591749416448,433000.0
982,9823,2364.549977089296,432000.0
982,9824,2335.4205766422997,432000.0
982,9825,2397.1473793591954,433000.0
983,9831,1783.0670778458796,992800.0
983,9832,1788.87817600376,993800.0
983,9833,1923.6440849373648,992700.0
983,9834,1836.6882737860112,992700.0
983,9835,1952.5534542730989,992700.0
984,9841,2.918542642483792,517077500.0
984,9842,2.8739123404635927,489382700.0
984,9843,2.900809657198358,517949400.0
984,9844,2.952557607109737,496467700.0
984,9845,2.933871233120766,506034500.0
985,9851,5553.74838603596,1172500.0
985,9852,5571.498524306076,1173600.0
985,9853,6000.140644828515,1170700.0
985,9854,5718.261081823381,1170600.0
985,9855,6093.019955718779,1166900.0
986,9861,9558.36569771983,55211.0
986,9862,8938.191693875058,55111.0
986,9863,9201.910583099427,55211.0
986,9864,9204.568543192621,55201.0
986,9865,9088.910438900031,56201.0
987,9871,8423.222172409744,1313400.0
987,9872,8456.99432893244,1303400.0
987,9873,9103.06492306581,1313700.0
987,9874,8685.505425970468,1320500.0
987,9875,9243.557539021782,1310700.0
988,9881,1773.8705621342572,30360.0
988,9882,1691.7565821382486,37230.0
988,9883,1749.049626506069,250760.0
988,9884,1704.0802789766967,124670.0
988,9885,1726.2524265889429,204660.0
989,9891,45.94946705413392,90137000.0
989,9892,46.449226451315816,108615000.0
989,9893,46.922012352144925,119258000.0
989,9894,47.8977311357241,136992000.0
989,9895,46.23533905892061,135072850.0
990,9901,2193.433378470042,64200.0
990,9902,2195.348647031993,57200.0
990,9903,2187.8798184338625,57200.0
990,9904,2193.8001137628758,60200.0
990,9905,2187.4233556455865,55200.0
991,9911,3011.861755401484,279050.0
991,9912,3038.662486069651,280530.0
991,9913,3146.8222178125716,281690.0
991,9914,3149.39914515777,281810.0
991,9915,3218.4265377078686,280760.0
992,9921,3454.0958312146695,9734995.0
992,9922,3784.875142063019,10138995.0
992,9923,4105.301037656807,9254995.0
992,9924,3675.4269442473365,9706995.0
992,9925,3557.9773635570673,9244995.0
993,9931,14607.632460527991,362300.0
993,9932,13687.501405762843,363200.0
993,9933,13919.19638017561,363200.0
993,9934,14275.422100868245,363200.0
993,9935,13723.12307074235,363200.0
994,9941,5536.113486905511,1159000.0
994,9942,5554.682296627572,1156000.0
994,9943,5975.262658248297,1157000.0
994,9944,5704.229409381007,1160000.0
994,9945,6063.726861718554,1163000.0
995,9951,5505.006591972124,0.0
995,9952,5532.547565331044,0.0
995,9953,5450.632922930417,0.0
995,9954,5531.945318849478,0.0
995,9955,5461.187967011644,0.0
996,9961,11919.432695301619,147200.0
996,9962,11668.256127260242,147200.0
996,9963,11926.721127921659,147200.0
996,9964,11716.297291232117,147200.0
996,9965,11758.198527044997,146200.0
997,9971,12864.60285906759,375540.0
997,9972,12029.91076679034,410000.0
997,9973,12384.849977487755,337550.0
997,9974,12388.427325550761,456530.0
997,9975,12232.763101538938,435650.0
998,9981,1817.1538551199446,280210.0
998,9982,1709.7575550264028,251950.0
998,9983,1776.811848937135,261070.0
998,9984,1716.213209102819,255410.0
998,9985,1754.896066872224,207890.0
999,9991,47.50236471425843,119883100.0
999,9992,47.08757090293143,119882900.0
999,9993,47.45657006736023,121253000.0
999,9994,48.41879490469197,123922000.0
999,9995,47.7831461051983,119883100.0
1000,10001,678.8693074694265,152501800.0
1000,10002,671.8323703623448,157153100.0
1000,10003,619.9533487808426,153579400.0
1000,10004,691.5135947966958,159082500.0
1000,10005,671.7729155681716,152918700.0
1001,10011,8340.007229660669,2200.0
1001,10012,8309.064241174321,2300.0
1001,10013,8352.284418126237,2090.0
1001,10014,8279.053163124172,2090.0
1001,10015,8340.04574157108,2090.0
1002,10021,44.996163617056794,70411300.0
1002,10022,45.39760252618181,70279700.0
1002,10023,45.75468840053945,76365700.0
1002,10024,46.679523968999646,79777700.0
1002,10025,45.24987073990978,79658500.0
1003,10031,3169.6104333758963,2682800.0
1003,10032,3352.8363044310563,1881750.0
1003,10033,6624.798328519968,12009600.0
1003,10034,3115.8845258944816,2334700.0
1003,10035,3120.843838063695,2306800.0
1004,10041,1971.9938918643918,2118900.0
1004,10042,2097.299334623744,2150000.0
1004,10043,1906.2207661766722,1997000.0
1004,10044,1971.5252926355429,2798100.0
1004,10045,3820.674642508654,3660000.0
1005,10051,19279.963469919938,320700.0
1005,10052,18268.289982642316,318900.0
1005,10053,18615.036908816583,315800.0
1005,10054,18367.802252951707,317000.0
1005,10055,18445.067698040755,313900.0
1006,10061,15861.045883132945,98300.0
1006,10062,14798.175602791292,101400.0
1006,10063,15131.80045503276,100500.0
1006,10064,14857.401584139403,100200.0
1006,10065,14787.68792779812,99400.0
1007,10071,1998.036739671151,2064700.0
1007,10072,2336.730798709335,2064700.0
1007,10073,1676.3735617949376,2064700.0
1007,10074,1988.1834706383422,2064700.0
1007,10075,1803.2943463522147,2064700.0
1008,10081,7897.8450119848,970800.0
1008,10082,7923.707370149433,632100.0
1008,10083,8537.602054520517,825800.0
1008,10084,8139.639733958256,765600.0
1008,10085,8668.065765518648,855400.0
1009,10091,12927.234065651961,530400.0
1009,10092,12978.41241918937,1022600.0
1009,10093,13977.785163819217,1349500.0
1009,10094,13335.0858575911,1026500.0
1009,10095,11356.17180202316,1695500.0
1010,10101,2802.0426858671403,5155000.0
1010,10102,2969.5181074395423,5157000.0
1010,10103,3061.714540861037,5155000.0
1010,10104,2943.8880962990147,5156000.0
1010,10105,2822.8543059416147,5156000.0
1011,10111,6072.53858966833,205000.0
1011,10112,5893.502141828264,205000.0
1011,10113,5815.7479528287795,205000.0
1011,10114,5889.133097329424,205000.0
1011,10115,5759.4640913270105,205000.0
1012,10121,2142.5538112610134,3270.0
1012,10122,2100.934495422026,5500.0
1012,10123,2104.8418260147587,3160.0
1012,10124,2159.73170022228,3950.0
1012,10125,2099.567958851527,3150.0
1013,10131,3592.929414220077,4694000.0
1013,10132,3695.644801652897,4684000.0
1013,10133,3850.2340352194296,4694000.0
1013,10134,3699.8438227166052,4694000.0
1013,10135,3617.76847057175,4693000.0
1014,10141,1838.8521867627783,3079300.0
1014,10142,3588.261618229308,3665200.0
1014,10143,3738.3590012760155,3346200.0
1014,10144,1754.6504827699068,3042200.0
1014,10145,1784.5709225670441,3042200.0
1015,10151,3156.378559447715,460110.0
1015,10152,3122.694981195702,461110.0
1015,10153,3226.3481100270405,460100.0
1015,10154,3227.3497976176277,462100.0
1015,10155,3371.813881393847,460100.0
1016,10161,12005.080900947436,627000.0
1016,10162,16160.111621946233,70000.0
1016,10163,16158.633513423187,162000.0
1016,10164,16202.710951054225,97000.0
1016,10165,16225.983272609872,220000.0
1017,10171,4066.4337024400947,89050.0
1017,10172,3918.6052225241606,50150.0
1017,10173,3875.5920642137644,66850.0
1017,10174,3935.411319244841,53850.0
1017,10175,3848.3579699602205,88050.0
1018,10181,3136.270134143948,51650.0
1018,10182,2962.3526049103903,51220.0
1018,10183,2987.031451523805,51600.0
1018,10184,3032.7733374083577,52220.0
1018,10185,2948.933443210318,52650.0
1019,10191,1943.6504548220364,7330.0
1019,10192,1947.1590016212663,7330.0
1019,10193,1954.2345736372013,8320.0
1019,10194,1959.0931801334955,9320.0
1019,10195,1950.075119936458,7320.0
1020,10201,4192.398006658312,688870.0
1020,10202,4206.419907432947,686090.0
1020,10203,4529.8820228611685,687250.0
1020,10204,4317.496001048305,686110.0
1020,10205,4598.825434944488,685210.0
1021,10211,5456.765529178418,71000.0
1021,10212,5545.516904132029,70000.0
1021,10213,5436.800459125932,61000.0
1021,10214,5544.91621069432,72000.0
1021,10215,5462.5014177523835,72000.0
1022,10221,10668.18552208402,-3220.0
1022,10222,10750.616920349546,-8925.0
1022,10223,10748.085794587667,80.0
1022,10224,10864.978042320936,-4125.0
1022,10225,10777.745806463538,-6420.0
1023,10231,3444.956147545664,345420.0
1023,10232,3433.566147934306,166920.0
1023,10233,3769.374081996484,190220.0
1023,10234,3519.4689713155103,165210.0
1023,10235,3815.179568312395,215010.0
1024,10241,6605.07803251832,839251.0
1024,10242,6630.246688185786,841176.0
1024,10243,7139.477415170814,831249.0
1024,10244,6808.745020032041,833216.0
1024,10245,7248.080025448444,844100.0
1025,10251,4851.362510836726,3550.0
1025,10252,4838.738838746178,-150.0
1025,10253,4857.971302092484,4250.0
1025,10254,4822.5772620871885,5450.0
1025,10255,4851.772735749595,550.0
1026,10261,2535.621114964938,933500.0
1026,10262,2543.5086575407554,934500.0
1026,10263,2734.6208596746833,929500.0
1026,10264,2610.0633330257656,928500.0
1026,10265,2775.1806927441653,932500.0
1027,10271,10943.82855343257,450.0
1027,10272,10910.365589034274,450.0
1027,10273,10966.740485789742,450.0
1027,10274,10865.144994468079,450.0
1027,10275,10946.288621221393,450.0
1028,10281,7611.589133273216,7950000.0
1028,10282,7901.76133819465,8031400.0
1028,10283,8189.527172191216,7936000.0
1028,10284,7876.736830901221,7957000.0
1028,10285,7767.356432531315,7954000.0
1029,10291,13234.295276702649,640.0
1029,10292,12849.207562317773,650.0
1029,10293,13149.175884962044,650.0
1029,10294,12927.23354889566,640.0
1029,10295,12920.880829775466,650.0
1030,10301,2274.9932493457227,7300.0
1030,10302,2275.458305687083,9500.0
1030,10303,2280.0663498869,6200.0
1030,10304,2276.124665106825,9400.0
1030,10305,2280.482869778149,5000.0
1031,10311,2876.710252201433,4250.0
1031,10312,2793.4606819989312,4350.0
1031,10313,2852.6098982830217,4350.0
1031,10314,2881.4000208013895,4250.0
1031,10315,2813.751542145293,4250.0
1032,10321,5671.8601869534605,-19280.0
1032,10322,5640.497744296226,-12910.0
1032,10323,5739.8072766075575,-15380.0
1032,10324,5630.213713110423,-16230.0
1032,10325,5723.455276444295,-19330.0
1033,10331,746.8974810593488,15602000.0
1033,10332,795.114669777021,15602000.0
1033,10333,818.2918562440713,15604000.0
1033,10334,789.0816057220264,15602000.0
1033,10335,761.7244367186141,15602000.0
1034,10341,13270.593404548024,480400.0
1034,10342,13916.530515290444,470400.0
1034,10343,15087.66631696092,474400.0
1034,10344,13731.080098863324,472300.0
1034,10345,15323.510657882365,479400.0
1035,10351,9331.615606495267,440850.0
1035,10352,9308.949540402491,439850.0
1035,10353,10146.97143275843,440850.0
1035,10354,9539.83327179262,439850.0
1035,10355,10287.660728776902,441850.0
1036,10361,2897.963623397359,3500.0
1036,10362,2867.483222626067,1050.0
1036,10363,2855.007401016893,1950.0
1036,10364,2926.3943281737065,1150.0
1036,10365,2861.413747670318,1110.0
1037,10371,7006.012639357216,438350.0
1037,10372,7033.749136578791,423350.0
1037,10373,7575.366782298479,423350.0
1037,10374,7227.051014217494,436450.0
1037,10375,7692.08878734038,435350.0
1038,10381,8080.4137252602495,29200.0
1038,10382,8087.205945072897,29200.0
1038,10383,8004.6413466663125,29300.0
1038,10384,7897.264246145567,29200.0
1038,10385,8283.959736197006,30200.0
1039,10391,2857.5122033063644,1.0
1039,10392,2857.2786022151404,1.0
1039,10393,2864.194172340084,1.0
1039,10394,2855.4087833147614,1.0
1039,10395,2863.5359332599533,1.0
1040,10401,59.22751193954021,101710050.0
1040,10402,58.210961841492086,102280050.0
1040,10403,59.91368287091941,89793050.0
1040,10404,59.826203569546706,105662050.0
1040,10405,58.58109935095231,94968050.0
1041,10411,79.16852707969326,10014000.0
1041,10412,83.26531276860767,10014000.0
1041,10413,86.57383018924108,10015000.0
1041,10414,83.68680870977423,10015000.0
1041,10415,81.13135723008659,10014000.0
1042,10421,11680.831822740332,171420.0
1042,10422,12001.564567366506,168050.0
1042,10423,11923.893881191223,222720.0
1042,10424,12092.665652866042,209230.0
1042,10425,12024.8671770224,203150.0
1043,10431,17044.566944938044,308500.0
1043,10432,15804.64290407229,310000.0
1043,10433,15877.93300819367,307900.0
1043,10434,16361.081898440782,308000.0
1043,10435,15698.776706364568,309200.0
1044,10441,6209.25351477326,473700.0
1044,10442,6188.723966038515,467700.0
1044,10443,6793.990479038934,465700.0
1044,10444,6343.556824618933,469700.0
1044,10445,6876.551145915813,463700.0
1045,10451,2466.390757694463,180400.0
1045,10452,2466.208608153296,180500.0
1045,10453,2512.798146446726,180400.0
1045,10454,2466.750486074966,180400.0
1045,10455,2505.404074838311,180400.0
1046,10461,7097.8054934928205,14210.0
1046,10462,7259.608086602125,14710.0
1046,10463,7045.519961894903,16610.0
1046,10464,7215.164807614827,17120.0
1046,10465,7077.377065454339,15810.0
1047,10471,2830.6700647403654,693500.0
1047,10472,2838.0305493156966,861500.0
1047,10473,3058.654184734657,554500.0
1047,10474,4713.927347450857,529500.0
1047,10475,4562.265849094338,412000.0
1048,10481,4742.447187590513,14860.0
1048,10482,4556.076094423381,23910.0
1048,10483,4676.017530520293,21220.0
1048,10484,4633.660671601529,21540.0
1048,10485,4592.94914830138,12000.0
1049,10491,12347.890670316334,42100.0
1049,10492,11970.393400777475,36400.0
1049,10493,12209.362400777503,43100.0
1049,10494,12086.104671383284,43100.0
1049,10495,12049.566999685674,42100.0
1050,10501,2788.453282223665,1388400.0
1050,10502,1301.1677987684163,4269700.0
1050,10503,2346.9399413243523,1928840.0
1050,10504,2814.4219997586815,2826100.0
1050,10505,2529.76599588338,1351000.0
1051,10511,11799.316618857993,19200.0
1051,10512,11757.361393434438,15600.0
1051,10513,11818.666860488618,17500.0
1051,10514,11714.060653275745,13700.0
1051,10515,11797.0108286692,18550.0
1052,10521,1340.2423295445792,1112600.0
1052,10522,1336.0067232037159,1112600.0
1052,10523,1440.8568585668215,1112600.0
1052,10524,1360.0885073971092,1112500.0
1052,10525,1459.6405885468328,1112600.0
1053,10531,7175.441351272527,1680000.0
1053,10532,8446.534540881667,1805900.0
1053,10533,6051.9865247865655,1718800.0
1053,10534,7249.309367607335,1793000.0
1053,10535,6527.154834547887,1680200.0
1054,10541,14274.222380533593,89700.0
1054,10542,13116.896782946347,89700.0
1054,10543,13666.865027379685,89700.0
1054,10544,13572.846832311936,89700.0
1054,10545,13275.360366369723,89700.0
1055,10551,1107.8912869581363,5044000.0
1055,10552,1199.9634503787315,5044000.0
1055,10553,1255.303885968624,5043000.0
1055,10554,1197.183214153706,5043000.0
1055,10555,1130.9165060519852,5043000.0
1056,10561,5283.476804450593,1945630.0
1056,10562,6223.1207001107305,2000570.0
1056,10563,4456.101043893173,2048620.0
1056,10564,5341.9006103989395,1874670.0
1056,10565,4806.077507392518,1824910.0
1057,10571,60.837456325257165,76520000.0
1057,10572,61.517825090948655,88871000.0
1057,10573,50.85022969317279,51845000.0
1057,10574,63.12694568480165,66672000.0
1057,10575,61.4462451234311,65248000.0
1058,10581,3010.224183837091,1294600.0
1058,10582,3037.0103427493113,1294600.0
1058,10583,3145.111267244257,1294600.0
1058,10584,3147.686793494954,1316600.0
1058,10585,3216.6766553399984,1293600.0
1059,10591,1710.4538071188667,8406000.0
1059,10592,1770.1522084357002,8406000.0
1059,10593,1845.4263903583974,8406000.0
1059,10594,1772.3516390749696,8406000.0
1059,10595,1725.2552944444676,8406000.0
1060,10601,8581.98506475428,244700.0
1060,10602,8073.07436538146,244700.0
1060,10603,8245.448871369294,243700.0
1060,10604,8089.632963041959,250700.0
1060,10605,8084.443159277682,244800.0
1061,10611,1354.203810373114,-4820.0
1061,10612,1354.4475016537176,-3230.0
1061,10613,1356.9114928852855,-3430.0
1061,10614,1353.9171288132493,-2620.0
1061,10615,1357.2708855094536,-3230.0
1062,10621,442.1834996806127,31034000.0
1062,10622,440.935662837467,31036000.0
1062,10623,443.56684754597427,31036000.0
1062,10624,448.35840310331315,31035000.0
1062,10625,449.2259072846035,31045000.0
1063,10631,1416.1507387969086,1895000.0
1063,10632,1656.252656519792,1908700.0
1063,10633,1188.6878070022462,1899900.0
1063,10634,1409.5377423352663,1923900.0
1063,10635,1278.7379426342936,1901800.0
1064,10641,2030.2394376670923,996000.0
1064,10642,2024.0150085258556,1037000.0
1064,10643,2183.633476679353,1017000.0
1064,10644,2060.8924463577487,1030000.0
1064,10645,2211.6136210809173,1032000.0
1065,10651,15959.56796460586,2980.0
1065,10652,15900.35497903199,2980.0
1065,10653,15983.061784015712,1980.0
1065,10654,15842.925311809513,2980.0
1065,10655,15959.64166159853,2990.0
1066,10661,11938.05591191219,81450.0
1066,10662,11202.956217173278,80940.0
1066,10663,11133.646576615643,80940.0
1066,10664,11448.35173438377,81900.0
1066,10665,11035.11308881023,82500.0
1067,10671,701.1555457682974,8987200.0
1067,10672,735.0030761484552,9115000.0
1067,10673,764.4094495640786,8978300.0
1067,10674,737.2542133970621,8989300.0
1067,10675,705.8906126092786,9135300.0
1068,10681,1574.751629827721,2744000.0
1068,10682,1854.2713206744058,2734000.0
1068,10683,1327.796141685942,2744000.0
1068,10684,1591.2415684445698,2714000.0
1068,10685,1432.0816184443186,2654000.0
1069,10691,2006.5238551951602,38880.0
1069,10692,2001.1592254605907,38880.0
1069,10693,2006.3143231912927,38880.0
1069,10694,1991.886207857967,38880.0
1069,10695,2013.0027176954052,37880.0
1070,10701,3487.710462670395,11435900.0
1070,10702,3821.469530135768,9678600.0
1070,10703,4146.507710950173,11531500.0
1070,10704,3711.7289796161517,12926900.0
1070,10705,3591.8911473179674,12089100.0
1071,10711,20601.04739807831,38521.0
1071,10712,20620.647065773297,38401.0
1071,10713,20583.875669078345,38251.0
1071,10714,20612.387153161246,38351.0
1071,10715,20595.01409926533,38251.0
1072,10721,9371.13316154736,632100.0
1072,10722,9404.500095537001,631000.0
1072,10723,10128.957684369012,634200.0
1072,10724,9657.675826623568,650200.0
1072,10725,10282.420283737601,597500.0
1073,10731,9144.532094611042,888600.0
1073,10732,9175.665091023166,886600.0
1073,10733,9864.842147388754,887600.0
1073,10734,9418.464904078292,888600.0
1073,10735,10011.142786673958,888600.0
1074,10741,384.6821275588676,40618500.0
1074,10742,378.79539829187485,38775500.0
1074,10743,381.9230747997119,40704500.0
1074,10744,385.4910751753424,42166500.0
1074,10745,389.70615450553885,37153500.0
1075,10751,3761.893772948932,5743000.0
1075,10752,3794.3825658869273,5699000.0
1075,10753,3943.936710244103,5398000.0
1075,10754,3787.9611645102304,5309000.0
1075,10755,3786.7318723785693,5850000.0
1076,10761,1615.535506614807,225850.0
1076,10762,1620.9098291457026,226300.0
1076,10763,1742.920316345017,226510.0
1076,10764,1664.1568989229086,226060.0
1076,10765,1768.6513768851648,225890.0
1077,10771,7516.346562778647,3210100.0
1077,10772,7802.887890336771,3185110.0
1077,10773,8087.052957496024,3200000.0
1077,10774,7778.176510612137,3182250.0
1077,10775,7670.164771285707,3202570.0
1078,10781,1808.2505791099743,3950.0
1078,10782,1815.9670486303905,3950.0
1078,10783,1790.8764337305724,3950.0
1078,10784,1816.1778902016201,3950.0
1078,10785,1794.0749895290562,3950.0
1079,10791,3487.191503061518,-16290.0
1079,10792,3537.644246063821,-16240.0
1079,10793,3400.328047368422,-16200.0
1079,10794,3512.3082876318504,-16240.0
1079,10795,3504.127439024639,-16280.0
1080,10801,14225.347084335997,162000.0
1080,10802,13206.520270500292,154170.0
1080,10803,13627.81068202214,155900.0
1080,10804,13554.164121573285,154800.0
1080,10805,13319.237523898115,160700.0
1081,10811,4398.947859828016,75170.0
1081,10812,4299.711394836451,62080.0
1081,10813,4380.430438776161,82150.0
1081,10814,4332.837609759348,78800.0
1081,10815,4337.319170898254,86020.0
1082,10821,8829.1979527764,19060.0
1082,10822,8914.816444344262,18050.0
1082,10823,8941.75341958387,19050.0
1082,10824,8842.294890949463,19060.0
1082,10825,8911.401540291889,19050.0
1083,10831,9158.342917312924,748700.0
1083,10832,9188.973925018468,746510.0
1083,10833,9895.5807331379,749700.0
1083,10834,9431.620962258105,748200.0
1083,10835,10046.188430390368,747100.0
1084,10841,3317.712598712363,-47800.0
1084,10842,3303.916472967343,-46800.0
1084,10843,3256.371354566487,-47800.0
1084,10844,3351.5148311835537,-45800.0
1084,10845,3263.0104341143074,-44800.0
1085,10851,53.00600986657639,92906000.0
1085,10852,53.31221847081125,92909000.0
1085,10853,53.7310000311637,96195000.0
1085,10854,54.93104411471268,93752000.0
1085,10855,53.50117786956504,93258000.0
1086,10861,1600.7832568439862,114700.0
1086,10862,1642.102086198657,113700.0
1086,10863,1619.4452226041271,114700.0
1086,10864,1627.1732767967292,113700.0
1086,10865,1628.7000689870376,113700.0
1087,10871,1587.624752485168,23000.0
1087,10872,1591.7742873691946,9590.0
1087,10873,1568.6479942485616,9840.0
1087,10874,1586.0576636119763,16800.0
1087,10875,1577.1807083537922,26250.0
1088,10881,2362.9479600913082,4300.0
1088,10882,2374.506255074333,4300.0
1088,10883,2339.0056991307165,4300.0
1088,10884,2376.3459538003563,4300.0
1088,10885,2344.9619155183373,4300.0
1089,10891,768.1259105018846,2521000.0
1089,10892,1572.2330521132385,3961000.0
1089,10893,1630.421566800523,3221000.0
1089,10894,769.1594954351561,2521000.0
1089,10895,1487.2742514251809,4002000.0
1090,10901,11770.768340768473,336400.0
1090,10902,11504.227578211126,328900.0
1090,10903,11332.882093403243,313310.0
1090,10904,11600.268325172043,320800.0
1090,10905,11251.954823422466,327700.0
1091,10911,4060.8448150618847,2152700.0
1091,10912,4749.212544357916,1301000.0
1091,10913,3407.090946506928,1452600.0
1091,10914,4040.818858747449,898600.0
1091,10915,3665.046968866073,916700.0
1092,10921,1977.6325375602514,51700.0
1092,10922,1937.7612031110996,50200.0
1092,10923,1920.9956878298358,50300.0
1092,10924,2007.892776852546,51600.0
1092,10925,1949.912117997709,51600.0
1093,10931,3611.7788202343936,6500.0
1093,10932,3620.527137444661,6400.0
1093,10933,3639.9166271596087,6400.0
1093,10934,3578.9444885981916,6500.0
1093,10935,3589.5021413793647,6500.0
1094,10941,10462.255360628884,108880.0
1094,10942,9906.055865409508,108910.0
1094,10943,10265.364509979787,108910.0
1094,10944,9944.51288120816,108880.0
1094,10945,10025.268254063001,108900.0
1095,10951,3444.416742371296,160100.0
1095,10952,3445.5023386284383,155540.0
1095,10953,3509.14221088982,155500.0
1095,10954,3446.0431238311494,164900.0
1095,10955,3499.2591468526357,155910.0
1096,10961,8835.944247673771,1066600.0
1096,10962,8868.773139840967,1056680.0
1096,10963,9546.550231934416,1058670.0
1096,10964,9105.794767171836,1072700.0
1096,10965,9693.901412716117,1066610.0
1097,10971,44.331644985889334,29645000.0
1097,10972,44.31007769662788,29645000.0
1097,10973,44.51343944152988,29645000.0
1097,10974,45.061753496821474,29645000.0
1097,10975,45.09862672075623,29645000.0
1098,10981,534.1373140742436,9474250.0
1098,10982,562.0951096614712,9475250.0
1098,10983,589.718243013315,9475250.0
1098,10984,561.6223495587877,9475250.0
1098,10985,537.8317592211826,9476250.0
1099,10991,4486.927113395047,208600.0
1099,10992,4528.604129035307,188600.0
1099,10993,4499.570917850007,185000.0
1099,10994,4456.413304317402,191600.0
1099,10995,4520.8941287667385,216600.0
1100,11001,2448.9194244191895,237990.0
1100,11002,2242.3116541502177,139430.0
1100,11003,2302.827572905441,75000.0
1100,11004,2326.5269489845164,68900.0
1100,11005,2305.1599246801693,212100.0
1101,11011,6743.573498172918,2239700.0
1101,11012,7936.454866196912,2243350.0
1101,11013,5685.7945957765905,2240620.0
1101,11014,6808.11736191076,2242320.0
1101,11015,6132.627242246551,2241220.0
1102,11021,4385.425974036532,3390.0
1102,11022,4269.396292071552,-110.0
1102,11023,4359.038235584323,-910.0
1102,11024,4310.154109207306,5000.0
1102,11025,4290.556943651285,4590.0
1103,11031,11150.059977829162,65700.0
1103,11032,10621.042991458211,64600.0
1103,11033,10779.474699703775,64590.0
1103,11034,10737.09394312301,65690.0
1103,11035,10638.490814461853,66680.0
1104,11041,9452.824548172362,52360.0
1104,11042,9529.999376126161,51260.0
1104,11043,9527.205379217647,52260.0
1104,11044,9486.240665581481,53360.0
1104,11045,9536.16420756374,52360.0
1105,11051,60.10077903197556,85497000.0
1105,11052,59.06924063340008,85765000.0
1105,11053,60.79706706053706,85945000.0
1105,11054,60.70829793974335,85579000.0
1105,11055,59.44483555439257,85503000.0
1106,11061,783.1331651837818,26122000.0
1106,11062,787.2170331858694,26152000.0
1106,11063,784.9712919710548,26114000.0
1106,11064,794.8730159873578,26116000.0
1106,11065,795.3145803914585,26130000.0
1107,11071,10965.918867363236,494300.0
1107,11072,11000.890040113809,506700.0
1107,11073,11846.679124906677,501400.0
1107,11074,11292.187933794543,509700.0
1107,11075,12031.404539977411,499000.0
1108,11081,4209.2909990432645,-9300.0
1108,11082,4117.997699632978,-8400.0
1108,11083,4148.309914384279,-9400.0
1108,11084,4147.068723715061,-9300.0
1108,11085,4100.059618315301,-10300.0
1109,11091,8016.023552644887,3430.0
1109,11092,8218.452671237652,3940.0
1109,11093,8125.964203093483,5030.0
1109,11094,8166.338080614012,7610.0
1109,11095,8152.647294798566,1330.0
1110,11101,6200.645378824228,5224000.0
1110,11102,3457.3839844448826,2761000.0
1110,11103,6831.3718778730645,6086000.0
1110,11104,3213.043608174381,2679000.0
1110,11105,6334.438686378434,6178000.0
1111,11111,6374.324153037582,1354100.0
1111,11112,6346.190437129286,1061900.0
1111,11113,6975.371098561829,1274100.0
1111,11114,6503.188844172243,1351100.0
1111,11115,7058.797352885833,1351100.0
1112,11121,7769.504368305295,140.0
1112,11122,7824.201121548101,150.0
1112,11123,7825.794375790572,55.0
1112,11124,7905.657240782859,70.0
1112,11125,7846.408433925664,60.0
1113,11131,40.8433967628623,15712000.0
1113,11132,46.53136264026041,29980200.0
1113,11133,46.63654050945185,25941300.0
1113,11134,47.18702308162628,21808000.0
1113,11135,48.2813571732802,22221800.0
1114,11141,592.8636944161784,63789000.0
1114,11142,599.2518540021706,63764000.0
1114,11143,604.3536020345045,63764000.0
1114,11144,616.6101337008063,63975000.0
1114,11145,598.3339711207152,63877000.0
1115,11151,1661.103848315288,-280.0
1115,11152,1672.9245040884507,-290.0
1115,11153,1650.3585345575746,-290.0
1115,11154,1684.9407242422865,-170.0
1115,11155,1650.302366830148,-270.0
1116,11161,56.41861076211673,334997000.0
1116,11162,55.643838338513355,330258000.0
1116,11163,55.95091125972046,342462000.0
1116,11164,57.17147698243175,332175000.0
1116,11165,56.9280832177775,330893000.0
1117,11171,503.8354509614989,11000950.0
1117,11172,540.6952578405504,7757150.0
1117,11173,568.5850039223819,13663690.0
1117,11174,541.771185350299,11612450.0
1117,11175,507.47693123053466,12179380.0
1118,11181,537.9789273369004,55423000.0
1118,11182,540.8682790338264,55422000.0
1118,11183,547.1171801013793,55421000.0
1118,11184,558.8176027785119,55422100.0
1118,11185,542.5852689892378,55422000.0
1119,11191,8077.650304689651,806510.0
1119,11192,8103.46699637961,782010.0
1119,11193,8726.905603023479,808480.0
1119,11194,8316.925823651554,809630.0
1119,11195,8861.99393287985,808070.0
1120,11201,1649.388787643243,34472500.0
1120,11202,1683.8681042295416,34463000.0
1120,11203,1688.017010540672,34465000.0
1120,11204,1703.6461726341581,34473000.0
1120,11205,1677.5001994522404,34463560.0
1121,11211,2841.654745570636,9301000.0
1121,11212,3114.049501071987,9303000.0
1121,11213,3379.540393172099,9191700.0
1121,11214,3026.2738874645656,9223000.0
1121,11215,2928.07636321716,9322000.0
1122,11221,406.62052894764497,32585900.0
1122,11222,410.5132879062612,32817000.0
1122,11223,413.6179667578209,36509000.0
1122,11224,417.24229446681284,29946000.0
1122,11225,412.3297630454,30252000.0
1123,11231,10588.269953928193,6400.0
1123,11232,10460.196362657212,10600.0
1123,11233,10512.741815575966,10800.0
1123,11234,10563.315115668644,9100.0
1123,11235,10494.471196936749,9420.0
1124,11241,7.331383193005602,2178241500.0
1124,11242,7.3620767984549165,2204110600.0
1124,11243,7.448248253348557,2115394200.0
1124,11244,7.584971848658563,2387780900.0
1124,11245,7.3721639070964216,2359496500.0
1125,11251,3915.1786357632504,-18630.0
1125,11252,3929.8071784384897,-23630.0
1125,11253,3900.2018455404823,-23630.0
1125,11254,3888.071530419123,-13620.0
1125,11255,3912.403032901878,-23630.0
1126,11261,5219.885595432612,177500.0
1126,11262,5102.129484049341,177000.0
1126,11263,5197.91242764496,177700.0
1126,11264,5141.437759031714,177200.0
1126,11265,5146.755675310659,177800.0
1127,11271,1088.0690791146144,4136900.0
1127,11272,1180.7770848918622,4126400.0
1127,11273,1238.0672375588388,4123000.0
1127,11274,1181.4176988245454,4220300.0
1127,11275,1111.3262613711643,4222900.0
1128,11281,4463.610439076146,433090.0
1128,11282,4179.929047015841,478090.0
1128,11283,4245.607884325788,377260.0
1128,11284,4357.096765811102,292310.0
1128,11285,4183.316116440655,330110.0
1129,11291,4546.848969418823,353500.0
1129,11292,4360.7131447039,345200.0
1129,11293,4306.382275677896,353300.0
1129,11294,4463.119241397644,355900.0
1129,11295,4279.275872980661,344900.0
1130,11301,2192.8148916822875,3601.0
1130,11302,2216.7279978119955,3601.0
1130,11303,2210.9915447996013,3601.0
1130,11304,2214.1689309265707,3601.0
1130,11305,2216.790647214078,3601.0
1131,11311,4358.032046290884,672050.0
1131,11312,4342.339068032666,671050.0
1131,11313,4685.857395644463,713050.0
1131,11314,4419.3227814869915,701050.0
1131,11315,4744.38092214877,711050.0
1132,11321,5518.027733621779,1999000.0
1132,11322,6494.120375521581,2098800.0
1132,11323,4652.484661978182,2825000.0
1132,11324,5570.841694978767,2923500.0
1132,11325,5018.112016106805,2099100.0
1133,11331,887.2417991932016,1520000.0
1133,11332,931.3408708559697,1513650.0
1133,11333,847.0177378221637,1523400.0
1133,11334,874.2495673561929,1512400.0
1133,11335,860.7289546531987,1511600.0
1134,11341,3327.103480065079,0.0
1134,11342,3345.3438200256264,0.0
1134,11343,3294.251777545459,0.0
1134,11344,3347.536137551974,0.0
1134,11345,3302.040315897738,0.0
1135,11351,7628.872015593032,621500.0
1135,11352,7652.721817559414,612500.0
1135,11353,8244.101932849037,616500.0
1135,11354,7856.983107903363,615500.0
1135,11355,8368.460582989748,615500.0
1136,11361,4.799491650424538,1450112880.0
1136,11362,4.810265946647509,1155677100.0
1136,11363,4.855426990452081,762505100.0
1136,11364,4.941738520738013,677192880.0
1136,11365,4.823392355436335,2064472880.0
1137,11371,2793.468586790209,3600.0
1137,11372,2816.2436332521515,6100.0
1137,11373,2813.2455808999143,6000.0
1137,11374,2846.7214165507467,6000.0
1137,11375,2821.506173747498,5300.0
1138,11381,9126.723006043812,63052.0
1138,11382,8800.237747886487,65102.0
1138,11383,8714.048330401709,64592.0
1138,11384,8842.794023475266,64062.0
1138,11385,8657.955765290859,64772.0
1139,11391,13270.593404548024,672100.0
1139,11392,13916.530515290444,981100.0
1139,11393,15087.66631696092,784000.0
1139,11394,13731.080098863324,919100.0
1139,11395,15323.510657882365,694100.0
1140,11401,2782.8950395794864,16175200.0
1140,11402,2949.2260245769858,11677100.0
1140,11403,3040.792437369231,19176900.0
1140,11404,2923.7711550894187,17377000.0
1140,11405,2203.16836073048,22677000.0
1141,11411,16126.834431809551,329200.0
1141,11412,15466.645002339768,333200.0
1141,11413,15273.943433580454,326050.0
1141,11414,15829.860534083937,326300.0
1141,11415,15177.802024160337,329200.0
1142,11421,5876.599465307978,15300.0
1142,11422,5887.207506580632,12350.0
1142,11423,5908.600397788219,12600.0
1142,11424,5923.290325325054,13500.0
1142,11425,5896.02434877019,12730.0
1143,11431,3.061596710095949,1270349700.0
1143,11432,3.090940819375345,1269120500.0
1143,11433,3.117721928898711,1270295900.0
1143,11434,3.1715168624599013,1270462800.0
1143,11435,3.080655367389439,1270462800.0
1144,11441,9564.171066069568,53300.0
1144,11442,9271.372211598331,53200.0
1144,11443,9237.522096233928,53300.0
1144,11444,9472.32397695803,53600.0
1144,11445,9337.191881020419,53800.0
1145,11451,8732.730876479745,12730.0
1145,11452,8696.417347298195,12725.0
1145,11453,8571.271268145294,10725.0
1145,11454,8821.703561850287,12735.0
1145,11455,8588.746348711693,9225.0
1146,11461,3430.5625881402425,139350.0
1146,11462,3166.3054491087464,203350.0
1146,11463,3270.9134457244386,193850.0
1146,11464,3238.6778308244134,83550.0
1146,11465,3191.4635186698138,92150.0
1147,11471,4506.270478276836,32290.0
1147,11472,4514.404894022114,32330.0
1147,11473,4530.80930522333,43400.0
1147,11474,4542.073776654136,37200.0
1147,11475,4521.165789656568,45200.0
1148,11481,9742.145892506775,-24270.0
1148,11482,9689.754802310645,-24070.0
1148,11483,9737.065596116016,-24370.0
1148,11484,9611.664141687332,-24070.0
1148,11485,9753.131459249342,-24470.0
1149,11491,4948.811725014246,295920.0
1149,11492,5044.129290106973,296920.0
1149,11493,5025.205264110974,295920.0
1149,11494,5028.514823076656,295920.0
1149,11495,5054.957892690325,296920.0
1150,11501,2377.5541544410876,620000.0
1150,11502,2361.3099860533553,685000.0
1150,11503,7264.995500953822,1635000.0
1150,11504,2430.949552221232,687000.0
1150,11505,2540.2439176038124,595000.0
1151,11511,7085.582267105298,-9800.0
1151,11512,7189.342291981474,-9800.0
1151,11513,7114.761235266458,-9800.0
1151,11514,7113.2906279893095,-9800.0
1151,11515,7119.9941906924505,-9800.0
1152,11521,2.7724054048206064,188937800.0
1152,11522,2.7840123711189038,207285000.0
1152,11523,2.816598610440878,212064700.0
1152,11524,2.8683014371278786,190149900.0
1152,11525,2.7878268702087077,199838800.0
1153,11531,137.40741361829657,28750000.0
1153,11532,139.59859980379196,30090000.0
1153,11533,141.64753323088172,31577000.0
1153,11534,142.05921184498612,30480800.0
1153,11535,139.4362346279154,28452000.0
1154,11541,847.707601888948,40694000.0
1154,11542,856.7087985310375,40694000.0
1154,11543,851.6975668434391,40694000.0
1154,11544,861.5077802298802,40694000.0
1154,11545,861.4607143155717,40693000.0
1155,11551,898.5059020608239,5082500.0
1155,11552,949.6976760376634,5960400.0
1155,11553,988.078500209562,7509400.0
1155,11554,953.209664621358,6575000.0
1155,11555,920.6778295753735,4020500.0
1156,11561,4809.8673374919,-139050.0
1156,11562,4919.513763902351,-140630.0
1156,11563,4774.435756436773,-138060.0
1156,11564,4889.396528910769,-138060.0
1156,11565,4796.023899704168,-141240.0
1157,11571,3643.3955721242332,749470.0
1157,11572,3670.598937088353,718570.0
1157,11573,3901.7319373540386,733350.0
1157,11574,3770.7827970744315,725990.0
1157,11575,3967.828930752158,741680.0
1158,11581,1948.4920250272044,1978000.0
1158,11582,2278.7875895965585,1978000.0
1158,11583,1634.8050319943015,1978000.0
1158,11584,1938.883084535932,1978000.0
1158,11585,1758.5786001223591,1978000.0
1159,11591,49.911830289180266,22372000.0
1159,11592,48.74968402893557,22372000.0
1159,11593,50.013070504604414,22371000.0
1159,11594,49.450757795716,22372000.0
1159,11595,49.75637874425179,22373000.0
1160,11601,6119.344037243138,6800.0
1160,11602,6061.761737109204,7000.0
1160,11603,6078.228789843404,5400.0
1160,11604,6142.658052349611,6200.0
1160,11605,6077.864447796562,6700.0
1161,11611,1371.7120544740935,455000.0
1161,11612,1366.576405531838,456000.0
1161,11613,1501.6969662097176,454000.0
1161,11614,1401.4838047624967,456000.0
1161,11615,1519.7151747534076,455000.0
1162,11621,3021.110179692684,905600.0
1162,11622,3047.9932064782233,911400.0
1162,11623,3156.485060732606,910800.0
1162,11624,3159.0699009633854,905900.0
1162,11625,3228.309253645076,907700.0
1163,11631,8759.268895351748,274500.0
1163,11632,8791.634084425943,276000.0
1163,11633,9473.570639415913,278000.0
1163,11634,9034.64037685128,276700.0
1163,11635,9617.154888544897,276800.0
1164,11641,2924.730460455214,5002800.0
1164,11642,3206.800644138159,4978800.0
1164,11643,3478.030201928456,5020800.0
1164,11644,3115.4107152350107,5008800.0
1164,11645,3013.2028677227954,5070800.0
1165,11651,13270.593404548024,614000.0
1165,11652,13916.530515290444,614000.0
1165,11653,15087.66631696092,614000.0
1165,11654,13731.080098863324,615000.0
1165,11655,15323.510657882365,614000.0
1166,11661,1223.827123674442,1043800.0
1166,11662,1223.4007234034354,1042800.0
1166,11663,1258.7845156775074,1043800.0
1166,11664,1252.565412165783,1045800.0
1166,11665,1312.4643409079354,1043500.0
1167,11671,52.85429261824355,186767800.0
1167,11672,53.05683389379247,195319200.0
1167,11673,53.3511811980862,199637900.0
1167,11674,54.511668316321064,201677600.0
1167,11675,53.31713230394881,196484400.0
1168,11681,1818.5333817366904,11688000.0
1168,11682,1879.0905539196324,11741000.0
1168,11683,2009.8351706552826,11704000.0
1168,11684,1887.3579821219191,11525000.0
1168,11685,1799.0567548538816,11793000.0
1169,11691,8577.083971511644,10400.0
1169,11692,8496.37463068758,10400.0
1169,11693,8519.455420590055,10400.0
1169,11694,8609.761700376748,10400.0
1169,11695,8518.944746192425,10400.0
1170,11701,864.8549379264044,1393900.0
1170,11702,927.7875014596497,1212000.0
1170,11703,840.1215803979418,1190700.0
1170,11704,871.288096725421,2121700.0
1170,11705,851.8024088587588,1679200.0
1171,11711,5755.848113267684,752780.0
1171,11712,5775.444173165014,536490.0
1171,11713,6209.233285450698,815270.0
1171,11714,5928.269799606708,595990.0
1171,11715,6301.319381260437,572500.0
1172,11721,474.34088669733273,21100290.0
1172,11722,477.54759835873864,22436580.0
1172,11723,449.9135143270863,16698160.0
1172,11724,433.7230985575835,17539860.0
1172,11725,481.0142815065589,21783060.0
1173,11731,13030.962557143424,100.0
1173,11732,13216.413372642133,-700.0
1173,11733,13105.184306283501,0.0
1173,11734,13132.049876683892,-1000.0
1173,11735,13179.656048036015,-900.0
1174,11741,22057.24563519324,225300.0
1174,11742,20305.284968236134,223900.0
1174,11743,20159.289452674133,228200.0
1174,11744,20762.61637016815,231200.0
1174,11745,20031.747797586853,230200.0
1175,11751,55.23597382599909,27632000.0
1175,11752,53.005868030392165,27200000.0
1175,11753,54.377976095499754,25826000.0
1175,11754,53.7699070266191,26963600.0
1175,11755,55.07885960195482,28997000.0
1176,11761,57.36723889429048,237523000.0
1176,11762,56.57943937010568,261804000.0
1176,11763,56.89167544594835,279169000.0
1176,11764,58.13276388210629,245074000.0
1176,11765,57.88527767048767,260991000.0
1177,11771,3542.1808678721086,2861280.0
1177,11772,3636.4003816843406,2862270.0
1177,11773,3779.8375954259136,2861270.0
1177,11774,3630.1277413216276,2859270.0
1177,11775,3564.602477938265,2861280.0
1178,11781,3971.199357967911,465100.0
1178,11782,3638.887753306445,411900.0
1178,11783,3767.855580804605,437200.0
1178,11784,3709.489667261971,438900.0
1178,11785,3637.76414072783,294100.0
1179,11791,7847.544301218875,465060.0
1179,11792,7879.008328764967,463850.0
1179,11793,8480.92378408602,472360.0
1179,11794,8091.902031509725,461650.0
1179,11795,8611.814553098378,491460.0
1180,11801,4952.123745666737,1652250.0
1180,11802,5063.7862454166225,1452640.0
1180,11803,5457.723159725925,1231300.0
1180,11804,5258.86437863717,1481200.0
1180,11805,5555.717874717793,1224060.0
1181,11811,4290.436677821583,164740.0
1181,11812,4320.0593962606035,153150.0
1181,11813,4309.811461266443,154240.0
1181,11814,4327.936121775741,151940.0
1181,11815,4309.886931712792,154540.0
1182,11821,3304.0647557460043,17040.0
1182,11822,3415.759300516677,29210.0
1182,11823,3310.9286606298947,23910.0
1182,11824,3337.1393622705473,15870.0
1182,11825,3312.7045180793166,27060.0
1183,11831,10195.847069739637,650600.0
1183,11832,10228.362423311648,751000.0
1183,11833,11014.756729717514,1339200.0
1183,11834,10499.204184191845,837500.0
1183,11835,16802.420883114137,426300.0
1184,11841,11922.376980224264,68950.0
1184,11842,11505.691203220567,29950.0
1184,11843,11991.333123055698,108150.0
1184,11844,11506.846096015557,-7650.0
1184,11845,11492.059185468977,35950.0
1185,11851,5280.685609076174,90300.0
1185,11852,5061.457376904587,81000.0
1185,11853,4992.425930715135,88000.0
1185,11854,5177.499536997409,82900.0
1185,11855,4958.055028878362,81700.0
1186,11861,5053.375406209098,184300.0
1186,11862,4869.668290980293,182900.0
1186,11863,4816.21564616803,182300.0
1186,11864,4890.553302776183,185300.0
1186,11865,4782.371715052505,182300.0
1187,11871,2374.428989818359,-22950.0
1187,11872,2392.8143797455186,-23950.0
1187,11873,2391.7552921533256,-22950.0
1187,11874,2415.6709583575566,-22950.0
1187,11875,2397.4238000205396,-22950.0
1188,11881,2368.3962502357817,1698090.0
1188,11882,2787.151641570309,1699100.0
1188,11883,1997.391646903267,1697200.0
1188,11884,2391.71272068253,1697200.0
1188,11885,2153.5238345054195,1698075.0
1189,11891,6650.4784242630485,366400.0
1189,11892,6676.624558892894,377400.0
1189,11893,7187.7778511498345,360400.0
1189,11894,6858.495465774709,362400.0
1189,11895,7298.226605042471,366400.0
1190,11901,9864.936201784687,1062600.0
1190,11902,3054.9000651229826,996600.0
1190,11903,3163.6377656935083,994600.0
1190,11904,3166.228463262177,967500.0
1190,11905,3235.6247147258646,1018500.0
1191,11911,2433.6436234221615,8130.0
1191,11912,2426.055194030187,6830.0
1191,11913,2436.8563791932474,16730.0
1191,11914,2417.048346813835,6130.0
1191,11915,2433.853717580213,13630.0
1192,11921,15040.370570800467,150870.0
1192,11922,14984.84706987509,152550.0
1192,11923,14768.584945626328,153250.0
1192,11924,15208.724013672912,150050.0
1192,11925,14748.74298745253,151950.0
1193,11931,818.3037384491937,6435000.0
1193,11932,860.3015252240805,6436000.0
1193,11933,897.7674995707988,6436000.0
1193,11934,867.0238605701855,6436000.0
1193,11935,837.9444235245643,6435000.0
1194,11941,2104.0123104828917,25000.0
1194,11942,2026.8233634560515,23000.0
1194,11943,2075.406074348488,25000.0
1194,11944,2068.45577224472,23000.0
1194,11945,2041.9635961648535,25000.0
1195,11951,6352.348111884738,100000.0
1195,11952,6218.4859526247365,86900.0
1195,11953,6356.232412620859,97000.0
1195,11954,6244.089033329221,83300.0
1195,11955,6266.419897809583,85300.0
1196,11961,1991.8741612783506,1.0
1196,11962,2002.6535185555927,1.0
1196,11963,1971.7746802677702,1.0
1196,11964,2004.9544836633227,1.0
1196,11965,1976.7091189506568,1.0
1197,11971,285.6828576502588,2108000.0
1197,11972,296.74860948789535,2173000.0
1197,11973,272.048123487871,2002000.0
1197,11974,278.3458419815281,2216000.0
1197,11975,277.25067662331446,2082000.0
1198,11981,11419.14878848246,253300.0
1198,11982,10819.954184477636,304805.0
1198,11983,11025.325670171083,332710.0
1198,11984,10878.893374000245,336055.0
1198,11985,10924.656200006464,298795.0
1199,11991,45.14093043336182,8046700.0
1199,11992,46.53299587395761,8006000.0
1199,11993,49.532981576234775,8673000.0
1199,11994,46.71660697781579,7272000.0
1199,11995,45.18715329935799,11175000.0
1200,12001,12003.696863124964,122600.0
1200,12002,11812.497741125442,123100.0
1200,12003,12046.45551136496,123600.0
1200,12004,11894.852994527317,125500.0
1200,12005,11889.22240908304,123500.0
1201,12011,7905.4043726350965,-2210.0
1201,12012,7967.667742028081,2220.0
1201,12013,7965.514078675396,10.0
1201,12014,8052.932167989081,-1480.0
1201,12015,7985.451658789731,-2120.0
1202,12021,10798.951960617016,195300.0
1202,12022,10623.177599924544,195300.0
1202,12023,10713.47691145987,195300.0
1202,12024,10640.63813861144,195300.0
1202,12025,10605.8662881118,195300.0
1203,12031,2888.15942556551,-160.0
1203,12032,2924.094969592938,-250.0
1203,12033,2926.1984610847185,-390.0
1203,12034,2910.3226705881234,-390.0
1203,12035,2921.167811922017,-390.0
1204,12041,55.00269601882343,40841100.0
1204,12042,52.78200861767455,40840100.0
1204,12043,54.14832186577314,40841100.0
1204,12044,53.542820851896735,40841100.0
1204,12045,54.84624533448202,40840100.0
1205,12051,1820.5819285991172,40770.0
1205,12052,1843.2342799449586,38890.0
1205,12053,1844.5602381185267,35970.0
1205,12054,1834.5527651845612,38740.0
1205,12055,1841.3891150587456,33010.0
1206,12061,4225.562974077106,82830.0
1206,12062,4185.331304808444,82830.0
1206,12063,4068.434864848482,82830.0
1206,12064,4310.320099335323,82820.0
1206,12065,4124.965755469872,82820.0
1207,12071,2099.2770733526077,1558200.0
1207,12072,980.4078833278642,2742200.0
1207,12073,1771.4477711499985,1558200.0
1207,12074,2123.337964548009,1557200.0
1207,12075,921.5678720808806,2738200.0
1208,12081,7611.589133273216,4368300.0
1208,12082,7981.237599557108,4368200.0
1208,12083,8189.527172191216,4368200.0
1208,12084,7876.736830901221,4368300.0
1208,12085,7842.057050537207,4368300.0
1209,12091,3747.6326424414883,47800.0
1209,12092,3873.143182414699,47000.0
1209,12093,3755.580745280366,43800.0
1209,12094,3865.9171049392125,45000.0
1209,12095,3782.168109973229,46100.0
1210,12101,7599.767473145,448800.0
1210,12102,7628.726393803123,457800.0
1210,12103,8214.644545899693,470800.0
1210,12104,7834.105620164601,437800.0
1210,12105,8339.602128690261,438800.0
1212,12121,19798.913992473157,156400.0
1212,12122,18025.258589610337,227991.0
1212,12123,18345.79046826121,228920.0
1212,12124,18828.48519733191,239620.0
1212,12125,18071.013889736576,140911.0
1213,12131,2177.34223667917,890900.0
1213,12132,4147.136061204299,370900.0
1213,12133,4185.665083324581,389400.0
1213,12134,2207.947315855171,512050.0
1213,12135,2370.857469453698,567400.0
1214,12141,3033.330066667552,10557000.0
1214,12142,3158.381065185487,10331000.0
1214,12143,3256.3465793436853,10557000.0
1214,12144,3131.2232677387997,10557000.0
1214,12145,3056.6875085665706,10331000.0
1215,12151,10082.01356619254,401000.0
1215,12152,9174.701559690207,400000.0
1215,12153,9334.237070337174,400000.0
1215,12154,9766.098995342636,400000.0
1215,12155,9344.2042525299,401000.0
1216,12161,7545.544540380251,-9370.0
1216,12162,7846.698591225373,-9360.0
1216,12163,7731.405224867849,-9370.0
1216,12164,7553.110260219444,-9370.0
1216,12165,7875.972043019343,-9370.0
1217,12171,2828.9484770131126,3262060.0
1217,12172,7823.9625491768,2549200.0
1217,12173,5602.392973375477,2885200.0
1217,12174,3014.2704850664863,3239900.0
1217,12175,6042.397735530176,2729960.0
1218,12181,11404.746390619988,-2900.0
1218,12182,11458.966209464397,-2800.0
1218,12183,11285.013065927535,-2900.0
1218,12184,11459.01335509874,-3000.0
1218,12185,11310.036989107026,-2800.0
1219,12191,414.91101757963736,5864700.0
1219,12192,451.7976044916633,5864700.0
1219,12193,490.74455444169905,5864800.0
1219,12194,435.10005814980076,5864800.0
1219,12195,424.1363976029499,5864600.0
1220,12201,6233.430640596327,6184000.0
1220,12202,6680.146262456534,6187000.0
1220,12203,6867.492039823225,6171000.0
1220,12204,6612.923600162021,6188000.0
1220,12205,6367.931366224544,6184000.0
1221,12211,4855.299731442308,27020.0
1221,12212,4899.277178188123,5070.0
1221,12213,4779.412747034672,17880.0
1221,12214,4852.322119351648,4970.0
1221,12215,4804.427134316007,22980.0
1222,12221,675.0909921459488,4119400.0
1222,12222,714.8300501522918,4111400.0
1222,12223,737.8844805038077,4109400.0
1222,12224,712.3152617679382,4116400.0
1222,12225,688.0391260678396,4125400.0
1223,12231,4736.216334006074,1560400.0
1223,12232,4748.564808063839,1560400.0
1223,12233,5117.95296543603,1563600.0
1223,12234,4873.488113224717,1557200.0
1223,12235,5195.382722956922,1560100.0
1224,12241,19012.96202370475,188100.0
1224,12242,18129.010313421517,204000.0
1224,12243,18420.728134998986,254000.0
1224,12244,18229.696041132844,291300.0
1224,12245,18048.238151045054,220800.0
1225,12251,9035.074662619421,429800.0
1225,12252,9071.299987020775,431300.0
1225,12253,13246.653003318434,388300.0
1225,12254,9316.409848866557,404900.0
1225,12255,9914.99818048701,418400.0
1226,12261,51.639425622623904,32119850.0
1226,12262,50.5347694479334,32120950.0
1226,12263,51.96338830165356,32120950.0
1226,12264,51.40843586358902,32119050.0
1226,12265,51.50843855050107,32119950.0
1227,12271,8559.508229898423,1187330.0
1227,12272,8653.71158077768,1187330.0
1227,12273,8941.226363960532,1187330.0
1227,12274,8904.75015114071,1187230.0
1227,12275,9153.086898725433,1187330.0
1228,12281,6038.517572227336,171300.0
1228,12282,6014.783642133576,171300.0
1228,12283,6037.944159905363,171300.0
1228,12284,6062.2743561992465,171300.0
1228,12285,6047.276009930109,171300.0
1229,12291,556.4967066946659,56451500.0
1229,12292,563.7696338902957,56450500.0
1229,12293,568.0124799693582,56452500.0
1229,12294,580.0661103635523,56452500.0
1229,12295,559.9107011500839,56451500.0
1230,12301,1389.121094528315,921000.0
1230,12302,1393.7422153677508,863000.0
1230,12303,1498.653150985247,799520.0
1230,12304,1430.928285657185,1445250.0
1230,12305,1520.7780494071962,732300.0
1231,12311,6646.3879120920055,196701.0
1231,12312,6647.843023142496,188701.0
1231,12313,6647.887695437059,184201.0
1231,12314,6598.6605222121025,191001.0
1231,12315,6635.133646177303,185501.0
1232,12321,1919.6387286545516,24390000.0
1232,12322,1923.286983055322,29466000.0
1232,12323,1941.3865166233572,25882500.0
1232,12324,1956.7978504421267,32824500.0
1232,12325,1929.9590077184166,25072500.0
1233,12331,3749.507663576813,36190.0
1233,12332,3694.2238111029865,28270.0
1233,12333,3653.3732421372647,29020.0
1233,12334,3800.565979474555,48600.0
1233,12335,3696.378653795924,23520.0
1234,12341,3858.7586035513646,229100.0
1234,12342,3711.3252860941693,228200.0
1234,12343,3711.8891606839484,228200.0
1234,12344,3790.3412294384407,228200.0
1234,12345,3666.490380142498,228200.0
1235,12351,7502.223021247332,2821140.0
1235,12352,7788.225925210112,2817110.0
1235,12353,8071.857033870479,2820250.0
1235,12354,7763.560979240889,2820290.0
1235,12355,7655.7521986622305,2812110.0
1236,12361,15569.364063942568,77300.0
1236,12362,15717.747953512644,80300.0
1236,12363,15332.55570172599,76300.0
1236,12364,15575.296074453878,79300.0
1236,12365,15360.777914850769,77300.0
1237,12371,6281.862020534123,9700.0
1237,12372,6309.583972401224,9700.0
1237,12373,6221.097579867461,9700.0
1237,12374,6308.6876842103475,9700.0
1237,12375,6230.993358879213,9700.0
1238,12381,53.25487370483804,98669300.0
1238,12382,53.45895003459393,102609400.0
1238,12383,53.75552818821226,103133500.0
1238,12384,54.924810603248446,99835100.0
1238,12385,53.721221238535065,101713400.0
1239,12391,11296.345360016969,142600.0
1239,12392,11404.005226891557,143600.0
1239,12393,11124.529155273342,142700.0
1239,12394,11300.649327676772,142600.0
1239,12395,11145.005769794789,144600.0
1240,12401,10110.567438092794,26200.0
1240,12402,9924.48594077326,35590.0
1240,12403,10075.942223325681,18780.0
1240,12404,10082.965785992039,23850.0
1240,12405,10060.489543500287,22480.0
1241,12411,3968.057710679192,1398000.0
1241,12412,4641.383100663779,1421000.0
1241,12413,3330.347797400952,1481000.0
1241,12414,3951.227673753599,1326000.0
1241,12415,3583.187020512976,1415000.0
1242,12421,1105.1107077682548,2073000.0
1242,12422,1292.6329548065519,2074000.0
1242,12423,927.5074305484981,2074000.0
1242,12424,1100.4235143414671,2074000.0
1242,12425,997.9235769802693,2073000.0
1243,12431,1695.6245899865921,4650.0
1243,12432,1648.2554242704762,3050.0
1243,12433,1677.3013434838115,2050.0
1243,12434,1669.934822220089,5350.0
1243,12435,1658.1314485721819,13450.0
1244,12441,3077.2423713395165,97630.0
1244,12442,3124.75596208443,97050.0
1244,12443,3079.0092052110112,97050.0
1244,12444,3141.0841325030847,97050.0
1244,12445,3089.0315498673963,96050.0
1245,12451,11743.624995850116,184760.0
1245,12452,12016.963374768708,185460.0
1245,12453,11662.08803085527,184660.0
1245,12454,11949.677788004738,184460.0
1245,12455,11675.276795274343,185460.0
1246,12461,2195.942463374526,20490.0
1246,12462,2231.658293915784,20490.0
1246,12463,2187.908006904284,20500.0
1246,12464,2231.416559463336,20490.0
1246,12465,2198.2507321131047,20500.0
1247,12471,1813.3343395966235,1312590.0
1247,12472,1808.2549710064081,1211290.0
1247,12473,1950.0029465910084,1245890.0
1247,12474,1841.2962395475304,1174290.0
1247,12475,1974.905078348845,1274290.0
1248,12481,3018.766890032634,-1350.0
1248,12482,3019.747845164692,-950.0
1248,12483,3025.1731473248774,-550.0
1248,12484,3021.5679122594192,150.0
1248,12485,3026.186628636485,-1150.0
1249,12491,6402.099031866773,30600.0
1249,12492,6310.348781755345,51200.0
1249,12493,6380.713910458294,23800.0
1249,12494,6305.136508280176,36900.0
1249,12495,6360.954737368049,44400.0
1250,12501,9958.80215214878,180370.0
1250,12502,9564.712299043975,180170.0
1250,12503,9696.059302636113,181350.0
1250,12504,9650.430255172385,181430.0
1250,12505,9600.720488982948,180300.0
1251,12511,7774.016004299956,620600.0
1251,12512,7798.198592880367,634600.0
1251,12513,8384.133655984899,615600.0
1251,12514,8002.250022065848,638700.0
1251,12515,8508.486931619398,615700.0
1252,12521,2588.6864811695623,2400.0
1252,12522,2630.790083257487,2400.0
1252,12523,2579.2150632271732,2400.0
1252,12524,2630.505114630338,2400.0
1252,12525,2591.4075834653313,2400.0
1253,12531,8000.841932689478,908000.0
1253,12532,8030.5681022637345,976000.0
1253,12533,8644.287160174867,976000.0
1253,12534,8245.188353563124,926000.0
1253,12535,8777.711893625386,904400.0
1254,12541,4466.54433323876,31430.0
1254,12542,5129.917596231391,61310.0
1254,12543,4487.699830217008,31680.0
1254,12544,5130.268099497711,30610.0
1254,12545,4483.160821873985,31900.0
1255,12551,12420.337841237322,51000.0
1255,12552,12054.166962339423,40900.0
1255,12553,12110.47044121366,24300.0
1255,12554,12134.592138148477,67400.0
1255,12555,11985.1156861035,54700.0
1256,12561,499.34296263232983,30376000.0
1256,12562,488.46384548425965,28836000.0
1256,12563,504.1157537077539,29546000.0
1256,12564,498.2691434861441,28057000.0
1256,12565,497.6917238345977,29455000.0
1257,12571,46.17095419623369,45354820.0
1257,12572,46.0592581213653,40506310.0
1257,12573,46.16471083535127,44932710.0
1257,12574,46.706740322612205,45253460.0
1257,12575,46.942542519420876,45383150.0
1258,12581,2142.368608929471,65800.0
1258,12582,2133.459944950426,64800.0
1258,12583,2102.758319616947,61800.0
1258,12584,2164.1959491837542,66800.0
1258,12585,2107.0454165827773,65800.0
1259,12591,401.7353443240272,15854000.0
1259,12592,426.86283546633393,16254000.0
1259,12593,444.7917858387335,15954000.0
1259,12594,429.03010478148036,17414000.0
1259,12595,409.0785040829845,15824000.0
1260,12601,8134.490959589273,862050.0
1260,12602,8167.105474117877,752050.0
1260,12603,8791.03006018051,814650.0
1260,12604,8387.78366768497,958850.0
1260,12605,8926.706870193464,909450.0
1261,12611,6958.732596182817,1352200.0
1261,12612,6984.586933378366,1152820.0
1261,12613,5799.029711509328,1783200.0
1261,12614,7171.252905670105,1233200.0
1261,12615,3016.934078855127,3486200.0
1262,12621,11936.860874382666,19021.0
1262,12622,11571.92952640943,28021.0
1262,12623,11802.94385771931,25321.0
1262,12624,11683.789063855771,22921.0
1262,12625,11648.467638085724,20621.0
1263,12631,13010.703003695564,-8620.0
1263,12632,13375.529907922682,-8530.0
1263,12633,13194.649648866529,-8630.0
1263,12634,13336.607606059924,-8720.0
1263,12635,13260.228798260807,-8630.0
1264,12641,1093.8946648311792,4432000.0
1264,12642,1184.8036281300838,4431000.0
1264,12643,1239.444916453082,4430000.0
1264,12644,1182.0585162140262,4430000.0
1264,12645,1116.6289932078246,4432000.0
1265,12651,1942.082941958836,4597200.0
1265,12652,2080.4423177370963,4651100.0
1265,12653,2163.74254226104,4906100.0
1265,12654,2077.7181506942516,4736200.0
1265,12655,1957.1993766626601,4850200.0
1266,12661,8759.91300970416,383000.0
1266,12662,8784.818545266298,382300.0
1266,12663,8817.409781219963,384600.0
1266,12664,8697.08618550019,382100.0
1266,12665,8861.00832342829,383200.0
1267,12671,3488.8703905617017,18620.0
1267,12672,3391.4049016389013,18601.0
1267,12673,3451.1689839177816,18860.0
1267,12674,3436.0118329362385,18601.0
1267,12675,3411.7255368586098,18610.0
1268,12681,1963.3329295343697,1013200.0
1268,12682,1971.6291115551242,990900.0
1268,12683,2122.5190517422225,995400.0
1268,12684,2025.91801867804,1014500.0
1268,12685,2155.1309658576006,1002600.0
1269,12691,8147.249625946536,308150.0
1269,12692,8375.664815610044,307150.0
1269,12693,8153.956958367753,261400.0
1269,12694,8314.726845001964,307150.0
1269,12695,8244.533097749692,317800.0
1270,12701,10135.132469996894,10895.0
1270,12702,10130.653377132909,10885.0
1270,12703,10156.02867897057,10895.0
1270,12704,10121.565433775755,10900.0
1270,12705,10156.363437615282,11885.0
1271,12711,8367.84253946664,29261.0
1271,12712,8342.482914474964,23040.0
1271,12713,8382.195670182446,24981.0
1271,12714,8314.217302500514,23490.0
1271,12715,8370.960371691013,29931.0
1272,12721,2528.058162662056,156480.0
1272,12722,2388.8675462923584,154390.0
1272,12723,2437.3667050250383,155500.0
1272,12724,2454.4775144022597,155790.0
1272,12725,2406.1757349611444,155890.0
1273,12731,1573.13214639303,8700.0
1273,12732,1600.5084888627716,2400.0
1273,12733,1580.2695459616054,4000.0
1273,12734,1589.0459409853368,5700.0
1273,12735,1584.0901198560755,9200.0
1274,12741,3882.699931880953,3200.0
1274,12742,3860.3756928924727,3200.0
1274,12743,3845.048193812613,3200.0
1274,12744,3826.465435123562,3200.0
1274,12745,3827.0833088477657,3200.0
1275,12751,2968.504939265541,7092000.0
1275,12752,3090.883479879949,6603000.0
1275,12753,3186.7553785077766,6602000.0
1275,12754,3064.3060702053613,6604000.0
1275,12755,2991.3632105785673,9352000.0
1276,12761,11082.933890932098,32250.0
1276,12762,10546.506145759484,33660.0
1276,12763,10551.070102113637,84720.0
1276,12764,10854.209182527986,45240.0
1276,12765,10449.833483252016,82150.0
1277,12771,12489.281749926886,3166700.0
1277,12772,5829.195956368775,3370100.0
1277,12773,6322.772738521399,4141860.0
1277,12774,12611.480116835186,3243700.0
1277,12775,11356.17180202316,3130600.0
1278,12781,2472.564116386001,131200.0
1278,12782,2331.138538164587,131800.0
1278,12783,2350.4171910021023,129700.0
1278,12784,2352.3706169927846,130700.0
1278,12785,2318.7566725031047,131600.0
1279,12791,1109.2907434310005,4668800.0
1279,12792,1207.0161309032505,5016800.0
1279,12793,1311.4621188599294,4913800.0
1279,12794,1161.5466726730922,5615800.0
1279,12795,1133.7121771484105,5148800.0
1280,12801,8906.47237886226,148650.0
1280,12802,8470.282094617516,145650.0
1280,12803,8463.826627656244,147650.0
1280,12804,8712.663980125464,145550.0
1280,12805,8377.638702225071,147650.0
1281,12811,2462.5978427644486,576200.0
1281,12812,2454.6848357243143,784400.0
1281,12813,3695.412196908032,506400.0
1281,12814,2498.0462592435815,747600.0
1281,12815,2681.187252547447,538500.0
1282,12821,1661.3313117297607,1180820.0
1282,12822,1943.2842719827793,1175610.0
1282,12823,1394.396188078708,1155370.0
1282,12824,1653.3863193021211,1251480.0
1282,12825,1499.7374460204896,1115200.0
1283,12831,20117.990097100504,411000.0
1283,12832,15222.86299863659,2150800.0
1283,12833,14115.743407208322,564500.0
1283,12834,13056.377149239639,3093600.0
1283,12835,14325.107785536118,999300.0
1284,12841,13270.593404548024,589950.0
1284,12842,13402.003934919081,587950.0
1284,12843,14426.223532377106,587950.0
1284,12844,13731.080098863324,588950.0
1284,12845,14648.89256151034,586950.0
1285,12851,2017.2386565087243,-200.0
1285,12852,2050.0479651398905,-200.0
1285,12853,2009.85803682213,-200.0
1285,12854,2049.82590281803,-200.0
1285,12855,2019.3590804299936,-200.0
1286,12861,9004.092055303478,23660.0
1286,12862,9019.194896102481,27660.0
1286,12863,9086.399528141697,44660.0
1286,12864,8826.909094729665,26560.0
1286,12865,9093.957836356207,37660.0
1287,12871,13197.218897188272,950.0
1287,12872,12896.549622525277,950.0
1287,12873,12899.913551940987,950.0
1287,12874,13079.861618808569,950.0
1287,12875,12779.246034218173,950.0
1288,12881,2999.9483902922675,697500.0
1288,12882,3020.790712725791,696500.0
1288,12883,3121.152013295194,697600.0
1288,12884,3121.9282869061826,696600.0
1288,12885,3203.8386593442974,697600.0
1289,12891,4134.836593877638,7921400.0
1289,12892,4534.159541044856,7946960.0
1289,12893,4916.535030081247,7986200.0
1289,12894,4406.306076469804,7934800.0
1289,12895,4260.104996339167,7913500.0
1290,12901,11846.732260886909,8200.0
1290,12902,11354.789865043875,8500.0
1290,12903,11354.549888246309,9000.0
1290,12904,12031.443597399206,10500.0
1290,12905,11953.03149701435,10500.0
1291,12911,11034.172360649933,18000.0
1291,12912,11285.708938033606,18000.0
1291,12913,10952.889833515515,19000.0
1291,12914,11216.61789277068,19000.0
1291,12915,11002.414545330763,19000.0
1292,12921,5578.6347974155815,523400.0
1292,12922,5571.018559524795,523400.0
1292,12923,6042.492636840817,523400.0
1292,12924,5694.367503235521,524400.0
1292,12925,6119.9967258505685,523400.0
1293,12931,6975.792566635185,22300.0
1293,12932,6948.828492618775,22300.0
1293,12933,7005.909610560224,22300.0
1293,12934,6868.29143830058,23300.0
1293,12935,6987.078817035387,23300.0
1294,12941,12786.824088708872,95611.0
1294,12942,13076.560726868916,95601.0
1294,12943,12675.237299802882,95601.0
1294,12944,12996.263443430933,95611.0
1294,12945,12682.035819761866,95611.0
1295,12951,18276.618370595985,457700.0
1295,12952,18450.803758700393,457700.0
1295,12953,17998.632959925184,457700.0
1295,12954,18283.581859396174,457800.0
1295,12955,18031.7625480533,457800.0
1296,12961,6580.844852888677,2647600.0
1296,12962,7746.554328292645,2699600.0
1296,12963,5550.183629502027,2647600.0
1296,12964,6649.438226408788,2647600.0
1296,12965,5986.622158944121,2662600.0
1297,12971,3424.3098452731283,13500.0
1297,12972,3422.7699526193765,12310.0
1297,12973,3430.5319921873065,12810.0
1297,12974,3419.8571116310777,12600.0
1297,12975,3430.1829328022445,12180.0
1298,12981,14296.65311930865,13800.0
1298,12982,14291.946062801799,13800.0
1298,12983,14321.090368687708,13800.0
1298,12984,14284.207007215795,13900.0
1298,12985,14321.814199520722,13800.0
1299,12991,12285.2830096948,500000.0
1299,12992,12332.096091436775,551100.0
1299,12993,13279.252743855372,551000.0
1299,12994,12664.098607182004,466000.0
1299,12995,13481.25093317027,567000.0
1300,13001,16239.96710754506,428200.0
1300,13002,15164.683513197375,429500.0
1300,13003,15208.745894519065,427300.0
1300,13004,15841.391550199982,431400.0
1300,13005,15075.660954948466,426600.0
1301,13011,4578.540516848769,1124700.0
1301,13012,4590.477891497134,1133700.0
1301,13013,4947.568557484967,1134700.0
1301,13014,4711.242310569594,1081700.0
1301,13015,5022.420561071408,1081700.0
1302,13021,3341.6630267140695,68800.0
1302,13022,3401.5405561624066,71000.0
1302,13023,3389.631597201933,69400.0
1302,13024,3321.007362497517,67500.0
1302,13025,3399.895270094883,72600.0
1303,13031,6368.367592270723,1306700.0
1303,13032,6390.14813045456,1269100.0
1303,13033,6883.780861889007,1266100.0
1303,13034,6562.594395748578,1306300.0
1303,13035,6987.609567208137,1268400.0
1304,13041,11257.244152479358,-11750.0
1304,13042,10814.851266326235,3940.0
1304,13043,11099.558713079685,-7260.0
1304,13044,10999.015368363407,-13120.0
1304,13045,10902.377590549384,-9160.0
1305,13051,78.89979948961914,37420300.0
1305,13052,79.18986164954829,37845300.0
1305,13053,78.49513555592216,37224300.0
1305,13054,79.51378601821031,37556300.0
1305,13055,80.14252314190762,38021300.0
1306,13061,7842.376343611095,12600.0
1306,13062,8081.134873331095,12600.0
1306,13063,8007.333209827329,13600.0
1306,13064,7834.359321295769,12600.0
1306,13065,8119.097467181431,12600.0
1307,13071,55.553249473591585,108933000.0
1307,13072,54.79036068295515,78464000.0
1307,13073,55.09272365091856,54969000.0
1307,13074,56.29456806319225,59300000.0
1307,13075,56.05490752661566,64000000.0
1308,13081,10518.794186867504,16450.0
1308,13082,10519.947488390408,16450.0
1308,13083,10537.518602318738,16450.0
1308,13084,10521.015568036824,16450.0
1308,13085,10541.763394547408,16450.0
1309,13091,12720.616411883484,75440.0
1309,13092,12650.259622442558,68340.0
1309,13093,12644.091752544848,72740.0
1309,13094,12534.20611306444,74740.0
1309,13095,12616.645593761821,72440.0
1310,13101,1999.7024688862687,10000.0
1310,13102,2034.5021770680255,10000.0
1310,13103,2008.7752448583537,10000.0
1310,13104,2019.9314460949213,10000.0
1310,13105,2013.631805107821,10000.0
1311,13111,5221.415330700474,22250.0
1311,13112,5272.9093967691115,22350.0
1311,13113,5277.621311812748,22250.0
1311,13114,5362.096673166512,22350.0
1311,13115,5279.72525271154,23250.0
1312,13121,6403.412243754605,991500.0
1312,13122,6420.107505203164,990400.0
1312,13123,6919.524018894028,990500.0
1312,13124,6589.005073511839,991400.0
1312,13125,7024.209831866776,990500.0
1313,13131,2125.5527265368864,29420.0
1313,13132,2125.785776366836,29420.0
1313,13133,2129.3364047425935,29410.0
1313,13134,2126.0016052502865,29390.0
1313,13135,2130.19415797314,29410.0
1314,13141,10033.00261393728,12000.0
1314,13142,9858.27033910648,12000.0
1314,13143,9771.686918561367,12000.0
1314,13144,10107.150138581663,12000.0
1314,13145,9870.122628356892,12000.0
1315,13151,15416.923297020632,144260.0
1315,13152,14730.688873170215,143930.0
1315,13153,14830.245067398555,144950.0
1315,13154,15377.9442467377,145000.0
1315,13155,14160.759786188606,144050.0
1316,13161,3291.344781279863,46370.0
1316,13162,3123.0696641033824,46480.0
1316,13163,3139.7155488562857,46470.0
1316,13164,3178.4508055150063,46470.0
1316,13165,3103.5135301754963,46380.0
1317,13171,1398.6372025339433,1400.0
1317,13172,1392.82121511981,250.0
1317,13173,1372.777775727222,6500.0
1317,13174,1412.8870986464801,3100.0
1317,13175,1375.576590684782,430.0
1318,13181,3066.2894209470737,-97500.0
1318,13182,3104.441324028291,-96400.0
1318,13183,3106.674550370023,-97400.0
1318,13184,3089.819605307791,-96400.0
1318,13185,3101.333631107901,-97400.0
1319,13191,79.8171175849359,23032000.0
1319,13192,80.11055211424734,22628000.0
1319,13193,79.4077488794739,26098000.0
1319,13194,80.43824254678796,25345000.0
1319,13195,81.0742895995915,24019000.0
1320,13201,47.19592779970564,744030700.0
1320,13202,46.783809815918644,750931870.0
1320,13203,47.15042857326456,655768640.0
1320,13204,48.10644611519047,714175730.0
1320,13205,47.47489787485902,740802590.0
1321,13211,7664.39824537051,39000.0
1321,13212,7554.557636459892,39000.0
1321,13213,7638.7966284345075,39000.0
1321,13214,7548.317661183248,39000.0
1321,13215,7615.141547372963,39000.0
1322,13221,498.31290546569255,5287800.0
1322,13222,533.7346485193091,3405900.0
1322,13223,559.9803372246278,4690100.0
1322,13224,533.2683191785262,4638100.0
1322,13225,254.84561869617522,2279800.0
1323,13231,14510.079824814147,465400.0
1323,13232,13729.150798501472,465800.0
1323,13233,13628.290697210105,464700.0
1323,13234,14002.616014598962,464600.0
1323,13235,13552.10891740463,465200.0
1324,13241,3251.1130200066023,300.0
1324,13242,3199.953868666965,300.0
1324,13243,3241.331017191777,300.0
1324,13244,3262.2787695259776,300.0
1324,13245,3241.8001347207537,300.0
1325,13251,3115.501786344752,39020.0
1325,13252,3097.1256560420193,39020.0
1325,13253,3096.979829925918,39020.0
1325,13254,3067.758918151433,39020.0
1325,13255,3089.6020085188957,39020.0
1326,13261,23451.149062707507,405450.0
1326,13262,21739.52614967945,405650.0
1326,13263,22110.07591218838,404050.0
1326,13264,21916.915152725596,406750.0
1326,13265,21647.419745418298,405950.0
1327,13271,3660.3332958939995,229010.0
1327,13272,3520.481302997627,246010.0
1327,13273,3521.016181995703,239010.0
1327,13274,3595.434083942081,232010.0
1327,13275,3477.951900167882,243010.0
1328,13281,1665.4122950471087,4830.0
1328,13282,1649.7409632774784,4830.0
1328,13283,1654.2225599845472,4830.0
1328,13284,1671.7573292809952,4830.0
1328,13285,1654.1234023426944,4830.0
1329,13291,9429.2074646941,1189500.0
1329,13292,9461.309652004536,1188500.0
1329,13293,10171.941248804103,1188500.0
1329,13294,9711.667984831085,1187500.0
1329,13295,10322.796324357998,1187500.0
1330,13301,2683.015301277568,300920.0
1330,13302,2575.290571240037,295820.0
1330,13303,2607.5375758464957,143820.0
1330,13304,2596.955552290054,232720.0
1330,13305,2580.3650153712133,267750.0
1331,13311,8553.254391489365,353640.0
1331,13312,8582.507489896558,355640.0
1331,13313,9245.497850730791,355530.0
1331,13314,8814.11735766113,355640.0
1331,13315,9384.948552479123,354630.0
1332,13321,282.7794139376071,2565400.0
1332,13322,293.73270264790375,2619400.0
1332,13323,269.283251909029,2560400.0
1332,13324,275.5169656131973,2556400.0
1332,13325,274.43293060771043,2619400.0
1333,13331,9499.81265266717,-41000.0
1333,13332,9448.72477664644,-41000.0
1333,13333,9494.858727272825,-41000.0
1333,13334,9372.57660005066,-40900.0
1333,13335,9510.524956413105,-41000.0
1334,13341,7317.178001442015,3007400.0
1334,13342,7596.625036889649,3006500.0
1334,13343,6985.264354996182,3007400.0
1334,13344,7168.439356735352,3007400.0
1334,13345,7172.128235242211,3007400.0
1335,13351,8167.435298246453,28500.0
1335,13352,7944.947120258663,28500.0
1335,13353,8116.508712599309,28400.0
1335,13354,8130.675226085361,28500.0
1335,13355,8065.657105382132,28500.0
1336,13361,6593.348507888183,1379500.0
1336,13362,7760.263880125931,1377500.0
1336,13363,5562.361033574407,1378400.0
1336,13364,6662.876548158587,1378000.0
1336,13365,5998.3208865351335,1379000.0
1337,13371,1668.9404453202492,237500.0
1337,13372,1662.6895658907756,236500.0
1337,13373,1794.6008783553043,237600.0
1337,13374,1692.6036758216444,237500.0
1337,13375,1817.3687443077274,237400.0
1338,13381,8402.00095671609,8050.0
1338,13382,8493.626538675595,8050.0
1338,13383,8471.646715444222,7060.0
1338,13384,8483.821204672618,7060.0
1338,13385,8493.866586450818,8060.0
1339,13391,9924.012614238356,1105390.0
1339,13392,9956.604550499003,1101820.0
1339,13393,10725.90339117597,1103330.0
1339,13394,10222.205414814407,1104990.0
1339,13395,10890.75539943312,1105170.0
1340,13401,3225.5767220064886,15354200.0
1340,13402,3537.0876544706143,15354200.0
1340,13403,3835.377912984789,15353100.0
1340,13404,3437.349454472142,15354200.0
1340,13405,3323.2983208675273,15353100.0
1341,13411,9445.99392559338,-29490.0
1341,13412,9281.484847885777,-28490.0
1341,13413,9199.967230877472,-28480.0
1341,13414,9515.803243335973,-30490.0
1341,13415,9292.643686029423,-28490.0
1342,13421,811.6211891919233,10698000.0
1342,13422,851.626090211677,10698000.0
1342,13423,886.6795344489498,10698000.0
1342,13424,855.8277394021227,10697000.0
1342,13425,830.6199234369562,10698000.0
1343,13431,8652.943147036493,1338900.0
1343,13432,10072.983427333656,1610800.0
1343,13433,9351.326799983512,1146800.0
1343,13434,8922.379478529034,951900.0
1343,13435,7779.302606421319,1428900.0
1344,13441,1795.3158758061504,11580.0
1344,13442,1836.2421542765946,16771.0
1344,13443,1782.0907958798591,-1730.0
1344,13444,1825.000690360468,14330.0
1344,13445,1790.148717984078,6580.0
1345,13451,4131.1835484040075,21700.0
1345,13452,3848.353460837646,20990.0
1345,13453,3867.7449777282136,24150.0
1345,13454,3941.581588150176,25600.0
1345,13455,3771.6516291720154,22200.0
1346,13461,2288.974029057378,17920.0
1346,13462,2197.070300731374,18920.0
1346,13463,2224.581346241973,17920.0
1346,13464,2215.5534524822774,19920.0
1346,13465,2201.3994861902243,17920.0
1347,13471,7358.438683419158,754500.0
1347,13472,9669.447098392426,196600.0
1347,13473,9715.559559981253,124500.0
1347,13474,9676.391184287471,383500.0
1347,13475,9710.446496481707,290500.0
1348,13481,1558.0868884935664,746500.0
1348,13482,1552.9354124531394,526500.0
1348,13483,1704.8148317273601,526500.0
1348,13484,1591.7875943278457,526500.0
1348,13485,1725.531765294348,822500.0
1349,13491,496.11847220078414,4929900.0
1349,13492,531.3842276201143,4842400.0
1349,13493,557.5143375159666,4731800.0
1349,13494,530.9199518657558,4736300.0
1349,13495,499.41463840343476,4955000.0
1350,13501,2971.7701554922046,32760.0
1350,13502,2952.7158708647144,30920.0
1350,13503,2927.967638382387,32540.0
1350,13504,2963.5651305235365,33550.0
1350,13505,2929.9437341751927,32440.0
1351,13511,2930.565583547015,18675000.0
1351,13512,3051.3800496256963,18675000.0
1351,13513,3146.026645234034,18675000.0
1351,13514,3025.142315922801,18675000.0
1351,13515,2953.131711810188,18675000.0
1352,13521,117.99752066928534,6406000.0
1352,13522,126.27733310788946,6552200.0
1352,13523,132.64156528087221,6556700.0
1352,13524,126.81771290639912,6255000.0
1352,13525,120.16717678505597,6305000.0
1353,13531,7780.2273451279325,270600.0
1353,13532,7810.815050047681,286600.0
1353,13533,8408.800423169212,261600.0
1353,13534,8023.58124711446,265600.0
1353,13535,8538.011640836758,268600.0
1354,13541,3668.634482909467,3338200.0
1354,13542,3952.862201765528,3509000.0
1354,13543,4111.517720055281,3480000.0
1354,13544,1933.3277756453044,3099500.0
1354,13545,3746.6505936584845,3449700.0
1355,13551,2125.1887678557155,21973390.0
1355,13552,2117.4658339452644,28946220.0
1355,13553,2144.8293033135647,29117200.0
1355,13554,1934.2434477246738,17850060.0
1355,13555,2183.222931185012,26779460.0
1356,13561,87.22336568453446,1403000.0
1356,13562,88.21638173122622,1403000.0
1356,13563,91.67190921054006,1403000.0
1356,13564,90.27138699194352,1403000.0
1356,13565,92.24528882096055,1403000.0
1357,13571,21387.49370898281,142000.0
1357,13572,21274.332838286195,141000.0
1357,13573,20655.225386402588,146000.0
1357,13574,21195.17812474555,146000.0
1357,13575,20663.61847930878,144000.0
1358,13581,5944.019621725192,-390.0
1358,13582,5992.547835628131,-390.0
1358,13583,5990.790945678189,-390.0
1358,13584,5965.031971689954,-390.0
1358,13585,5996.424336122016,-390.0
1359,13591,1556.5165566589799,548100.0
1359,13592,1551.3680180821757,547100.0
1359,13593,1672.8113826624838,546100.0
1359,13594,1578.4706069611177,547100.0
1359,13595,1694.2909870742183,546100.0
1360,13601,61.544774973988865,99211500.0
1360,13602,62.23305395725117,99211500.0
1360,13603,62.53341837694442,99211500.0
1360,13604,63.86088277910777,99211500.0
1360,13605,62.160641774697716,99211500.0
1361,13611,6359.318344656399,1151900.0
1361,13612,6379.643136504217,1153900.0
1361,13613,6870.4597005359155,1157000.0
1361,13614,6547.693570095185,1152500.0
1361,13615,6976.811134653564,1155000.0
1362,13621,13270.593404548024,1393000.0
1362,13622,13916.530515290444,1388000.0
1362,13623,15087.66631696092,1390000.0
1362,13624,13731.080098863324,1390000.0
1362,13625,15323.510657882365,1390000.0
1363,13631,9112.768289570051,-64710.0
1363,13632,9087.242324496092,-65560.0
1363,13633,9799.585563584278,-64190.0
1363,13634,9253.288605997435,-64800.0
1363,13635,9924.729256983914,-64790.0
1364,13641,1947.4134766659176,6451000.0
1364,13642,2086.1526145226676,6457000.0
1364,13643,2169.68147744734,6442400.0
1364,13644,2083.420970318753,6456000.0
1364,13645,1962.5714022237612,6457000.0
1365,13651,285.08644848021163,928000.0
1365,13652,292.8989523484875,918000.0
1365,13653,302.4231778477158,935000.0
1365,13654,301.74563136841317,934000.0
1365,13655,301.5445560403015,918000.0
1366,13661,6847.870043753994,-12300.0
1366,13662,6876.208076491709,-7680.0
1366,13663,6798.774741604078,-13900.0
1366,13664,6827.124465208102,-9130.0
1366,13665,6806.153511407219,-11070.0
1367,13671,7986.35782090324,560300.0
1367,13672,8001.576477475942,561300.0
1367,13673,8649.763198380728,560300.0
1367,13674,8212.296088468402,562300.0
1367,13675,8780.331816879081,562300.0
1368,13681,1390.7731458409162,10941500.0
1368,13682,1524.7591731151456,10961500.0
1368,13683,1653.136903480441,10934500.0
1368,13684,1481.0220697154716,10962500.0
1368,13685,1432.515814005786,10970500.0
1369,13691,11259.673174173975,2977000.0
1369,13692,13452.230637351156,2978000.0
1369,13693,9288.29671915622,2977000.0
1369,13694,11280.025237677717,2979980.0
1369,13695,10389.284144372165,2977000.0
1370,13701,3712.6051184741336,6673000.0
1370,13702,4000.239465464293,6672000.0
1370,13703,4160.796558851684,6673000.0
1370,13704,4005.589628083224,6673000.0
1370,13705,3791.55629593255,6672000.0
1371,13711,1127.0271062609438,551120.0
1371,13712,1123.3008358085758,553120.0
1371,13713,1233.1613472276244,553620.0
1371,13714,1151.4041864198568,554120.0
1371,13715,1248.1467410853304,552720.0
1372,13721,13228.933955032995,29770.0
1372,13722,13355.01236562521,29760.0
1372,13723,13027.723284456046,29670.0
1372,13724,13233.974249225643,29760.0
1372,13725,13051.703056009925,28760.0
1373,13731,447.29748929425506,11468000.0
1373,13732,477.8295968572198,11278000.0
1373,13733,496.40294321262127,10917000.0
1373,13734,478.2942658291019,11457000.0
1373,13735,455.77358195455616,10648000.0
1374,13741,7090.556463913732,61070.0
1374,13742,7194.389330056171,62080.0
1374,13743,7119.755916196706,62070.0
1374,13744,7118.284276528748,61080.0
1374,13745,7124.992545244595,61060.0
1375,13751,14502.309456847852,272800.0
1375,13752,14594.382153680204,271700.0
1375,13753,14559.98922731757,349800.0
1375,13754,14614.045497474775,272100.0
1375,13755,14561.908593997436,348300.0
1376,13761,23491.574888946157,300900.0
1376,13762,21664.241898619035,301900.0
1376,13763,21827.824968163048,302900.0
1376,13764,22490.604510415003,301900.0
1376,13765,21386.43672872465,300900.0
1377,13771,1363.6654449860741,2024440.0
1377,13772,1614.4166019315724,2023440.0
1377,13773,1158.5688652544832,2023440.0
1377,13774,1398.9810222273597,2024440.0
1377,13775,1251.9609098241235,2024440.0
1378,13781,8119.272340833266,1032700.0
1378,13782,8147.20009705439,1032700.0
1378,13783,8776.805429062866,1032700.0
1378,13784,8363.937412485076,1030600.0
1378,13785,8908.424899001464,1030700.0
1379,13791,7043.091142712129,2040350.0
1379,13792,8289.740192584111,2040350.0
1379,13793,5940.997311890401,2039450.0
1379,13794,7112.535944392871,2040450.0
1379,13795,6406.47560037769,2039450.0
1380,13801,6778.756020485298,21191.0
1380,13802,6852.679776092824,21191.0
1380,13803,6834.946398076509,14276.0
1380,13804,6844.768807354783,22266.0
1380,13805,6852.873447256379,21701.0
1381,13811,10212.004093829195,104340.0
1381,13812,9737.227019488788,103340.0
1381,13813,9893.910843107535,102240.0
1381,13814,9791.306076833796,102240.0
1381,13815,9693.843687011322,102350.0
1382,13821,8684.799533414372,16000.0
1382,13822,8499.840732469866,16000.0
1382,13823,8530.248502784061,16000.0
1382,13824,8589.971573718889,16000.0
1382,13825,8413.85929627568,17000.0
1383,13831,23896.566948638672,489580.0
1383,13832,21443.337237860764,273580.0
1383,13833,22206.068402063604,329580.0
1383,13834,21984.431682862945,439580.0
1383,13835,21660.861193149736,305580.0
1384,13841,46.19766487404768,85679300.0
1384,13842,46.60982312711551,99277400.0
1384,13843,46.976444017181294,84866600.0
1384,13844,47.92597482649517,84497800.0
1384,13845,46.458146561719346,100226500.0
1385,13851,19958.684199350413,55700.0
1385,13852,19940.497954461407,53100.0
1385,13853,16384.967708481578,61600.0
1385,13854,16517.478861893138,67500.0
1385,13855,16394.388371817775,65700.0
1386,13861,43.89384839442622,29009400.0
1386,13862,43.78766105951244,29059400.0
1386,13863,43.887912949928406,28982400.0
1386,13864,44.40321007889872,29027400.0
1386,13865,44.62738274454913,29021400.0
1387,13871,9175.635952600362,833400.0
1387,13872,9204.961877282945,833400.0
1387,13873,9913.143771470595,833400.0
1387,13874,9447.435915652646,833400.0
1387,13875,10066.59450150371,833400.0
1388,13881,17285.806203707507,317600.0
1388,13882,16667.450535727032,317600.0
1388,13883,16504.209735445733,317500.0
1388,13884,16748.051155696772,317700.0
1388,13885,16397.971690384773,318600.0
1389,13891,662.8559514530607,10103000.0
1389,13892,700.5176329667868,10102000.0
1389,13893,721.4548989567647,10103000.0
1389,13894,696.0582161897488,10102000.0
1389,13895,675.1779797142136,10104000.0
1390,13901,4132.223057747446,-28280.0
1390,13902,4205.817014913005,-28430.0
1390,13903,4137.036596852843,-26530.0
1390,13904,4190.39198927846,-20530.0
1390,13905,4138.592456854391,-28190.0
1391,13911,1609.529177814738,6511400.0
1391,13912,1765.2309121043497,6510500.0
1391,13913,1914.4495143464185,6479500.0
1391,13914,1716.391085305535,6510500.0
1391,13915,1659.1633697180641,6512500.0
1392,13921,13837.688556046318,454800.0
1392,13922,12933.230118512472,453800.0
1392,13923,12956.535616928177,453800.0
1392,13924,13488.298692759388,454800.0
1392,13925,13002.508226134647,454800.0
1393,13931,45.65903788899025,426440900.0
1393,13932,46.066390713952096,445100200.0
1393,13933,46.428737104317214,402208600.0
1393,13934,47.36719716106309,314698100.0
1393,13935,45.916482573244615,398993500.0
1394,13941,2177.497446096586,58300.0
1394,13942,2036.1227852732384,58400.0
1394,13943,2092.568070071426,58400.0
1394,13944,2073.94150909375,58400.0
1394,13945,2056.214400940683,58300.0
1395,13951,13802.538594613236,485980.0
1395,13952,7359.953304063973,1327820.0
1395,13953,6122.004786572514,1866120.0
1395,13954,12837.41083609171,511200.0
1395,13955,12770.586928862696,310490.0
1396,13961,14196.594598478861,314700.0
1396,13962,13432.537272082458,341300.0
1396,13963,13333.856218188706,319500.0
1396,13964,13700.094367328906,315740.0
1396,13965,13259.320319231116,314680.0
1397,13971,658.8360213865398,3586000.0
1397,13972,696.2693013515718,4078000.0
1397,13973,717.0795920237916,4076000.0
1397,13974,691.8369289776833,3592000.0
1397,13975,671.083321960962,3850000.0
1398,13981,2950.8380857440943,4993000.0
1398,13982,3235.119582996679,4993000.0
1398,13983,3507.5018167607986,4993000.0
1398,13984,3142.321479396649,4993000.0
1398,13985,3039.404546341807,4993000.0
1399,13991,3076.954632137866,10400.0
1399,13992,3076.7030916688946,4800.0
1399,13993,3084.1497424671657,11800.0
1399,13994,3074.6896801705548,9200.0
1399,13995,3083.4409539677417,8500.0
1400,14001,3495.9148374055826,562201.0
1400,14002,3509.755011148611,563201.0
1400,14003,3780.015608915083,563201.0
1400,14004,3606.210289910069,563201.0
1400,14005,3838.258465484516,563201.0
1401,14011,47.354643384641555,219817900.0
1401,14012,46.941139485799845,143597400.0
1401,14013,47.308991148466895,146521100.0
1401,14014,48.26822368987367,213042200.0
1401,14015,47.6345516106211,218331200.0
1402,14021,3261.254072157292,13620.0
1402,14022,3296.8187315543328,12520.0
1402,14023,3288.28721764617,12520.0
1402,14024,3293.012770853922,12520.0
1402,14025,3296.9119065954314,13620.0
1403,14031,6791.549014688142,-12320.0
1403,14032,6694.842523511696,-9830.0
1403,14033,6803.895932428204,-13230.0
1403,14034,6800.941529626716,-11230.0
1403,14035,6775.410977841129,-11790.0
1404,14041,7241.023638167162,2349990.0
1404,14042,8524.996454847838,2350830.0
1404,14043,6107.9919157653785,2336590.0
1404,14044,7317.110909612935,2352890.0
1404,14045,6585.87190596315,2368890.0
1405,14051,12263.465415859808,1353400.0
1405,14052,12302.57456601549,1372300.0
1405,14053,13248.44196809331,1374300.0
1405,14054,12628.340394495073,1352290.0
1405,14055,13455.025088628016,1373300.0
1406,14061,4140.7178722787885,5969000.0
1406,14062,4485.503040593743,5708400.0
1406,14063,4651.5161656680775,5418500.0
1406,14064,4473.158882925858,5642000.0
1406,14065,4231.559594771303,5234000.0
1407,14071,10631.403812465818,7400.0
1407,14072,10480.020710207418,7400.0
1407,14073,10650.731519304123,7400.0
1407,14074,10646.106735011266,7400.0
1407,14075,10606.141536350306,7400.0
1408,14081,5037.122815321099,14000.0
1408,14082,5021.381416733051,14000.0
1408,14083,5043.498070394829,14000.0
1408,14084,5003.411064449229,14000.0
1408,14085,5037.846507602861,14000.0
1409,14091,18050.68042206354,172750.0
1409,14092,18470.8184737033,168850.0
1409,14093,17925.353046723558,168350.0
1409,14094,18367.396351137522,170150.0
1409,14095,17945.624996123737,175450.0
1410,14101,2664.8577784558024,-29900.0
1410,14102,2679.107688008432,-27210.0
1410,14103,2678.6757065999127,-30110.0
1410,14104,2695.2788556050295,-22600.0
1410,14105,2694.4118263228565,-30110.0
1411,14111,7024.973683065118,799800.0
1411,14112,7020.168113587084,799900.0
1411,14113,7610.940864462747,799900.0
1411,14114,7177.213906295246,799900.0
1411,14115,7709.527131489644,799900.0
1412,14121,9134.028924118478,938800.0
1412,14122,9165.13076236893,1162800.0
1412,14123,9871.024771195738,626800.0
1412,14124,18188.257388238802,513800.0
1412,14125,10024.264259830328,808800.0
1413,14131,6225.505498702658,6595905.0
1413,14132,6684.578650166739,6630905.0
1413,14133,6887.818435333234,6616805.0
1413,14134,6636.277330543666,6691905.0
1413,14135,6363.522384120452,6689810.0
1414,14141,12489.281749926886,1565700.0
1414,14142,13916.530515290444,1533700.0
1414,14143,15087.66631696092,1532700.0
1414,14144,13731.080098863324,1544800.0
1414,14145,15323.510657882365,1531800.0
1415,14151,568.5690359230234,1785800.0
1415,14152,607.8573862019297,1753300.0
1415,14153,555.6545044584653,1739300.0
1415,14154,569.3191199462811,1727200.0
1415,14155,559.3858906111352,1764700.0
1416,14161,1117.4331527476315,6667400.0
1416,14162,1212.643099587508,6625800.0
1416,14163,1271.4793602118293,6571500.0
1416,14164,1213.301001976458,6539900.0
1416,14165,1141.3179841354604,6532700.0
1417,14171,2.7724054048206064,286499300.0
1417,14172,2.7840123711189038,183587700.0
1417,14173,2.816598610440878,285279100.0
1417,14174,2.8683014371278786,242988200.0
1417,14175,2.7878268702087077,243359500.0
1418,14181,1843.315803424232,10611.0
1418,14182,1848.133631577021,15711.0
1418,14183,1821.2827894512866,12021.0
1418,14184,1841.4963308562947,12011.0
1418,14185,1831.1897191156502,13321.0
1419,14191,7136.079935283776,33000.0
1419,14192,7127.822902018792,34000.0
1419,14193,7169.879514162683,32000.0
1419,14194,7069.5391290170255,32000.0
1419,14195,7162.6276603924925,32000.0
1420,14201,13270.593404548024,451800.0
1420,14202,13916.530515290444,379800.0
1420,14203,15087.66631696092,394800.0
1420,14204,13731.080098863324,452800.0
1420,14205,15323.510657882365,390800.0
1421,14211,3243.1385635875863,3138100.0
1421,14212,3430.6148799224648,2284800.0
1421,14213,3081.814158774426,1973900.0
1421,14214,3188.166330854514,2359200.0
1421,14215,3193.24068837665,2710300.0
1422,14221,9159.582630391102,251700.0
1422,14222,8445.901679799274,240300.0
1422,14223,8504.926460399243,235700.0
1422,14224,8777.699811617913,244600.0
1422,14225,8541.154849786075,247500.0
1423,14231,789.393273544516,15888000.0
1423,14232,828.3025580658447,18867000.0
1423,14233,919.2656373547037,26053000.0
1423,14234,832.3891364510564,18338000.0
1423,14235,807.8716883747406,18604000.0
1424,14241,2073.440977178202,14070.0
1424,14242,2073.8648320072866,15165.0
1424,14243,2078.06462806,14161.0
1424,14244,2074.4721555353103,14170.0
1424,14245,2078.444246509669,14405.0
1425,14251,13270.593404548024,1435400.0
1425,14252,13916.530515290444,1113200.0
1425,14253,15087.66631696092,1240000.0
1425,14254,13731.080098863324,1231200.0
1425,14255,15323.510657882365,1225400.0
1426,14261,15710.517253277178,122965.0
1426,14262,15088.820452602347,147545.0
1426,14263,15296.027035741005,119510.0
1426,14264,15224.044891053572,148345.0
1426,14265,15145.625204886088,116805.0
1427,14271,1841.092619181873,5600.0
1427,14272,1873.1321284988753,4600.0
1427,14273,1849.4457722821928,8900.0
1427,14274,1859.7171001793845,9800.0
1427,14275,1853.917126080584,7500.0
1428,14281,535.8371998748601,61087540.0
1428,14282,538.7150488835539,64047360.0
1428,14283,544.9390726885524,74562650.0
1428,14284,556.5929152576329,69562410.0
1428,14285,540.4252033955065,66725800.0
1429,14291,1539.1376079343477,36520.0
1429,14292,1541.9159554064945,35520.0
1429,14293,1547.5189582305652,36520.0
1429,14294,1551.36639075736,35520.0
1429,14295,1544.225170706479,35520.0
1430,14301,3118.8192131697415,135250.0
1430,14302,3117.8708325940656,135450.0
1430,14303,3175.693673658258,135350.0
1430,14304,3117.0169827462964,135350.0
1430,14305,3167.93958156045,134550.0
1431,14311,9103.419972946227,8012.0
1431,14312,8512.764144131337,8012.0
1431,14313,8763.930910431252,7022.0
1431,14314,8766.462360656627,8012.0
1431,14315,8656.30918908448,8032.0
1432,14321,2079.74636697627,21240.0
1432,14322,2089.9193891525406,20240.0
1432,14323,2058.6736090946006,18240.0
1432,14324,2091.5385982110574,20240.0
1432,14325,2063.915967200787,22240.0
1433,14331,3042.635043985199,-38840.0
1433,14332,3029.982779988819,-44150.0
1433,14333,2986.3797133841304,-37600.0
1433,14334,3073.6346721994373,-72200.0
1433,14335,2992.468334833692,-33700.0
1434,14341,6180.707785084843,7000.0
1434,14342,6083.448857752137,7000.0
1434,14343,6162.111168917008,7000.0
1434,14344,6201.935049272846,7000.0
1434,14345,6163.0030106787735,7000.0
1435,14351,2703.0163908333343,2272220.0
1435,14352,3181.5713218613582,2260430.0
1435,14353,2275.8076069284243,2273120.0
1435,14354,2730.144285718662,2542530.0
1435,14355,2452.9261911816893,2266230.0
1436,14361,8123.616317788425,654600.0
1436,14362,8146.002521139257,652610.0
1436,14363,8779.369292949314,656620.0
1436,14364,8360.830924615337,651700.0
1436,14365,8909.912441661754,652700.0
1437,14371,2873.510254154549,7385400.0
1437,14372,3051.1570233745833,6796400.0
1437,14373,3153.1072073108935,6768400.0
1437,14374,3033.491859360969,7208400.0
1437,14375,2896.530998498474,7902500.0
1438,14381,5095.164876777706,800610.0
1438,14382,5145.309725909262,801610.0
1438,14383,5548.196915573921,800610.0
1438,14384,5335.765060233201,801620.0
1438,14385,5645.350156056353,800610.0
1439,14391,2708.2498375746263,850.0
1439,14392,2665.891291184459,850.0
1439,14393,2639.316305717822,850.0
1439,14394,2747.1180153203877,850.0
1439,14395,2637.658490554847,850.0
1440,14401,9604.655125401177,407670.0
1440,14402,6082.133251614161,629200.0
1440,14403,6676.975032409382,684140.0
1440,14404,9226.77434021809,450190.0
1440,14405,9346.82584552572,388260.0
1441,14411,2613.6768270200655,4100.0
1441,14412,2540.6608472574317,4100.0
1441,14413,2585.4329308988877,3900.0
1441,14414,2574.0779965363863,4100.0
1441,14415,2555.883990406504,3900.0
1442,14421,6894.564634426601,1567900.0
1442,14422,6918.089159757152,1294600.0
1442,14423,7451.270675879321,1339900.0
1442,14424,7103.881426919162,1265800.0
1442,14425,7566.099896657004,1476100.0
1443,14431,8196.501503274394,2490440.0
1443,14432,9647.148862699994,2742180.0
1443,14433,6914.832504136871,2920400.0
1443,14434,8282.935078856557,2885320.0
1443,14435,7456.794693134584,2688400.0
1444,14441,4620.931819181877,9600.0
1444,14442,4520.71063888834,9600.0
1444,14443,4553.987187762244,9500.0
1444,14444,4552.624616854611,9600.0
1444,14445,4501.018331857352,9600.0
1445,14451,8886.02830780732,563400.0
1445,14452,8921.656044169229,561400.0
1445,14453,9603.224388301911,556400.0
1445,14454,9162.722471643872,561400.0
1445,14455,9751.436240829307,563400.0
1446,14461,7020.880539047657,755250.0
1446,14462,7042.829604406684,744550.0
1446,14463,7587.079020851236,744250.0
1446,14464,7230.812063061823,743450.0
1446,14465,7701.526769463426,754250.0
1447,14471,12210.578232108712,261500.0
1447,14472,11418.321121327403,305500.0
1447,14473,11755.215547633681,399500.0
1447,14474,11758.611026597573,405500.0
1447,14475,11610.860629165205,352500.0
1448,14481,183.8659143535781,1259700.0
1448,14482,188.04649156438626,1254900.0
1448,14483,194.84342038346435,1261200.0
1448,14484,192.14908630763193,1257700.0
1448,14485,197.18328870790566,1253600.0
1449,14491,4078.3963451576296,895700.0
1449,14492,4093.162454006439,1242030.0
1449,14493,4401.151747301997,504350.0
1449,14494,4203.578291461783,886800.0
1449,14495,4466.120323155759,1525600.0
1450,14501,15774.68884613139,350000.0
1450,14502,14644.89736328942,310000.0
1450,14503,15112.072267087275,272000.0
1450,14504,15030.404553197342,324000.0
1450,14505,14769.891121923201,303000.0
1451,14511,4001.443520660299,2280500.0
1451,14512,4100.274051054646,2275200.0
1451,14513,3713.3859560750084,2291700.0
1451,14514,3837.0440256522515,2256660.0
1451,14515,3935.58680870205,2276900.0
1452,14521,12538.83855126322,9400.0
1452,14522,12506.2113901484,9500.0
1452,14523,12555.919642686475,9500.0
1452,14524,12464.44015577697,7400.0
1452,14525,12539.898819165417,7400.0
1453,14531,8865.563301961918,992110.0
1453,14532,8891.18427440668,994010.0
1453,14533,9587.236498643573,995210.0
1453,14534,9132.0623903905,996010.0
1453,14535,9729.84401420847,995210.0
1454,14541,1183.5196550504877,-6199.0
1454,14542,1154.4096344676784,-6099.0
1454,14543,1176.6307953870755,-6099.0
1454,14544,1185.4756151796462,-6199.0
1454,14545,1171.2244013407758,-6199.0
1455,14551,7158.245863683851,2072250.0
1455,14552,8419.534582935074,1651550.0
1455,14553,3624.241204438514,3392550.0
1455,14554,3241.470161702392,3386550.0
1455,14555,3139.6180454654404,3377950.0
1456,14561,2978.6580253892653,7261000.0
1456,14562,3265.9291526641728,5700000.0
1456,14563,3542.1597694537645,7101000.0
1456,14564,3172.854132983642,6844000.0
1456,14565,3068.7617287890207,6898000.0
1457,14571,5272.188223430879,3730.0
1457,14572,5298.936642531106,3790.0
1457,14573,5222.237859126212,3690.0
1457,14574,5302.3837388614975,3700.0
1457,14575,5233.016389588038,3680.0
1458,14581,5503.264968749273,-178270.0
1458,14582,5424.396157942234,-173430.0
1458,14583,5484.8822494389415,-208540.0
1458,14584,5419.915670858131,-191530.0
1458,14585,5467.897200545172,-180380.0
1459,14591,9789.329048156314,1265000.0
1459,14592,10143.51482373138,1256000.0
1459,14593,9267.193223820059,1264000.0
1459,14594,9636.71200506768,1244800.0
1459,14595,9599.27807163428,1252000.0
1460,14601,1803.1111515459695,15253600.0
1460,14602,1859.5521172728259,10893700.0
1460,14603,1984.38359204545,14063700.0
1460,14604,1862.39575016127,13863600.0
1460,14605,1782.7661255919961,11613600.0
1461,14611,2241.7203059879403,31700.0
1461,14612,2186.5826291697,31700.0
1461,14613,2228.672025355953,31700.0
1461,14614,2245.425116060615,31700.0
1461,14615,2218.4317025492774,31700.0
1462,14621,258.2541521466993,781800.0
1462,14622,269.7518612443262,545600.0
1462,14623,276.87775591022813,788800.0
1462,14624,276.364682306022,754900.0
1462,14625,277.18251318884677,579800.0
1463,14631,499.2143205141595,23989000.0
1463,14632,487.39374258745266,32107000.0
1463,14633,501.85971390270663,23097000.0
1463,14634,495.75666620317986,24957000.0
1463,14635,497.27520800811544,31021000.0
1464,14641,3994.2436797432865,19730.0
1464,14642,3817.0585920501408,15230.0
1464,14643,3898.1156954325356,16190.0
1464,14644,3893.964717925869,18990.0
1464,14645,3840.2710258172506,17050.0
1465,14651,1919.8364228373205,-1070.0
1465,14652,1953.2462667070718,5200.0
1465,14653,1928.546841531334,-90.0
1465,14654,1939.257475642015,410.0
1465,14655,1933.2094357930814,550.0
1466,14661,5766.660943214325,607420.0
1466,14662,5785.091563758155,620100.0
1466,14663,6230.166421893309,613250.0
1466,14664,5937.480517944348,600900.0
1466,14665,6326.606421928284,599730.0
1467,14671,14029.181750482032,314200.0
1467,14672,13350.151955024605,194500.0
1467,14673,13355.929177357943,263500.0
1467,14674,13739.653676363258,195800.0
1467,14675,13227.780174594702,194600.0
1468,14681,7067.740874861539,153100.0
1468,14682,7091.913348853965,153200.0
1468,14683,7639.75676124794,153100.0
1468,14684,7283.297640083481,153100.0
1468,14685,7754.987921185787,153200.0
1469,14691,10935.855785017464,20230.0
1469,14692,10735.624801666878,36650.0
1469,14693,10653.058451736473,57850.0
1469,14694,8180.002138177186,760950.0
1469,14695,10628.501263726654,28100.0
1470,14701,102.21977254897146,117196000.0
1470,14702,101.4320490179993,113595000.0
1470,14703,100.866107444981,129461000.0
1470,14704,103.19241081942224,132159000.0
1470,14705,103.04535909102972,107168000.0
1471,14711,3820.2282083583946,8013000.0
1471,14712,4049.1612066139305,8014000.0
1471,14713,4217.54519640736,8012000.0
1471,14714,4054.870195408147,8014000.0
1471,14715,3871.6016393316872,8013000.0
1472,14721,1813.726743045782,366800.0
1472,14722,1798.0840334857744,365500.0
1472,14723,1825.5587499214894,352500.0
1472,14724,1862.6381791294007,353500.0
1472,14725,1827.7647699145662,365500.0
1473,14731,16970.812970051833,426800.0
1473,14732,16276.07331859006,404700.0
1473,14733,16073.286944346692,404800.0
1473,14734,16658.297299564896,404700.0
1473,14735,15972.114089571935,424700.0
1474,14741,2015.098101783737,85000.0
1474,14742,2007.9595603242747,85000.0
1474,14743,2167.1726243157855,85000.0
1474,14744,2043.8357574672107,85000.0
1474,14745,2194.54629456483,85000.0
1475,14751,8.096124262754087,467890200.0
1475,14752,8.173722188804375,479794600.0
1475,14753,8.244542486553126,480338500.0
1475,14754,8.38679847519519,486686500.0
1475,14755,8.146523212171726,463564800.0
1476,14761,4921.669977548902,60230.0
1476,14762,5087.66381578679,28070.0
1476,14763,4935.379403211238,-46260.0
1476,14764,5045.577508929951,29670.0
1476,14765,5057.618420919969,-18890.0
1477,14771,13223.47542532078,467400.0
1477,14772,12700.195877410968,464600.0
1477,14773,12874.600775475485,489400.0
1477,14774,12814.013711027455,461700.0
1477,14775,12748.008195347775,490400.0
1478,14781,2609.0094909500417,-5130.0
1478,14782,2637.461286442292,-5030.0
1478,14783,2630.6360590095073,-5330.0
1478,14784,2634.416510607644,-5240.0
1478,14785,2637.5358266532567,-5340.0
1479,14791,285.08644848021163,658880.0
1479,14792,292.8989523484875,650680.0
1479,14793,302.4231778477158,641030.0
1479,14794,301.74563136841317,669980.0
1479,14795,301.5445560403015,655780.0
1480,14801,658.9692982781718,9371000.0
1480,14802,697.7593569122441,9370000.0
1480,14803,720.2632296756021,9369000.0
1480,14804,695.3046236151995,9370000.0
1480,14805,671.6082207697868,9370000.0
1481,14811,1789.3226569381088,371000.0
1481,14812,1618.5266347891143,371000.0
1481,14813,1665.8884957556827,370000.0
1481,14814,1751.3684768461874,371000.0
1481,14815,1605.5567183556248,371000.0
1482,14821,4716.664135833707,3357150.0
1482,14822,5168.793155400583,3363050.0
1482,14823,5609.462934553374,3326050.0
1482,14824,5023.10054818,3353650.0
1482,14825,4860.109339776749,3360650.0
1483,14831,2123.4748496083234,569700.0
1483,14832,3187.4986087613506,360610.0
1483,14833,3236.8500475695755,378180.0
1483,14834,3187.0738169773585,349710.0
1483,14835,3196.833609594472,352280.0
1484,14841,3464.5820230776917,-35070.0
1484,14842,3425.361915062492,-85110.0
1484,14843,3427.727897128939,-35770.0
1484,14844,3514.381747356737,20250.0
1484,14845,3430.385657842333,-151080.0
1485,14851,709.7133655840587,7432000.0
1485,14852,772.9228819809588,7432000.0
1485,14853,839.7070189430203,7432000.0
1485,14854,744.7632597261629,7432000.0
1485,14855,725.8751107294945,7432000.0
1486,14861,669.483212411883,11277900.0
1486,14862,707.5214369603246,11277900.0
1486,14863,728.668034593438,11277900.0
1486,14864,703.0174347516542,11276900.0
1486,14865,681.9284368164055,11277900.0
1487,14871,6925.077714150002,266300.0
1487,14872,7084.563732032555,272000.0
1487,14873,7002.8883360485415,270000.0
1487,14874,6995.998089702982,267400.0
1487,14875,7031.089855062346,268400.0
1488,14881,1762.0543984163385,438200.0
1488,14882,1767.9161381399772,388400.0
1488,14883,1900.9922078036893,334500.0
1488,14884,3109.9986587146614,502460.0
1488,14885,1929.0569134168084,339160.0
1489,14891,14582.298584051005,239000.0
1489,14892,14172.154004499092,233500.0
1489,14893,14519.78946452562,234440.0
1489,14894,14182.436853606003,236000.0
1489,14895,14164.442969039606,244400.0
1490,14901,58.96557484896296,74572800.0
1490,14902,57.95352050240582,72417000.0
1490,14903,59.64871114978756,72771100.0
1490,14904,59.56161873067508,73311800.0
1490,14905,58.32202105736353,68625610.0
1491,14911,21387.49370898281,121100.0
1491,14912,21274.332838286195,120200.0
1491,14913,20655.225386402588,120100.0
1491,14914,21195.17812474555,120200.0
1491,14915,20663.61847930878,121100.0
1492,14921,1585.6249539551175,579800.0
1492,14922,1580.7659476289575,351450.0
1492,14923,1736.3020087754187,264900.0
1492,14924,1621.5084933681826,494300.0
1492,14925,1757.3549862927262,712200.0
1493,14931,2947.036054473995,16000.0
1493,14932,2978.932577630938,17000.0
1493,14933,2947.294105631168,16000.0
1493,14934,2919.193973689592,15000.0
1493,14935,3056.6001082325747,17000.0
1494,14941,8174.5588563355195,2493500.0
1494,14942,8548.900362848899,2351500.0
1494,14943,7855.263521734631,2363500.0
1494,14944,8057.120173027237,2211500.0
1494,14945,8022.441055055322,2342500.0
1495,14951,3843.5139057358865,1046600.0
1495,14952,5751.30612130337,182400.0
1495,14953,5752.179937293575,303150.0
1495,14954,3959.097786341806,1040410.0
1495,14955,4208.852513982631,419400.0
1496,14961,3907.1898736642142,1887000.0
1496,14962,4598.018878482,1727360.0
1496,14963,1978.30507002384,3915500.0
1496,14964,3945.655513529188,1930720.0
1496,14965,1713.6966727319978,5305700.0
1497,14971,3305.88026181218,4000.0
1497,14972,3234.180605830979,4000.0
1497,14973,3257.9871215745816,4000.0
1497,14974,3257.0123189925225,4000.0
1497,14975,3220.092449660171,4000.0
1498,14981,3578.334688040297,118000.0
1498,14982,3497.610547561012,119000.0
1498,14983,3563.271647469161,118000.0
1498,14984,3524.557146547687,118000.0
1498,14985,3528.2026832057513,118900.0
1499,14991,1929.962274995715,6000.0
1499,14992,1943.2327942248037,4800.0
1499,14993,1949.3616960392956,6000.0
1499,14994,1948.0032965433134,6000.0
1499,14995,1952.3217628024765,4600.0
1500,15001,3504.200780514623,18251000.0
1500,15002,3694.3365691048157,13945000.0
1500,15003,2144.8293033135647,25159000.0
1500,15004,2105.7345859646807,25942000.0
1500,15005,3548.985858696998,13136000.0
1501,15011,10066.694212487495,178850.0
1501,15012,10036.350081528492,179950.0
1501,15013,11017.63315268501,178950.0
1501,15014,10290.400286156557,178850.0
1501,15015,11151.503465528693,177050.0
1502,15021,2505.578451380992,320700.0
1502,15022,2498.0222325047903,311500.0
1502,15023,2693.500898941345,314800.0
1502,15024,2542.39314730562,312100.0
1502,15025,2728.082644452277,321800.0
1503,15031,417.7987898374161,20894000.0
1503,15032,487.8102632374047,22133000.0
1503,15033,596.1042861958305,79895000.0
1503,15034,495.4121824297073,39390000.0
1503,15035,493.98006825716294,31595000.0
1504,15041,7480.198082717894,4180.0
1504,15042,7553.968466777018,5275.0
1504,15043,7560.718754896819,3875.0
1504,15044,7681.738132979993,3380.0
1504,15045,7563.732860015929,3980.0
1505,15051,2826.5586648361004,5927900.0
1505,15052,3001.302782798807,5930000.0
1505,15053,3101.587156369485,5930000.0
1505,15054,2983.926257924312,5928710.0
1505,15055,2849.203262781147,5931900.0
1506,15061,8042.4585004023265,39040.0
1506,15062,8042.861291563878,39040.0
1506,15063,8029.369671975534,39040.0
1506,15064,8040.056104798912,39040.0
1506,15065,8023.264995416927,39040.0
1507,15071,8778.906027241424,62120.0
1507,15072,8504.650877262859,61150.0
1507,15073,8377.751246765,61090.0
1507,15074,8587.670951212855,61200.0
1507,15075,8285.733095920757,61130.0
1508,15081,7101.394260952868,1573100.0
1508,15082,7161.425783357212,1260100.0
1508,15083,7861.8239972362735,716000.0
1508,15084,7340.594224482322,606100.0
1508,15085,7957.360991891039,725000.0
1509,15091,22381.32609150655,433760.0
1509,15092,20871.8891373627,432620.0
1509,15093,20631.44982988944,431500.0
1509,15094,21415.873747652604,425000.0
1509,15095,20479.326395364613,423600.0
1510,15101,7808.724631562965,-30770.0
1510,15102,7816.648948781051,-31070.0
1510,15103,7775.609287220066,-30440.0
1510,15104,7707.020831921795,-31160.0
1510,15105,7786.844961863977,-30450.0
1511,15111,2914.983027578696,19400.0
1511,15112,2851.761354766546,20500.0
1511,15113,2872.7529164210955,20400.0
1511,15114,2871.8933774309016,20500.0
1511,15115,2839.3390245925943,19500.0
1512,15121,5600.660797617955,969300.0
1512,15122,5615.263089761825,969300.0
1512,15123,6052.071213842777,969300.0
1512,15124,5762.987139632579,968300.0
1512,15125,6143.633291445241,968300.0
1513,15131,10729.641612557594,14600.0
1513,15132,10817.240640894066,15500.0
1513,15133,10814.069251713812,14600.0
1513,15134,10767.571329972305,13500.0
1513,15135,10824.238171800298,14510.0
1514,15141,116.80942378701221,7401200.0
1514,15142,124.76415350347267,7410200.0
1514,15143,130.75207856099868,7430200.0
1514,15144,124.9399661819098,7411200.0
1514,15145,118.88830760032381,7427100.0
1515,15151,3357.908954949472,1852500.0
1515,15152,3489.868042274155,1663500.0
1515,15153,1062.0086129043082,1506700.0
1515,15154,3243.3379104188625,2467600.0
1515,15155,3307.1410818102763,2156100.0
1516,15161,9448.237186004018,144100.0
1516,15162,9420.6499730449,166100.0
1516,15163,10345.397796274712,151100.0
1516,15164,9660.962723976256,100100.0
1516,15165,10468.795818796929,62100.0
1517,15171,4844.666141876251,193460.0
1517,15172,4732.109522121722,193360.0
1517,15173,4656.061193812951,193260.0
1517,15174,4769.017014148944,193460.0
1517,15175,4620.067231723477,193360.0
1518,15181,9120.871108659801,15500.0
1518,15182,8841.643500334216,15500.0
1518,15183,8809.36234004137,15500.0
1518,15184,9033.281138164202,15500.0
1518,15185,8904.412423753332,15500.0
1519,15191,606.2060197491394,1591400.0
1519,15192,636.7550017621718,1155000.0
1519,15193,582.0534681956161,1384700.0
1519,15194,596.4041059169605,1305900.0
1519,15195,596.5765848542123,1202800.0
1520,15201,3014.3834671665686,1107500.0
1520,15202,3041.206637017981,1121000.0
1520,15203,3149.4569265919695,1117000.0
1520,15204,3152.0360114956907,1115900.0
1520,15205,3221.1211979294544,1107500.0
1521,15211,60.677786676282764,79762500.0
1521,15212,59.63634481969957,79763500.0
1521,15213,61.38075953525064,79762500.0
1521,15214,61.29113817157256,79763500.0
1521,15215,60.01554570294523,79763500.0
1522,15221,7825.671275127667,-29100.0
1522,15222,8063.921224614431,-28100.0
1522,15223,7990.2767662470915,-28100.0
1522,15224,7817.671329894712,-28200.0
1522,15225,8101.802954234039,-29100.0
1523,15231,6252.033158759261,117700.0
1523,15232,6055.982087450824,117700.0
1523,15233,6208.15661835117,117700.0
1523,15234,6147.138789233974,117700.0
1523,15235,6117.92725434149,117700.0
1524,15241,9067.649377671907,31000.0
1524,15242,9032.599486689798,31000.0
1524,15243,9106.797731352946,31000.0
1524,15244,8927.911486940375,31100.0
1524,15245,9082.320077874081,31000.0
1525,15251,3832.955055764237,3607500.0
1525,15252,4199.687415205428,3639900.0
1525,15253,4547.843578485314,3999530.0
1525,15254,4077.000418277795,3476700.0
1525,15255,3938.5660185463144,3546100.0
1526,15261,1340.2423295445792,1491200.0
1526,15262,1336.0067232037159,1471200.0
1526,15263,1440.8568585668215,1422200.0
1526,15264,1360.0885073971092,1309200.0
1526,15265,1459.6405885468328,1418200.0
1527,15271,2258.841563791482,9300.0
1527,15272,2226.67737837732,9300.0
1527,15273,2262.9480983855265,9300.0
1527,15274,2261.9654760368185,9300.0
1527,15275,2253.474118410582,9300.0
1528,15281,1870.3378676757602,-1999.0
1528,15282,1878.3834203566944,-1999.0
1528,15283,1851.7686119434043,-1999.0
1528,15284,1879.7763262613666,-1999.0
1528,15285,1855.8433607079726,-1999.0
1529,15291,16019.079437633674,270520.0
1529,15292,14823.988046491071,269520.0
1529,15293,15144.744642244763,269620.0
1529,15294,15364.820563063797,271430.0
1529,15295,14758.620368696264,270420.0
1530,15301,12489.281749926886,1384510.0
1530,15302,15222.86299863659,1387305.0
1530,15303,10296.941343485509,1385505.0
1530,15304,13056.377149239639,1384505.0
1530,15305,11356.17180202316,1389305.0
1531,15311,7134.5776667788205,56100.0
1531,15312,7357.532605813316,59050.0
1531,15313,7132.224261555575,44940.0
1531,15314,7298.2788759656005,69590.0
1531,15315,7188.038799274902,40770.0
1532,15321,1971.835789473814,1.0
1532,15322,1981.6010918211534,1.0
1532,15323,1953.364097555433,1.0
1532,15324,1982.2760963794371,1.0
1532,15325,1957.0976938576143,1.0
1533,15331,59.811691677041054,187561000.0
1533,15332,58.89900371873803,210978000.0
1533,15333,60.7609631508383,221104000.0
1533,15334,60.70683251665382,191673000.0
1533,15335,59.193201142694534,186671000.0
1534,15341,8427.731789657006,450.0
1534,15342,8401.100935249418,450.0
1534,15343,8439.523865213383,450.0
1534,15344,8365.066019579643,460.0
1534,15345,8424.504142424941,460.0
1535,15351,580.4797428819686,20.0
1535,15352,591.979516767917,20.0
1535,15353,592.0162273232299,20.0
1535,15354,578.0313021335112,20.0
1535,15355,599.6559500140072,20.0
1536,15361,518.9133522970776,19155670.0
1536,15362,556.8762346550582,19171670.0
1536,15363,585.6006160109537,19154670.0
1536,15364,557.9843606312016,19156570.0
1536,15365,522.6638083837285,19133670.0
1537,15371,3892.582757401364,3699100.0
1537,15372,4112.805160807244,3693100.0
1537,15373,4267.961986829663,3700200.0
1537,15374,4106.670253035843,3689200.0
1537,15375,3974.1343699631384,3684200.0
1538,15381,2565.020313472746,139600.0
1538,15382,2471.7732371299935,139600.0
1538,15383,2444.641447240836,139600.0
1538,15384,2482.3741672405376,139600.0
1538,15385,2427.46275699502,139600.0
1539,15391,5417.860514853152,50280.0
1539,15392,5416.566852538073,50280.0
1539,15393,5404.735743004652,50280.0
1539,15394,5411.270004339754,50280.0
1539,15395,5402.583653300224,50280.0
1540,15401,4781.255543495925,-9850.0
1540,15402,4750.599268200153,-10850.0
1540,15403,4710.78204898178,-8850.0
1540,15404,4768.0545491177245,-10850.0
1540,15405,4713.961372573262,-10850.0
1541,15411,7.285044298637483,1074570000.0
1541,15412,7.301398369232446,1094007000.0
1541,15413,7.3699473383008485,1134786000.0
1541,15414,7.5009577384461625,988550000.0
1541,15415,7.321322660485284,1229845000.0
1542,15421,11105.989347856439,9600.0
1542,15422,11072.998640794203,9600.0
1542,15423,11121.909581173937,10100.0
1542,15424,11032.584599352214,10100.0
1542,15425,11105.363069391457,8100.0
1543,15431,3435.8021380119108,19479000.0
1543,15432,3622.226658143096,12539000.0
1543,15433,3784.229026411719,12139000.0
1543,15434,3642.2085208504686,11884000.0
1543,15435,3479.713054368546,15130000.0
1544,15441,4064.858970323608,2920300.0
1544,15442,4165.255781109782,2918200.0
1544,15443,3772.2362282235576,2919200.0
1544,15444,3897.854048587296,2920200.0
1544,15445,3997.958551767822,2917300.0
1545,15451,5349.935558629422,621500.0
1545,15452,5367.732926185788,623500.0
1545,15453,5771.777431132065,619500.0
1545,15454,5510.94799973896,621500.0
1545,15455,5856.987267239867,621500.0
1546,15461,471.28295187662314,36403500.0
1546,15462,461.7299542371111,32300100.0
1546,15463,464.4717219816645,45387100.0
1546,15464,576.4045916572603,55975000.0
1546,15465,478.918537149788,30715190.0
1547,15471,60.62729687194718,204303100.0
1547,15472,61.30531534332194,158150000.0
1547,15473,61.60120208350757,179075000.0
1547,15474,62.90887732370322,246335000.0
1547,15475,61.23398264463758,132457000.0
1548,15481,4723.97866139927,1536580.0
1548,15482,5561.156732385266,1538480.0
1548,15483,3978.680543240754,1536480.0
1548,15484,4774.698286083754,1545780.0
1548,15485,4289.158284610602,1541780.0
1549,15491,48.80898783587747,64202000.0
1549,15492,49.60507291598422,64202000.0
1549,15493,49.95938963462084,64202000.0
1549,15494,50.94308643196044,64202000.0
1549,15495,49.14501150477614,64204000.0
1550,15501,1406.9421567584811,-27250.0
1550,15502,1431.4263874105914,-28650.0
1550,15503,1413.3255418832994,-29550.0
1550,15504,1421.174774493264,-28770.0
1550,15505,1416.742499884866,-25550.0
1551,15511,6706.079470230221,1140600.0
1551,15512,6724.90703182648,814100.0
1551,15513,7234.548888970016,808060.0
1551,15514,6901.751964284061,841800.0
1551,15515,7341.675646167261,905600.0
1552,15521,1105.1107077682548,1613600.0
1552,15522,1292.6329548065519,1612600.0
1552,15523,927.5074305484981,1613600.0
1552,15524,1100.4235143414671,1613600.0
1552,15525,997.9235769802693,1613600.0
1553,15531,13270.593404548024,770600.0
1553,15532,13916.530515290444,784000.0
1553,15533,15087.66631696092,774000.0
1553,15534,13731.080098863324,770400.0
1553,15535,15323.510657882365,773070.0
1554,15541,9095.847190253016,2670100.0
1554,15542,10708.715911659689,2665400.0
1554,15543,7672.583861246067,2684200.0
1554,15544,9191.424587700822,2708700.0
1554,15545,8272.875143711592,2684100.0
1555,15551,4235.080878885853,273150.0
1555,15552,4252.061057183475,272150.0
1555,15553,4576.896513689294,273150.0
1555,15554,4366.953310749917,271150.0
1555,15555,4647.534279057601,272150.0
1556,15561,5886.461737044927,70100.0
1556,15562,6039.651114830934,69100.0
1556,15563,5820.084095408209,70100.0
1556,15564,5971.141832924741,70100.0
1556,15565,5840.976802262392,70100.0
1557,15571,8335.058901964454,709800.0
1557,15572,8308.729450334231,697800.0
1557,15573,9123.017180987943,707800.0
1557,15574,8521.247938294962,686800.0
1557,15575,9235.667815203335,695800.0
1558,15581,577.2835878196863,2998000.0
1558,15582,618.369813641473,3131000.0
1558,15583,566.5612684356828,2992000.0
1558,15584,580.8250087050726,3204000.0
1558,15585,568.2889698913989,3222000.0
1559,15591,1906.150742977247,5000.0
1559,15592,1939.322422583659,3200.0
1559,15593,1914.7990688802934,-3600.0
1559,15594,1925.4333515332175,-300.0
1559,15595,1919.428425533032,5000.0
1560,15601,11958.139036454388,22631.0
1560,15602,12152.631776832699,6321.0
1560,15603,11914.386912181584,14321.0
1560,15604,12151.315397082097,3331.0
1560,15605,11970.708855094817,3321.0
1561,15611,5811.975417417134,50840.0
1561,15612,5906.504091360364,51100.0
1561,15613,5790.710714777524,52300.0
1561,15614,5905.86429559221,52180.0
1561,15615,5818.084685482745,52500.0
1562,15621,1950.7890882553158,300.0
1562,15622,1961.5319808651573,300.0
1562,15623,1931.9713485611567,300.0
1562,15624,1964.161366993442,300.0
1562,15625,1936.3799662061579,300.0
1563,15631,14595.260039842058,-5539.0
1563,15632,14550.632086771297,-5439.0
1563,15633,14625.816586770356,-5339.0
1563,15634,14490.323545420568,-5539.0
1563,15635,14598.540914438936,-5549.0
1564,15641,5108.063498120648,519800.0
1564,15642,5091.920338286616,406500.0
1564,15643,5491.535495497239,480300.0
1564,15644,5183.703204784866,402500.0
1564,15645,5563.12589624369,514700.0
1565,15651,1626.5760461503385,2708800.0
1565,15652,1713.965538661108,2708800.0
1565,15653,1543.0906440324175,2708800.0
1565,15654,1593.1788645883753,2708800.0
1565,15655,1581.3237020528982,2708800.0
1566,15661,6587.870182863304,1100.0
1566,15662,6634.248316230167,1100.0
1566,15663,6635.599258532295,1100.0
1566,15664,6703.316086023506,1100.0
1566,15665,6653.078203455725,1100.0
1567,15671,14698.289129413377,125410.0
1567,15672,13744.62224667097,121900.0
1567,15673,14150.15354828587,153570.0
1567,15674,14154.240802025652,261260.0
1567,15675,13976.388613606261,180150.0
1568,15681,43.573355646051205,212676000.0
1568,15682,43.96210079566739,201442000.0
1568,15683,44.30789538233451,201110000.0
1568,15684,45.20348704836176,210938000.0
1568,15685,43.81904038460121,210426000.0
1569,15691,1158.2855512431645,798100.0
1569,15692,1154.7924420405727,808500.0
1569,15693,1245.1588461677102,884800.0
1569,15694,1175.3043479762716,784100.0
1569,15695,1261.1453885727199,775300.0
1570,15701,2614.3802058757624,177020.0
1570,15702,2459.8667284628564,177990.0
1570,15703,2556.339252363493,178990.0
1570,15704,2469.1546234783564,178990.0
1570,15705,2524.808522774828,176010.0
1571,15711,4468.580905844739,34000.0
1571,15712,4390.757213677147,34000.0
1571,15713,4352.193980445937,34000.0
1571,15714,4501.60533787083,34000.0
1571,15715,4396.036083370788,34000.0
1572,15721,2488.2460786844226,419400.0
1572,15722,2496.8928198895737,415400.0
1572,15723,2685.335977950557,418400.0
1572,15724,2564.910270228368,412400.0
1572,15725,2725.507631697914,407400.0
1573,15731,21387.49370898281,105880.0
1573,15732,21274.332838286195,110870.0
1573,15733,20655.225386402588,131870.0
1573,15734,21195.17812474555,92480.0
1573,15735,20663.61847930878,92870.0
1574,15741,16819.113144734656,126080.0
1574,15742,16323.259527770797,97480.0
1574,15743,16399.503394381558,183300.0
1574,15744,16432.168009078472,91690.0
1574,15745,16229.753115735488,30390.0
1575,15751,3319.825755908244,709280.0
1575,15752,3367.371282522339,745190.0
1575,15753,3476.7513756747117,1086000.0
1575,15754,10660.72979000128,1775000.0
1575,15755,3549.8493923719243,762000.0
1576,15761,1052.53748158288,1026280.0
1576,15762,1049.3105494038182,974620.0
1576,15763,1132.0615872210374,1087400.0
1576,15764,1068.4289276712666,939390.0
1576,15765,1146.5673396837065,1150900.0
1577,15771,5522.53633617795,-5200.0
1577,15772,5368.258118920112,-5200.0
1577,15773,5462.858742914718,8000.0
1577,15774,5438.866473876878,30000.0
1577,15775,5400.42367218304,49000.0
1578,15781,12704.960432737409,192350.0
1578,15782,12689.244439080867,190430.0
1578,15783,12865.99689183739,187300.0
1578,15784,13111.776851309973,176610.0
1578,15785,12450.109080052922,229300.0
1579,15791,1404.1315263756517,12110.0
1579,15792,1407.8014696297719,12110.0
1579,15793,1387.348048751787,14110.0
1579,15794,1402.7455572491083,10110.0
1579,15795,1394.8945756385406,12100.0
1580,15801,3023.3758980138496,1093900.0
1580,15802,3050.2790860522705,1093900.0
1580,15803,3158.8523050921985,1092900.0
1580,15804,3161.439083855344,1094000.0
1580,15805,3230.73036343165,1093900.0
1581,15811,3451.2245519762246,3989500.0
1581,15812,3549.8888523576584,4006800.0
1581,15813,3698.381098335113,4007500.0
1581,15814,3553.922264350663,3995800.0
1581,15815,3475.0839578386185,3994100.0
1582,15821,9089.973847407224,197321.0
1582,15822,8667.362267011302,196321.0
1582,15823,8806.830665762414,151331.0
1582,15824,8715.499460498673,172321.0
1582,15825,8628.745619974134,148321.0
1583,15831,14686.772132219334,79810.0
1583,15832,14501.908310310271,83470.0
1583,15833,14015.655613563635,80460.0
1583,15834,14366.843205243238,79100.0
1583,15835,13861.71278637265,80660.0
1584,15841,3151.6434259773728,612814.0
1584,15842,3118.010379128921,611714.0
1584,15843,3221.5080096921047,538714.0
1584,15844,3222.5081945718016,538814.0
1584,15845,3366.7555563340184,611814.0
1585,15851,18008.307701103386,135850.0
1585,15852,16924.269309594853,135990.0
1585,15853,17010.016680221903,135850.0
1585,15854,17310.003648191057,134990.0
1585,15855,16651.854661019803,135790.0
1586,15861,1771.360510281229,3497000.0
1586,15862,977.8974970677509,1931800.0
1586,15863,890.2309899786949,2966640.0
1586,15864,918.0060789353441,2261200.0
1586,15865,908.5906685142807,2097000.0
1587,15871,467.8360612512373,32272500.0
1587,15872,470.9987979988242,32272500.0
1587,15873,473.0058031956675,32271500.0
1587,15874,478.3106919080199,32272500.0
1587,15875,474.41794114032007,32272500.0
1588,15881,20768.864090720446,16800.0
1588,15882,20682.09360104237,16900.0
1588,15883,20583.875669078345,16900.0
1588,15884,20612.387153161246,16900.0
1588,15885,20595.01409926533,16800.0
1589,15891,6696.241095393586,992250.0
1589,15892,6721.120176868561,993250.0
1589,15893,7234.767466889362,993250.0
1589,15894,6900.744891210541,993250.0
1589,15895,7346.43623759997,993250.0
1590,15901,1378.782520094141,398300.0
1590,15902,1374.3541082888241,398300.0
1590,15903,1509.3024853910547,401600.0
1590,15904,1409.0079346816133,415300.0
1590,15905,1527.3073784088003,397400.0
1591,15911,2574.746271141877,76900.0
1591,15912,2422.5716933987446,76900.0
1591,15913,2472.8163752989835,78000.0
1591,15914,2413.8111560518237,78000.0
1591,15915,2443.976968799419,76900.0
1592,15921,438.9604445735081,36785600.0
1592,15922,531.4081851234686,59541000.0
1592,15923,442.19921763492476,45818000.0
1592,15924,447.23079501053536,45500600.0
1592,15925,446.2100641983317,44061000.0
1593,15931,923.3988865211031,23028000.0
1593,15932,921.6030049099778,23128000.0
1593,15933,929.0322391054,23017000.0
1593,15934,941.1482996857594,22589000.0
1593,15935,942.1987677321027,22776000.0
1594,15941,4085.364892614023,22400.0
1594,15942,4133.608376192353,23800.0
1594,15943,4091.266883534987,24800.0
1594,15944,4133.548024095844,20100.0
1594,15945,4114.459231044332,23600.0
1595,15951,12387.834666878858,293310.0
1595,15952,11737.810411552195,303910.0
1595,15953,11960.603551144854,297620.0
1595,15954,11801.74940987249,308510.0
1595,15955,11851.394294351618,298010.0
1596,15961,3669.986410391888,4548000.0
1596,15962,3794.0668886735352,4548000.0
1596,15963,3954.564730400531,4549000.0
1596,15964,3804.218030445707,4549000.0
1596,15965,3715.7431498992964,4548000.0
1597,15971,3049.091406503607,4009220.0
1597,15972,3342.838553962652,3832000.0
1597,15973,3624.29023112067,3799500.0
1597,15974,3246.9505750207863,3537730.0
1597,15975,3140.6068424801047,5750600.0
1598,15981,2581.371830405416,1000.0
1598,15982,2601.606122177599,1000.0
1598,15983,2601.375826682963,1000.0
1598,15984,2626.959551335023,1000.0
1598,15985,2606.9673263713794,1000.0
1599,15991,7935.170674560873,1164740.0
1599,15992,7965.830757154437,1163840.0
1599,15993,8576.183105021322,1164240.0
1599,15994,8183.182727642639,1163330.0
1599,15995,8710.242555272524,1165140.0
1600,16001,3540.1743639321094,5338770.0
1600,16002,3882.641773501058,5373760.0
1600,16003,4210.849473964354,5379760.0
1600,16004,3775.2181211962293,5378760.0
1600,16005,3649.3452296564633,5363770.0
1601,16011,4203.310604470995,1200600.0
1601,16012,4189.321969983902,967600.0
1601,16013,4522.067677909541,943600.0
1601,16014,4266.3095061526365,943600.0
1601,16015,4578.875757959048,986600.0
1602,16021,21293.527907624455,63775.0
1602,16022,20620.715759278257,63875.0
1602,16023,20324.922411239422,63775.0
1602,16024,20964.320563590692,63780.0
1602,16025,20287.389431587297,63790.0
1603,16031,16678.881201144366,375310.0
1603,16032,15177.89639592958,374320.0
1603,16033,15441.819253399963,375310.0
1603,16034,16156.25726671676,374310.0
1603,16035,15458.308166711886,375310.0
1604,16041,3426.9844941222627,21160.0
1604,16042,3443.507855250324,20805.0
1604,16043,3393.1030975034364,23910.0
1604,16044,3447.34984486586,19005.0
1604,16045,3400.420465301186,17605.0
1605,16051,5948.863937001387,2041080.0
1605,16052,7002.204494744537,2041080.0
1605,16053,5016.308783034102,2041480.0
1605,16054,6007.069162299109,2041680.0
1605,16055,5409.143796106859,2040180.0
1606,16061,48.34355802836918,34673000.0
1606,16062,47.3827568885785,30033800.0
1606,16063,47.489859219633914,30232100.0
1606,16064,48.05041408862397,31223600.0
1606,16065,49.164771444126345,36426000.0
1607,16071,186.5322003891785,1181900.0
1607,16072,190.77340120538474,1180900.0
1607,16073,197.66889400495376,1180800.0
1607,16074,194.93548871058204,1180900.0
1607,16075,200.04269335059888,1180900.0
1608,16081,108.19320000917746,455700.0
1608,16082,104.91514109150349,456700.0
1608,16083,108.19385737673406,456700.0
1608,16084,111.27757333917745,455700.0
1608,16085,104.09686280287053,455700.0
1609,16091,3380.0013642920617,2035400.0
1609,16092,3704.000839124702,2030400.0
1609,16093,4019.788525473381,2037400.0
1609,16094,3599.5962860356594,2034300.0
1609,16095,3482.795409207225,2034400.0
1610,16101,8995.012248466188,224000.0
1610,16102,9033.021216670011,221000.0
1610,16103,9724.32366453104,204100.0
1610,16104,9281.74591189645,214200.0
1610,16105,9873.735189444104,207500.0
1611,16111,14916.414905102962,30800.0
1611,16112,14861.183861552496,31900.0
1611,16113,14951.472835993744,29850.0
1611,16114,15059.906345685376,30600.0
1611,16115,14968.037531263893,31800.0
1612,16121,2582.0121568646364,424000.0
1612,16122,2455.559329222225,423000.0
1612,16123,2453.6878706398356,424000.0
1612,16124,2525.826540342823,424000.0
1612,16125,2428.701741253032,423000.0
1613,16131,9967.373217278624,262200.0
1613,16132,9253.504723450915,263200.0
1613,16133,9548.693216188854,262300.0
1613,16134,9497.090766715344,262300.0
1613,16135,9332.48310801911,263200.0
1614,16141,10025.622725745703,143530.0
1614,16142,9394.111299219547,225900.0
1614,16143,9553.129977105275,138830.0
1614,16144,9797.617555124614,174770.0
1614,16145,9418.559434460662,190170.0
1615,16151,138.24181624263116,37809000.0
1615,16152,140.17473758945195,37810000.0
1615,16153,141.90648588485706,37810000.0
1615,16154,142.23783546781823,37809000.0
1615,16155,140.2016742174264,37809000.0
1616,16161,578.7816809845544,700720.0
1616,16162,576.6928869966785,872430.0
1616,16163,622.2114583736895,533250.0
1616,16164,586.842417139233,490800.0
1616,16165,630.1858171731254,707310.0
1617,16171,905.9862696995011,6320000.0
1617,16172,985.222495984234,5220000.0
1617,16173,1071.325658013064,4720000.0
1617,16174,948.0767397662746,5535000.0
1617,16175,925.8031464247457,5426000.0
1618,16181,16487.560737129814,15060.0
1618,16182,16298.626771264684,14280.0
1618,16183,16404.00099959583,16060.0
1618,16184,16483.979006256883,15180.0
1618,16185,16254.484639852142,15300.0
1619,16191,15614.241540858997,252400.0
1619,16192,15721.898673792884,254300.0
1619,16193,15701.821560738632,248400.0
1619,16194,15742.644122018042,256300.0
1619,16195,15708.511927721163,254300.0
1620,16201,12720.407346010674,178700.0
1620,16202,12798.610258908204,179700.0
1620,16203,12792.248977477098,181700.0
1620,16204,12815.986287535434,176700.0
1620,16205,12797.987105523634,183700.0
1621,16211,3818.5892983770113,127350.0
1621,16212,3641.823545591399,127350.0
1621,16213,3765.157576137108,127350.0
1621,16214,3668.352615901422,126350.0
1621,16215,3716.0823248223983,126350.0
1622,16221,2997.106005852499,339900.0
1622,16222,3017.9285806486414,344500.0
1622,16223,3118.194791115822,350500.0
1622,16224,3118.970329224816,343000.0
1622,16225,3200.803093405124,345500.0
1623,16231,8071.987941951443,2054100.0
1623,16232,9499.854639256226,2054100.0
1623,16233,6805.837502913867,2054100.0
1623,16234,8149.246281311125,2054100.0
1623,16235,7340.691573289611,2054000.0
1624,16241,7228.872942494561,284100.0
1624,16242,7301.779053775717,289010.0
1624,16243,7319.760715912067,286811.0
1624,16244,7332.254697245502,264211.0
1624,16245,7328.206027021532,260420.0
1625,16251,7707.9929288009425,601860.0
1625,16252,7733.233595533781,600850.0
1625,16253,8332.3711930658,601860.0
1625,16254,7943.97527643686,601860.0
1625,16255,8459.698756510346,600850.0
1626,16261,2269.785139721241,197200.0
1626,16262,2183.062442749173,198200.0
1626,16263,2183.3941230370697,198200.0
1626,16264,2229.5409174168594,198200.0
1626,16265,2156.6898152476124,197200.0
1627,16271,3280.0084167833675,29100.0
1627,16272,3278.9285007476406,32400.0
1627,16273,3285.6149306280704,31600.0
1627,16274,3277.152968583,33500.0
1627,16275,3285.7809954549093,27400.0
1628,16281,670.8515459289027,68557000.0
1628,16282,663.8977183144427,68556000.0
1628,16283,619.9533487808426,68619000.0
1628,16284,683.3464983554418,68555000.0
1628,16285,663.8389657089776,68556000.0
1629,16291,10322.641462565301,243000.0
1629,16292,9900.060155204072,233680.0
1629,16293,9776.713616738181,246600.0
1629,16294,10132.551145527297,247600.0
1629,16295,9715.174366530964,244500.0
1630,16301,7828.4549270559655,1974510.0
1630,16302,7985.217548265064,2109510.0
1630,16303,7342.370300837433,1690810.0
1630,16304,7535.374932282168,1687510.0
1630,16305,7842.057050537207,4220410.0
1631,16311,9246.985186494796,31510.0
1631,16312,9002.328280489315,20510.0
1631,16313,9191.34474745483,11620.0
1631,16314,9088.269061047347,26520.0
1631,16315,9046.947031974989,23510.0
1632,16321,1336.9698580025286,-4030.0
1632,16322,1349.0796192908595,-4030.0
1632,16323,1316.073390970702,-4030.0
1632,16324,1336.1499338301323,-4030.0
1632,16325,1322.9614274795454,-4030.0
1633,16331,2097.0033937043004,22300.0
1633,16332,2100.78876289283,22300.0
1633,16333,2108.4225936019493,22200.0
1633,16334,2113.664541446084,23300.0
1633,16335,2103.9349613197287,22300.0
1634,16341,3353.9006130303796,11447300.0
1634,16342,3529.044131680884,11531300.0
1634,16343,3678.4378246465035,11533400.0
1634,16344,3538.3705955363484,11531400.0
1634,16345,3394.7966360452265,11414400.0
1635,16351,2461.6074744202765,14500.0
1635,16352,2466.0510023210436,14500.0
1635,16353,2475.012120261263,13500.0
1635,16354,2481.1654808291964,14500.0
1635,16355,2469.744227418777,13500.0
1636,16361,6427.501571916577,658130.0
1636,16362,6449.432459733,662330.0
1636,16363,6946.494306956818,660330.0
1636,16364,6622.638478176986,660340.0
1636,16365,7053.54457570985,652740.0
1637,16371,2581.846965285417,-241000.0
1637,16372,2577.2870166416096,-243670.0
1637,16373,2587.930593953878,-243180.0
1637,16374,2613.84053914854,-238540.0
1637,16375,2590.0111044628084,-243490.0
1638,16381,2129.2707592188317,-81770.0
1638,16382,2163.902210124812,-82780.0
1638,16383,2121.4802394244225,-83770.0
1638,16384,2163.667815048585,-82770.0
1638,16385,2131.508945879662,-82770.0
1639,16391,7667.1589906141135,828200.0
1639,16392,7695.645401197549,827200.0
1639,16393,8283.768705239978,827300.0
1639,16394,7901.314704898547,828300.0
1639,16395,8411.62882961836,827300.0
1640,16401,13370.538561644775,215700.0
1640,16402,12723.387913364286,215000.0
1640,16403,12728.893906184177,214900.0
1640,16404,13094.60327557217,213100.0
1640,16405,12606.761253435316,212700.0
1641,16411,2068.2500358207208,160.0
1641,16412,2061.7865944103637,350.0
1641,16413,2070.8677249297693,210.0
1641,16414,2054.407941334509,130.0
1641,16415,2068.5471849359096,200.0
1642,16421,1079.5241545744507,3747140.0
1642,16422,1171.5040972821366,4979500.0
1642,16423,1228.3443336332925,4916300.0
1642,16424,1172.1396802863437,3943920.0
1642,16425,1102.598691380253,4432150.0
1643,16431,6896.640960726824,434260.0
1643,16432,6680.376296985264,431700.0
1643,16433,6848.2405863031045,431860.0
1643,16434,6780.931592742399,434760.0
1643,16435,6748.708240282572,439960.0
1644,16441,11002.819422015384,921500.0
1644,16442,11037.908273520192,921500.0
1644,16443,11886.543456914103,920500.0
1644,16444,11330.18639092644,921500.0
1644,16445,12071.89047701009,921500.0
1645,16451,1816.7674277807305,393300.0
1645,16452,1858.6079694230916,385000.0
1645,16453,1837.1807443146063,264300.0
1645,16454,1835.373114762028,323100.0
1645,16455,1844.5793040525762,276000.0
1646,16461,5908.856373696306,448370.0
1646,16462,5927.741460012976,449380.0
1646,16463,9232.595668835082,434370.0
1646,16464,9611.52053084458,434370.0
1646,16465,9265.354928346565,444370.0
1647,16471,146.1245818121033,181980.0
1647,16472,139.02540041761912,410900.0
1647,16473,143.90941620649826,286350.0
1647,16474,145.28721390925327,390200.0
1647,16475,299.4649900768897,561380.0
1648,16481,8720.816119479543,1165300.0
1648,16482,8754.511795788523,1164300.0
1648,16483,9425.293914048922,1164300.0
1648,16484,8993.383351999766,1165300.0
1648,16485,9572.626323478657,1164300.0
1649,16491,1379.946416728069,-28500.0
1649,16492,1389.8152271392703,-28500.0
1649,16493,1390.3025180650861,-28500.0
1649,16494,1403.0444005747268,-28500.0
1649,16495,1393.1165883569518,-28500.0
1650,16501,1929.1726785429746,2315000.0
1650,16502,1968.6080301766729,2315000.0
1650,16503,1792.9791684398283,2315000.0
1650,16504,1853.0244044488118,2315000.0
1650,16505,1882.5531220901448,2315000.0
1651,16511,15804.835259302981,71681.0
1651,16512,14548.194327990528,71771.0
1651,16513,14616.631076590542,71761.0
1651,16514,15065.079841232338,71961.0
1651,16515,14583.04718361292,71781.0
1652,16521,4298.552888213962,-15400.0
1652,16522,4167.138380133645,-16400.0
1652,16523,4250.32836881836,-400.0
1652,16524,4207.419836273941,-400.0
1652,16525,4194.700326650977,-15400.0
1653,16531,3979.8007706591693,27960.0
1653,16532,3937.941748861865,30160.0
1653,16533,3920.8085854039355,29560.0
1653,16534,4018.8449256187982,29260.0
1653,16535,3929.6064816723933,30660.0
1654,16541,8993.398661105764,748200.0
1654,16542,8968.207064784552,1058600.0
1654,16543,9671.219204355337,997600.0
1654,16544,9132.078279138259,711500.0
1654,16545,9794.723620236766,827700.0
1655,16551,1582.218357253426,640.0
1655,16552,1593.4776524371916,640.0
1655,16553,1571.9833363068753,640.0
1655,16554,1604.9232246881254,540.0
1655,16555,1571.9298359736429,740.0
1656,16561,6622.977100780287,159900.0
1656,16562,6684.494908678319,196900.0
1656,16563,6641.640124550371,275900.0
1656,16564,6577.936864183734,212900.0
1656,16565,6673.114479726553,152900.0
1657,16571,3061.331810984163,97500.0
1657,16572,2938.4174382124,97180.0
1657,16573,2975.211406910119,97400.0
1657,16574,2963.1372732581426,97400.0
1657,16575,2944.2074004367796,97500.0
1658,16581,451.1412118556541,23657900.0
1658,16582,449.8680964498973,25970600.0
1658,16583,452.5525834533004,42044900.0
1658,16584,457.4412058970887,40033300.0
1658,16585,458.32628389733065,28657600.0
1659,16591,8810.987114307902,1183300.0
1659,16592,8838.532509927998,1317700.0
1659,16593,9521.548631423353,1318400.0
1659,16594,9074.4446596526,1116400.0
1659,16595,9665.177002918239,1318100.0
1660,16601,11964.35893059232,211900.0
1660,16602,11589.180916289082,212000.0
1660,16603,11880.393496509552,211900.0
1660,16604,11763.62520846859,211900.0
1660,16605,11707.723827351065,211900.0
1661,16611,514.2220859334512,4191330.0
1661,16612,550.7747065873498,4435010.0
1661,16613,577.8583173964986,4033700.0
1661,16614,550.2934891761226,4426000.0
1661,16615,517.6385309063456,3813600.0
1662,16621,1638.146291343583,300300.0
1662,16622,1490.16084497086,351000.0
1662,16623,1528.1737512445666,279770.0
1662,16624,1620.0417719480427,358000.0
1662,16625,1479.1566794852235,245610.0
1663,16631,7935.440973098387,14370.0
1663,16632,8051.646179915988,14370.0
1663,16633,7968.119724225692,13270.0
1663,16634,7966.472729412492,14370.0
1663,16635,7973.980330641995,14270.0
1664,16641,8915.516584635367,411300.0
1664,16642,8946.008660757976,412300.0
1664,16643,9637.079133694266,413300.0
1664,16644,9187.428069407257,411300.0
1664,16645,9782.436092258878,411300.0
1665,16651,7225.390393794214,1200000.0
1665,16652,7219.647205546018,623000.0
1665,16653,7826.056778118606,1150000.0
1665,16654,7387.678369892781,1416000.0
1665,16655,7932.255823069118,1221100.0
1666,16661,702.2345433331736,8016000.0
1666,16662,729.1480640165548,9032000.0
1666,16663,750.9192150077727,6537000.0
1666,16664,724.5300593348085,9098000.0
1666,16665,715.4823983861792,7190000.0
1667,16671,13270.593404548024,1049750.0
1667,16672,13916.530515290444,1049650.0
1667,16673,15087.66631696092,1049650.0
1667,16674,13731.080098863324,1049650.0
1667,16675,15323.510657882365,1049650.0
1668,16681,522.4471476682627,21251000.0
1668,16682,501.1513483454951,21251000.0
1668,16683,516.0106484519445,21250000.0
1668,16684,509.766985178256,21251000.0
1668,16685,520.5587976127093,21251000.0
1669,16691,2856.268941246853,21930.0
1669,16692,2668.0959133114693,21930.0
1669,16693,2779.1865098897356,21920.0
1669,16694,2669.1237681534635,19920.0
1669,16695,2716.1084643004515,20920.0
1670,16701,10692.321464302531,454200.0
1670,16702,9730.085936820693,456200.0
1670,16703,9899.278822111883,454200.0
1670,16704,10357.283217765045,455200.0
1670,16705,9909.849360962897,455200.0
1671,16711,2414.7221388812804,179780.0
1671,16712,2423.1133818520307,182880.0
1671,16713,2605.9883272156126,181890.0
1671,16714,2489.1210185445325,181890.0
1671,16715,2644.9729688433827,181880.0
1672,16721,4612.080558535195,1464200.0
1672,16722,5431.531756534003,1455200.0
1672,16723,3890.0976005984608,1468200.0
1672,16724,4663.607793046549,1456200.0
1672,16725,4196.439182171926,1443200.0
1673,16731,10002.570106995663,143840.0
1673,16732,9644.753650699498,143130.0
1673,16733,9550.293055116428,143250.0
1673,16734,9691.39384453331,143260.0
1673,16735,9488.817560064046,143280.0
1674,16741,502.4564308222374,5267000.0
1674,16742,539.2153507630662,5425500.0
1674,16743,567.0287613638349,5396200.0
1674,16744,540.288333411151,5618100.0
1674,16745,506.0879441970854,4972200.0
1675,16751,7373.516528135982,1259570.0
1675,16752,8683.605733161507,1257400.0
1675,16753,6219.2536730505135,1242990.0
1675,16754,7455.895166257449,1247960.0
1675,16755,6709.01413718791,1248740.0
1676,16761,2250.930564335657,583500.0
1676,16762,945.2049203674035,457500.0
1676,16763,958.7337701335771,417500.0
1676,16764,973.1472572333411,439500.0
1676,16765,919.0166684127537,477500.0
1677,16771,7380.070737900455,2312300.0
1677,16772,7676.7636778707065,2312380.0
1677,16773,7075.152206327695,2311390.0
1677,16774,7264.823242674467,2312390.0
1677,16775,7237.968073349259,2311400.0
1678,16781,2744.2605157055095,883800.0
1678,16782,2753.796915936216,876000.0
1678,16783,2961.628899497516,879600.0
1678,16784,2828.8126488826947,876700.0
1678,16785,3005.9337952929327,880100.0
1679,16791,1953.3456735146106,1511900.0
1679,16792,1944.7389645987373,1593600.0
1679,16793,1766.3323480980557,1444500.0
1679,16794,1822.5824651416704,1382500.0
1679,16795,1895.0995987836188,1573500.0
1680,16801,9871.650084271612,351800.0
1680,16802,9340.360237386954,351800.0
1680,16803,9271.742032702103,351800.0
1680,16804,9526.4069687714,351800.0
1680,16805,9219.913243190513,351800.0
1681,16811,6187.102891169869,13600.0
1681,16812,6198.271432298991,13600.0
1681,16813,6220.794665305143,13600.0
1681,16814,6236.260768392613,13600.0
1681,16815,6207.5541322897025,13600.0
1682,16821,10327.126143026848,61700.0
1682,16822,10352.615146958244,79150.0
1682,16823,10299.477801546545,77800.0
1682,16824,10241.733499767386,90700.0
1682,16825,10285.075214183615,98200.0
1683,16831,3135.9895375313,6892000.0
1683,16832,3347.7629281161658,7092000.0
1683,16833,3449.2268833028065,6591000.0
1683,16834,3314.787376344049,8042000.0
1683,16835,3163.1960209633025,7092000.0
1684,16841,8935.36062591104,184660.0
1684,16842,8947.767748113174,125000.0
1684,16843,8814.366498647862,125000.0
1684,16844,9285.934363209462,320000.0
1684,16845,8970.116868310794,128460.0
1685,16851,3671.624697015495,31600.0
1685,16852,3270.7665427980296,31600.0
1685,16853,3342.9617371957984,8200.0
1685,16854,3464.852189683904,4600.0
1685,16855,3365.5616346784054,128700.0
1686,16861,3773.8672783551942,6842000.0
1686,16862,4137.438782161653,6843000.0
1686,16863,4485.7921547759615,6843000.0
1686,16864,4018.758015378321,6843000.0
1686,16865,3887.136138894914,6843000.0
1687,16871,19516.62221747476,227100.0
1687,16872,19444.57404641068,227100.0
1687,16873,19163.94890097006,227100.0
1687,16874,19735.08030187406,227100.0
1687,16875,19138.201662901018,227000.0
1688,16881,2488.517290460718,229000.0
1688,16882,2481.2476459952672,221000.0
1688,16883,2676.361404293703,296000.0
1688,16884,2525.8036919373744,234000.0
1688,16885,2710.1265773878667,258000.0
1689,16891,14716.77856173994,93300.0
1689,16892,14266.86012046153,63320.0
1689,16893,14551.67425997891,58350.0
1689,16894,14404.770083553201,66200.0
1689,16895,14361.22282209032,58310.0
1690,16901,2065.2403263828082,3001000.0
1690,16902,2153.8651057620905,3018000.0
1690,16903,1953.094212929266,2069000.0
1690,16904,2018.9783747455488,2483000.0
1690,16905,2032.2175456646303,1855000.0
1691,16911,5619.108693444549,977600.0
1691,16912,5641.6380075750285,976500.0
1691,16913,6072.629950772831,977500.0
1691,16914,5794.07714139258,977500.0
1691,16915,6166.352194294891,977500.0
1692,16921,10046.740494400376,24300.0
1692,16922,10275.76743318879,29500.0
1692,16923,9972.731821148112,14700.0
1692,16924,10212.859244014684,13900.0
1692,16925,10017.824639295683,34800.0
1693,16931,4568.798953069582,393000.0
1693,16932,6651.110170329822,295500.0
1693,16933,4938.889946463426,494400.0
1693,16934,6772.7407241563005,251000.0
1693,16935,6621.297787699203,250000.0
1694,16941,3784.944046480882,4453000.0
1694,16942,4070.297173164083,4452000.0
1694,16943,4223.973160138712,4453000.0
1694,16944,4064.0928956508787,4453000.0
1694,16945,3863.193846302261,4453000.0
1695,16951,7302.9051291183805,-450.0
1695,16952,7144.515912343149,-660.0
1695,16953,7197.1060584348525,-620.0
1695,16954,7194.952655948189,-720.0
1695,16955,7113.3942564416675,-630.0
1696,16961,7363.721292681161,1994901.0
1696,16962,7659.756953725329,1542701.0
1696,16963,2391.496689326158,1290801.0
1696,16964,7248.729111079769,1992701.0
1696,16965,7221.933435373967,2068701.0
1697,16971,7515.719184438343,1174000.0
1697,16972,7535.262025484584,1174000.0
1697,16973,8121.040392915371,1174000.0
1697,16974,7734.535079611068,1174000.0
1697,16975,8244.825345144596,1173000.0
1698,16981,665.6362664701403,11989000.0
1698,16982,703.4559179597738,11989000.0
1698,16983,724.4810042294384,11988000.0
1698,16984,698.9777963896274,11989000.0
1698,16985,678.0099788417554,11987000.0
1699,16991,18442.86311505359,30400.0
1699,16992,17557.253822213053,30400.0
1699,16993,17797.868940594417,30400.0
1699,16994,17739.431082463,30400.0
1699,16995,17554.66056394099,30400.0
1700,17001,11717.0927147721,422700.0
1700,17002,11162.176382383122,425800.0
1700,17003,11275.155193798151,423300.0
1700,17004,11585.338160166473,426700.0
1700,17005,11266.056716635172,427500.0
1701,17011,9386.722971408773,162600.0
1701,17012,9541.576121587632,159300.0
1701,17013,9527.647824009193,157700.0
1701,17014,9479.30647491376,162600.0
1701,17015,9567.974883127168,159300.0
1702,17021,11778.507979897795,-18490.0
1702,17022,11874.670171660553,-17600.0
1702,17023,11871.188766212366,-17740.0
1702,17024,11820.145482377055,-18300.0
1702,17025,11882.351739842865,-17550.0
1703,17031,1371.4609335281477,17900.0
1703,17032,1370.2112657572804,15900.0
1703,17033,1378.3540595537718,18900.0
1703,17034,1373.865223344326,17900.0
1703,17035,1373.1122235243886,17900.0
1704,17041,532.8908713615095,2327500.0
1704,17042,580.436135258063,2378500.0
1704,17043,630.4558685213276,2307500.0
1704,17044,559.1449464163982,2426500.0
1704,17045,544.8840786892849,2390500.0
1705,17051,3979.387757545406,3450000.0
1705,17052,2187.602556817657,2934000.0
1705,17053,1983.686853220122,3190000.0
1705,17054,2050.6030033808324,3103000.0
1705,17055,2064.0495484199105,3151000.0
1706,17061,4388.7206054810395,6600.0
1706,17062,4293.535743147848,7300.0
1706,17063,4325.140077822508,5970.0
1706,17064,4323.845978871745,5980.0
1706,17065,4274.833014560163,5950.0
1707,17071,7329.0592826128295,484900.0
1707,17072,7447.18151049924,457900.0
1707,17073,7370.7965222529,480900.0
1707,17074,7393.171949065833,484900.0
1707,17075,7355.2747397772955,484900.0
1708,17081,7669.008161602219,346000.0
1708,17082,7645.891398236879,345000.0
1708,17083,8393.452387246187,345000.0
1708,17084,7839.431904347861,345000.0
1708,17085,8495.437458027505,344000.0
1709,17091,7738.040759297624,119000.0
1709,17092,7609.326695941786,120000.0
1709,17093,7525.245974074763,119000.0
1709,17094,7670.927231037347,119000.0
1709,17095,7423.758569784001,118000.0
1710,17101,755.4638073891755,1810060.0
1710,17102,804.5444652642948,1810060.0
1710,17103,729.0466638255865,1810060.0
1710,17104,756.4803542837324,1809060.0
1710,17105,743.1414300387293,1810060.0
1711,17111,12907.495916233976,355900.0
1711,17112,11920.409528435204,379500.0
1711,17113,12328.959721228664,386300.0
1711,17114,12199.516041642517,356500.0
1711,17115,12036.63966652585,406800.0
1712,17121,436.18594198138044,43298000.0
1712,17122,434.95503017834,43298000.0
1712,17123,437.5505268023347,43297000.0
1712,17124,442.27709207635223,43298000.0
1712,17125,443.132829861146,43297000.0
1713,17131,970.0726979479668,2476100.0
1713,17132,1133.926057883079,2478100.0
1713,17133,813.866833045009,2347800.0
1713,17134,964.4287768759116,2361700.0
1713,17135,875.5242952720076,2480200.0
1714,17141,2059.030936393963,2088680.0
1714,17142,2101.7464180575157,2056670.0
1714,17143,1907.622319384912,2170690.0
1714,17144,1967.2414211268401,2231680.0
1714,17145,1999.5668807895254,2161690.0
1715,17151,2634.7316314004006,69510.0
1715,17152,2534.065260441287,69520.0
1715,17153,2534.450269811002,69520.0
1715,17154,2588.016757983137,69410.0
1715,17155,2503.4523206235413,69510.0
1716,17161,8531.692874096729,24780.0
1716,17162,8226.493302610452,12770.0
1716,17163,8145.9231309847255,10530.0
1716,17164,8266.275059211197,12370.0
1716,17165,8093.487603169412,11490.0
1717,17171,7280.814375048171,442900.0
1717,17172,7400.926265563941,442900.0
1717,17173,7390.122777537506,442900.0
1717,17174,7352.626796194997,442900.0
1717,17175,7421.402472551823,442900.0
1718,17181,14084.863688924112,-15360.0
1718,17182,14002.630675829196,-18760.0
1718,17183,14003.561219435156,-14970.0
1718,17184,13877.798524054582,-15860.0
1718,17185,13974.390921910395,-15560.0
1719,17191,8511.232216308297,96790.0
1719,17192,8117.240023828122,100700.0
1719,17193,8392.13855103919,99400.0
1719,17194,8176.370519476695,96340.0
1719,17195,8282.754999320052,101100.0
1720,17201,3232.6694343222343,-102899.0
1720,17202,3280.008078949778,-102899.0
1720,17203,3245.981813593808,-102899.0
1720,17204,3245.3108754809564,-102899.0
1720,17205,3248.3692553620476,-102899.0
1721,17211,3570.8520035530287,13814500.0
1721,17212,3899.7608974076225,13813500.0
1721,17213,4254.8485680065205,13814500.0
1721,17214,3777.7465363636534,13814500.0
1721,17215,3680.640510907342,13814500.0
1722,17221,10356.298279067021,52820.0
1722,17222,10066.98352609418,52020.0
1722,17223,10244.386121538577,54620.0
1722,17224,10199.39391516417,57520.0
1722,17225,10127.302923491323,50620.0
1723,17231,13490.86694002228,-75850.0
1723,17232,13798.406679761476,-136100.0
1723,17233,13391.487328912553,-77100.0
1723,17234,13713.932913363455,-72720.0
1723,17235,13452.038431025576,-197700.0
1724,17241,7110.714369091856,39860.0
1724,17242,6787.05734235212,41160.0
1724,17243,6804.145474192471,38760.0
1724,17244,6948.836845038348,43460.0
1724,17245,6702.873089172358,41760.0
1725,17251,6403.412243754605,657000.0
1725,17252,6420.107505203164,657000.0
1725,17253,6919.524018894028,657000.0
1725,17254,6589.005073511839,657000.0
1725,17255,7024.209831866776,656000.0
1726,17261,2045.6800567750465,290.0
1726,17262,2045.3423953705671,290.0
1726,17263,2050.38763656002,290.0
1726,17264,2045.3055246475546,290.0
1726,17265,2050.327328816148,290.0
1727,17271,947.291660208054,27502800.0
1727,17272,943.6211643109989,27741200.0
1727,17273,949.0500496394434,21948400.0
1727,17274,960.8794320513282,22295500.0
1727,17275,966.0179285511183,25519800.0
1728,17281,2109.2032139255853,28522000.0
1728,17282,2069.013070618954,39522000.0
1728,17283,2137.714402256156,39523000.0
1728,17284,2105.7345859646807,39523000.0
1728,17285,2079.1916227025336,30893000.0
1729,17291,4964.51910021648,81800.0
1729,17292,4812.74480491838,80500.0
1729,17293,4908.823252366228,81000.0
1729,17294,4859.266986590575,80600.0
1729,17295,4844.57686875075,80400.0
1730,17301,22057.24563519324,108480.0
1730,17302,21782.147060330266,100080.0
1730,17303,21647.386845788795,100780.0
1730,17304,22259.274805918616,99680.0
1730,17305,21455.8060808426,96780.0
1731,17311,12735.08081654317,200960.0
1731,17312,12066.835586694293,224290.0
1731,17313,12295.873890351178,233590.0
1731,17314,12132.566873302017,219910.0
1731,17315,12183.603364583261,211720.0
1732,17321,7611.589133273216,3276900.0
1732,17322,7981.237599557108,3279900.0
1732,17323,8189.527172191216,3277900.0
1732,17324,7876.736830901221,3279900.0
1732,17325,7842.057050537207,3279900.0
1733,17331,40.98690637370933,16185310.0
1733,17332,42.316376911768586,16265800.0
1733,17333,43.90513496505569,14451600.0
1733,17334,42.34980961910567,16040200.0
1733,17335,41.83194404555748,13168600.0
1734,17341,3894.649461529401,6523450.0
1734,17342,10770.512855402769,2129350.0
1734,17343,7713.460837489377,2308870.0
1734,17344,9247.33958202398,2265730.0
1734,17345,8318.714280334036,2121290.0
1735,17351,22381.32609150655,216600.0
1735,17352,20871.8891373627,215900.0
1735,17353,20631.44982988944,205600.0
1735,17354,21415.873747652604,216400.0
1735,17355,20479.326395364613,215200.0
1736,17361,2524.3051686149965,262100.0
1736,17362,2525.266205411009,260360.0
1736,17363,2547.9587667339783,259570.0
1736,17364,2596.9904500221082,260960.0
1736,17365,2563.184295086002,260301.0
1737,17371,1887.6048128283383,37000.0
1737,17372,1872.8437359180712,31000.0
1737,17373,1891.8811518724629,33000.0
1737,17374,1929.7877692982206,26000.0
1737,17375,1896.9467979964193,30000.0
1738,17381,11389.68417846458,78800.0
1738,17382,10626.445933965133,74400.0
1738,17383,10866.019145537393,76800.0
1738,17384,10668.975615026833,80800.0
1738,17385,10618.914822409262,72000.0
1739,17391,2981.1563955282777,449550.0
1739,17392,3001.868159444425,420900.0
1739,17393,3101.6007861870025,444100.0
1739,17394,3102.3721971377954,536100.0
1739,17395,3183.769474319017,432900.0
1740,17401,2105.1561422553937,-50990.0
1740,17402,2086.1817695741856,-51995.0
1740,17403,2083.9923839542325,-50995.0
1740,17404,2121.4628427561247,-51990.0
1740,17405,2079.6233198392533,-51990.0
1741,17411,907.2644543946044,15200.0
1741,17412,895.7821163768343,12100.0
1741,17413,909.5020240761944,9200.0
1741,17414,888.437112940241,28300.0
1741,17415,908.6803647882577,26800.0
1742,17421,1520.6875694473451,-910.0
1742,17422,1531.6198446495227,-910.0
1742,17423,1531.878314606218,-910.0
1742,17424,1547.6627136219959,-910.0
1742,17425,1535.5204688127712,-910.0
1743,17431,1162.1946842902203,2124520.0
1743,17432,1274.6224242904602,2124520.0
1743,17433,1382.3688812751063,2125520.0
1743,17434,1239.3565913564448,2124520.0
1743,17435,1198.0341053980778,2125520.0
1744,17441,7790.326337107712,926620.0
1744,17442,7820.953745878384,1108620.0
1744,17443,8419.715323758373,1058620.0
1744,17444,8033.996120494022,1136620.0
1744,17445,8549.09426185272,978620.0
1745,17451,4883.265049811025,1936700.0
1745,17452,5746.673597565759,1911300.0
1745,17453,4118.311207060976,1894300.0
1745,17454,4931.339988793985,1902500.0
1745,17455,4440.231516972049,1916300.0
1746,17461,3616.9079145095616,7602500.0
1746,17462,3739.1938343326583,7919300.0
1746,17463,3897.370418409454,7332600.0
1746,17464,3749.19816157297,6069800.0
1746,17465,3662.0028807464587,7452300.0
1747,17471,10013.43470746224,263550.0
1747,17472,9636.652500969143,264550.0
1747,17473,9649.641779648944,264550.0
1747,17474,9847.182204647386,263550.0
1747,17475,9537.284442149756,264550.0
1748,17481,7372.0384674456245,600.0
1748,17482,7343.542753304302,610.0
1748,17483,7403.866249625256,600.0
1748,17484,7258.430953201724,600.0
1748,17485,7383.965810655553,590.0
1749,17491,3603.834078006338,43100.0
1749,17492,3425.90421247353,48200.0
1749,17493,3383.1273123760525,42070.0
1749,17494,3511.2723923001263,44900.0
1749,17495,3348.8208587833565,46200.0
1750,17501,240.38497553751827,304200.0
1750,17502,249.74463861846334,301500.0
1750,17503,257.1146971436741,297900.0
1750,17504,256.9162420023594,305600.0
1750,17505,257.83374950057623,300000.0
1751,17511,2235.704150760142,11510.0
1751,17512,2204.8055769487373,11740.0
1751,17513,2214.970944628659,11810.0
1751,17514,2244.171723563752,11840.0
1751,17515,2194.7520350079694,11130.0
1752,17521,9001.537534412113,8800.0
1752,17522,8756.327672076257,8500.0
1752,17523,8945.410053083842,8600.0
1752,17524,8961.023326800723,11700.0
1752,17525,8889.365207384375,15200.0
1753,17531,9268.526482917407,-50.0
1753,17532,9777.934635317324,770.0
1753,17533,9325.92696129665,550.0
1753,17534,9803.710042398092,20.0
1753,17535,9153.270682830589,-370.0
1754,17541,9216.249398480759,11700.0
1754,17542,9262.357332215637,11700.0
1754,17543,9125.219299565058,11700.0
1754,17544,9261.349076606726,11700.0
1754,17545,9142.89010831693,11700.0
1755,17551,2919.8843882388373,752400.0
1755,17552,2930.4560264646957,1257800.0
1755,17553,3150.9576778812316,725000.0
1755,17554,3009.507068275033,850000.0
1755,17555,3197.4712372087215,757800.0
1756,17561,3281.998366956291,158800.0
1756,17562,3156.6015860630437,146680.0
1756,17563,3157.0811795471054,208770.0
1756,17564,3223.80718860598,223200.0
1756,17565,3118.4680557663837,168850.0
1757,17571,7920.942096825211,413000.0
1757,17572,7894.753221396791,507000.0
1757,17573,8666.87196179238,465000.0
1757,17574,8092.268446791194,833000.0
1757,17575,8772.191910519086,766000.0
1758,17581,14189.059989945858,69400.0
1758,17582,13261.635227016584,69500.0
1758,17583,13285.532506809852,72000.0
1758,17584,13830.798296890836,72500.0
1758,17585,13332.672468609318,68500.0
1759,17591,3546.2370902492853,374800.0
1759,17592,3292.9484465889172,292000.0
1759,17593,3457.436250889676,267800.0
1759,17594,3385.4477356455163,390800.0
1759,17595,3403.937703906083,293800.0
1760,17601,12257.737566017433,399800.0
1760,17602,11638.052997339495,401050.0
1760,17603,8642.02538718709,439650.0
1760,17604,11850.881050894066,420400.0
1760,17605,11585.887557263059,398960.0
1761,17611,672.0723471464061,15031890.0
1761,17612,710.2576793244227,15108400.0
1761,17613,731.4860585308958,14840400.0
1761,17614,705.736258503386,14964200.0
1761,17615,684.5657017537286,15111500.0
1762,17621,473.21198035846936,35905000.0
1762,17622,463.61988093422224,35906000.0
1762,17623,466.37287112603127,35906000.0
1762,17624,471.4398906566481,35906000.0
1762,17625,480.878819173501,35906000.0
1763,17631,2837.671441451729,33700.0
1763,17632,2807.825185931345,33700.0
1763,17633,2795.6089240006663,34700.0
1763,17634,2865.5106449368345,33700.0
1763,17635,2801.881986504176,33700.0
1764,17641,6644.285393379076,134730.0
1764,17642,6402.743373588743,124810.0
1764,17643,6332.462700055716,130690.0
1764,17644,6430.203431008078,131560.0
1764,17645,6287.963980073599,121750.0
1765,17651,3251.1130200066023,74810.0
1765,17652,3199.953868666965,62290.0
1765,17653,3241.331017191777,65570.0
1765,17654,3262.2787695259776,69660.0
1765,17655,3241.8001347207537,77500.0
1766,17661,3261.428494336697,49000.0
1766,17662,3307.8436821106748,48000.0
1766,17663,3280.004936904423,48000.0
1766,17664,3286.7289326519517,48000.0
1766,17665,3298.6439483749427,49000.0
1767,17671,448.75193123919814,12505000.0
1767,17672,453.4344295789093,13486000.0
1767,17673,483.31529327426506,12300000.0
1767,17674,455.18031503062923,15403000.0
1767,17675,448.7260197512002,14546000.0
1768,17681,48.02427689506332,468734000.0
1768,17682,47.604925711825324,468946000.0
1768,17683,47.97797909881298,466510000.0
1768,17684,48.95077597537472,475214000.0
1768,17685,48.30814325301393,484528000.0
1769,17691,54.494747088845806,89997900.0
1769,17692,54.80955592818704,90044900.0
1769,17693,55.24009946984059,94246900.0
1769,17694,56.473848227633866,216061800.0
1769,17695,55.00382247779278,191107900.0
1770,17701,639.0169052513008,1332000.0
1770,17702,688.1762831041667,1331000.0
1770,17703,628.6243360351102,1330000.0
1770,17704,643.753247841946,1330000.0
1770,17705,629.4749251561321,1330000.0
1771,17711,9903.440816914417,39700.0
1771,17712,9306.855202612178,39700.0
1771,17713,9494.586183099313,39700.0
1771,17714,9375.772840119944,39800.0
1771,17715,9377.050508252334,39700.0
1772,17721,7.331383193005602,664670000.0
1772,17722,7.3620767984549165,736876000.0
1772,17723,7.448248253348557,669440000.0
1772,17724,7.584971848658563,682681000.0
1772,17725,7.3721639070964216,708200000.0
1773,17731,3504.3167822586547,2200.0
1773,17732,3361.658026455698,2200.0
1773,17733,3376.2093201356975,2200.0
1773,17734,3529.861059394005,2200.0
1773,17735,3407.509117421248,2200.0
1774,17741,4189.45237981326,602350.0
1774,17742,4217.8106424429425,656100.0
1774,17743,3819.7211496206755,662100.0
1774,17744,3947.163937671799,747100.0
1774,17745,4121.617816613461,654100.0
1775,17751,2126.1444412050337,338600.0
1775,17752,2118.4914177169335,474000.0
1775,17753,2327.4680352073046,448500.0
1775,17754,2172.0446918813445,415500.0
1775,17755,2354.935011168012,455500.0
1776,17761,9772.537000876486,1319100.0
1776,17762,9804.631468650587,1352300.0
1776,17763,10562.188081835524,1356500.0
1776,17764,10066.178322214942,1335900.0
1776,17765,10724.523864042249,1335300.0
1777,17771,53.00600986657639,68616900.0
1777,17772,53.31221847081125,66325700.0
1777,17773,53.7310000311637,66412300.0
1777,17774,54.93104411471268,68334500.0
1777,17775,53.50117786956504,71994600.0
1778,17781,5871.738022564352,657430.0
1778,17782,5867.72134630373,666020.0
1778,17783,6361.511498482358,658330.0
1778,17784,5998.986144426921,680030.0
1778,17785,6443.913619646167,669930.0
1779,17791,11352.406849182727,348790.0
1779,17792,10681.463940675767,349390.0
1779,17793,11100.375979034266,349880.0
1779,17794,10721.79470922713,349080.0
1779,17795,10963.46028875417,347160.0
1780,17801,18333.114136997505,334800.0
1780,17802,17582.60552269465,334800.0
1780,17803,17363.54084082041,334700.0
1780,17804,17995.51183905527,335700.0
1780,17805,17254.246519008917,335800.0
1781,17811,2040.1681585932351,2138000.0
1781,17812,2082.492323824853,2288000.0
1781,17813,1890.1465955857907,2155000.0
1781,17814,1949.219526870073,2397000.0
1781,17815,1981.2488530691237,2111000.0
1782,17821,3900.2237182017752,13557480.0
1782,17822,4184.770280067742,13844490.0
1782,17823,4347.025471962676,13172480.0
1782,17824,4178.636457927498,12978490.0
1782,17825,3993.09085455683,11280480.0
1783,17831,2790.0507997875443,3176500.0
1783,17832,3059.738235692521,3284500.0
1783,17833,3317.267733101221,6975500.0
1783,17834,2972.8246540973532,3109500.0
1783,17835,2874.554193470386,3764500.0
1784,17841,9422.99580942231,449100.0
1784,17842,9050.10889213967,526800.0
1784,17843,9174.389126400765,457400.0
1784,17844,6169.7323405793995,559800.0
1784,17845,9084.179759068853,447000.0
1785,17851,8451.160704061658,157010.0
1785,17852,7950.007873805684,157010.0
1785,17853,8119.754691167235,157010.0
1785,17854,7966.314051083653,156010.0
1785,17855,7961.203361038924,156190.0
1786,17861,7018.719665631477,350100.0
1786,17862,6650.427857847108,348000.0
1786,17863,6776.6583599709065,348100.0
1786,17864,6686.654520292906,348100.0
1786,17865,6714.782400294671,348200.0
1787,17871,1917.2416413757778,7056540.0
1787,17872,2053.8312539951467,7070280.0
1787,17873,2136.065980299973,6568110.0
1787,17874,2051.1419319380066,4967920.0
1787,17875,1932.1647208473883,4887810.0
1788,17881,10809.215543728391,167050.0
1788,17882,10381.47312042029,166850.0
1788,17883,10524.03625714692,166050.0
1788,17884,10619.526353189598,166950.0
1788,17885,10808.611850082953,168350.0
1789,17891,56.79759668353707,104595400.0
1789,17892,56.017619809897006,106903400.0
1789,17893,56.32675546027125,98702400.0
1789,17894,57.555520201335284,106766200.0
1789,17895,57.31049146536715,101058300.0
1790,17901,6973.845141990731,52080.0
1790,17902,7101.647315276678,73530.0
1790,17903,7135.514240211565,73980.0
1790,17904,6986.070896618219,45180.0
1790,17905,7131.758992025718,122110.0
1791,17911,2745.7864266067163,-6500.0
1791,17912,2623.983039584463,-6500.0
1791,17913,2679.7046009344062,-7490.0
1791,17914,2676.8510700512606,-6490.0
1791,17915,2639.9400994627767,-7500.0
1792,17921,7485.621352632079,355500.0
1792,17922,7153.547972695609,354100.0
1792,17923,7175.558536038074,355900.0
1792,17924,7243.936299757077,355200.0
1792,17925,7073.887431912086,356900.0
1793,17931,3472.247622925169,1283720.0
1793,17932,3484.313803538427,1284720.0
1793,17933,3747.2786739501635,1285720.0
1793,17934,3579.229427953346,1285710.0
1793,17935,3803.336605851732,1282520.0
1794,17941,2827.5119446238537,-34250.0
1794,17942,2783.018532490997,-28950.0
1794,17943,2819.004479755343,-34600.0
1794,17944,2837.2228620673363,-34640.0
1794,17945,2819.412474004835,-34140.0
1795,17951,14684.596272938448,106800.0
1795,17952,13632.877791517656,100400.0
1795,17953,14067.769085922037,102800.0
1795,17954,13991.7449298385,105000.0
1795,17955,13749.233993537095,161900.0
1796,17961,3605.667299633038,215900.0
1796,17962,3354.907151078526,222900.0
1796,17963,3417.5880737159723,266000.0
1796,17964,3467.4694261447066,239200.0
1796,17965,3360.8366188055284,198900.0
1797,17971,44.198604353663924,793665000.0
1797,17972,44.67932087300996,809434000.0
1797,17973,45.134091696578324,800779000.0
1797,17974,46.072631602276196,755385000.0
1797,17975,44.47358346540138,758621000.0
1798,17981,5607.450442107029,8200.0
1798,17982,5459.088414043153,8800.0
1798,17983,5573.7096067751645,15800.0
1798,17984,5511.203634108498,9600.0
1798,17985,5486.145604327184,7800.0
1799,17991,16896.002637707883,252200.0
1799,17992,15986.66381616141,252200.0
1799,17993,15869.219077191461,252200.0
1799,17994,16305.095490438145,252200.0
1799,17995,15780.51056779116,252200.0
1800,18001,15829.424810364784,226000.0
1800,18002,15233.800453507376,203000.0
1800,18003,15254.33414810964,265000.0
1800,18004,15566.60974543192,164000.0
1800,18005,15076.71756820518,239000.0
1801,18011,9282.260673039627,1122000.0
1801,18012,9313.867248018725,1149000.0
1801,18013,10031.216870173517,1110000.0
1801,18014,9565.284810199919,1138000.0
1801,18015,10186.943208542525,1135000.0
1802,18021,1457.7975298699052,2777400.0
1802,18022,1587.0252818290016,2778400.0
1802,18023,1725.447754585266,2777400.0
1802,18024,1528.9681143146267,2777400.0
1802,18025,1490.946579879586,2777400.0
1803,18031,2863.8999956149046,3209000.0
1803,18032,3139.321788337179,3208000.0
1803,18033,3405.5677601018424,3209000.0
1803,18034,3049.85158965859,3209000.0
1803,18035,2950.248429216762,3208000.0
1804,18041,3445.837477847309,4801300.0
1804,18042,3625.7820171169615,5206100.0
1804,18043,3779.2708784669167,4294000.0
1804,18044,3635.364137279999,4481000.0
1804,18045,3487.854539489495,5210000.0
1805,18051,4590.429203875063,42040.0
1805,18052,4490.869580217222,47905.0
1805,18053,4523.926471712753,33301.0
1805,18054,4522.572895089792,49780.0
1805,18055,4471.307261441713,53245.0
1806,18061,8114.018320697176,804800.0
1806,18062,8141.156478762251,707000.0
1806,18063,8767.189008705192,756900.0
1806,18064,8356.134507364282,694700.0
1806,18065,8900.622930734298,752000.0
1807,18071,12489.281749926886,2315900.0
1807,18072,15222.86299863659,2009600.0
1807,18073,10296.941343485509,2256600.0
1807,18074,13056.377149239639,2319800.0
1807,18075,11356.17180202316,2672100.0
1808,18081,54.71947365295979,219294100.0
1808,18082,55.03558070749784,221465400.0
1808,18083,55.46789973350515,217766800.0
1808,18084,56.706736249919764,217808000.0
1808,18085,55.23064837751514,213717600.0
1809,18091,54.74268303722347,79328720.0
1809,18092,54.952460754416926,78905810.0
1809,18093,55.257324567432,80033000.0
1809,18094,56.45927383844323,78574450.0
1809,18095,55.22205916651188,76907600.0
1810,18101,8273.930108625378,4300.0
1810,18102,8085.07391654579,3950.0
1810,18103,7899.9469216894095,3900.0
1810,18104,8297.51812417338,3900.0
1810,18105,8015.395240689724,3900.0
1811,18111,15496.821834605242,-58780.0
1811,18112,15063.900817835642,-60780.0
1811,18113,15329.36018763337,-59780.0
1811,18114,15262.035339763814,-58780.0
1811,18115,15154.160766848863,-58780.0
1812,18121,2370.301223452706,229980.0
1812,18122,2258.739452359715,229980.0
1812,18123,2292.3441582207506,229650.0
1812,18124,2270.047697531945,229750.0
1812,18125,2244.656276167485,229900.0
1813,18131,53.04405656812561,170329000.0
1813,18132,53.247325032149845,173898500.0
1813,18133,53.54272913815886,164836000.0
1813,18134,54.707382779270745,162335800.0
1813,18135,53.508557997514686,160135500.0
1814,18141,12550.448806275443,196800.0
1814,18142,11969.477835665573,227200.0
1814,18143,12374.83628494772,217200.0
1814,18144,12056.670176288726,212200.0
1814,18145,12213.542052666151,221800.0
1815,18151,13270.593404548024,690550.0
1815,18152,15222.86299863659,1411040.0
1815,18153,15087.66631696092,611700.0
1815,18154,13731.080098863324,559390.0
1815,18155,15323.510657882365,1004960.0
1816,18161,5466.927153304015,1400.0
1816,18162,5446.681761040329,2200.0
1816,18163,5475.272871743184,1300.0
1816,18164,5426.28053152086,1100.0
1816,18165,5466.638953326519,1100.0
1817,18171,4747.467065027522,333980.0
1817,18172,4536.86231224151,333960.0
1817,18173,4550.821664395264,333950.0
1817,18174,4594.187627746066,333030.0
1817,18175,4486.3406820472355,334020.0
1818,18181,3126.093744778043,-1290.0
1818,18182,3123.3310833320475,-1290.0
1818,18183,3132.980032138717,-1290.0
1818,18184,3119.6201588751146,-1290.0
1818,18185,3131.391235849274,-1290.0
1819,18191,863.2137518785026,38117000.0
1819,18192,872.3795971623018,38250000.0
1819,18193,867.2767007190645,38260700.0
1819,18194,877.2663611693997,38257000.0
1819,18195,877.2184343319088,38173000.0
1820,18201,7480.234375760481,1279670.0
1820,18202,7451.115813179206,1532500.0
1820,18203,8040.776018648913,1614400.0
1820,18204,7346.7213501191245,1646400.0
1820,18205,6669.6800013438315,1809170.0
1821,18211,13270.593404548024,835700.0
1821,18212,13916.530515290444,830300.0
1821,18213,15087.66631696092,831700.0
1821,18214,13731.080098863324,837700.0
1821,18215,15323.510657882365,828500.0
1822,18221,2472.4027801328575,104770.0
1822,18222,2582.014499013666,109350.0
1822,18223,2466.142896697207,105250.0
1822,18224,2472.816158248862,105880.0
1822,18225,2465.628379193354,106300.0
1823,18231,9194.290680912443,4700.0
1823,18232,8970.491095520618,10250.0
1823,18233,9057.311290566284,9310.0
1823,18234,9002.730975383525,6960.0
1823,18235,8936.940493366852,10250.0
1824,18241,12927.051157272896,-65230.0
1824,18242,12958.36258295699,-65420.0
1824,18243,13027.76022271675,-58620.0
1824,18244,12809.532586534804,-64920.0
1824,18245,12847.319872079072,-60020.0
1825,18251,14551.289752162062,166100.0
1825,18252,13846.98928191454,167100.0
1825,18253,13852.981508519795,167100.0
1825,18254,14250.98664305571,167100.0
1825,18255,13720.063330979281,167100.0
1826,18261,9153.359412488968,-63000.0
1826,18262,9081.78010661052,-96900.0
1826,18263,9174.096204414122,-100300.0
1826,18264,9357.912695584102,-102200.0
1826,18265,9198.660498441099,-73000.0
1827,18271,2220.45458343417,457510.0
1827,18272,2227.5728231690155,457510.0
1827,18273,2395.7948858861987,457410.0
1827,18274,2286.297849256139,456410.0
1827,18275,2430.7942239652757,456510.0
1828,18281,14152.538843819711,85600.0
1828,18282,13481.068603879985,67650.0
1828,18283,13682.162670593196,82400.0
1828,18284,13628.369659171532,88000.0
1828,18285,13503.21476213295,77600.0
1829,18291,11629.169731599362,273170.0
1829,18292,11168.980070107991,258160.0
1829,18293,11322.357612424206,192160.0
1829,18294,11269.075307028435,273170.0
1829,18295,11211.027833094995,324160.0
1830,18301,3484.5579375404077,970000.0
1830,18302,4075.839996242294,971000.0
1830,18303,2924.55168204128,970000.0
1830,18304,3469.778606433317,971000.0
1830,18305,3146.5829593196922,970000.0
1831,18311,2750.9123513818313,3123000.0
1831,18312,2995.4750726335888,2874800.0
1831,18313,3253.698260562405,3282500.0
1831,18314,2884.7682354482304,2660000.0
1831,18315,2812.0777839132793,6014300.0
1832,18321,2879.004374882192,-2499.0
1832,18322,2851.9132858712737,-499.0
1832,18323,2859.6606386225894,-499.0
1832,18324,2889.9730589566775,-1499.0
1832,18325,2859.489224441522,-499.0
1833,18331,4022.365120669908,89320.0
1833,18332,4114.059533478696,89430.0
1833,18333,3992.734624482324,89330.0
1833,18334,4088.8732846570565,89430.0
1833,18335,4010.7882189800234,89430.0
1834,18341,1612.6754984727477,3361000.0
1834,18342,1759.927875580351,3354900.0
1834,18343,1920.8467533804155,3354100.0
1834,18344,1703.3730278590822,3352800.0
1834,18345,1661.8066180612473,3358000.0
1835,18351,6989.63830395556,145130.0
1835,18352,6666.072303015664,-24970.0
1835,18353,6769.281841193729,101130.0
1835,18354,6665.183928433151,129280.0
1835,18355,6685.594755615724,153420.0
1836,18361,10195.07933820777,220910.0
1836,18362,10286.043049302769,221920.0
1836,18363,10021.980523556776,222820.0
1836,18364,10187.270594568728,222820.0
1836,18365,10034.464944235968,221920.0
1837,18371,17906.169507418927,3530.0
1837,18372,17735.68451076628,4680.0
1837,18373,17240.32626345628,1000.0
1837,18374,18265.33477395165,4470.0
1837,18375,17479.880546774704,3770.0
1838,18381,1733.7695084775696,5664000.0
1838,18382,1843.7855469654176,6365000.0
1838,18383,1918.9866952601428,6367000.0
1838,18384,1843.6382090157263,6365000.0
1838,18385,1745.1022245387976,6367000.0
1839,18391,1008.5443643870458,640300.0
1839,18392,1005.5734726221004,661300.0
1839,18393,1084.627913036834,654300.0
1839,18394,1024.2121507242414,648300.0
1839,18395,1098.6931864124522,644400.0
1840,18401,8133.178795075182,1262010.0
1840,18402,8159.811779477391,1328960.0
1840,18403,8791.99881553085,1402550.0
1840,18404,8123.101953301169,1634850.0
1840,18405,8926.34998172956,965110.0
1841,18411,12489.281749926886,1421100.0
1841,18412,15222.86299863659,1431400.0
1841,18413,10296.941343485509,1416000.0
1841,18414,13056.377149239639,1429100.0
1841,18415,11356.17180202316,1445000.0
1842,18421,973.8642110791859,1473100.0
1842,18422,1139.1436440613734,1476100.0
1842,18423,817.388159753162,1465000.0
1842,18424,969.2068957514464,1508100.0
1842,18425,879.1386849706444,1488100.0
1843,18431,11609.278479326866,1488600.0
1843,18432,13578.261199065397,1246600.0
1843,18433,9739.579103011802,1017600.0
1843,18434,11550.454966283196,937600.0
1843,18435,10477.672474150615,939600.0
1844,18441,12489.281749926886,1877000.0
1844,18442,15222.86299863659,1864000.0
1844,18443,10296.941343485509,1850200.0
1844,18444,13056.377149239639,1863000.0
1844,18445,11356.17180202316,1860000.0
1845,18451,6208.208520524679,5873600.0
1845,18452,6666.006180659648,5873600.0
1845,18453,6868.68128330684,5874600.0
1845,18454,6617.839061684479,5873600.0
1845,18455,6345.841939080908,5872600.0
1846,18461,6369.969726541176,5000.0
1846,18462,6279.90125748676,5930.0
1846,18463,6335.043005866565,6750.0
1846,18464,6329.461658896948,6250.0
1846,18465,6266.767456240825,6000.0
1847,18471,3388.8279432148183,0.0
1847,18472,3387.821554343648,0.0
1847,18473,3395.5929274294976,0.0
1847,18474,3383.908727510449,0.0
1847,18475,3395.0426912539724,0.0
1848,18481,6728.157837755512,173700.0
1848,18482,6288.3922583547155,173800.0
1848,18483,6299.723852586895,172800.0
1848,18484,6558.27757649763,172700.0
1848,18485,6322.076644362906,172700.0
1849,18491,53.3814605472101,201756000.0
1849,18492,53.689838079631876,216753000.0
1849,18493,54.11158594177287,219025000.0
1849,18494,55.32013014387621,228509000.0
1849,18495,53.88013591029276,220510000.0
1850,18501,52.670978968938094,311948000.0
1850,18502,52.872817774006094,330715000.0
1850,18503,53.16614419852183,289620000.0
1850,18504,54.322606418908705,357613000.0
1850,18505,53.1322133955882,311884000.0
1851,18511,8683.833233967034,291800.0
1851,18512,8373.1912288016,291800.0
1851,18513,8291.184299537399,291900.0
1851,18514,8413.682388665551,292900.0
1851,18515,8237.813721645918,291500.0
1852,18521,2845.4532043390764,9246900.0
1852,18522,3021.3654245884377,9913000.0
1852,18523,3122.3201635336386,9258900.0
1852,18524,3003.872743824539,10167000.0
1852,18525,2868.24917336859,9011400.0
1853,18531,238.56190110706316,457000.0
1853,18532,247.85058070660557,461500.0
1853,18533,255.1647448681265,456500.0
1853,18534,254.96779480629075,459500.0
1853,18535,255.87834394758033,457700.0
1854,18541,7297.294815226358,82330.0
1854,18542,7404.155121551749,82460.0
1854,18543,7327.345631807034,81790.0
1854,18544,7325.831083749552,82100.0
1854,18545,7332.734944506951,82790.0
1855,18551,7150.56662440763,872500.0
1855,18552,7128.654350400486,873500.0
1855,18553,7830.062943240528,872500.0
1855,18554,7312.38776543638,872500.0
1855,18555,7925.003879938173,873500.0
1856,18561,3723.7170512761304,4520000.0
1856,18562,3755.87613910273,4655400.0
1856,18563,3903.912567307153,4765900.0
1856,18564,3749.519903854557,4485300.0
1856,18565,3748.3030869139557,4852100.0
1857,18571,2396.2625775031584,19000.0
1857,18572,2435.2365076392607,19000.0
1857,18573,2387.495195073369,19000.0
1857,18574,2434.9727214828586,18900.0
1857,18575,2398.7814130780107,19000.0
1858,18581,5277.425203444865,1380600.0
1858,18582,6211.4435688273425,1423600.0
1858,18583,4452.205775885407,1426500.0
1858,18584,5333.076596910591,1291600.0
1858,18585,5860.434653789973,1120600.0
1859,18591,2322.212190075238,326000.0
1859,18592,2183.1892323289508,327500.0
1859,18593,2227.1410185449254,326000.0
1859,18594,2186.4762228502013,325000.0
1859,18595,2182.355674097567,326000.0
1860,18601,9998.603868731338,450700.0
1860,18602,10029.862057585746,450700.0
1860,18603,10804.940666394468,450700.0
1860,18604,10297.57237225489,449600.0
1860,18605,10967.928442027047,449800.0
1861,18611,55.73139865668575,72226000.0
1861,18612,56.053351466144065,69717000.0
1861,18613,56.493665350339825,69683000.0
1861,18614,57.75541162013474,69546000.0
1861,18615,56.25202651465993,69715000.0
1862,18621,2177.6594484881552,400.0
1862,18622,2188.5187930110783,400.0
1862,18623,2156.56256916635,400.0
1862,18624,2190.6333772995813,400.0
1862,18625,2161.5784193279774,400.0
1863,18631,9394.285476473467,549800.0
1863,18632,9431.951024530545,548800.0
1863,18633,10152.503263924618,548900.0
1863,18634,9686.80581004824,548800.0
1863,18635,10309.192439944467,549800.0
1864,18641,4016.132876821745,4026600.0
1864,18642,4400.735311202765,6109100.0
1864,18643,4773.299662848657,3325100.0
1864,18644,4273.478128126326,3584800.0
1864,18645,4136.917608259904,6403180.0
1865,18651,8189.942643454851,1403050.0
1865,18652,8219.10382074816,1388250.0
1865,18653,8852.24668595637,1382550.0
1865,18654,8440.367853663829,1381550.0
1865,18655,8986.36599309646,1378020.0
1866,18661,11457.325263785578,9700.0
1866,18662,11746.65777875973,9700.0
1866,18663,11614.46374817615,9700.0
1866,18664,11672.170246151738,9700.0
1866,18665,11652.60196704499,9700.0
1867,18671,537.4370828854198,27557530.0
1867,18672,515.5302693123674,29481500.0
1867,18673,530.8159090915707,25397510.0
1867,18674,524.3931040455367,25624440.0
1867,18675,535.4945527178184,27065480.0
1868,18681,7019.027937631033,1580.0
1868,18682,6848.17674347023,13580.0
1868,18683,6914.456285386516,2580.0
1868,18684,6872.789040961907,9280.0
1868,18685,6822.563825408966,10670.0
1869,18691,800.4837061539793,10556200.0
1869,18692,841.5669157596667,10564200.0
1869,18693,878.2170012848394,11182200.0
1869,18694,848.1428601908365,10549900.0
1869,18695,819.6966800679586,10557200.0
1870,18701,21387.49370898281,188850.0
1870,18702,21274.332838286195,193340.0
1870,18703,20655.225386402588,188470.0
1870,18704,21195.17812474555,192690.0
1870,18705,20663.61847930878,186660.0
1871,18711,5081.8108136894525,2763450.0
1871,18712,5985.1245928194185,2703000.0
1871,18713,4286.334808193378,2548950.0
1871,18714,5138.70419111574,2605280.0
1871,18715,4622.6713702764955,2527790.0
1872,18721,14574.884461319885,98700.0
1872,18722,13810.099599945188,97000.0
1872,18723,14072.226465184965,96580.0
1872,18724,13885.326912720227,96750.0
1872,18725,13943.736511720886,97200.0
1873,18731,52.270068614195,78510300.0
1873,18732,52.47037110327786,279048000.0
1873,18733,52.76146484476381,84172000.0
1873,18734,53.909124538824074,71262700.0
1873,18735,52.72779230948547,655776400.0
1874,18741,4547.062574995853,337500.0
1874,18742,4305.869888511693,354500.0
1874,18743,4382.358409677942,335500.0
1874,18744,4326.968310295328,442500.0
1874,18745,4339.765388091911,437500.0
1875,18751,2648.0680135590287,86700.0
1875,18752,2530.599426056619,103500.0
1875,18753,2584.337940766484,99700.0
1875,18754,2581.5859627596956,84000.0
1875,18755,2545.98859815127,93500.0
1876,18761,2982.7703700778584,2601.0
1876,18762,2899.443350177507,2501.0
1876,18763,2950.5379779110513,2501.0
1876,18764,2937.579542721013,2501.0
1876,18765,2916.8162479493703,2501.0
1877,18771,3773.461377044773,8469600.0
1877,18772,4057.9488064848897,6004300.0
1877,18773,4211.158575059186,7708300.0
1877,18774,4051.7633513550295,6681400.0
1877,18775,3851.473784562923,6389000.0
1878,18781,7419.69319530129,-26350.0
1878,18782,7329.946073459297,-26250.0
1878,18783,7366.767116100044,-26350.0
1878,18784,7402.206179534796,-26250.0
1878,18785,7353.964043890778,-26350.0
1879,18791,7681.674500555184,40600.0
1879,18792,7806.612830821505,40600.0
1879,18793,7653.568992135607,40600.0
1879,18794,7805.767214230793,40600.0
1879,18795,7689.749106062979,40600.0
1880,18801,3454.3093588418606,7950.0
1880,18802,3445.3209419697073,62360.0
1880,18803,3359.0207051953344,20160.0
1880,18804,3319.144728353095,32970.0
1880,18805,3289.7449283804117,27170.0
1881,18811,21077.803894703422,64561.0
1881,18812,20696.80362652064,64340.0
1881,18813,20182.520894458336,65700.0
1881,18814,20548.652718393416,61500.0
1881,18815,20212.012151764862,66340.0
1882,18821,2929.7662817754035,-85420.0
1882,18822,3004.723884631873,-67710.0
1882,18823,2958.6282390644724,-79210.0
1882,18824,3015.1831337864364,-58270.0
1882,18825,2973.2919981579557,-52420.0
1883,18831,2984.413740245894,850.0
1883,18832,2983.5274512912833,860.0
1883,18833,2990.371408260069,860.0
1883,18834,2980.0815713705906,860.0
1883,18835,2989.886835885746,850.0
1884,18841,121.11856044324456,5069524.0
1884,18842,129.61737429641437,6983524.0
1884,18843,136.149940699048,5144782.0
1884,18844,130.17204716510568,5497524.0
1884,18845,123.34560406169092,7552382.0
1885,18851,3159.110359776815,405550.0
1885,18852,2915.7632573378683,417150.0
1885,18853,3012.0938728953834,405950.0
1885,18854,2982.408985251444,404850.0
1885,18855,2938.9306289104234,412050.0
1886,18861,2844.2321848189235,13000.0
1886,18862,2898.3731499475957,14000.0
1886,18863,2882.9798907923123,14000.0
1886,18864,2926.060478295216,13000.0
1886,18865,2897.861741741618,14000.0
1887,18871,810.0755987044865,4249120.0
1887,18872,829.3067358031856,3621110.0
1887,18873,861.0493333035732,6503110.0
1887,18874,829.7678026575353,5700110.0
1887,18875,824.2354987619447,3359110.0
1888,18881,5627.414960544111,39490.0
1888,18882,5455.374744211914,39490.0
1888,18883,5564.282229839332,39480.0
1888,18884,5508.108879352583,39490.0
1888,18885,5491.45723853195,39380.0
1889,18891,1749.8282846173315,64100.0
1889,18892,1751.356204788163,66100.0
1889,18893,1745.3978895449236,72100.0
1889,18894,1750.1208505072584,65100.0
1889,18895,1745.033742857981,68100.0
1890,18901,1846.3956491520755,7312000.0
1890,18902,1929.2008303878029,6271000.0
1890,18903,2007.827382376834,6169600.0
1890,18904,1929.1096903754308,5701000.0
1890,18905,1858.9680896070706,7227900.0
1891,18911,3798.39229730624,419170.0
1891,18912,3808.5709368650787,419210.0
1891,18913,4097.940585052268,419400.0
1891,18914,3908.039170611548,419460.0
1891,18915,4158.452902721116,419460.0
1892,18921,2445.8342614730796,273000.0
1892,18922,2397.1580854282734,176800.0
1892,18923,2436.5547674250915,85040.0
1892,18924,1686.6315843867226,696140.0
1892,18925,2416.630078992537,151620.0
1893,18931,9809.085995505266,449800.0
1893,18932,9044.79813434425,449800.0
1893,18933,9108.008345129387,449800.0
1893,18934,9400.123976087118,449800.0
1893,18935,9146.805679168941,449800.0
1894,18941,414.91101757963736,4901300.0
1894,18942,451.7976044916633,4901400.0
1894,18943,490.74455444169905,4900300.0
1894,18944,435.10005814980076,4901300.0
1894,18945,424.1363976029499,4900300.0
1895,18951,6936.918738542632,1031000.0
1895,18952,6956.034766113899,989600.0
1895,18953,7496.879342699656,627200.0
1895,18954,7139.481044144188,654500.0
1895,18955,7608.352752947842,952000.0
1896,18961,2862.9290150327106,19600.0
1896,18962,2880.8346680407944,19600.0
1896,18963,2836.8533039275776,19600.0
1896,18964,2934.8528169630545,19600.0
1896,18965,2849.8752881370247,19600.0
1897,18971,450.92932581458706,4961320.0
1897,18972,481.7093391358979,4805860.0
1897,18973,500.4334919662134,4934850.0
1897,18974,482.1777809922302,4938960.0
1897,18975,459.47424019557786,4966860.0
1898,18981,982.9251563890115,13714000.0
1898,18982,1077.935098549647,13266000.0
1898,18983,1168.661841422753,13872000.0
1898,18984,1047.3157471786024,12925000.0
1898,18985,1012.6954069727763,13931000.0
1899,18991,3867.8241641165746,329990.0
1899,18992,3712.528622673446,329990.0
1899,18993,3759.01577598109,328990.0
1899,18994,3743.7607730009067,328000.0
1899,18995,3719.84392110677,328000.0
1900,19001,13838.401065103146,206101.0
1900,19002,13138.806743635965,206301.0
1900,19003,13224.631235235167,206401.0
1900,19004,13379.079465019604,206301.0
1900,19005,13079.914449880502,206301.0
1901,19011,91.84721603713896,38544300.0
1901,19012,91.5282905661536,35808500.0
1901,19013,91.71832657174448,34614600.0
1901,19014,92.94779856322332,38091400.0
1901,19015,93.73525522434932,38006200.0
1902,19021,1293.8908020829667,247800.0
1902,19022,1230.670743681152,247800.0
1902,19023,1273.9841808480805,247900.0
1902,19024,1299.6408094349317,247800.0
1902,19025,1250.1873132655387,247800.0
1903,19031,2317.992978238544,3903000.0
1903,19032,2541.8537685183082,4328000.0
1903,19033,2756.213799081372,4541000.0
1903,19034,2470.1790054654566,4512000.0
1903,19035,2388.218553230053,4199000.0
1904,19041,1840.47497104289,2353380.0
1904,19042,1911.5446149891031,2493580.0
1904,19043,1741.0572624619824,2455600.0
1904,19044,1799.2525920350931,2840310.0
1904,19045,1795.5123539385338,2807160.0
1905,19051,9449.4063935774,390700.0
1905,19052,9515.4598786309,455300.0
1905,19053,9506.675013702417,465100.0
1905,19054,9529.838460567007,360700.0
1905,19055,9508.632778135458,393700.0
1906,19061,10075.626169246385,2360.0
1906,19062,10157.885679319352,2410.0
1906,19063,10154.907599251883,560.0
1906,19064,10111.24391559576,720.0
1906,19065,10164.456682160346,660.0
1907,19071,7809.173545030831,18900.0
1907,19072,7808.825459324088,18190.0
1907,19073,7826.302380754632,17710.0
1907,19074,7811.103702300624,18730.0
1907,19075,7827.264170458131,18210.0
1908,19081,9618.547399912679,-2900.0
1908,19082,9697.07522373622,-3900.0
1908,19083,9694.232243676364,200.0
1908,19084,9652.549354310828,-11900.0
1908,19085,9703.348134345384,1000.0
1909,19091,15459.260794117223,157300.0
1909,19092,14773.464820558289,158400.0
1909,19093,14818.920905351706,158300.0
1909,19094,14960.1342571971,155400.0
1909,19095,14608.950344476767,157700.0
1910,19101,7888.79706442653,2964000.0
1910,19102,3683.3453209813097,3436000.0
1910,19103,6651.6611929684905,2759000.0
1910,19104,7971.404236814344,2821000.0
1910,19105,3460.5139708521565,4790000.0
1911,19111,5003.090328708932,1000.0
1911,19112,4956.011843310569,1000.0
1911,19113,4969.475075934102,1000.0
1911,19114,5022.151542262652,1000.0
1911,19115,4969.177194958655,1000.0
1912,19121,8251.328165262672,44000.0
1912,19122,8532.395307726529,44000.0
1912,19123,8437.794119189963,41000.0
1912,19124,8174.749153532795,44900.0
1912,19125,8558.801097385334,42000.0
1913,19131,59.18400183129747,62042000.0
1913,19132,59.84587937692267,63071000.0
1913,19133,60.134722229507545,60416000.0
1913,19134,61.411266918180516,55222000.0
1913,19135,59.776244826359076,62316000.0
1914,19141,11108.841871423776,12410.0
1914,19142,11120.541947904476,12410.0
1914,19143,11105.170815573498,12410.0
1914,19144,11116.721173791595,12410.0
1914,19145,11107.493599559311,12410.0
1915,19151,1756.0814549801496,-2280.0
1915,19152,1763.3485166275445,-2840.0
1915,19153,1743.491357755574,-2870.0
1915,19154,1750.7614174320483,-2080.0
1915,19155,1745.3835842039546,-2960.0
1916,19161,100.0365151231645,27144000.0
1916,19162,97.94483412766155,27100000.0
1916,19163,98.14533941527137,25970000.0
1916,19164,99.46710556503496,25523000.0
1916,19165,102.12055793305281,26228000.0
1917,19171,11225.731179308552,2287000.0
1917,19172,13222.179761816486,2288000.0
1917,19173,9467.817173805623,2288000.0
1917,19174,11349.863443785564,2287000.0
1917,19175,10211.407397390842,2287000.0
1918,19181,82.12558634355084,15086000.0
1918,19182,86.20837513732951,14558200.0
1918,19183,89.4286168987785,15342000.0
1918,19184,86.39714533469618,14530900.0
1918,19185,84.11296591045851,16679000.0
1919,19191,7309.4725787781545,-28300.0
1919,19192,7174.9442636857175,-26200.0
1919,19193,7284.44015014107,-37000.0
1919,19194,7289.517861063769,-33000.0
1919,19195,7273.2685774134325,-21500.0
1920,19201,3346.5803051415523,11620.0
1920,19202,3401.010645218617,10530.0
1920,19203,3334.3359252298346,10880.0
1920,19204,3400.6422458770458,13960.0
1920,19205,3350.0980688481804,12130.0
1921,19211,7731.42478696374,10190.0
1921,19212,7815.73759520205,9090.0
1921,19213,7795.512014293459,10280.0
1921,19214,7806.714839462606,9190.0
1921,19215,7815.958484407965,9190.0
1922,19221,22938.666879054494,12800.0
1922,19222,22614.324582836467,19000.0
1922,19223,22812.893532378363,14800.0
1922,19224,22792.794746297965,21800.0
1922,19225,22567.028927665473,18000.0
1923,19231,5408.36398693801,449990.0
1923,19232,5426.074266932446,452390.0
1923,19233,5846.463106886505,452500.0
1923,19234,5573.942554834505,450800.0
1923,19235,5935.803330085853,450490.0
1924,19241,2098.5701896793207,0.0
1924,19242,2132.702312229718,0.0
1924,19243,2090.8919963204585,0.0
1924,19244,2132.4712967435707,0.0
1924,19245,2100.7761053830977,0.0
1925,19251,8019.379052895664,1909000.0
1925,19252,9437.873954100014,2119000.0
1925,19253,4059.177685082874,3477000.0
1925,19254,8097.164624879054,1979000.0
1925,19255,7293.267037374928,3103000.0
1926,19261,1515.650127439595,2135420.0
1926,19262,1784.1265709798513,2152320.0
1926,19263,1276.008163364758,2246320.0
1926,19264,1530.653024277522,2269420.0
1926,19265,1375.4069030494531,2133420.0
1927,19271,7344.516079719014,2578000.0
1927,19272,8643.09764301075,2579000.0
1927,19273,6194.012115462968,2577000.0
1927,19274,7416.821629139379,2577000.0
1927,19275,6678.185894361473,2578000.0
1928,19281,13169.257886934778,16410.0
1928,19282,13276.774450531622,15110.0
1928,19283,13272.88197737336,21010.0
1928,19284,13215.811746630172,14540.0
1928,19285,13285.363021557903,14470.0
1929,19291,10454.383579508061,870700.0
1929,19292,10494.77745093922,875300.0
1929,19293,11298.900994709993,931300.0
1929,19294,10781.133090211128,662800.0
1929,19295,11475.52087761649,637800.0
1930,19301,11864.858101170305,1104400.0
1930,19302,11902.77895339699,1104300.0
1930,19303,12818.51686276481,1100300.0
1930,19304,12216.317990182655,1104300.0
1930,19305,13016.941380342574,1103400.0
1931,19311,8367.273198772233,1645200.0
1931,19312,9848.831410780469,1646200.0
1931,19313,7055.603638197179,1646000.0
1931,19314,8449.140766566634,1645700.0
1931,19315,7608.139031716341,1646000.0
1932,19321,501.34778821690924,23239500.0
1932,19322,490.4249922067578,23239500.0
1932,19323,506.1397417004852,23239500.0
1932,19324,500.2696577651509,23239500.0
1932,19325,499.68991981580695,23239500.0
1933,19331,12321.012741414022,-21050.0
1933,19332,12440.49205665314,-22050.0
1933,19333,12478.082199825541,-21050.0
1933,19334,12339.289321344266,-21950.0
1933,19335,12435.726609489644,-22050.0
1934,19341,13590.727314247637,37290.0
1934,19342,13517.639410575468,37590.0
1934,19343,13583.640074569208,36880.0
1934,19344,13408.69946181765,38180.0
1934,19345,13606.05266901424,37690.0
1935,19351,7276.935411417891,395340.0
1935,19352,7305.544440847334,395340.0
1935,19353,7864.846983581252,395340.0
1935,19354,7504.547092711681,395340.0
1935,19355,7985.699709817614,395340.0
1936,19361,14723.468143221286,337500.0
1936,19362,14863.790218167935,341400.0
1936,19363,14499.52576748746,340500.0
1936,19364,14729.077862888047,343990.0
1936,19365,14526.21464534832,343900.0
1937,19371,2487.277643096213,3800.0
1937,19372,2434.306484842858,3800.0
1937,19373,2443.0150988975533,3800.0
1937,19374,2460.119449843331,3800.0
1937,19375,2409.681886066079,3800.0
1938,19381,8232.313805283111,6501.0
1938,19382,8375.576176831843,3201.0
1938,19383,8269.664331198514,6201.0
1938,19384,8315.591838356848,8701.0
1938,19385,8289.657669512559,6801.0
1939,19391,1760.6742495642252,1537100.0
1939,19392,2073.5019646875035,1606000.0
1939,19393,1485.0552991729623,1525500.0
1939,19394,1780.3449109509845,1518300.0
1939,19395,1602.0020279652456,1557600.0
1940,19401,47.327263762188934,53815000.0
1940,19402,56.20600193753686,54305000.0
1940,19403,56.516177182805414,57605000.0
1940,19404,57.749074147214095,57605000.0
1940,19405,57.503221402036516,55205000.0
1941,19411,2766.2308221941394,6386000.0
1941,19412,2931.565802796038,6235700.0
1941,19413,3022.583907949559,6132500.0
1941,19414,2906.2633592794905,6342800.0
1941,19415,2786.7764567057666,6298500.0
1942,19421,2989.459441698084,11128000.0
1942,19422,3112.7018452601583,7587000.0
1942,19423,3209.2504980029726,7248000.0
1942,19424,3085.9368272079273,13098000.0
1942,19425,3012.479068208971,11978000.0
1943,19431,3674.4105859900164,5828800.0
1943,19432,3959.0858088452123,5803700.0
1943,19433,4117.991123246351,5832800.0
1943,19434,3964.3809300704515,5843800.0
1943,19435,3752.5495296622184,5850800.0
1944,19441,10041.60328212844,284000.0
1944,19442,9533.954414202604,283000.0
1944,19443,9596.231514893292,252800.0
1944,19444,9708.304278489752,160000.0
1944,19445,9491.220210483198,164800.0
1945,19451,13111.059419378382,79800.0
1945,19452,12869.754904756248,79600.0
1945,19453,13302.202446156687,98900.0
1945,19454,13075.26648263356,72150.0
1945,19455,13325.488417096447,111400.0
1946,19461,52.43803852391211,154082550.0
1946,19462,52.638984685213146,152661340.0
1946,19463,52.93101385668361,157327500.0
1946,19464,54.08236155614178,153156280.0
1946,19465,52.897233114684674,157173903.0
1947,19471,8042.57462265194,179500.0
1947,19472,8068.910913772011,179500.0
1947,19473,8694.055342665153,178500.0
1947,19474,8288.800281915188,178500.0
1947,19475,8826.90982761115,179500.0
1948,19481,2351.52822384441,408000.0
1948,19482,1182.0451053003849,440200.0
1948,19483,1275.3443391034407,439000.0
1948,19484,2200.000181604543,407700.0
1948,19485,1291.6893504592622,416000.0
1949,19491,9655.492268586037,2411200.0
1949,19492,11371.797642843838,2410200.0
1949,19493,8144.079761803487,2410200.0
1949,19494,9763.590264755721,2411200.0
1949,19495,8783.122652988692,2410200.0
1950,19501,1647.505409718609,9111000.0
1950,19502,1738.7336547460527,9109000.0
1950,19503,1816.8842517239664,9110000.0
1950,19504,1745.826604775407,9110000.0
1950,19505,1662.275198775245,9108000.0
1951,19511,3164.4601631538367,7780.0
1951,19512,3190.6044597347973,7700.0
1951,19513,3117.561003826081,7870.0
1951,19514,3210.1975792229678,7830.0
1951,19515,3118.0812437630025,7790.0
1952,19521,4483.134752925326,207910.0
1952,19522,4303.134109339435,207610.0
1952,19523,4357.016644768925,208010.0
1952,19524,4339.3348083889505,208310.0
1952,19525,4311.613157828431,207810.0
1953,19531,4264.730192485606,138500.0
1953,19532,3985.619771212753,138500.0
1953,19533,4098.313670977662,138500.0
1953,19534,4102.165235442137,138500.0
1953,19535,4045.5820759308504,138500.0
1954,19541,2124.0721806406227,90400.0
1954,19542,2124.826943792482,90400.0
1954,19543,2118.605134444598,90400.0
1954,19544,2122.5345442356065,90400.0
1954,19545,2118.2559577263255,90400.0
1955,19551,3699.0370878458198,17656000.0
1955,19552,3824.099755582635,17865000.0
1955,19553,3985.8680573360907,17795000.0
1955,19554,3834.3312512069556,17845000.0
1955,19555,3745.1560260461215,17627000.0
1956,19561,260.00057120430995,1122100.0
1956,19562,271.57603246243485,1118100.0
1956,19563,278.7501153109606,1117400.0
1956,19564,278.2335720954709,1121200.0
1956,19565,279.05693348159167,1117700.0
1957,19571,8436.921032102127,837610.0
1957,19572,8464.629138006778,985510.0
1957,19573,9118.650230197562,958610.0
1957,19574,8690.430293788473,865610.0
1957,19575,9258.799525620014,872610.0
1958,19581,7611.589133273216,8182000.0
1958,19582,7981.237599557108,8023000.0
1958,19583,1614.0266800481695,10768000.0
1958,19584,7876.736830901221,7646200.0
1958,19585,7842.057050537207,6678100.0
1959,19591,2825.1307284672816,343500.0
1959,19592,2834.337960307265,363800.0
1959,19593,3047.864032998882,358300.0
1959,19594,2910.089331668369,344600.0
1959,19595,3093.6686741510603,351400.0
1960,19601,12782.895879220952,204100.0
1960,19602,12094.923479831048,170100.0
1960,19603,12006.069097998468,345100.0
1960,19604,12335.837205059825,172100.0
1960,19605,11938.95549346256,167300.0
1961,19611,8677.075611030868,123050.0
1961,19612,8361.634860841183,124060.0
1961,19613,8269.85212091735,123050.0
1961,19614,8397.496203394034,123060.0
1961,19615,8211.739211098084,124060.0
1962,19621,15346.582323310527,33300.0
1962,19622,15527.807895997219,33300.0
1962,19623,15368.753020890998,33300.0
1962,19624,15527.58118468947,33300.0
1962,19625,15455.87455830042,33200.0
1963,19631,2507.745317097549,1424500.0
1963,19632,2553.531662946798,1382100.0
1963,19633,2659.6331922695967,1409500.0
1963,19634,2625.522002676706,1396500.0
1963,19635,2681.936918975334,1376200.0
1964,19641,3222.0830373355157,90000.0
1964,19642,3274.0132526781576,87750.0
1964,19643,3240.432029570919,90110.0
1964,19644,3250.268965036582,88390.0
1964,19645,3233.60816990553,89881.0
1965,19651,1820.5819285991172,6050.0
1965,19652,1843.2342799449586,7050.0
1965,19653,1844.5602381185267,7050.0
1965,19654,1834.5527651845612,6050.0
1965,19655,1841.3891150587456,7050.0
1966,19661,2145.5576380826446,8630.0
1966,19662,2144.6826623595944,7860.0
1966,19663,2149.286534527017,11160.0
1966,19664,2144.0987368410388,7990.0
1966,19665,2150.2465593169377,7930.0
1967,19671,13270.593404548024,783300.0
1967,19672,13916.530515290444,688300.0
1967,19673,15087.66631696092,638300.0
1967,19674,13731.080098863324,782300.0
1967,19675,15323.510657882365,811300.0
1968,19681,10331.188318882825,15670.0
1968,19682,9961.616383465389,15870.0
1968,19683,9864.052438274939,15970.0
1968,19684,10009.788865194787,15770.0
1968,19685,9800.557265575424,15770.0
1969,19691,687.8622942674549,9697500.0
1969,19692,735.3316124524574,9680500.0
1969,19693,766.5283326206403,9695500.0
1969,19694,739.6735867817445,9695500.0
1969,19695,692.7213834766337,9726500.0
1970,19701,1628.4158083916466,486320.0
1970,19702,1622.0791760841835,382800.0
1970,19703,1782.1341013974168,576300.0
1970,19704,1662.6060333546113,548970.0
1970,19705,1803.1680747674054,482900.0
1971,19711,8233.207078707888,5000.0
1971,19712,8067.56852532445,6300.0
1971,19713,8187.322247408582,6200.0
1971,19714,8261.298694214305,6200.0
1971,19715,8114.24646851533,5370.0
1972,19721,1516.2489293182439,3315000.0
1972,19722,1660.4506154852934,3318500.0
1972,19723,1798.8725767390285,3316000.0
1972,19724,1611.557162401119,3315000.0
1972,19725,1558.1188419970815,3317300.0
1973,19731,1763.4653285082338,5701500.0
1973,19732,1878.9989929496219,5701500.0
1973,19733,1960.1240822128589,5701400.0
1973,19734,1884.2338295728339,5701400.0
1973,19735,1776.0212154009919,5701500.0
1974,19741,9099.053290401494,53930.0
1974,19742,8988.99296542504,56930.0
1974,19743,9034.148017039368,51430.0
1974,19744,9077.608294744507,51330.0
1974,19745,9018.447120351791,59030.0
1975,19751,844.4717990861849,12774000.0
1975,19752,870.5913719712623,18358000.0
1975,19753,906.3990895554047,15141000.0
1975,19754,874.9151730167811,21222000.0
1975,19755,1001.2591127020256,22918000.0
1976,19761,2884.6486889756734,1.0
1976,19762,2877.142579286959,1.0
1976,19763,2888.578315135139,1.0
1976,19764,2771.7744690864556,1.0
1976,19765,2571.0239178803545,1.0
1977,19771,9732.289637662205,1444300.0
1977,19772,10064.912192293576,1440700.0
1977,19773,9174.328375281288,1434700.0
1977,19774,9534.709085034086,1438400.0
1977,19775,9537.816407738394,1439200.0
1978,19781,55.80002832000319,112077000.0
1978,19782,55.033750622012505,106225000.0
1978,19783,55.33745674784946,118762000.0
1978,19784,56.54463999773277,107132000.0
1978,19785,56.3039148402509,112371000.0
1979,19791,6428.304955032569,1850.0
1979,19792,6532.857899506647,2050.0
1979,19793,6404.7852421074485,2050.0
1979,19794,6532.150256749888,1950.0
1979,19795,6435.062078963291,1850.0
1980,19801,9172.37476401499,30001.0
1980,19802,9244.52222685069,30001.0
1980,19803,9215.987783652927,30001.0
1980,19804,8994.034378535856,30001.0
1980,19805,9224.35233997479,30001.0
1981,19811,11462.44556414503,597550.0
1981,19812,11492.330962468392,708900.0
1981,19813,12386.312855887782,634100.0
1981,19814,11794.66651560147,871500.0
1981,19815,12573.705981124835,710500.0
1982,19821,2268.805858144909,-33480.0
1982,19822,2272.9013535627814,-32380.0
1982,19823,2281.160605734206,-32480.0
1982,19824,2286.8320138075387,-33380.0
1982,19825,2276.305312489726,-32380.0
1983,19831,2760.7134853559915,66000.0
1983,19832,2783.252525108218,70000.0
1983,19833,2782.4365335594416,75000.0
1983,19834,2770.472719274857,69000.0
1983,19835,2785.0529746138586,61000.0
1984,19841,512.1598574870618,3253650.0
1984,19842,557.3996720733871,3343640.0
1984,19843,605.7091855559426,3533650.0
1984,19844,536.6707038142539,3825650.0
1984,19845,1085.4446008312245,2930650.0
1985,19851,9466.20506446739,91100.0
1985,19852,9361.672664326346,91100.0
1985,19853,9460.535809252231,91100.0
1985,19854,9221.915536166181,91100.0
1985,19855,9336.117381543494,91100.0
1986,19861,55.375300897305365,132639000.0
1986,19862,54.61485579764013,132355000.0
1986,19863,54.91625023432622,132941000.0
1986,19864,56.11424488976105,132850000.0
1986,19865,55.87535203557353,138094000.0
1987,19871,11181.39442355614,1936200.0
1987,19872,13169.296073380718,1936500.0
1987,19873,9435.27487694837,1935300.0
1987,19874,11309.550119654135,1851400.0
1987,19875,10176.054205243845,1935300.0
1988,19881,3260.6598595679147,180390.0
1988,19882,3223.7482116284964,170170.0
1988,19883,3225.9749341309894,177510.0
1988,19884,3307.5284171291496,177810.0
1988,19885,3228.476261453239,185220.0
1989,19891,2385.086665487724,8220.0
1989,19892,2369.794056097513,-4960.0
1989,19893,2349.9315915731595,-9940.0
1989,19894,2378.5014672325374,-14790.0
1989,19895,2351.517568778172,22930.0
1990,19901,12060.557660134535,274700.0
1990,19902,11120.843417370521,250600.0
1990,19903,11198.562217290593,216000.0
1990,19904,11557.726915429297,164500.0
1990,19905,11246.264672387624,392000.0
1991,19911,12809.731734225054,26000.0
1991,19912,13137.466676771412,27000.0
1991,19913,12935.924028981617,27000.0
1991,19914,13183.19734704529,26000.0
1991,19915,13000.037955533115,26000.0
1992,19921,10840.625244068375,2526000.0
1992,19922,11004.44902009411,801000.0
1992,19923,11857.02628503934,802000.0
1992,19924,4916.747944776101,2124000.0
1992,19925,9862.295121636567,1717000.0
1993,19931,1062.559032226359,39800.0
1993,19932,1047.8739234318627,38800.0
1993,19933,1052.7051991802796,39300.0
1993,19934,1066.58340010189,40100.0
1993,19935,1043.095794898444,38100.0
1994,19941,11712.503699655186,257720.0
1994,19942,11249.016345255774,257720.0
1994,19943,11403.492982305906,257720.0
1994,19944,11349.828858943914,257720.0
1994,19945,11291.365420117869,257720.0
1995,19951,18001.558840231326,137280.0
1995,19952,17264.623212191545,104900.0
1995,19953,17049.520326173,114800.0
1995,19954,17670.062096929014,114650.0
1995,19955,16942.202597701427,127000.0
1996,19961,1718.9179659593942,81900.0
1996,19962,1708.7817740682083,82100.0
1996,19963,1739.6337907843554,84200.0
1996,19964,1705.1361494059379,85500.0
1996,19965,1734.3099459772143,82900.0
1997,19971,1052.53748158288,1200900.0
1997,19972,1049.3105494038182,1108500.0
1997,19973,1132.0615872210374,1038100.0
1997,19974,1068.4289276712666,1177700.0
1997,19975,1146.5673396837065,937200.0
1998,19981,3021.0413629868444,-171600.0
1998,19982,3011.4117790966375,-172950.0
1998,19983,3025.780483187861,-173620.0
1998,19984,3001.253900334549,-172690.0
1998,19985,3020.8767551877713,-174960.0
1999,19991,6722.155134339885,9800.0
1999,19992,6758.533191385209,9700.0
1999,19993,6654.323625653546,9800.0
1999,19994,6766.298463265108,9700.0
1999,19995,6670.976315352562,9700.0
2000,20001,678.8450214088324,7117600.0
2000,20002,725.6920583639225,7142500.0
2000,20003,756.4798168250966,7132500.0
2000,20004,729.9771132085997,7128600.0
2000,20005,683.6404122097558,7128500.0
2001,20011,10147.370513702765,692830.0
2001,20012,10179.093785077177,692940.0
2001,20013,10965.704588353787,694030.0
2001,20014,10450.78729238606,692930.0
2001,20015,11131.117417010822,691830.0
2002,20021,12489.281749926886,1518000.0
2002,20022,15222.86299863659,1500000.0
2002,20023,10296.941343485509,1472000.0
2002,20024,13056.377149239639,1462580.0
2002,20025,11356.17180202316,1488000.0
2003,20031,4553.330942906736,2875000.0
2003,20032,4994.532773695012,2681000.0
2003,20033,5415.5914311863435,2744000.0
2003,20034,4855.09213781786,2872000.0
2003,20035,4692.523215184678,2764000.0
2004,20041,8900.263985751431,382800.0
2004,20042,8868.227625467913,382800.0
2004,20043,9743.025699609829,382800.0
2004,20044,9092.407256977069,381800.0
2004,20045,9858.005346431015,382800.0
2005,20051,4848.356594066777,7070.0
2005,20052,4919.355078290774,6870.0
2005,20053,4868.3224962833065,5780.0
2005,20054,4867.316223514087,5700.0
2005,20055,4871.903180691399,8970.0
2006,20061,426.8772484433176,8143500.0
2006,20062,439.01316573594795,8133500.0
2006,20063,467.95728610590214,8143500.0
2006,20064,440.68912646935826,8133500.0
2006,20065,426.73697630934856,8133500.0
2007,20071,880.4429351994943,14690000.0
2007,20072,930.6055836972513,14749000.0
2007,20073,968.2148252300851,14380000.0
2007,20074,934.0469695912373,14479000.0
2007,20075,902.169132985359,14290000.0
2008,20081,107.74199934975232,34941000.0
2008,20082,98.01277019512568,17203000.0
2008,20083,108.3009741663785,26780000.0
2008,20084,98.10660755637704,21537000.0
2008,20085,95.05283519907965,15651000.0
2009,20091,15416.923297020632,98040.0
2009,20092,14730.688873170215,98140.0
2009,20093,8901.108513403271,73130.0
2009,20094,8847.963669138091,71140.0
2009,20095,8947.430603266354,63830.0
2010,20101,2235.2109755178917,2884000.0
2010,20102,2432.5038115505727,2009300.0
2010,20103,2643.0274359577224,2061000.0
2010,20104,5215.287895119726,1672900.0
2010,20105,2283.9629852857383,2882000.0
2011,20111,2260.8046958580294,23070.0
2011,20112,2197.6465929841393,22970.0
2011,20113,2236.3740040754938,23070.0
2011,20114,2226.5520977623205,23060.0
2011,20115,2210.814461773941,23070.0
2012,20121,2199.177383868927,1489000.0
2012,20122,2190.6165713244673,1419000.0
2012,20123,2363.9757634159114,1493000.0
2012,20124,2228.812910844573,1411000.0
2012,20125,2393.503851407117,1509000.0
2013,20131,1797.34193159022,121800.0
2013,20132,1825.0934567094714,120400.0
2013,20133,1798.3738959986683,118900.0
2013,20134,1834.6303413022902,118300.0
2013,20135,1804.2277021439186,118700.0
2014,20141,13288.403543973056,17851.0
2014,20142,12881.03074307635,21009.0
2014,20143,12704.003412477337,21541.0
2014,20144,13013.856344122734,17831.0
2014,20145,12571.933454491063,23521.0
2015,20151,970.7750537662471,38385000.0
2015,20152,945.2946597383061,42115000.0
2015,20153,950.2748222840385,41515000.0
2015,20154,961.1371620934927,38554000.0
2015,20155,984.8012483147295,37716000.0
2016,20161,2269.808387851217,1187720.0
2016,20162,2294.4476639543645,1186710.0
2016,20163,2391.4995603027496,1191610.0
2016,20164,2362.038162135718,1192820.0
2016,20165,2424.4684862932404,1191710.0
2017,20171,7611.589133273216,4320000.0
2017,20172,7981.237599557108,4320000.0
2017,20173,8189.527172191216,4321000.0
2017,20174,7876.736830901221,4321000.0
2017,20175,7842.057050537207,4321000.0
2018,20181,43.766917364627666,255405000.0
2018,20182,44.15738939935821,265954400.0
2018,20183,44.50472007599311,266380000.0
2018,20184,45.404290142569224,264771100.0
2018,20185,44.01369348481484,263664100.0
2019,20191,541.9758341294413,3822000.0
2019,20192,570.3439132442094,3820000.0
2019,20193,598.3724189208483,3821000.0
2019,20194,569.8642153383649,3821000.0
2019,20195,545.7244956391282,3821000.0
2020,20201,13054.374578991277,74800.0
2020,20202,12555.600245261707,74700.0
2020,20203,12557.507861380476,74700.0
2020,20204,12822.915158710592,74600.0
2020,20205,12403.921501748624,75800.0
2021,20211,2042.8121245738791,1612100.0
2021,20212,2361.236509745263,1968200.0
2021,20213,1693.9539891665063,1744700.0
2021,20214,2009.0339039209364,1867300.0
2021,20215,1822.2058145405222,1713300.0
2022,20221,9848.56720610644,372350.0
2022,20222,8795.70406387434,362240.0
2022,20223,15087.66631696092,471250.0
2022,20224,9294.73623686878,431300.0
2022,20225,15323.510657882365,534200.0
2023,20231,1840.977693306275,53070.0
2023,20232,1842.5852035839296,60080.0
2023,20233,1836.3165167939624,55070.0
2023,20234,1841.285499096084,63070.0
2023,20235,1835.9334015285124,74070.0
2024,20241,779.4468519847491,5800.0
2024,20242,776.0036556612798,7800.0
2024,20243,769.7333205658663,9300.0
2024,20244,762.488115428465,13900.0
2024,20245,798.9298178936949,13900.0
2025,20251,11277.232770456822,200500.0
2025,20252,11324.667157069835,201500.0
2025,20253,12200.402763787799,200500.0
2025,20254,11639.433730998337,201500.0
2025,20255,12387.96994926684,199500.0
2026,20261,9564.559397068853,169020.0
2026,20262,9140.274493243238,169120.0
2026,20263,9334.372686046809,169120.0
2026,20264,9324.432814045575,169420.0
2026,20265,9195.858658686624,169220.0
2027,20271,4224.470333379832,944200.0
2027,20272,4221.580502526243,945100.0
2027,20273,4576.841898858554,943100.0
2027,20274,4316.020043826887,944100.0
2027,20275,4636.126784343288,944100.0
2028,20281,1757.7642314187,1540.0
2028,20282,1789.0696144404715,1480.0
2028,20283,1759.8118137364404,1230.0
2028,20284,1782.5081200704412,1700.0
2028,20285,1760.4736451578312,1850.0
2029,20291,2240.6614668257425,7060.0
2029,20292,2205.4026682614267,7060.0
2029,20293,2233.9197274150592,7060.0
2029,20294,2248.35688207041,7060.0
2029,20295,2234.2430424041477,7060.0
2030,20301,5007.3235304865975,249700.0
2030,20302,5120.78447089196,249600.0
2030,20303,4963.626115874177,249700.0
2030,20304,5089.340034493701,249700.0
2030,20305,4966.288418000717,249600.0
2031,20311,1586.694268609258,866800.0
2031,20312,1580.768763116192,887000.0
2031,20313,1736.728268411597,913100.0
2031,20314,1620.239073073576,879900.0
2031,20315,1757.7196324222139,925100.0
2032,20321,5994.637858201416,1005550.0
2032,20322,6015.98241517849,986550.0
2032,20323,6479.412057443503,1013750.0
2032,20324,6177.936876414506,976650.0
2032,20325,6577.580837262768,994550.0
2033,20331,1801.0988199907376,1206600.0
2033,20332,1804.7602292911215,1206600.0
2033,20333,1952.1463234858802,1206600.0
2033,20334,1851.5053411443191,1205600.0
2033,20335,1980.756848290836,1403650.0
2034,20341,9930.930736076023,1141760.0
2034,20342,9969.973859812479,1142770.0
2034,20343,10733.261493736863,1142760.0
2034,20344,10241.555430930914,1142760.0
2034,20345,10898.19081984248,1141560.0
2035,20351,8714.454006238051,427300.0
2035,20352,8257.18228536752,427200.0
2035,20353,8413.910286676468,427200.0
2035,20354,8302.161369691019,427300.0
2035,20355,8337.084992266891,427200.0
2036,20361,7547.137534493508,414400.0
2036,20362,7470.190180206986,414500.0
2036,20363,7404.087874256833,414500.0
2036,20364,7656.400427485365,414500.0
2036,20365,7411.317531188685,414500.0
2037,20371,1351.632122435442,921330.0
2037,20372,1580.9856984948897,1002070.0
2037,20373,1134.410180006874,980500.0
2037,20374,1345.899338239994,1188000.0
2037,20375,1220.534334615336,914800.0
2038,20381,4068.909780493205,15175.0
2038,20382,4146.36291660256,19870.0
2038,20383,4124.34158407391,12355.0
2038,20384,4185.971933654921,19570.0
2038,20385,4145.631304794553,15175.0
2039,20391,3401.3310082943985,3970000.0
2039,20392,3704.005063465728,3717200.0
2039,20393,4022.6944580854242,5923500.0
2039,20394,3566.349860931915,3455000.0
2039,20395,3476.9297225491187,3309900.0
2040,20401,15267.429261471805,151300.0
2040,20402,15412.935560139424,180500.0
2040,20403,15035.21329530786,163600.0
2040,20404,15273.246233217578,165100.0
2040,20405,15062.888198451948,162000.0
2041,20411,44.5236054043982,24524000.0
2041,20412,44.415894570839896,24511000.0
2041,20413,44.51758480245996,24511000.0
2041,20414,45.04027503982832,24512000.0
2041,20415,45.26766397183041,24525000.0
2042,20421,1110.2101520894469,6268400.0
2042,20422,1208.6502972674507,6268400.0
2042,20423,1312.6757250874316,6268400.0
2042,20424,1163.3979443613412,6268400.0
2042,20425,1134.5847638173916,6268400.0
2043,20431,3682.5201580817034,176720.0
2043,20432,3439.7499074781854,131750.0
2043,20433,3441.83258471433,163570.0
2043,20434,3585.4242459310176,147300.0
2043,20435,3451.9936837653463,136270.0
2044,20441,8642.362919792484,539100.0
2044,20442,8669.984469445786,540000.0
2044,20443,9337.007984155001,539000.0
2044,20444,8898.366311210635,538000.0
2044,20445,9481.54040742289,538900.0
2045,20451,2352.6862520557597,741525.0
2045,20452,2360.3537654742167,741430.0
2045,20453,2538.172034418385,741525.0
2045,20454,2423.437292257536,741525.0
2045,20455,2576.3168000510677,742525.0
2046,20461,2353.2583912435502,290.0
2046,20462,2316.2277800534607,300.0
2046,20463,2346.1778683378557,300.0
2046,20464,2361.340513762608,190.0
2046,20465,2346.5174304369743,190.0
2047,20471,12588.309444494915,685800.0
2047,20472,12641.502107295042,591100.0
2047,20473,13608.963728583596,599000.0
2047,20474,12989.586506016345,662600.0
2047,20475,13818.061666221221,644200.0
2048,20481,5761.229269743229,7000.0
2048,20482,5707.016787011138,7300.0
2048,20483,5722.520158879316,7600.0
2048,20484,5783.1789077124595,9600.0
2048,20485,5722.177138769364,5200.0
2049,20491,12500.163480206296,850500.0
2049,20492,12546.606339900896,851500.0
2049,20493,13505.453998603296,851500.0
2049,20494,12881.919579429361,850500.0
2049,20495,13713.910932819195,850500.0
2050,20501,1936.9496800119043,12929340.0
2050,20502,1962.6272311979806,13059340.0
2050,20503,2094.317242024731,11680400.0
2050,20504,1965.6927055504893,17149400.0
2050,20505,1915.613407000274,11740400.0
2051,20511,7927.79078613802,26550.0
2051,20512,7920.567026133334,26550.0
2051,20513,7967.636807018143,26050.0
2051,20514,7941.688890113086,20950.0
2051,20515,7937.336141238853,22550.0
2052,20521,668.4310984467064,5452640.0
2052,20522,707.7781235195496,6111500.0
2052,20523,730.6051177813772,6111300.0
2052,20524,705.2881439735759,5121500.0
2052,20525,681.2514967055139,5942750.0
2053,20531,14566.473187332682,25500.0
2053,20532,14657.576464107755,25600.0
2053,20533,14433.800967847277,26600.0
2053,20534,14932.418737099448,26600.0
2053,20535,14500.056324804003,25600.0
2054,20541,826.2898517863114,101800.0
2054,20542,842.2095735016921,75170.0
2054,20543,839.3736954992561,82000.0
2054,20544,1421.222302356825,109000.0
2054,20545,849.9350330501478,81850.0
2055,20551,17245.216888663086,229050.0
2055,20552,16136.085540885513,224050.0
2055,20553,16569.92973707504,228150.0
2055,20554,16986.390859411,227150.0
2055,20555,15679.723998224063,227050.0
2056,20561,13049.56978981619,171700.0
2056,20562,12582.75468445483,192700.0
2056,20563,12459.519343811053,185800.0
2056,20564,12643.602492361642,191700.0
2056,20565,12379.317080345938,198800.0
2057,20571,1778.2848558864014,509900.0
2057,20572,1702.6734955572879,432500.0
2057,20573,1688.908648162204,428300.0
2057,20574,1201.6066201747574,582500.0
2057,20575,1673.7494483139963,435500.0
2058,20581,9946.449880063354,41770.0
2058,20582,9952.206408369573,41870.0
2058,20583,9925.960225458306,41870.0
2058,20584,9947.713164107317,41980.0
2058,20585,9920.449961334269,41770.0
2059,20591,16352.77260575172,182100.0
2059,20592,16464.529701449,182000.0
2059,20593,16449.12230813559,182000.0
2059,20594,16490.584161540577,182000.0
2059,20595,16458.559739923854,182100.0
2060,20601,7611.589133273216,4655600.0
2060,20602,7981.237599557108,4144480.0
2060,20603,8189.527172191216,4700180.0
2060,20604,7876.736830901221,4553600.0
2060,20605,7842.057050537207,4168700.0
2061,20611,44.83861618297097,455591000.0
2061,20612,45.23864951293122,439255000.0
2061,20613,45.5944851037373,442601000.0
2061,20614,46.5160824967832,445871000.0
2061,20615,45.09143498773187,458970000.0
2062,20621,10830.157932439753,2079000.0
2062,20622,11282.325231858607,2079000.0
2062,20623,10276.642594601002,2079000.0
2062,20624,10674.848791252267,2079000.0
2062,20625,10626.89787060721,2079000.0
2063,20631,747.3547184007627,4584300.0
2063,20632,815.6446470119611,4586300.0
2063,20633,890.8566871854752,4585300.0
2063,20634,789.091651936311,4586300.0
2063,20635,770.2299481485911,4585300.0
2064,20641,3422.1773146794158,3021000.0
2064,20642,3513.2048185804356,3022000.0
2064,20643,3651.782603639195,3020000.0
2064,20644,3507.1446854722935,3022000.0
2064,20645,3443.839315630001,3022000.0
2065,20651,12025.2021840122,410000.0
2065,20652,10807.374802302018,410000.0
2065,20653,11046.228111203538,409000.0
2065,20654,11432.653580814782,409000.0
2065,20655,10930.05919952874,410000.0
2066,20661,6925.667907105177,570400.0
2066,20662,6947.319313464041,573700.0
2066,20663,7484.187972027209,575010.0
2066,20664,7132.75247583818,578700.0
2066,20665,7597.083654441341,568190.0
2067,20671,6647.721870541913,393770.0
2067,20672,6673.407480841798,398520.0
2067,20673,7184.732670690452,400980.0
2067,20674,6855.494988102597,401570.0
2067,20675,7297.041526534567,393290.0
2068,20681,6239.560076711139,335400.0
2068,20682,6220.752112140266,335400.0
2068,20683,6828.973097649645,335400.0
2068,20684,6378.218056850418,335400.0
2068,20685,6911.948883130453,336500.0
2069,20691,6281.185402018693,1152610.0
2069,20692,6303.55024254255,1156140.0
2069,20693,6789.132119665502,1152610.0
2069,20694,6473.2462311527215,1129760.0
2069,20695,6891.993430276806,1150390.0
2070,20701,1773.9576689346814,17330.0
2070,20702,1767.6499482169372,17530.0
2070,20703,1776.8668636486811,16320.0
2070,20704,1761.139937293737,17720.0
2070,20705,1773.6110069778508,18020.0
2071,20711,2534.9185149419054,377740.0
2071,20712,2114.261158018364,1105300.0
2071,20713,2272.640699605846,958793.6
2071,20714,2164.216242647692,636990.0
2071,20715,2307.6846641464663,555970.0
2072,20721,348.8635561494148,1272700.0
2072,20722,367.4044250966309,1303200.0
2072,20723,333.8998191895957,1247900.0
2072,20724,345.9551268623194,1184700.0
2072,20725,338.4198967024801,1345600.0
2073,20731,1881.9981092529579,8543000.0
2073,20732,2016.076874884599,8754000.0
2073,20733,2096.799928296666,8753000.0
2073,20734,2013.4369890624453,11003000.0
2073,20735,1896.6468664798497,8754000.0
2074,20741,6384.0710163174,300560.0
2074,20742,6119.03562004999,302600.0
2074,20743,6035.5802342426805,296670.0
2074,20744,6259.324485125797,319700.0
2074,20745,5994.027622618973,307960.0
2075,20751,9740.024127455257,3011330.0
2075,20752,11465.512457574916,2675230.0
2075,20753,8216.460775711717,2644220.0
2075,20754,9841.620869579585,2544330.0
2075,20755,8858.712595247609,2914230.0
2076,20761,5350.403341340234,1247500.0
2076,20762,5370.282123892544,1240000.0
2076,20763,5780.694493705243,1247600.0
2076,20764,5513.805133012355,1252100.0
2076,20765,5869.919620970211,1246350.0
2077,20771,3766.8738618250527,0.0
2077,20772,3765.3114781266786,0.0
2077,20773,3773.215207661785,0.0
2077,20774,3764.791778728627,0.0
2077,20775,3775.3224784093036,0.0
2078,20781,6058.472540418119,601500.0
2078,20782,6078.311672046193,602500.0
2078,20783,6549.23305405951,601500.0
2078,20784,6243.954362519118,602500.0
2078,20785,6649.312355363069,601500.0
2079,20791,2999.9483902922675,538000.0
2079,20792,3020.790712725791,538000.0
2079,20793,3121.152013295194,538000.0
2079,20794,3121.9282869061826,538000.0
2079,20795,3203.8386593442974,538000.0
2080,20801,5957.992459552931,1243700.0
2080,20802,5973.526402712347,1190400.0
2080,20803,6438.2036262736565,1192100.0
2080,20804,6130.675497618952,1207200.0
2080,20805,6535.60751978717,1209000.0
2081,20811,2800.8041603367647,198960.0
2081,20812,2790.886288960177,161070.0
2081,20813,3066.7075808457653,180160.0
2081,20814,2861.8260337454817,153160.0
2081,20815,3103.3326134866993,179060.0
2082,20821,10603.370530584705,20190.0
2082,20822,10571.235903405093,17490.0
2082,20823,10621.558201126518,27190.0
2082,20824,10535.418934380494,17190.0
2082,20825,10607.321313617646,16320.0
2083,20831,15229.13243521457,94100.0
2083,20832,14409.504169360333,93500.0
2083,20833,14303.645906791116,93600.0
2083,20834,14696.52105987055,94600.0
2083,20835,14223.688909461314,94000.0
2084,20841,7598.7750428096,507200.0
2084,20842,7620.7350694153165,501500.0
2084,20843,8217.329339838378,502300.0
2084,20844,7827.194439649784,515100.0
2084,20845,8339.559861834856,512000.0
2085,20851,3003.9732216495686,120.0
2085,20852,3019.3169528546805,70.0
2085,20853,2974.5511536200015,400.0
2085,20854,3023.1705101192993,90.0
2085,20855,2981.923631516832,270.0
2086,20861,12625.50076391343,136400.0
2086,20862,12125.884277371255,136400.0
2086,20863,12292.402465889787,135400.0
2086,20864,12234.555190202558,137400.0
2086,20865,12171.534489378282,135400.0
2087,20871,45.92762118301243,14672200.0
2087,20872,46.425598326530796,14688400.0
2087,20873,49.304082514095185,14688300.0
2087,20874,46.47709989853158,14682600.0
2087,20875,45.96046042616426,14683000.0
2088,20881,11850.072376889646,6700.0
2088,20882,11384.38222671369,6700.0
2088,20883,11684.0829176261,6700.0
2088,20884,11578.244766142101,6700.0
2088,20885,11476.517856258415,6700.0
2089,20891,3868.0937364207844,4011310.0
2089,20892,4086.93067639698,4020310.0
2089,20893,4241.111379622644,4021320.0
2089,20894,4080.8343645641844,4011320.0
2089,20895,3949.1322913867416,4022320.0
2090,20901,13270.593404548024,575900.0
2090,20902,13916.530515290444,572800.0
2090,20903,15087.66631696092,559900.0
2090,20904,13731.080098863324,523200.0
2090,20905,15323.510657882365,546800.0
2091,20911,7716.447440232475,436370.0
2091,20912,7748.120055511286,434380.0
2091,20913,8342.99076512931,435380.0
2091,20914,7958.9993570953275,436500.0
2091,20915,8469.888451975381,435370.0
2092,20921,3435.5886148908553,339380.0
2092,20922,3209.0973335933977,336960.0
2092,20923,3211.040356820379,342590.0
2092,20924,3345.0034731896603,338440.0
2092,20925,3220.520102949627,335680.0
2093,20931,11307.81454364494,168470.0
2093,20932,10782.090987633068,168370.0
2093,20933,10955.58794309753,168470.0
2093,20934,10841.973058334745,168470.0
2093,20935,10734.052358444025,168370.0
2094,20941,4786.069500125119,290.0
2094,20942,4794.708990206218,190.0
2094,20943,4812.131968364347,440.0
2094,20944,4824.095862544668,70.0
2094,20945,4801.889676883943,20.0
2095,20951,159.27654004856714,5511800.0
2095,20952,169.79395592362047,4828700.0
2095,20953,176.79850898468868,4820700.0
2095,20954,171.18679989019176,4913700.0
2095,20955,162.17887969808828,5034800.0
2096,20961,3006.9492895592734,3900.0
2096,20962,2938.3143137802817,2700.0
2096,20963,2871.0346198073617,3000.0
2096,20964,3015.5217533900045,3500.0
2096,20965,2912.991372673439,3300.0
2097,20971,12806.637021977247,493800.0
2097,20972,12854.218547395947,635900.0
2097,20973,13836.574813681495,478800.0
2097,20974,13197.752850295603,477800.0
2097,20975,14050.142603850365,494800.0
2098,20981,2081.7791175482375,-40.0
2098,20982,2062.189823462196,-40.0
2098,20983,2067.7918563436606,-40.0
2098,20984,2089.7104627217527,-40.0
2098,20985,2067.667908472754,-40.0
2099,20991,7772.68547655974,621200.0
2099,20992,7796.984876128122,616200.0
2099,20993,11640.772964285365,474200.0
2099,20994,11486.166636512626,489200.0
2099,20995,11534.483999979153,454100.0
2100,21001,4579.148733396219,16200.0
2100,21002,4707.550454342888,16200.0
2100,21003,4643.88920491477,16200.0
2100,21004,4693.851655037028,16200.0
2100,21005,4666.969946885494,16200.0
2101,21011,55.509793496515556,94526000.0
2101,21012,55.83046612270865,94526000.0
2101,21013,56.26902918364887,94525000.0
2101,21014,57.5257583627023,94529000.0
2101,21015,56.02835117820429,94524000.0
2102,21021,45.65903788899025,183692000.0
2102,21022,46.066390713952096,187967000.0
2102,21023,46.428737104317214,184842000.0
2102,21024,47.36719716106309,185062000.0
2102,21025,45.916482573244615,185942200.0
2103,21031,3365.313671784901,2820500.0
2103,21032,6722.236034156168,3422400.0
2103,21033,6910.561335291949,4303400.0
2103,21034,3250.489980099867,2810900.0
2103,21035,6523.943464413984,6808000.0
2104,21041,1253.9143617500195,3248700.0
2104,21042,1365.2258441328843,3272100.0
2104,21043,2470.558999460266,3213100.0
2104,21044,1314.362626453178,3851000.0
2104,21045,1281.7373052640403,4107600.0
2105,21051,139.3904766863572,32187200.0
2105,21052,141.61328605931584,31570200.0
2105,21053,143.69178968281048,33367200.0
2105,21054,144.1094096405007,31583700.0
2105,21055,141.4485776300781,31581200.0
2106,21061,7142.988058110091,837100.0
2106,21062,7162.671949734968,833500.0
2106,21063,7719.582949770307,844900.0
2106,21064,7351.567714938984,831800.0
2106,21065,7834.367808611956,834100.0
2107,21071,7383.70885386031,857730.0
2107,21072,7407.307663887756,1017700.0
2107,21073,7977.18739203619,791900.0
2107,21074,7602.428494006812,785600.0
2107,21075,8100.670442129927,922700.0
2108,21081,2.918542642483792,386648020.0
2108,21082,2.8739123404635927,396760120.0
2108,21083,2.900809657198358,391423520.0
2108,21084,2.952557607109737,382638620.0
2108,21085,2.933871233120766,391947020.0
2109,21091,7611.589133273216,5110500.0
2109,21092,7944.810837250656,3398500.0
2109,21093,3743.6276706465555,2734500.0
2109,21094,3868.2928081905725,2886500.0
2109,21095,7809.673681698742,5017500.0
2110,21101,2171.3007474682304,22070.0
2110,21102,2183.051101465634,23080.0
2110,21103,2149.390719721302,23080.0
2110,21104,2185.5593358488277,23080.0
2110,21105,2154.7696490777703,23070.0
2111,21111,14180.672756559816,129800.0
2111,21112,14276.232484818369,127700.0
2111,21113,14257.822080465625,122200.0
2111,21114,14296.089241161171,124400.0
2111,21115,14269.142341306087,130800.0
2112,21121,4831.855586143944,754700.0
2112,21122,4816.909899328422,753200.0
2112,21123,5194.6397943549655,755370.0
2112,21124,4903.5180303577745,755190.0
2112,21125,5260.984531557298,754130.0
2113,21131,6090.752842305082,4744000.0
2113,21132,6527.243532652579,4743000.0
2113,21133,6710.301128346121,4743000.0
2113,21134,6461.559538549706,4744100.0
2113,21135,6222.174963468495,4743000.0
2114,21141,9355.014554705285,11400.0
2114,21142,9457.032949755501,12520.0
2114,21143,9432.56002154487,11480.0
2114,21144,9446.115426324577,11340.0
2114,21145,9457.30022542502,10420.0
2115,21151,1662.298665066533,902900.0
2115,21152,2129.592605689384,303300.0
2115,21153,2145.8896247757593,295140.0
2115,21154,2131.031741113361,350140.0
2115,21155,2149.8885932285243,428700.0
2116,21161,13891.660691799034,22200.0
2116,21162,13904.877103956609,22200.0
2116,21163,13880.08148283215,22200.0
2116,21164,13899.30729475549,22200.0
2116,21165,13887.592328752118,22200.0
2117,21171,5932.736539121205,5680360.0
2117,21172,6502.280868652044,5016360.0
2117,21173,7053.650729581141,5073350.0
2117,21174,6317.417093017693,4990260.0
2117,21175,6112.8351508486885,4966360.0
2118,21181,3402.3809860334377,15310100.0
2118,21182,3586.992094923363,15054100.0
2118,21183,3747.418614073412,14954100.0
2118,21184,3606.7795876281752,15003100.0
2118,21185,3445.8647667896757,14970100.0
2119,21191,3110.956140570291,10000.0
2119,21192,3028.646405157035,12000.0
2119,21193,3092.237070299883,10000.0
2119,21194,3057.559396106008,10000.0
2119,21195,3043.6574575291825,9000.0
2120,21201,8335.913816018587,380.0
2120,21202,8305.043851896313,380.0
2120,21203,8348.639280926162,380.0
2120,21204,8273.936268742884,380.0
2120,21205,8335.47437168234,380.0
2121,21211,510.17512689949734,2161450.0
2121,21212,284.31149876107213,1929450.0
2121,21213,260.65381847856895,1952350.0
2121,21214,545.9626460088077,2041350.0
2121,21215,260.9121586698569,1965350.0
2122,21221,3801.939325455708,3721410.0
2122,21222,4088.5737540378964,4716880.0
2122,21223,4242.9397819320975,3666000.0
2122,21224,4082.3416178758243,3526100.0
2122,21225,3880.5404850756363,4120400.0
2123,21231,9799.956616880725,97620.0
2123,21232,9803.522716042147,98100.0
2123,21233,9793.806753099723,102080.0
2123,21234,9799.270416977113,93860.0
2123,21235,9795.72443677482,97230.0
2124,21241,50.77660754070417,24064000.0
2124,21242,49.59432582073015,23348000.0
2124,21243,50.87960185399911,22993000.0
2124,21244,50.30754646013855,26305000.0
2124,21245,50.618462627109594,25022000.0
2125,21251,2177.0384148973144,1381120.0
2125,21252,2170.1614115891953,1296060.0
2125,21253,2382.8456518883104,1475060.0
2125,21254,2225.669227143727,1368180.0
2125,21255,2412.2689302399076,1296230.0
2126,21261,2796.4454701768377,7400.0
2126,21262,2793.8973642179767,7300.0
2126,21263,2810.500738233307,7400.0
2126,21264,2801.3478813218267,7400.0
2126,21265,2799.8124945790983,7400.0
2127,21271,7162.091065360786,635400.0
2127,21272,7185.544116675292,638000.0
2127,21273,7742.249094721154,636800.0
2127,21274,7381.360475594794,634800.0
2127,21275,7860.558959940793,637400.0
2128,21281,2805.4408560910315,5512800.0
2128,21282,3074.7853582393955,5324800.0
2128,21283,3335.6743034859223,5645900.0
2128,21284,2986.9662612964385,5475800.0
2128,21285,2890.439197096399,5477900.0
2129,21291,2433.576585782664,467200.0
2129,21292,2426.470964469116,243200.0
2129,21293,2664.657687141491,434230.0
2129,21294,2488.368170521254,444600.0
2129,21295,2696.4412391872406,304000.0
2130,21301,4826.5365419452255,549240.0
2130,21302,4843.043843372846,623130.0
2130,21303,5217.164272517086,549140.0
2130,21304,4973.739534050901,557130.0
2130,21305,5295.855245213743,543230.0
2131,21311,1992.9490979334962,451150.0
2131,21312,1904.5388896400448,451250.0
2131,21313,1910.3989151866147,451250.0
2131,21314,1928.6036033618425,451350.0
2131,21315,1883.3303091606708,451150.0
2132,21321,13.650079663987151,37890900.0
2132,21322,13.873354325155892,39204010.0
2132,21323,14.025513145610862,37324520.0
2132,21324,14.079341707499575,39367990.0
2132,21325,13.862327782798653,37782900.0
2133,21331,8872.103041356324,2279000.0
2133,21332,10443.67854773369,2280000.0
2133,21333,7482.595648456321,2279000.0
2133,21334,8964.57862639576,2279000.0
2133,21335,8070.989341209711,2279000.0
2134,21341,9219.613523755663,284310.0
2134,21342,9192.680493117905,294310.0
2134,21343,9915.550071551095,280610.0
2134,21344,9357.75450136676,282320.0
2134,21345,10040.645383399737,282320.0
2135,21351,1423.8094779982305,-17430.0
2135,21352,1441.9195470358104,288380.0
2135,21353,1402.8231850623936,-20190.0
2135,21354,1419.8783555673758,48860.0
2135,21355,1433.8301551163117,76400.0
2136,21361,13750.752135241837,17940.0
2136,21362,13528.629233903197,16950.0
2136,21363,13545.876799671401,16940.0
2136,21364,13710.953073454792,16940.0
2136,21365,13375.65719237766,16940.0
2137,21371,5476.963912195127,379700.0
2137,21372,5475.336590106683,380700.0
2137,21373,5577.144740144357,379700.0
2137,21374,5473.102202971831,380700.0
2137,21375,5562.905313149139,379700.0
2138,21381,6789.677506278119,2134340.0
2138,21382,7990.714285120253,2128630.0
2138,21383,5724.6668524813185,2179430.0
2138,21384,6854.662639146892,2145630.0
2138,21385,6174.554374227734,2106530.0
2139,21391,3885.7794797181205,6630270.0
2139,21392,4258.26172899905,6627370.0
2139,21393,4621.30339061636,6650470.0
2139,21394,4138.234241948756,6627340.0
2139,21395,4003.955464671376,6642370.0
2140,21401,907.5546342224028,804200.0
2140,21402,904.7474254618676,878900.0
2140,21403,975.6954309649173,760500.0
2140,21404,921.0148012713664,482400.0
2140,21405,988.1567871935491,694500.0
2141,21411,9835.223863525644,-56400.0
2141,21412,9871.564668190167,-45300.0
2141,21413,10637.267691944468,-101160.0
2141,21414,10144.42092078413,-45000.0
2141,21415,10798.489279080492,-63900.0
2142,21421,11918.015272856228,154140.0
2142,21422,11648.140207182329,154730.0
2142,21423,11474.651268673319,154100.0
2142,21424,11745.38237999209,155210.0
2142,21425,11392.711635533069,155710.0
2143,21431,667.0722623849526,10994500.0
2143,21432,706.3392999217347,10488500.0
2143,21433,729.1198897851781,12854400.0
2143,21434,703.8543821899223,9737500.0
2143,21435,679.8665983921377,9737400.0
2144,21441,8280.5518947335,62200.0
2144,21442,7675.874986748051,61400.0
2144,21443,7698.690492556973,59740.0
2144,21444,8020.895971420422,60140.0
2144,21445,7700.678046863346,60770.0
2145,21451,8061.074978461115,6631.0
2145,21452,8035.380263154868,4441.0
2145,21453,8073.720420440286,7841.0
2145,21454,8008.275893341687,4131.0
2145,21455,8060.635753819362,8241.0
2146,21461,5.08461728370847,683686000.0
2146,21462,5.00686340691882,684335000.0
2146,21463,5.053723288136309,666739000.0
2146,21464,5.143877365957818,739693000.0
2146,21465,5.111322398704262,713705000.0
2147,21471,5168.547626044639,287500.0
2147,21472,5163.979193737616,287500.0
2147,21473,5264.172200594785,291400.0
2147,21474,5161.70049031199,291400.0
2147,21475,5248.919654109854,290400.0
2148,21481,7611.589133273216,4584140.0
2148,21482,7981.237599557108,4583100.0
2148,21483,8189.527172191216,4583200.0
2148,21484,7876.736830901221,4583100.0
2148,21485,7842.057050537207,4583500.0
2149,21491,2219.275659308926,901960.0
2149,21492,2222.1859871267243,960970.0
2149,21493,2389.3066393585514,769260.0
2149,21494,2274.7089115774393,942060.0
2149,21495,2425.6505642228635,896770.0
2150,21501,5374.808433796987,180000.0
2150,21502,5267.840792672753,232000.0
2150,21503,5354.416413104444,170000.0
2150,21504,5326.756288405772,268000.0
2150,21505,5310.631196291111,135000.0
2151,21511,810.4672772397556,11504000.0
2151,21512,852.062873469152,9453900.0
2151,21513,889.1700560361847,11904000.0
2151,21514,858.7208325724254,11504000.0
2151,21515,829.9198738835473,9504000.0
2152,21521,8354.507115015613,85600.0
2152,21522,8357.547230597924,85600.0
2152,21523,8349.264328468347,85700.0
2152,21524,8353.922126509931,85700.0
2152,21525,8350.899162430815,85600.0
2153,21531,7262.008638610687,388750.0
2153,21532,7284.711531981426,430650.0
2153,21533,7847.652881260568,402650.0
2153,21534,7479.150139940718,417650.0
2153,21535,7966.031271901011,444650.0
2154,21541,23621.341914593133,64410.0
2154,21542,21236.137368488155,65120.0
2154,21543,21718.82925138108,63990.0
2154,21544,22038.01840590458,64600.0
2154,21545,21142.744923364844,64900.0
2155,21551,14688.652966122323,401000.0
2155,21552,13817.617582416726,406100.0
2155,21553,14112.648310104734,410000.0
2155,21554,13845.958752065184,424800.0
2155,21555,13837.07604883504,426600.0
2156,21561,43.548162297705346,37476000.0
2156,21562,43.44281124137434,37477000.0
2156,21563,43.54227359781335,37476000.0
2156,21564,44.05351250314455,37478000.0
2156,21565,44.275919696488145,37478000.0
2157,21571,3135.9292266731227,1062200.0
2157,21572,3647.840349382595,2209600.0
2157,21573,2609.4860732842217,2371100.0
2157,21574,3130.3942183956706,1816200.0
2157,21575,3434.0095894170418,1072700.0
2158,21581,9001.537534412113,500.0
2158,21582,8756.327672076257,500.0
2158,21583,8945.410053083842,500.0
2158,21584,8961.023326800723,500.0
2158,21585,8889.365207384375,500.0
2159,21591,89.1097807975263,17777000.0
2159,21592,94.22479722221468,18361000.0
2159,21593,97.67436883488651,18571000.0
2159,21594,94.31500798065134,18055000.0
2159,21595,91.37925705190692,18681000.0
2160,21601,95.1300759485049,27904900.0
2160,21602,94.79975124639873,27904900.0
2160,21603,94.99657963624887,27894900.0
2160,21604,96.26999617484759,27895900.0
2160,21605,97.08559859821096,31627900.0
2161,21611,5436.3500006588465,1100200.0
2161,21612,5457.065217130295,1081200.0
2161,21613,5876.190691401956,1122200.0
2161,21614,5603.9793643474195,1104200.0
2161,21615,5965.576736131125,1107200.0
2162,21621,2776.5505343870395,64720.0
2162,21622,2653.3824481696656,64220.0
2162,21623,2709.7283203190373,68230.0
2162,21624,2706.842818146796,69230.0
2162,21625,2669.5182927870965,77220.0
2163,21631,7941.95371345967,9200.0
2163,21632,8048.276792181743,9200.0
2163,21633,7860.844410142056,9600.0
2163,21634,7973.223230949287,9200.0
2163,21635,8078.248084726694,9200.0
2164,21641,6238.600617398146,669400.0
2164,21642,6264.0537332235135,668400.0
2164,21643,6744.86433182983,669400.0
2164,21644,6438.196636186056,669400.0
2164,21645,6849.833006867382,669400.0
2165,21651,2917.209772957519,4380.0
2165,21652,2707.461281431098,4450.0
2165,21653,2766.2093713483673,4860.0
2165,21654,2818.9659803012105,4140.0
2165,21655,2767.049314868919,5130.0
2166,21661,8381.725108252711,1045020.0
2166,21662,8415.922043283592,1062020.0
2166,21663,9061.90381288328,1037220.0
2166,21664,8649.887644177257,1029120.0
2166,21665,9202.9320070409,1031020.0
2167,21671,9789.329048156314,1982500.0
2167,21672,10143.51482373138,1982400.0
2167,21673,9267.193223820059,1982500.0
2167,21674,9636.71200506768,1982500.0
2167,21675,9599.27807163428,1982500.0
2168,21681,2893.99281444026,540300.0
2168,21682,2928.68219698043,540300.0
2168,21683,3133.8444686013895,540300.0
2168,21684,3039.561177236069,540300.0
2168,21685,3194.4456158963276,540300.0
2169,21691,804.8982197278567,19300.0
2169,21692,791.4149525231638,19300.0
2169,21693,804.4464871751958,19300.0
2169,21694,821.4243793779466,19300.0
2169,21695,802.7780885744727,19300.0
2170,21701,60.669826324370845,109451400.0
2170,21702,59.74404378309818,109451800.0
2170,21703,61.632717254808554,109455400.0
2170,21704,61.577809993657446,109471000.0
2170,21705,60.042462137705094,109453000.0
2171,21711,10057.83905415691,492600.0
2171,21712,10089.28242732677,491700.0
2171,21713,10868.95286972695,491700.0
2171,21714,10358.578750436489,491600.0
2171,21715,11032.906241280567,492700.0
2172,21721,9862.510187173342,66600.0
2172,21722,9809.471804615972,66700.0
2172,21723,9857.367123677823,66700.0
2172,21724,9730.416333222052,66700.0
2172,21725,9873.631480685666,66700.0
2173,21731,7933.216648787476,11080.0
2173,21732,7925.9879447661415,8490.0
2173,21733,7973.0899406996205,11080.0
2173,21734,7947.124264769764,12480.0
2173,21735,7942.768536828834,7190.0
2174,21741,7784.740926140541,677200.0
2174,21742,7809.078014122689,554100.0
2174,21743,8412.540882157575,628100.0
2174,21744,8017.512658630643,610100.0
2174,21745,8539.440359733193,607100.0
2175,21751,583.1489252313465,1687000.0
2175,21752,624.6525967981728,1687000.0
2175,21753,572.3176645534111,1687000.0
2175,21754,586.7263277882158,1687000.0
2175,21755,574.0629198634168,1687000.0
2176,21761,3139.72184991935,9020.0
2176,21762,3219.009432164031,9020.0
2176,21763,3182.783482677891,9030.0
2176,21764,3198.597151959756,9020.0
2176,21765,3193.2347351598273,9030.0
2177,21771,13270.593404548024,680500.0
2177,21772,13916.530515290444,681500.0
2177,21773,15087.66631696092,681500.0
2177,21774,13731.080098863324,680500.0
2177,21775,15323.510657882365,678500.0
2178,21781,5835.539231767626,208680.0
2178,21782,5816.245288177297,208780.0
2178,21783,6385.0828261978595,208790.0
2178,21784,5961.75927282345,208780.0
2178,21785,6462.674441585221,208780.0
2179,21791,48.80898783587747,253309000.0
2179,21792,49.60507291598422,258965000.0
2179,21793,49.95938963462084,250283500.0
2179,21794,50.94308643196044,249255900.0
2179,21795,49.14501150477614,275940200.0
2180,21801,9165.879522314179,560740.0
2180,21802,9197.153863252659,549750.0
2180,21803,9905.98434050977,563440.0
2180,21804,9444.152713402129,551750.0
2180,21805,10058.642392047057,564440.0
2181,21811,6920.414205440046,-79800.0
2181,21812,7097.471898690341,-78800.0
2181,21813,6988.589165491481,-79710.0
2181,21814,7122.177738496653,-81780.0
2181,21815,7023.2264972701105,-79720.0
2182,21821,5748.264496014552,48450.0
2182,21822,5678.734640732864,48450.0
2182,21823,5707.261034823131,48450.0
2182,21824,5734.716767122549,48450.0
2182,21825,5697.342101050095,48550.0
2183,21831,5085.077070632345,5126400.0
2183,21832,5572.085076666451,5125400.0
2183,21833,6044.102201983587,5125400.0
2183,21834,5410.229187420493,5126400.0
2183,21835,5237.709856480897,5127400.0
2184,21841,2434.3221988209743,240.0
2184,21842,2447.4959370114293,240.0
2184,21843,2409.758090424971,240.0
2184,21844,2450.3080074470763,240.0
2184,21845,2415.7885987060595,240.0
2185,21851,10281.733050415743,5620.0
2185,21852,10306.637084320699,7620.0
2185,21853,10361.833586419893,6620.0
2185,21854,10188.2628105215,7620.0
2185,21855,10218.31752121609,7620.0
2186,21861,5553.171846565436,6510.0
2186,21862,5599.051321811208,5710.0
2186,21863,5470.870576276438,28450.0
2186,21864,5633.434424747682,7810.0
2186,21865,5471.783522441731,10610.0
2187,21871,12227.154618615237,68830.0
2187,21872,12459.902829314311,59720.0
2187,21873,12393.728288156715,76820.0
2187,21874,12578.928711409895,58870.0
2187,21875,12457.70432131588,52890.0
2188,21881,49.1497248259243,1707468000.0
2188,21882,48.72054615642327,1716217000.0
2188,21883,49.10234204178113,1796458000.0
2188,21884,50.09793639292569,1727068000.0
2188,21885,49.44024358607338,1715630000.0
2189,21891,8102.262086978129,446790.0
2189,21892,8129.972740643138,446790.0
2189,21893,8758.005231991003,446790.0
2189,21894,8349.370383302534,445790.0
2189,21895,8890.103037348254,446790.0
2190,21901,1995.5943226200227,26528400.0
2190,21902,2014.6967377491844,26529400.0
2190,21903,2025.5592769817194,26522900.0
2190,21904,2041.3092350608792,26528000.0
2190,21905,2001.4939264924585,26533500.0
2191,21911,3878.931448752473,120800.0
2191,21912,3880.408209921373,119800.0
2191,21913,3915.27835591751,120800.0
2191,21914,3990.6220745202613,119800.0
2191,21915,3938.6744101992276,120800.0
2192,21921,3386.949524500258,34670.0
2192,21922,3472.480361886154,34670.0
2192,21923,3433.4019121853316,33670.0
2192,21924,3450.460779886045,34770.0
2192,21925,3444.676116180514,34670.0
2193,21931,9898.687237690709,55800.0
2193,21932,9872.222168884757,59800.0
2193,21933,9897.653563574546,58800.0
2193,21934,9826.476038949486,57800.0
2193,21935,9930.649097192092,56800.0
2194,21941,8706.150447825048,61540.0
2194,21942,8773.087174423006,61540.0
2194,21943,8600.13426841556,61540.0
2194,21944,8650.636775829007,61540.0
2194,21945,8800.178826482175,61540.0
2195,21951,3668.634482909467,5995000.0
2195,21952,3952.862201765528,3795000.0
2195,21953,4111.517720055281,3696000.0
2195,21954,3958.148999161599,4044000.0
2195,21955,3746.6505936584845,4925000.0
2196,21961,5928.276559999059,1206000.0
2196,21962,5950.866263058669,1206000.0
2196,21963,6407.9177267286,1206000.0
2196,21964,6111.074434933909,1206000.0
2196,21965,6505.392170738781,1206000.0
2197,21971,7200.958186722608,17500.0
2197,21972,7087.644713029775,17500.0
2197,21973,7179.291824212753,17500.0
2197,21974,7225.6894387331195,17500.0
2197,21975,7180.330882433748,17500.0
2198,21981,2788.8535561000335,429560.0
2198,21982,2706.63381531616,501560.0
2198,21983,2004.417956541906,793660.0
2198,21984,2724.692425349322,359660.0
2198,21985,2691.1290923573015,308560.0
2199,21991,1582.5535337664403,354230.0
2199,21992,2290.0357722551653,205920.0
2199,21993,2267.6071907912856,243030.0
2199,21994,1630.8193271181146,305130.0
2199,21995,2253.0105418891294,248230.0
2200,22001,15209.809589553372,297000.0
2200,22002,14665.71741023766,297000.0
2200,22003,14522.081558934855,297000.0
2200,22004,14736.638029622869,296000.0
2200,22005,14428.602526629315,296000.0
2201,22011,3037.1142917067714,14900.0
2201,22012,3106.348785159432,16900.0
2201,22013,3014.741582929233,13900.0
2201,22014,3087.3317357479764,13900.0
2201,22015,3028.3730729160266,14900.0
2202,22021,7050.059931561016,31820.0
2202,22022,6858.010049119401,32530.0
2202,22023,7006.100540661496,32170.0
2202,22024,7018.328953308905,30580.0
2202,22025,6962.2058704981155,29530.0
2203,22031,757.7190703002778,-1600.0
2203,22032,757.4559822342377,-1500.0
2203,22033,759.6222604119725,-1500.0
2203,22034,756.9212580467772,-1500.0
2203,22035,759.4801314877182,-1600.0
2204,22041,6455.319707460015,-24450.0
2204,22042,6549.8502778747115,-24450.0
2204,22043,6481.9032063332925,-24440.0
2204,22044,6480.563409576966,-24440.0
2204,22045,6486.670690361598,-24440.0
2205,22051,21077.803894703422,127100.0
2205,22052,20696.80362652064,127100.0
2205,22053,20182.520894458336,127100.0
2205,22054,20548.652718393416,127100.0
2205,22055,20212.012151764862,127100.0
2206,22061,7037.7748756371775,521550.0
2206,22062,7056.124075578111,520550.0
2206,22063,7605.015956771599,631550.0
2206,22064,7241.753708272513,520550.0
2206,22065,7720.07261036966,520550.0
2207,22071,16596.597093701617,115000.0
2207,22072,15529.314706037181,105000.0
2207,22073,16073.987538539859,104000.0
2207,22074,15725.909675633948,112000.0
2207,22075,15316.909972972851,108000.0
2208,22081,7626.540013924248,713000.0
2208,22082,7603.54021298744,713000.0
2208,22083,8198.542884177095,713000.0
2208,22084,7738.597471720024,713000.0
2208,22085,8303.803633743768,713000.0
2209,22091,2475.5753643296703,5430.0
2209,22092,2484.825021428855,3120.0
2209,22093,2466.1055096023406,9580.0
2209,22094,2458.4354868346213,4020.0
2209,22095,2473.8203450306746,12280.0
2210,22101,1850.662361688,794160.0
2210,22102,1857.362809501887,774160.0
2210,22103,1997.119749403458,770160.0
2210,22104,1907.466432891872,799160.0
2210,22105,2026.6006747107253,785160.0
2211,22111,55.94988241291215,55538000.0
2211,22112,56.27309737370407,55612000.0
2211,22113,56.715137420057204,56939000.0
2211,22114,57.98183011271381,56428000.0
2211,22115,56.47255128784892,56957000.0
2212,22121,3658.5764065412013,278020.0
2212,22122,3511.6822924716084,273920.0
2212,22123,3555.654509170724,282920.0
2212,22124,3541.224795818501,278020.0
2212,22125,3518.6018361528522,291020.0
2213,22131,5702.202730370519,-1200.0
2213,22132,5546.869672970051,-1200.0
2213,22133,5666.647662577341,-1900.0
2213,22134,5676.53820090794,-3100.0
2213,22135,5631.144941964445,-1200.0
2214,22141,454.05264208583185,3940500.0
2214,22142,458.79045064932325,3899500.0
2214,22143,489.0242706380576,5386500.0
2214,22144,460.5569587063328,4310500.0
2214,22145,454.0264245282753,4645500.0
2215,22151,9326.669767772237,87100.0
2215,22152,9384.008556038465,87100.0
2215,22153,9379.344430936655,87000.0
2215,22154,9396.748751888588,90100.0
2215,22155,9383.55165668969,82100.0
2216,22161,6590.936896131144,-18199.0
2216,22162,6597.625398696368,-18199.0
2216,22163,6562.985962380008,-18199.0
2216,22164,6505.094027140442,-18199.0
2216,22165,6572.469408916739,-18199.0
2217,22171,12612.425695125714,556200.0
2217,22172,12570.451492016127,514200.0
2217,22173,13568.886038375882,532800.0
2217,22174,12801.459778281278,522400.0
2217,22175,13739.34398353583,508200.0
2218,22181,6915.408597615936,395920.0
2218,22182,6894.553397111978,394800.0
2218,22183,7434.075458287419,394900.0
2218,22184,7017.017335740049,394800.0
2218,22185,7529.521242511439,394700.0
2219,22191,8663.042674049959,70600.0
2219,22192,8692.53641672578,95600.0
2219,22193,9345.4260547631,83600.0
2219,22194,8922.552028239403,77600.0
2219,22195,9484.023488536162,91600.0
2220,22201,9270.392558073412,579500.0
2220,22202,15768.191676636565,533700.0
2220,22203,7727.583911840025,2712000.0
2220,22204,15800.533648231256,453000.0
2220,22205,10167.686749483692,710100.0
2221,22211,4881.603716697655,303200.0
2221,22212,4592.1251936309545,231200.0
2221,22213,4690.175239482232,243200.0
2221,22214,4601.544053169028,319200.0
2221,22215,4598.591989613401,235200.0
2222,22221,58.738822073779104,302796400.0
2222,22222,59.395721002275515,303481200.0
2222,22223,59.68239119016901,302555400.0
2222,22224,60.94933375939445,302893100.0
2222,22225,59.32661024009011,302681700.0
2223,22231,53.86086708610378,25101580.0
2223,22232,54.64415315092437,24473710.0
2223,22233,54.63715100508567,26875880.0
2223,22234,55.272891359723886,26597580.0
2223,22235,54.7285611874776,24503850.0
2224,22241,397.5976333217242,14427380.0
2224,22242,421.649429275124,14427370.0
2224,22243,438.35349195480075,14426280.0
2224,22244,422.5790707321432,14427270.0
2224,22245,404.63057384556276,14427370.0
2225,22251,1002.0636663142944,874200.0
2225,22252,999.1118648870827,935000.0
2225,22253,1077.6583177727307,985800.0
2225,22254,1017.6307746879763,1000390.0
2225,22255,1091.6332106026068,945490.0
2226,22261,14433.7654862622,414300.0
2226,22262,13490.34629261873,415100.0
2226,22263,13514.655706529165,415200.0
2226,22264,14069.325187614395,415100.0
2226,22265,13562.608647324892,415100.0
2227,22271,471.50043681293,17973000.0
2227,22272,488.4560525584749,17961100.0
2227,22273,520.2864456724819,18566000.0
2227,22274,489.7178638316419,21056100.0
2227,22275,471.92952676658996,19052000.0
2228,22281,2554.799316110845,-22800.0
2228,22282,2499.3894955610403,-22800.0
2228,22283,2517.787279305148,-22800.0
2228,22284,2517.0339474320144,-22800.0
2228,22285,2488.5021043369206,-22800.0
2229,22291,12686.258957477605,6100.0
2229,22292,12685.693480812286,640.0
2229,22293,12714.085313798048,110.0
2229,22294,12689.394561368597,3000.0
2229,22295,12715.647772766455,1500.0
2230,22301,4431.546293793689,303750.0
2230,22302,4115.024774925294,296140.0
2230,22303,4320.576547401977,405420.0
2230,22304,4230.616279713404,335111.0
2230,22305,4253.722222218708,335660.0
2231,22311,8212.857723496581,2607000.0
2231,22312,9671.56310067035,2340000.0
2231,22313,6928.011683175797,2313000.0
2231,22314,8301.232457236036,2273000.0
2231,22315,7470.495327801221,2297000.0
2232,22321,5336.4471475369655,3210.0
2232,22322,5315.8197629786755,3205.0
2232,22323,5359.486538632786,3210.0
2232,22324,5254.209310878514,3210.0
2232,22325,5345.081073815482,3205.0
2233,22331,831.3580249393342,29921000.0
2233,22332,819.4831147490862,29291000.0
2233,22333,815.2507677096935,29261000.0
2233,22334,825.115059947,30021000.0
2233,22335,844.0289908963202,29241000.0
2234,22341,2163.8754323366043,215100.0
2234,22342,2071.8720560322713,121000.0
2234,22343,2092.3262199959004,270000.0
2234,22344,2078.430214740634,92000.0
2234,22345,2072.136700499011,68000.0
2235,22351,2392.3769338587003,181100.0
2235,22352,2296.321514709496,176100.0
2235,22353,2325.075353709145,187100.0
2235,22354,2315.6396307529894,184110.0
2235,22355,2300.8462682902164,172100.0
2236,22361,9617.269738238572,62800.0
2236,22362,9800.337867595297,66400.0
2236,22363,9748.288275358374,79900.0
2236,22364,9893.957687549344,61000.0
2236,22365,9798.608630900246,77700.0
2237,22371,7768.333192638742,-11700.0
2237,22372,7776.216520503251,-11700.0
2237,22373,7735.389140852775,-12700.0
2237,22374,7667.155466460959,-12700.0
2237,22375,7746.566697803006,-12700.0
2238,22381,7247.448476143247,245600.0
2238,22382,7272.633610325803,260900.0
2238,22383,7821.507007707294,256700.0
2238,22384,7470.746237140297,347300.0
2238,22385,7938.513920017739,377400.0
2239,22391,21077.803894703422,205100.0
2239,22392,20696.80362652064,189900.0
2239,22393,20182.520894458336,199400.0
2239,22394,20548.652718393416,215600.0
2239,22395,20212.012151764862,200500.0
2240,22401,4595.701523099562,-250900.0
2240,22402,4671.516997818635,-319900.0
2240,22403,4664.697759774599,-286400.0
2240,22404,4641.030031181427,-278900.0
2240,22405,4684.441724476137,-318900.0
2241,22411,10181.48451282128,26700.0
2241,22412,9817.267849579492,26700.0
2241,22413,9721.117652108911,26700.0
2241,22414,9864.74228925993,24600.0
2241,22415,9658.54255449914,26700.0
2242,22421,1425.8103824766627,10450.0
2242,22422,1450.622966350873,9450.0
2242,22423,1432.2793739292194,9450.0
2242,22424,1440.2338710604636,9450.0
2242,22425,1435.7421560853422,9450.0
2243,22431,7795.7443407819155,835660.0
2243,22432,7771.642175383761,802300.0
2243,22433,8532.796582080637,851930.0
2243,22434,7970.06947509919,869620.0
2243,22435,8635.901835551358,870610.0
2244,22441,566.9754436383016,7615700.0
2244,22442,611.7251997356071,7615700.0
2244,22443,641.3455709065697,7616700.0
2244,22444,610.4392061284598,7617700.0
2244,22445,571.4495611180066,7615700.0
2245,22451,1667.718901758823,8320.0
2245,22452,1705.73646128893,8320.0
2245,22453,1655.4337568060205,8320.0
2245,22454,1695.293952475294,8420.0
2245,22455,1662.9189849952213,8430.0
2246,22461,15853.17945978358,518400.0
2246,22462,14946.410225008487,450700.0
2246,22463,15070.017916776942,535400.0
2246,22464,10485.972963331724,743400.0
2246,22465,14867.022217604524,508550.0
2247,22471,6604.972502253392,540.0
2247,22472,6603.654335062018,5.0
2247,22473,6618.35067496666,940.0
2247,22474,6606.051788848521,700.0
2247,22475,6621.598037116031,1100.0
2248,22481,8575.578430464655,61600.0
2248,22482,8786.96352132431,74700.0
2248,22483,8738.579870386111,70600.0
2248,22484,8478.803447673487,67600.0
2248,22485,8822.648838160263,72600.0
2249,22491,17507.671519223815,10000.0
2249,22492,16974.074256083222,5200.0
2249,22493,16921.544338899606,11000.0
2249,22494,17622.17221923707,156100.0
2249,22495,16687.171349935048,88000.0
2250,22501,471.28295187662314,28948000.0
2250,22502,461.7299542371111,28947000.0
2250,22503,464.4717219816645,28948000.0
2250,22504,469.51808602299053,28948000.0
2250,22505,478.918537149788,28948000.0
2251,22511,840.525079817797,8107500.0
2251,22512,862.146154396782,8107900.0
2251,22513,897.1998599275236,8107800.0
2251,22514,865.0978588635213,8108100.0
2251,22515,855.7130472116944,8107900.0
2252,22521,1499.1057017205123,211000.0
2252,22522,1481.0875240169514,152000.0
2252,22523,1501.3186029470626,192000.0
2252,22524,1053.258400363124,529000.0
2252,22525,1492.812677123517,372000.0
2253,22531,5128.531266246504,34590.0
2253,22532,5174.98353966333,33690.0
2253,22533,5048.373748943218,33590.0
2253,22534,5125.386089316063,33600.0
2253,22535,5074.795818511354,33590.0
2254,22541,2888.0509107230405,118000.0
2254,22542,2887.1727029148656,118000.0
2254,22543,2940.717104620122,118000.0
2254,22544,2886.3820312978446,117000.0
2254,22545,2933.536754874186,117000.0
2255,22551,1998.7559976674559,1663000.0
2255,22552,2352.1189254008073,1663000.0
2255,22553,1682.2803931455965,1663000.0
2255,22554,2017.3703062720651,1663000.0
2255,22555,1813.3296294406089,1663000.0
2256,22561,411.6070265584752,13420000.0
2256,22562,437.35196550917226,13420000.0
2256,22563,455.72147682143975,13420000.0
2256,22564,439.57249026797774,13419000.0
2256,22565,419.1306268506378,13419000.0
2257,22571,6175.214717428764,11201400.0
2257,22572,6630.579391331661,10728400.0
2257,22573,6832.177368040332,10431400.0
2257,22574,6582.668258674273,10144400.0
2257,22575,6312.116676998676,9970700.0
2258,22581,1857.7858711337806,367870.0
2258,22582,1703.7087180523718,364770.0
2258,22583,1765.1427298454469,363970.0
2258,22584,1727.8821797707963,367670.0
2258,22585,1718.887855295409,363270.0
2259,22591,3067.0262410698533,70030.0
2259,22592,3050.0671780035514,70030.0
2259,22593,3103.768244593283,70030.0
2259,22594,3044.506146442268,70030.0
2259,22595,3094.9259932080904,70040.0
2260,22601,1221.6270099802116,30000.0
2260,22602,1198.8700946433019,30000.0
2260,22603,1220.7000912467602,30000.0
2260,22604,1223.2891156379687,30000.0
2260,22605,1204.5654940456675,30000.0
2261,22611,6164.945948771934,618400.0
2261,22612,6186.15143373982,632600.0
2261,22613,6664.209402231676,617400.0
2261,22614,6350.719609140499,681100.0
2261,22615,6764.147781425665,614900.0
2262,22621,3493.560655665691,340230.0
2262,22622,3482.5198555513125,340230.0
2262,22623,3755.82886808656,338240.0
2262,22624,3545.2929615200387,340130.0
2262,22625,3804.79172993492,340180.0
2263,22631,501.8391437569141,7831100.0
2263,22632,537.5115435872818,7831100.0
2263,22633,563.9429560647061,7832100.0
2263,22634,537.0419143352187,7832100.0
2263,22635,505.17331758334103,7831000.0
2264,22641,925.248394849015,35169000.0
2264,22642,923.448916203017,34958000.0
2264,22643,930.8930306746831,34915000.0
2264,22644,943.0333589418153,34891000.0
2264,22645,944.0859310078064,34960000.0
2265,22651,3341.3344570983254,648000.0
2265,22652,3389.188024736275,652000.0
2265,22653,3499.2767766896623,652000.0
2265,22654,3498.352836313913,644000.0
2265,22655,3572.8483855312597,654000.0
2266,22661,515.6334976795692,11559000.0
2266,22662,552.2864461870424,11563000.0
2266,22663,579.444394772551,11565000.0
2266,22664,551.8039079536932,11547000.0
2266,22665,519.059319944293,11584000.0
2267,22671,13246.867408819537,204090.0
2267,22672,12533.924172658179,201990.0
2267,22673,12441.844707570606,209190.0
2267,22674,12783.582169189158,203390.0
2267,22675,12372.295129054493,197290.0
2268,22681,3178.167719942634,566900.0
2268,22682,3144.2516167007457,822500.0
2268,22683,3248.620285388085,890700.0
2268,22684,3249.628887843689,825500.0
2268,22685,3395.0902382810064,931500.0
2269,22691,5176.766844997732,68800.0
2269,22692,5109.815796579585,82400.0
2269,22693,5045.874019295245,40200.0
2269,22694,5210.0917277326525,75400.0
2269,22695,4974.986254598152,59100.0
2270,22701,7236.743011251543,151430.0
2270,22702,7023.392570815844,156800.0
2270,22703,7056.1979431382815,151130.0
2270,22704,7070.25251427345,164500.0
2270,22705,6983.159660318093,151510.0
2271,22711,1752.388080601567,3401.0
2271,22712,1760.8997140375973,3561.0
2271,22713,1735.192934365115,3301.0
2271,22714,1761.1626331800253,3501.0
2271,22715,1738.8921844051795,3201.0
2272,22721,1884.1424600349696,9300.0
2272,22722,1916.931141752501,9300.0
2272,22723,1892.6909329730013,9300.0
2272,22724,1903.202432943404,9300.0
2272,22725,1897.2668393981385,9300.0
2273,22731,607.1334653480214,63550040.0
2273,22732,596.4720023419725,59959410.0
2273,22733,506.8773278827305,43200600.0
2273,22734,614.701396426472,109006210.0
2273,22735,600.0434565102138,89987310.0
2274,22741,3451.74066863063,10731500.0
2274,22742,3783.108716388363,6856500.0
2274,22743,4103.90262993506,5998500.0
2274,22744,3675.5526487447096,11630500.0
2274,22745,3556.524304034699,8648500.0
2275,22751,19059.85775732745,263870.0
2275,22752,18187.552488040987,120870.0
2275,22753,18433.45888238561,323300.0
2275,22754,18439.907936692984,257210.0
2275,22755,18271.829794559566,156630.0
2276,22761,5819.247919382737,-27710.0
2276,22762,5656.680732834337,-26710.0
2276,22763,5756.364003498684,-26110.0
2276,22764,5731.082691945317,-27620.0
2276,22765,5690.574458019064,-28720.0
2277,22771,3457.1578745356987,114800.0
2277,22772,3510.5374802245897,140780.0
2277,22773,3459.1428412346913,125780.0
2277,22774,3528.8815221061645,99900.0
2277,22775,3470.4025418266356,125780.0
2278,22781,2451.468885068284,245570.0
2278,22782,2289.855726137262,246570.0
2278,22783,2291.2421729787925,245570.0
2278,22784,2386.8317351582277,246570.0
2278,22785,2298.0064586017775,245570.0
2279,22791,7614.159032208922,831700.0
2279,22792,7590.8150893779475,833700.0
2279,22793,8189.444186246862,833700.0
2279,22794,7729.119306675138,833700.0
2279,22795,8294.380217566637,832700.0
2280,22801,8838.160205991173,75200.0
2280,22802,8429.034238263803,71200.0
2280,22803,8714.491991281877,71200.0
2280,22804,8490.436016563352,60800.0
2280,22805,8600.906868772629,69200.0
2281,22811,2704.855866754786,223400.0
2281,22812,2774.672612719359,282400.0
2281,22813,2736.389134831946,224400.0
2281,22814,2749.4472878530323,262600.0
2281,22815,2752.0271204416185,366200.0
2282,22821,23362.560324796163,201100.0
2282,22822,21532.283069077792,203000.0
2282,22823,21668.95824973493,203000.0
2282,22824,22341.44333590271,201400.0
2282,22825,21218.17407164275,202100.0
2283,22831,1179.4245417406207,419240.0
2283,22832,1203.2156720578237,412040.0
2283,22833,1189.5011959712892,415140.0
2283,22834,1200.8598317507697,412440.0
2283,22835,1038.5063976572278,671340.0
2284,22841,4.830020378527303,308841200.0
2284,22842,4.850241765939178,409707000.0
2284,22843,4.907012756109313,419160900.0
2284,22844,4.997088221296138,343891600.0
2284,22845,4.856887297759881,461387300.0
2285,22851,1684.2898323619415,15600.0
2285,22852,1683.5454818967307,15600.0
2285,22853,1687.7624334762797,16600.0
2285,22854,1682.035217414362,15600.0
2285,22855,1687.8180647749573,15600.0
2286,22861,4960.138994939611,1500.0
2286,22862,4942.502062531827,1500.0
2286,22863,4968.273354849929,1500.0
2286,22864,4924.299509222289,1500.0
2286,22865,4959.169698140567,1500.0
2287,22871,9860.007492596626,557270.0
2287,22872,9892.808294686885,364260.0
2287,22873,10637.468076557863,383360.0
2287,22874,10156.755716634678,556360.0
2287,22875,10794.51101908652,364270.0
2288,22881,3322.6736936392394,9100.0
2288,22882,3200.776268206906,9100.0
2288,22883,3277.498488245121,9000.0
2288,22884,3266.5225135096252,9100.0
2288,22885,3224.6858492899055,9000.0
2289,22891,2267.207689983115,0.0
2289,22892,2284.1973501359544,0.0
2289,22893,2282.3182646097525,0.0
2289,22894,2306.276937858215,0.0
2289,22895,2288.3689380737933,0.0
2291,22911,6722.389032730473,4505.0
2291,22912,6910.888330510525,515.0
2291,22913,6817.430854048939,520.0
2291,22914,6890.777898730125,1510.0
2291,22915,6851.314384749673,4510.0
2292,22921,6740.848939110506,1001000.0
2292,22922,6758.423980532129,1002000.0
2292,22923,7284.157940542395,1002000.0
2292,22924,6936.221840612478,1002000.0
2292,22925,7394.360317721143,1001000.0
2293,22931,1542.733422739516,358420.0
2293,22932,1547.7612623886068,353030.0
2293,22933,1664.3625246411261,359330.0
2293,22934,1589.1271967999078,357520.0
2293,22935,1689.3752966555355,362810.0
2294,22941,12074.76635583465,414500.0
2294,22942,19656.376319862153,371500.0
2294,22943,13050.444657626445,396500.0
2294,22944,12437.584153021035,390500.0
2294,22945,13251.023754043481,445500.0
2295,22951,6627.495864395137,562400.0
2295,22952,6644.775366634471,553200.0
2295,22953,7161.66866556662,554400.0
2295,22954,6819.583405358494,555300.0
2295,22955,7270.017896590194,575700.0
2296,22961,8257.700710246761,180600.0
2296,22962,8260.84452753624,374600.0
2296,22963,8335.078174911294,259600.0
2296,22964,8495.474378566472,294600.0
2296,22965,7320.358451491712,1018600.0
2297,22971,1944.8171339910034,10006.0
2297,22972,1952.0836837673646,12011.0
2297,22973,1937.377596501866,10006.0
2297,22974,1931.3520107282734,10006.0
2297,22975,1943.4383871944606,12006.0
2298,22981,9862.162566597617,-65170.0
2298,22982,9853.176217508673,-64170.0
2298,22983,9911.730970476146,-64170.0
2298,22984,9879.451791864405,-65070.0
2298,22985,9874.03697730039,-64260.0
2299,22991,8321.018982424788,-51495.0
2299,22992,8365.514328046567,-51490.0
2299,22993,8364.165466006201,-51495.0
2299,22994,8416.008802321005,-51495.0
2299,22995,8413.301503202223,-51490.0
2300,23001,10467.522461833623,18220.0
2300,23002,10319.516464410779,17220.0
2300,23003,10410.128745870363,18220.0
2300,23004,10400.957136384011,18220.0
2300,23005,10297.934201785843,17230.0
2301,23011,652.4521028981184,18589000.0
2301,23012,689.5226658891331,18590000.0
2301,23013,710.1313112428522,18589000.0
2301,23014,685.1332418408167,18589000.0
2301,23015,664.5807308954012,18590000.0
2302,23021,2384.6526435432734,676540.0
2302,23022,2368.359976133107,676540.0
2302,23023,2468.4665003715627,675540.0
2302,23024,2438.2074600472947,676540.0
2302,23025,2547.8281376024706,676540.0
2303,23031,2941.6308668265833,9836000.0
2303,23032,2117.4658339452644,21904000.0
2303,23033,3157.9054703420697,12125000.0
2303,23034,3036.5647037630974,14220000.0
2303,23035,2964.2822006907363,9379000.0
2304,23041,7355.346291270037,1722400.0
2304,23042,8657.265474153166,1721400.0
2304,23043,6204.391176972785,1722400.0
2304,23044,7427.869925302373,1722400.0
2304,23045,6690.506425734608,1722400.0
2305,23051,9150.1367099628,131600.0
2305,23052,9089.738387818517,131600.0
2305,23053,8978.73482370665,131600.0
2305,23054,9333.222861441745,131600.0
2305,23055,9114.307838344186,131600.0
2306,23061,1859.5070145944615,2369400.0
2306,23062,2174.456388454342,2363400.0
2306,23063,1560.313507828137,2376400.0
2306,23064,1849.5409911685103,2359400.0
2306,23065,1678.1916055109934,2362400.0
2307,23071,8716.857159316593,294000.0
2307,23072,8753.690766370573,278900.0
2307,23073,9423.61588992091,282900.0
2307,23074,8994.724083546225,292900.0
2307,23075,9568.407123623223,270500.0
2308,23081,2352.6862520557597,420000.0
2308,23082,2360.3537654742167,420000.0
2308,23083,2538.172034418385,420000.0
2308,23084,2423.437292257536,420000.0
2308,23085,2576.3168000510677,420000.0
2309,23091,4810.709731999708,1598600.0
2309,23092,5595.272425671189,2368700.0
2309,23093,4009.810674989745,2391000.0
2309,23094,4801.419498159155,2427100.0
2309,23095,5277.088760456189,1387700.0
2310,23101,2396.1841470217287,-7950.0
2310,23102,2407.905015899371,-7950.0
2310,23103,2371.9051247467687,-7400.0
2310,23104,2409.7705910186914,-6500.0
2310,23105,2377.9451186549277,-6869.0
2311,23111,3043.963409380146,32800.0
2311,23112,2958.9268936182093,33200.0
2311,23113,3011.069753422986,23100.0
2311,23114,2997.8454693959607,32600.0
2311,23115,2976.6562051545425,32900.0
2312,23121,3659.2374682419554,7165000.0
2312,23122,3935.1133702410866,7156200.0
2312,23123,4083.6854290617366,7159000.0
2312,23124,3929.1151508590083,7159000.0
2312,23125,3734.8884146951905,7155200.0
2313,23131,6632.1007178486325,1377240.0
2313,23132,6656.741493435863,1408950.0
2313,23133,7165.468779735544,1345850.0
2313,23134,6834.645660857537,1395370.0
2313,23135,7276.067923918173,1316470.0
2314,23141,1799.8150195141563,331600.0
2314,23142,1823.2350005700052,332600.0
2314,23143,1824.4444781086768,331600.0
2314,23144,1845.6341663529506,331500.0
2314,23145,1829.2443773059397,332800.0
2315,23151,578.7816809845544,926800.0
2315,23152,576.6928869966785,927800.0
2315,23153,622.2114583736895,927800.0
2315,23154,586.842417139233,927800.0
2315,23155,630.1858171731254,927800.0
2316,23161,1890.1158168863615,-34630.0
2316,23162,1899.2964162998528,-34440.0
2316,23163,1871.569229954525,-34510.0
2316,23164,1899.5799993915011,-34590.0
2316,23165,1875.5592200079507,-34600.0
2317,23171,45.65903788899025,101084000.0
2317,23172,46.066390713952096,92675500.0
2317,23173,46.428737104317214,80692500.0
2317,23174,47.36719716106309,69203600.0
2317,23175,45.916482573244615,140444600.0
2318,23181,2524.2577916003875,210500.0
2318,23182,2493.918019423913,210500.0
2318,23183,2527.9839685849392,210500.0
2318,23184,2548.8425812977553,210500.0
2318,23185,2513.661329754189,210500.0
2319,23191,3514.784176050382,18960.0
2319,23192,3521.1288275489433,17960.0
2319,23193,3533.923879507187,18960.0
2319,23194,3542.7099002592563,18960.0
2319,23195,3526.4021659129985,17960.0
2320,23201,8591.899874956474,13630.0
2320,23202,8194.173507813302,14720.0
2320,23203,8471.677465118668,15730.0
2320,23204,8253.864429792335,13830.0
2320,23205,8361.257199233169,14830.0
2321,23211,1800.7302988419838,760400.0
2321,23212,1805.3972365797254,755600.0
2321,23213,1941.9729217791094,758300.0
2321,23214,1851.9456945640964,758000.0
2321,23215,1970.862592614029,756500.0
2322,23221,367.2479190337016,1372500.0
2322,23222,379.99838375591827,1338000.0
2322,23223,345.33526167670374,1320500.0
2322,23224,357.825532471972,1269350.0
2322,23225,356.350427519972,1259420.0
2323,23231,3346.2465465366377,1060700.0
2323,23232,3394.17046361347,1076300.0
2323,23233,3504.4210568319822,838700.0
2323,23234,3503.495758173244,942700.0
2323,23235,3578.100823155987,1056700.0
2324,23241,11124.410688973221,72800.0
2324,23242,11135.071907741687,72900.0
2324,23243,11115.742962342645,72900.0
2324,23244,11129.117165466485,72900.0
2324,23245,11120.515127665998,72900.0
2325,23251,8501.913775300352,52200.0
2325,23252,7736.799902368839,215300.0
2325,23253,7871.332270006913,38200.0
2325,23254,8235.510796957484,30300.0
2325,23255,7879.737349312638,62200.0
2326,23261,12127.462913279745,552800.0
2326,23262,12172.273460240674,552800.0
2326,23263,13116.43448311318,551800.0
2326,23264,12508.72275004907,551800.0
2326,23265,13315.231058152329,551800.0
2327,23271,5407.729344260946,91250.0
2327,23272,5092.550299735874,79650.0
2327,23273,5255.600837778962,101250.0
2327,23274,5145.391528249478,81950.0
2327,23275,5091.798115007873,84150.0
2328,23281,6451.272830208869,620.0
2328,23282,6478.802781387816,620.0
2328,23283,6389.287310431294,630.0
2328,23284,6479.554998207577,630.0
2328,23285,6400.6987576925585,630.0
2329,23291,1909.473544972861,1059000.0
2329,23292,1903.619367107315,1554000.0
2329,23293,2053.743158702272,1507000.0
2329,23294,1938.3032032302585,1548000.0
2329,23295,2080.058944184549,1073000.0
2330,23301,729.2998286955125,-60000.0
2330,23302,755.0759068331639,-57500.0
2330,23303,748.2349875831613,-59800.0
2330,23304,727.9055339628101,-58500.0
2330,23305,760.9350560212445,-55900.0
2331,23311,4735.375636096352,10539400.0
2331,23312,5188.855900123997,10549800.0
2331,23313,5628.142200595746,10536500.0
2331,23314,5038.8084333839715,10545200.0
2331,23315,4877.791510273636,10564000.0
2332,23321,47.669271642054795,112810750.0
2332,23322,47.253020388321836,112411750.0
2332,23323,47.623316088560294,112810750.0
2332,23324,48.58892185213464,112410750.0
2332,23325,47.951039601971324,110811750.0
2333,23331,7611.589133273216,6382720.0
2333,23332,7981.237599557108,5726870.0
2333,23333,8189.527172191216,6519930.0
2333,23334,7876.736830901221,5031500.0
2333,23335,7842.057050537207,5080210.0
2334,23341,7442.152651527978,559220.0
2334,23342,7471.991297484206,560220.0
2334,23343,8042.812758296794,559220.0
2334,23344,7673.887250353109,559220.0
2334,23345,8166.941918487013,559220.0
2335,23351,5317.534355181743,246800.0
2335,23352,5338.080358438691,247800.0
2335,23353,5747.091041592981,246800.0
2335,23354,5483.732747988766,246800.0
2335,23355,5836.927260823007,246800.0
2336,23361,1893.0743921836881,2800.0
2336,23362,1941.5083984557066,2800.0
2336,23363,1911.7236040993662,2800.0
2336,23364,1948.2666633927906,2800.0
2336,23365,1921.1986216138016,2800.0
2337,23371,5484.345692069274,367200.0
2337,23372,5505.536224546361,368500.0
2337,23373,5927.377594688454,365700.0
2337,23374,5655.757737340186,367800.0
2337,23375,6020.031980916514,363700.0
2338,23381,3517.353492727502,24100.0
2338,23382,3578.564036307604,27500.0
2338,23383,3533.3119469228986,26700.0
2338,23384,3552.935017852479,26000.0
2338,23385,3541.8543373144175,23400.0
2339,23391,13270.593404548024,501400.0
2339,23392,13916.530515290444,500400.0
2339,23393,15087.66631696092,502400.0
2339,23394,13731.080098863324,500400.0
2339,23395,15323.510657882365,502400.0
2340,23401,11411.929998406293,194590.0
2340,23402,11490.000713943731,194590.0
2340,23403,11479.793196261953,194590.0
2340,23404,11506.638066658372,194590.0
2340,23405,11485.09597549171,194590.0
2341,23411,7290.719775876305,737200.0
2341,23412,7309.728465020935,737100.0
2341,23413,7878.348087522429,736100.0
2341,23414,7502.029818501102,737200.0
2341,23415,7997.539996123737,736200.0
2342,23421,3181.6554434758204,860.0
2342,23422,3197.7975555605867,860.0
2342,23423,3151.511442207572,860.0
2342,23424,3199.877806177406,860.0
2342,23425,3158.016060150484,860.0
2343,23431,1085.5070993507043,5710800.0
2343,23432,1177.9968138086667,5710800.0
2343,23433,1235.1520704340032,5709800.0
2343,23434,1178.6359193445367,5710800.0
2343,23435,1108.7095199827859,5709800.0
2344,23441,5527.0744217281135,632700.0
2344,23442,5542.305349322399,635100.0
2344,23443,5973.229847366255,632570.0
2344,23444,5688.46840373861,654950.0
2344,23445,6062.047643524411,654110.0
2345,23451,1770.4223809315943,4200.0
2345,23452,1789.729208174612,3100.0
2345,23453,1785.0977434582655,2100.0
2345,23454,1787.6630833478225,3100.0
2345,23455,1789.7797896915552,3100.0
2346,23461,738.155555595116,8752200.0
2346,23462,785.8083950137827,8747000.0
2346,23463,808.7143083252749,8738860.0
2346,23464,779.8459438576492,8740100.0
2346,23465,752.808971853698,8744500.0
2347,23471,101.02797361170009,369798000.0
2347,23472,100.24943429278072,369192000.0
2347,23473,99.69009113559193,373086000.0
2347,23474,101.98927171548674,369616000.0
2347,23475,101.84393448996636,369803000.0
2348,23481,11867.88509417446,451000.0
2348,23482,11236.958829122505,451000.0
2348,23483,11644.54147360188,451000.0
2348,23484,11280.582639556418,451000.0
2348,23485,11372.18769532527,451000.0
2349,23491,53.04405656812561,64803000.0
2349,23492,53.247325032149845,64652000.0
2349,23493,53.54272913815886,64608000.0
2349,23494,54.707382779270745,64863000.0
2349,23495,53.508557997514686,64653000.0
2350,23501,12345.501185652554,72700.0
2350,23502,11721.379765517622,78600.0
2350,23503,11797.945429268173,82600.0
2350,23504,11935.731637006722,77700.0
2350,23505,11668.840828471104,84600.0
2351,23511,6603.957823450304,170540.0
2351,23512,6607.016209015039,171080.0
2351,23513,6730.29104889071,169530.0
2351,23514,6611.658189593252,170510.0
2351,23515,6712.635277303508,170530.0
2352,23521,7171.617918609404,21810.0
2352,23522,7165.083179224009,800.0
2352,23523,7207.663324579099,-6900.0
2352,23524,7184.190386045919,4700.0
2352,23525,7180.252813440423,10700.0
2353,23531,15042.70029793609,450130.0
2353,23532,14702.06893962055,460930.0
2353,23533,14483.094383266198,435130.0
2353,23534,14824.806226694593,433530.0
2353,23535,14379.67168111051,473930.0
2354,23541,9592.462965848415,511290.0
2354,23542,9316.925010221184,535410.0
2354,23543,9529.117951779233,514330.0
2354,23544,9489.823090034875,515590.0
2354,23545,9406.406696994944,511810.0
2355,23551,476.4939563273115,43993000.0
2355,23552,479.7152234986553,48087000.0
2355,23553,481.75937085244334,46714000.0
2355,23554,487.16243320651745,43857000.0
2355,23555,483.19764218691023,43922000.0
2356,23561,3519.751361511174,2970.0
2356,23562,3528.95084711684,3970.0
2356,23563,3477.680040479039,3970.0
2356,23564,3516.27713802959,3970.0
2356,23565,3496.5969993147214,5970.0
2357,23571,2133.412182515229,2297000.0
2357,23572,2495.484380909977,1954000.0
2357,23573,1790.6252617381658,2078500.0
2357,23574,2123.2095555524775,2121500.0
2357,23575,1925.9000991096968,2501900.0
2358,23581,8551.707322953229,25500.0
2358,23582,8173.269180254842,25500.0
2358,23583,8092.997873398288,26500.0
2358,23584,8224.30562437403,25500.0
2358,23585,8009.781952000068,26500.0
2359,23591,7718.407906628405,75290.0
2359,23592,7482.1155005442,56290.0
2359,23593,7589.471086318692,192190.0
2359,23594,7644.286135499245,56290.0
2359,23595,7535.2328123707675,56380.0
2360,23601,446.7747898260808,32533000.0
2360,23602,446.37712321062355,32533000.0
2360,23603,450.0712193146529,32533000.0
2360,23604,455.19236850308636,32533000.0
2360,23605,454.1534667074262,32533000.0
2361,23611,9065.925266251801,205340.0
2361,23612,8663.747236720945,132480.0
2361,23613,8690.404492402293,188940.0
2361,23614,8773.217617264929,205750.0
2361,23615,8567.269406038433,170260.0
2362,23621,14620.994599657792,44600.0
2362,23622,14195.55710754384,39900.0
2362,23623,14526.956334608918,41400.0
2362,23624,14281.758715150145,47700.0
2362,23625,14274.74035338569,42000.0
2363,23631,2114.382612235655,-2588.0
2363,23632,2133.533880720216,-3598.0
2363,23633,2081.3354000754202,-3588.0
2363,23634,2113.0859237552895,-3588.0
2363,23635,2092.2286483708604,-3598.0
2364,23641,10384.930328093078,1293000.0
2364,23642,10551.936740759516,1307100.0
2364,23643,9617.97944192744,1299000.0
2364,23644,9996.40455708428,1301000.0
2364,23645,10180.173411232076,1313000.0
2365,23651,9204.921367058214,582500.0
2365,23652,9237.696485962162,582500.0
2365,23653,9949.304679337376,583500.0
2365,23654,9486.3817470213,583500.0
2365,23655,10100.045377993607,582500.0
2366,23661,3258.7455957221127,1140400.0
2366,23662,3246.771440241208,1368200.0
2366,23663,3565.8813596337945,1206400.0
2366,23664,3326.9666496564832,1086340.0
2366,23665,3608.4486550463066,1326290.0
2367,23671,678.8693074694265,147616100.0
2367,23672,671.8323703623448,146160000.0
2367,23673,619.9533487808426,151448000.0
2367,23674,691.5135947966958,144448000.0
2367,23675,671.7729155681716,151897000.0
2368,23681,8274.045329431206,1100.0
2368,23682,8182.677583722019,1100.0
2368,23683,8269.090051755,1000.0
2368,23684,8060.521259658342,1100.0
2368,23685,8160.3406951049155,1100.0
2369,23691,9510.488416709739,250840.0
2369,23692,9508.549858694576,279350.0
2369,23693,9516.505910541438,260300.0
2369,23694,9436.480324137834,241430.0
2369,23695,9496.57439843085,259520.0
2370,23701,4746.699231604415,154700.0
2370,23702,4574.140822105411,158700.0
2370,23703,4523.932078906588,161700.0
2370,23704,4593.7583770018455,157700.0
2370,23705,4492.142047708205,154700.0
2371,23711,5258.319776299687,20100.0
2371,23712,5144.274593431157,20000.0
2371,23713,5182.141141105437,19190.0
2371,23714,5180.590624060266,21100.0
2371,23715,5121.866029194788,19200.0
2372,23721,12732.288243099483,79500.0
2372,23722,12343.039247049812,79500.0
2372,23723,12589.447501739,80200.0
2372,23724,12462.352682005157,80000.0
2372,23725,12424.677569695967,80500.0
2373,23731,564.4196393818261,1165300.0
2373,23732,557.9601296044517,1193300.0
2373,23733,575.7743997733255,1421300.0
2373,23734,572.0877316453314,1173300.0
2373,23735,596.9143638686886,1290300.0
2374,23741,8714.297301183464,463000.0
2374,23742,8749.236497421796,434000.0
2374,23743,9417.632880610121,431400.0
2374,23744,8985.644085331742,456100.0
2374,23745,9562.980397154508,447000.0
2375,23751,2480.9477511192827,740300.0
2375,23752,2488.61460224599,740300.0
2375,23753,2678.444949644004,739400.0
2375,23754,2556.009271702231,740300.0
2375,23755,2717.42548538271,739400.0
2376,23761,6259.687545418914,18200.0
2376,23762,6266.039895147768,15900.0
2376,23763,6233.141378365253,17500.0
2376,23764,6178.158993962209,17600.0
2376,23765,6242.148202904637,17500.0
2377,23771,2402.875956345599,961140.0
2377,23772,2386.45878175599,1034000.0
2377,23773,2487.3303115434474,1060110.0
2377,23774,2456.840034205091,943210.0
2377,23775,2567.2984236601965,1001220.0
2378,23781,2815.157165846715,3947300.0
2378,23782,1552.2646175289021,2733000.0
2378,23783,1398.513822281366,1996800.0
2378,23784,1444.649688081398,2588600.0
2378,23785,1265.573829966403,907500.0
2379,23791,5484.345692069274,811700.0
2379,23792,5505.536224546361,805100.0
2379,23793,5927.377594688454,815500.0
2379,23794,5655.757737340186,805500.0
2379,23795,6020.031980916514,817500.0
2380,23801,4789.876226556108,2003600.0
2380,23802,5636.772726031552,2704000.0
2380,23803,4039.551558853913,2382900.0
2380,23804,4837.031767977421,1967180.0
2380,23805,4355.3153815340465,2712840.0
2381,23811,1918.5354893001427,292070.0
2381,23812,1792.1410076707264,291970.0
2381,23813,1866.7597695755096,292960.0
2381,23814,1792.8314104418855,292070.0
2381,23815,1824.390695952524,292960.0
2382,23821,13270.593404548024,1260600.0
2382,23822,13334.400658353105,1262600.0
2382,23823,14252.87649414149,1260600.0
2382,23824,13696.578784344578,1259700.0
2382,23825,14498.003684961335,1260700.0
2383,23831,5105.6430058001715,266900.0
2383,23832,4862.376422637532,265800.0
2383,23833,4897.162808964338,269700.0
2383,23834,4968.2902363688245,263000.0
2383,23835,4850.60438970138,266600.0
2384,23841,14051.505045101798,13140.0
2384,23842,13133.07114289212,6250.0
2384,23843,13156.736752017556,7170.0
2384,23844,13696.716497375834,2040.0
2384,23845,13203.419718438197,1140.0
2385,23851,48.42459254799416,71434800.0
2385,23852,49.214408058353314,65600400.0
2385,23853,49.565934354916024,68744700.0
2385,23854,50.5418840460285,68816400.0
2385,23855,48.7579698617712,65433200.0
2386,23861,1864.5396625646881,1621400.0
2386,23862,1893.0443417578813,1621400.0
2386,23863,1723.3757520907202,1620400.0
2386,23864,1779.161719802128,1619400.0
2386,23865,1809.5001271655588,1619400.0
2387,23871,11591.423489891302,277000.0
2387,23872,10854.73931987814,263000.0
2387,23873,11025.298831729455,282000.0
2387,23874,11314.821149447229,263000.0
2387,23875,10863.535104507766,274000.0
2388,23881,10447.648041444087,41720.0
2388,23882,10073.91005622321,40710.0
2388,23883,9975.246308218395,40720.0
2388,23884,10122.625568791289,40710.0
2388,23885,9911.035377566517,39710.0
2389,23891,51.639425622623904,37331000.0
2389,23892,50.5347694479334,37331000.0
2389,23893,51.96338830165356,37332000.0
2389,23894,51.40843586358902,37331000.0
2389,23895,51.50843855050107,37331000.0
2390,23901,84.89034621245851,28283000.0
2390,23902,83.71159485058618,27190000.0
2390,23903,82.97478788158955,27863000.0
2390,23904,84.05676138132303,28123000.0
2390,23905,86.25078809544863,26273000.0
2391,23911,595.4181565223433,8719700.0
2391,23912,648.5421916710884,8718700.0
2391,23913,704.431040532881,8719700.0
2391,23914,624.7527798204338,8718700.0
2391,23915,608.8185988674138,8719700.0
2392,23921,1652.8138400149903,22701.0
2392,23922,1690.4916216175657,22701.0
2392,23923,1640.6384922491488,23601.0
2392,23924,1680.1424416247905,22701.0
2392,23925,1648.056822001084,23701.0
2393,23931,396.96293799256915,9127000.0
2393,23932,420.97633944542366,7517000.0
2393,23933,437.6537370001797,7986000.0
2393,23934,421.90449689187255,7395000.0
2393,23935,403.9846516525471,8902000.0
2394,23941,3322.204616704736,1072500.0
2394,23942,3369.784212633795,1072500.0
2394,23943,3479.2426833983213,1072500.0
2394,23944,3478.3240327749613,1072600.0
2394,23945,3552.393079352462,1074800.0
2395,23951,3198.4196247871296,13854590.0
2395,23952,3414.40891950511,13853060.0
2395,23953,3517.8927805300227,13854010.0
2395,23954,3380.776902987237,13856090.0
2395,23955,3226.1677245460533,13852940.0
2396,23961,4761.719598868265,731500.0
2396,23962,4780.118033152323,720500.0
2396,23963,5146.376914813219,638600.0
2396,23964,4910.546120987192,765600.0
2396,23965,5226.8230120498065,765600.0
2397,23971,1858.797999044908,12050.0
2397,23972,1872.025475051803,150.0
2397,23973,1846.7738455085687,550.0
2397,23974,1885.4717902841028,650.0
2397,23975,1846.7109930508748,150.0
2398,23981,6092.117588082407,70900.0
2398,23982,6090.662928457796,70900.0
2398,23983,6077.3594278827095,70900.0
2398,23984,6084.706883265803,70900.0
2398,23985,6074.93950889374,70900.0
2399,23991,2888.0509107230405,244300.0
2399,23992,2887.1727029148656,250900.0
2399,23993,2940.717104620122,253420.0
2399,23994,2886.3820312978446,248800.0
2399,23995,2933.536754874186,253200.0
2400,24001,7935.835921215609,266000.0
2400,24002,7513.947161920541,264000.0
2400,24003,7786.490160547243,264000.0
2400,24004,7543.117599543979,264000.0
2400,24005,7604.372211159006,265000.0
2401,24011,6436.588325334764,3911200.0
2401,24012,6777.167192791278,4112600.0
2401,24013,6967.031405524198,3697600.0
2401,24014,6709.1873912241645,4680000.0
2401,24015,6577.254263313238,3576600.0
2402,24021,16057.426106209668,356300.0
2402,24022,14994.228949151666,359400.0
2402,24023,15037.796059075674,357300.0
2402,24024,15663.330630681503,360500.0
2402,24025,14906.207025129206,384000.0
2403,24031,11075.444316388643,2653651.0
2403,24032,13042.58057064078,2653651.0
2403,24033,9342.765965710141,2653651.0
2403,24034,11194.622010129366,2653651.0
2403,24035,10074.331956608916,2653651.0
2404,24041,21372.118298125664,34800.0
2404,24042,21690.286513568455,35100.0
2404,24043,21074.338212128667,36900.0
2404,24044,21610.83598954027,38300.0
2404,24045,21029.00276750775,40300.0
2405,24051,9154.07649962373,267500.0
2405,24052,8673.736559684052,264500.0
2405,24053,8838.371098186206,261500.0
2405,24054,8720.984726750588,267500.0
2405,24055,8757.670159076544,258500.0
2406,24061,8181.875496064889,589200.0
2406,24062,8222.489861180857,604150.0
2406,24063,8788.966997240645,555100.0
2406,24064,9907.66322635833,527900.0
2406,24065,8936.837205578555,611000.0
2407,24071,6438.88212657421,759400.0
2407,24072,6420.0817081524965,745400.0
2407,24073,7050.288392570113,760400.0
2407,24074,6583.852520241325,742400.0
2407,24075,7134.382949684946,760400.0
2408,24081,8151.983399257112,30450.0
2408,24082,8102.712702911011,30290.0
2408,24083,8249.29464015396,30350.0
2408,24084,8084.9165116471395,30050.0
2408,24085,8226.153934591352,30260.0
2409,24091,6484.435839923484,59500.0
2409,24092,6478.52725712444,63530.0
2409,24093,6517.027386905926,89630.0
2409,24094,6495.803617650468,64850.0
2409,24095,6492.243341961613,58710.0
2410,24101,3152.303712562346,3747200.0
2410,24102,3457.7509086089703,3741300.0
2410,24103,3749.2528411193102,3751200.0
2410,24104,3361.2151549663868,3758500.0
2410,24105,3248.667522301518,3742200.0
2411,24111,14279.472861640399,11400.0
2411,24112,14226.493343495928,11400.0
2411,24113,14300.49344048209,11400.0
2411,24114,14175.109410273228,11400.0
2411,24115,14279.538800405728,11400.0
2412,24121,2815.5069121397946,183000.0
2412,24122,2673.17018996228,183000.0
2412,24123,2690.6317050745847,183000.0
2412,24124,2722.0551373396315,182000.0
2412,24125,2661.188194400783,183000.0
2413,24131,10845.059592613436,-1000.0
2413,24132,10646.491049884504,-1000.0
2413,24133,10564.610216510073,-1000.0
2413,24134,10933.124528208882,-1000.0
2413,24135,10540.256917360102,-1000.0
2414,24141,13270.593404548024,615700.0
2414,24142,13916.530515290444,615700.0
2414,24143,15087.66631696092,615700.0
2414,24144,13731.080098863324,615700.0
2414,24145,15323.510657882365,615700.0
2415,24151,4248.935348846435,264050.0
2415,24152,3973.2523157103105,263850.0
2415,24153,4090.4820332185277,263350.0
2415,24154,4091.6635637178783,263650.0
2415,24155,4040.2506105781404,263450.0
2416,24161,7283.356117816633,540500.0
2416,24162,7312.190605723595,542700.0
2416,24163,7875.248995214577,533700.0
2416,24164,7513.144627013293,538400.0
2416,24165,7996.591615227854,543200.0
2417,24171,5233.791453461415,7100.0
2417,24172,5220.539656216744,7100.0
2417,24173,5242.068884571172,7200.0
2417,24174,5200.537420169582,7100.0
2417,24175,5234.6582134766095,7100.0
2418,24181,571.1846084615761,1813600.0
2418,24182,611.8367598553402,1812100.0
2418,24183,560.5755699779374,1819100.0
2418,24184,574.6886143687192,1819700.0
2418,24185,562.2850183328592,1818700.0
2419,24191,2079.8112945911935,430420.0
2419,24192,2086.2385172362815,429870.0
2419,24193,2245.375806764623,430800.0
2419,24194,2142.7363595092957,430100.0
2419,24195,2278.053705145192,432100.0
2420,24201,530.5957093618431,62125130.0
2420,24202,533.4454076219876,61632130.0
2420,24203,539.6085488273195,60165130.0
2420,24204,551.1483950085412,62453130.0
2420,24205,535.138833622646,56453130.0
2421,24211,14286.765166679465,5420.0
2421,24212,14235.965237115457,7230.0
2421,24213,14310.19468950907,8530.0
2421,24214,14183.536140908142,7060.0
2421,24215,14283.97328609731,5130.0
2422,24221,678.8693074694265,55284600.0
2422,24222,671.8323703623448,55249600.0
2422,24223,619.9533487808426,55211600.0
2422,24224,691.5135947966958,55291700.0
2422,24225,671.7729155681716,55225700.0
2423,24231,10107.178928241672,716890.0
2423,24232,10153.590018536057,721120.0
2423,24233,10851.602344322702,721350.0
2423,24234,10424.149581808515,722630.0
2423,24235,11038.981196058221,713020.0
2424,24241,2772.077722498553,9021400.0
2424,24242,2937.7621667607705,9261400.0
2424,24243,3028.972654192178,9001400.0
2424,24244,2912.4062422174384,8989400.0
2424,24245,2792.6667837104096,9270400.0
2425,24251,13270.593404548024,1091080.0
2425,24252,13916.530515290444,1111860.0
2425,24253,15087.66631696092,1104780.0
2425,24254,13731.080098863324,1072750.0
2425,24255,15323.510657882365,1055130.0
2426,24261,10423.414040664838,287100.0
2426,24262,10460.667607216037,290500.0
2426,24263,11274.636330724288,288100.0
2426,24264,10746.47794215311,288400.0
2426,24265,11443.775072823953,287100.0
2427,24271,3645.446434855864,4138400.0
2427,24272,3920.2826082755005,4189400.0
2427,24273,4068.294724692517,3968000.0
2427,24274,3914.3069951452644,4093400.0
2427,24275,3720.812265970924,4094400.0
2428,24281,10123.895786029823,758205.0
2428,24282,10158.438916088118,901210.0
2428,24283,10941.3562416151,721210.0
2428,24284,10431.25404660503,906205.0
2428,24285,11109.970088316815,818205.0
2429,24291,7502.223021247332,3327000.0
2429,24292,7788.225925210112,3253500.0
2429,24293,8071.857033870479,3334400.0
2429,24294,7763.560979240889,3368800.0
2429,24295,7655.7521986622305,3274200.0
2430,24301,476.25392743339046,54454000.0
2430,24302,471.90462351193435,54448000.0
2430,24303,477.3478422128311,54431500.0
2430,24304,486.57454895881,54447000.0
2430,24305,400.67958919257273,46927570.0
2431,24311,99.04317776321537,22190500.0
2431,24312,96.97226663235003,24620000.0
2431,24313,97.17078095303336,22532000.0
2431,24314,98.47942229835868,22219500.0
2431,24315,101.10652655372236,22406600.0
2432,24321,5617.5982864294365,27680.0
2432,24322,5583.6454474933,36320.0
2432,24323,5684.656256660617,28820.0
2432,24324,5571.381946863747,27940.0
2432,24325,5668.709807612754,28890.0
2433,24331,7338.250721261951,2683330.0
2433,24332,7618.502535420904,2698700.0
2433,24333,7005.381197663123,2688170.0
2433,24334,7189.083724561438,2714820.0
2433,24335,7192.783226658864,2684671.0
2434,24341,2697.9748343349975,62780.0
2434,24342,2551.99018204926,66200.0
2434,24343,2641.4982992642063,65700.0
2434,24344,2575.585644882306,64200.0
2434,24345,2598.5218191037966,70700.0
2435,24351,18396.746050782862,285000.0
2435,24352,17431.417446255495,276100.0
2435,24353,17762.279854510045,284000.0
2435,24354,17526.37104762901,284000.0
2435,24355,17600.096953490905,271700.0
2436,24361,199.61938657315218,21288800.0
2436,24362,203.10461512562503,21288100.0
2436,24363,203.67736488763578,21287800.0
2436,24364,206.64474566584528,21288100.0
2436,24365,202.6673442227359,21288800.0
2437,24371,2124.266211720763,319550.0
2437,24372,1984.2238987313133,430200.0
2437,24373,1985.4252936165383,357200.0
2437,24374,2068.2563172398714,378150.0
2437,24375,1991.286735906449,334200.0
2438,24381,492.62324360117384,25136000.0
2438,24382,487.27556107425664,28676000.0
2438,24383,489.337699207685,27596000.0
2438,24384,494.8563060345488,25966000.0
2438,24385,499.68920209563737,25136000.0
2439,24391,3919.828188506519,160770.0
2439,24392,3762.4446531985755,167880.0
2439,24393,3809.556839845857,159780.0
2439,24394,3794.096728899701,161780.0
2439,24395,3769.8583079536993,169280.0
2440,24401,3557.874752664112,-44700.0
2440,24402,3449.104109940438,-44700.0
2440,24403,3517.959738360713,-45700.0
2440,24404,3482.4447200315817,-45800.0
2440,24405,3471.9168927997976,-45700.0
2441,24411,7836.629678993018,-52870.0
2441,24412,7951.387910537745,-53480.0
2441,24413,7868.901517675307,-54570.0
2441,24414,7867.275031071976,-54070.0
2441,24415,7874.68914842382,-52770.0
2442,24421,11496.688342171688,29731.0
2442,24422,11162.161014186511,36231.0
2442,24423,11422.744766162796,28231.0
2442,24424,11229.942519096376,28331.0
2442,24425,11224.42388509863,30931.0
2443,24431,632.335582163153,1499000.0
2443,24432,2148.5240931638446,1616000.0
2443,24433,1948.2510587461597,1717000.0
2443,24434,656.6370886543956,1419000.0
2443,24435,678.0631480863146,1476000.0
2444,24441,7532.433053638696,13210.0
2444,24442,7833.063805293976,11340.0
2444,24443,7717.970778015535,13980.0
2444,24444,7539.985626933607,11410.0
2444,24445,7862.286390185893,15310.0
2445,24451,8413.580755480521,980500.0
2445,24452,8442.288223478517,931000.0
2445,24453,9092.940727455878,912900.0
2445,24454,8669.014394947846,897900.0
2445,24455,9233.069216102976,874500.0
2446,24461,10794.508123800882,27900.0
2446,24462,10480.412633682789,38400.0
2446,24463,10725.080780188984,29100.0
2446,24464,10544.054265395907,30000.0
2446,24465,10538.872691559347,24500.0
2447,24471,5085.698498700027,250.0
2447,24472,5127.162011175895,200.0
2447,24473,5121.703854095162,700.0
2447,24474,5182.64887703805,200.0
2447,24475,5136.742822079979,250.0
2448,24481,6058.411419955684,-7110.0
2448,24482,5920.383993007707,-7010.0
2448,24483,5921.928262944186,-7010.0
2448,24484,6004.536533050383,-7110.0
2448,24485,5866.5337534581495,-7110.0
2449,24491,2333.27490613198,-11429.0
2449,24492,2354.408817240137,-11429.0
2449,24493,2296.8064682982217,-11429.0
2449,24494,2331.84397746524,-11429.0
2449,24495,2308.8274444200124,-11429.0
2450,24501,10683.797137509751,365000.0
2450,24502,9976.399658732491,391000.0
2450,24503,10005.38700460082,377000.0
2450,24504,10421.585990747872,376000.0
2450,24505,9917.834333649316,373000.0
2451,24511,3092.569914785495,22800.0
2451,24512,3126.2950380808184,22800.0
2451,24513,3118.2048057173824,22800.0
2451,24514,3122.685935785038,22800.0
2451,24515,3126.383393763185,22800.0
2452,24521,2636.9050588351424,438300.0
2452,24522,2627.4097422982886,440800.0
2452,24523,2835.261636515791,437600.0
2452,24524,2673.990111900756,439100.0
2452,24525,2870.6723405814982,439400.0
2453,24531,10627.71649058833,43000.0
2453,24532,10019.83298217133,43000.0
2453,24533,10102.69759034055,43000.0
2453,24534,10111.093917649807,43000.0
2453,24535,9966.612539068274,43000.0
2454,24541,2444.2926396259654,84650.0
2454,24542,2312.0344708175294,84550.0
2454,24543,2393.1264177515714,84550.0
2454,24544,2333.411325559616,84550.0
2454,24545,2354.1908825507717,84650.0
2455,24551,120.37981360455532,13489550.0
2455,24552,128.82679005275878,13455330.0
2455,24553,135.31951191991564,13468202.0
2455,24554,129.37807976673992,13557020.0
2455,24555,122.59327366135157,13485940.0
2456,24561,15694.258753703034,291700.0
2456,24562,15340.209829049214,291600.0
2456,24563,15628.193592964715,291700.0
2456,24564,15458.395223624688,291600.0
2456,24565,15474.384224262054,291600.0
2457,24571,44.25210433392331,424895200.0
2457,24572,44.64690502496627,419459300.0
2457,24573,44.998086105707436,427191200.0
2457,24574,45.90762853726953,420411100.0
2457,24575,44.501616140447474,420270200.0
2458,24581,1561.5023336322452,170.0
2458,24582,1579.941889013529,170.0
2458,24583,1563.7581841715266,170.0
2458,24584,1579.918821321409,160.0
2458,24585,1572.6227301081026,160.0
2459,24591,256.6431613457744,632450.0
2459,24592,268.0691476717285,631750.0
2459,24593,275.1505909680795,632050.0
2459,24594,274.64071791979757,637950.0
2459,24595,275.4534471691422,631950.0
2460,24601,2125.1887678557155,22242810.0
2460,24602,3090.883479879949,12309560.0
2460,24603,3186.7553785077766,8660360.0
2460,24604,3064.3060702053613,8932320.0
2460,24605,2991.3632105785673,12359910.0
2461,24611,1433.2510284723267,3853500.0
2461,24612,1549.3573772946916,3853500.0
2461,24613,1610.3862495710305,3852500.0
2461,24614,1556.2547577118594,3854500.0
2461,24615,1463.6487893334602,3853500.0
2462,24621,3836.25958406282,1313800.0
2462,24622,3848.885236165194,1313900.0
2462,24623,4146.46680644057,1313900.0
2462,24624,3951.0269668124856,1313900.0
2462,24625,4209.725539694108,1313800.0
2463,24631,1925.9531656182328,136800.0
2463,24632,1970.3082781081805,138030.0
2463,24633,1947.5933001770131,137300.0
2463,24634,1945.6770340629143,137300.0
2463,24635,1955.4365052733106,137100.0
2464,24641,21293.527907624455,-380400.0
2464,24642,20620.715759278257,-382470.0
2464,24643,20324.922411239422,-364740.0
2464,24644,20964.320563590692,-374600.0
2464,24645,20287.389431587297,-379790.0
2465,24651,11008.07732638353,87000.0
2465,24652,10150.36847571876,87100.0
2465,24653,10221.305042944154,87000.0
2465,24654,10549.126764081211,87000.0
2465,24655,10264.844680924756,87000.0
2466,24661,19489.467598802225,148800.0
2466,24662,19417.519672575057,152500.0
2466,24663,19137.284977322466,156900.0
2466,24664,19707.62172968376,139800.0
2466,24665,19111.573562892565,149500.0
2467,24671,8696.913330083506,1406740.0
2467,24672,8732.396214129083,1401450.0
2467,24673,9402.669623297666,1400090.0
2467,24674,8975.159908584974,1408530.0
2467,24675,9549.001072473851,1400880.0
2468,24681,353.82736587205613,2095400.0
2468,24682,372.6320438183038,2118400.0
2468,24683,338.650717182998,2332400.0
2468,24684,350.87755396038307,3024400.0
2468,24685,343.23510867855583,3014400.0
2469,24691,1462.5777882652305,4271600.0
2469,24692,1581.0598709504725,4103300.0
2469,24693,1643.3374980102549,4198800.0
2469,24694,1588.098383531285,4210800.0
2469,24695,1493.5975391429822,4523300.0
2470,24701,2.7548820810742565,833019800.0
2470,24702,2.7610664684558275,823724350.0
2470,24703,2.7869886617632846,721003600.0
2470,24704,2.8365310103063397,800417200.0
2470,24705,2.7686009556463618,944263400.0
2471,24711,2900.057151489509,103860.0
2471,24712,2682.53255707958,90110.0
2471,24713,2806.7017221835204,103601.0
2471,24714,2779.5560030213164,212990.0
2471,24715,2767.0130086088398,100680.0
2472,24721,558.9949271734037,5272000.0
2472,24722,603.1148038476371,5271000.0
2472,24723,632.3182506835537,5271000.0
2472,24724,601.8469113650989,5271000.0
2472,24725,563.4060687894918,5272000.0
2473,24731,15375.787163131385,463280.0
2473,24732,14568.976701937692,460280.0
2473,24733,14845.507668640179,458870.0
2473,24734,14648.337821619501,463280.0
2473,24735,14709.957079384563,457280.0
2474,24741,10939.943066847756,-13300.0
2474,24742,11306.328540718996,-13700.0
2474,24743,10963.144858710186,-14500.0
2474,24744,11285.234457141223,-9900.0
2474,24745,11040.757656918695,-10400.0
2475,24751,2812.804768556455,8160.0
2475,24752,2858.553534808291,12500.0
2475,24753,2802.5133525247593,12760.0
2475,24754,2858.2438947189394,11910.0
2475,24755,2815.761453179697,11300.0
2476,24761,13776.65907814341,198550.0
2476,24762,13258.275510744934,193550.0
2476,24763,13276.146388148185,202850.0
2476,24764,13547.925969167187,195050.0
2476,24765,13121.563192783604,192550.0
2477,24771,59.14887953081175,71306000.0
2477,24772,58.336613504965484,64721900.0
2477,24773,58.65854662203988,66413800.0
2477,24774,59.93817924533312,69363000.0
2477,24775,59.68300691355084,64664000.0
2478,24781,3733.4892020304587,10936250.0
2478,24782,3957.2242331224306,9702250.0
2478,24783,4121.785032478112,10390250.0
2478,24784,3962.803598242842,9676250.0
2478,24785,3783.696189505813,11034250.0
2479,24791,1470.3922539585913,1913500.0
2479,24792,1589.507379329049,1914500.0
2479,24793,1652.1177520274075,1855500.0
2479,24794,1596.5834982618367,1775500.0
2479,24795,1501.5777415109972,1997500.0
2480,24801,2142.368608929471,1.0
2480,24802,2133.459944950426,1.0
2480,24803,2102.758319616947,1.0
2480,24804,2164.1959491837542,1.0
2480,24805,2107.0454165827773,1.0
2481,24811,4355.690837924115,158280.0
2481,24812,4354.366345447317,157710.0
2481,24813,4435.120759804688,162920.0
2481,24814,4353.173873006723,159720.0
2481,24815,4424.291524251622,159730.0
2482,24821,4843.138746128462,134800.0
2482,24822,4506.323816184429,134700.0
2482,24823,4673.618802802587,134800.0
2482,24824,4692.071141110065,134700.0
2482,24825,4592.886253560648,134700.0
2483,24831,3209.9663153942683,2023000.0
2483,24832,6538.763543410596,3543000.0
2483,24833,1037.7067260024724,1283000.0
2483,24834,3170.7315479491267,1946000.0
2483,24835,1057.7829316368266,1568000.0
2484,24841,8951.055814016878,67740.0
2484,24842,8687.16476561073,19050.0
2484,24843,8727.741405986262,49590.0
2484,24844,8745.125365935844,103510.0
2484,24845,8637.401076770904,95475.0
2485,24851,101.02797361170009,63471000.0
2485,24852,82.73558612651645,50720000.0
2485,24853,99.69009113559193,60657000.0
2485,24854,101.98927171548674,66589000.0
2485,24855,101.84393448996636,63965000.0
2486,24861,37.36791632807066,35356000.0
2486,24862,37.466518192739144,33957000.0
2486,24863,37.63886265457244,37406000.0
2486,24864,38.023431921966996,35356000.0
2486,24865,37.8749421319077,37407000.0
2487,24871,1440.9024872425273,60200.0
2487,24872,1429.6346242397235,53200.0
2487,24873,1444.1668291869291,61200.0
2487,24874,1473.1028326133476,55800.0
2487,24875,1448.0336884203314,54500.0
2488,24881,160.91758093118804,11484000.0
2488,24882,171.54335871205134,11478000.0
2488,24883,178.6200803293564,11478000.0
2488,24884,172.95055327847598,11466470.0
2488,24885,163.84982365380878,11484500.0
2489,24891,2846.2986032192744,-66920.0
2489,24892,2856.9334182449106,-66930.0
2489,24893,2835.410615452284,-66870.0
2489,24894,2826.591988718078,-67980.0
2489,24895,2844.280765648532,-66880.0
2490,24901,1664.4959602846452,13660.0
2490,24902,1702.440049178167,12740.0
2490,24903,1652.2345569247111,12640.0
2490,24904,1692.0177209805308,14200.0
2490,24905,1659.705319575176,13870.0
2491,24911,2712.8880175248655,38050.0
2491,24912,2578.946279443849,38090.0
2491,24913,2546.744758178058,38080.0
2491,24914,2643.2095909938644,38120.0
2491,24915,2520.91960506033,38050.0
2492,24921,1383.1053007962696,4687800.0
2492,24922,1515.701135689032,4875400.0
2492,24923,1644.6021301568096,4377100.0
2492,24924,1472.152785943131,4545000.0
2492,24925,1425.0281359069147,4438000.0
2493,24931,8310.45996287723,230500.0
2493,24932,8117.382203825591,229500.0
2493,24933,7986.930162519598,230500.0
2493,24934,8180.69270362892,232500.0
2493,24935,7925.186716822835,233500.0
2494,24941,10658.653123398773,100440.0
2494,24942,10049.014706790036,62125.0
2494,24943,10315.541561736125,105535.0
2494,24944,10215.772216091842,59225.0
2494,24945,10169.672632674097,56335.0
2495,24951,7611.21080791111,322200.0
2495,24952,7642.451473203275,322200.0
2495,24953,8229.209357504771,321200.0
2495,24954,7850.454810466055,322200.0
2495,24955,8354.376418267206,321200.0
2496,24961,9128.00096899464,1260910.0
2496,24962,9158.36664097699,1259910.0
2496,24963,9847.742913316883,1259900.0
2496,24964,9402.718617901159,1260000.0
2496,24965,9993.126994683118,1259900.0
2497,24971,4446.943991777376,2816000.0
2497,24972,4590.1482560535,2935000.0
2497,24973,4154.055229774336,3196000.0
2497,24974,4290.1874808140665,2985000.0
2497,24975,4379.174471253661,2925000.0
2498,24981,3231.3070575095217,75660.0
2498,24982,3374.827794969465,109170.0
2498,24983,3228.6136444982767,68920.0
2498,24984,3233.085716134098,55740.0
2498,24985,3230.360724992649,78050.0
2499,24991,857.4547621905136,1076300.0
2499,24992,1002.9531657526046,1076300.0
2499,24993,719.6524816024792,1076300.0
2499,24994,853.8179715080457,1076300.0
2499,24995,774.2883290959488,1076300.0
2500,25001,13270.593404548024,714900.0
2500,25002,13916.530515290444,715900.0
2500,25003,15087.66631696092,731900.0
2500,25004,13731.080098863324,744800.0
2500,25005,15323.510657882365,756900.0
2501,25011,314.82399047495403,897730.0
2501,25012,325.1901238507635,885730.0
2501,25013,334.7553215030068,897730.0
2501,25014,333.64392796065283,891730.0
2501,25015,333.21827298517826,889730.0
2502,25021,515.6334976795692,6399500.0
2502,25022,552.2864461870424,6399400.0
2502,25023,579.444394772551,6399400.0
2502,25024,551.8039079536932,6401500.0
2502,25025,519.059319944293,6400500.0
2503,25031,1527.4221968492573,900.0
2503,25032,1541.2570025328937,900.0
2503,25033,1503.5490127313853,900.0
2503,25034,1526.4854738759198,900.0
2503,25035,1511.418255103111,900.0
2504,25041,4582.268708215106,81000.0
2504,25042,4370.151584748108,121850.0
2504,25043,4518.151179537692,113000.0
2504,25044,4401.986201995716,69320.0
2504,25045,4459.261372104678,137890.0
2505,25051,13270.593404548024,808000.0
2505,25052,13916.530515290444,961700.0
2505,25053,15087.66631696092,919300.0
2505,25054,13056.377149239639,1363500.0
2505,25055,15323.510657882365,834000.0
2506,25061,6369.07799672975,50000.0
2506,25062,6375.541356217267,50000.0
2506,25063,6342.0679251803,50000.0
2506,25064,6286.124702428638,50000.0
2506,25065,6351.232147448262,50000.0
2507,25071,1925.1537316169997,13360.0
2507,25072,1956.4653281597625,13350.0
2507,25073,1918.1100298291888,13250.0
2507,25074,1956.2534027605525,13320.0
2507,25075,1927.1773603093575,13380.0
2508,25081,8758.112964537995,815200.0
2508,25082,10189.986306382594,1370200.0
2508,25083,7290.335842720393,1370200.0
2508,25084,9027.955105807181,786200.0
2508,25085,9593.224692929643,848300.0
2509,25091,2065.2403263828082,1754000.0
2509,25092,2153.8651057620905,1775000.0
2509,25093,1953.094212929266,1837000.0
2509,25094,658.2694217402282,1524000.0
2509,25095,2032.2175456646303,1659000.0
2510,25101,53.61260756443714,164926300.0
2510,25102,53.81805475488649,166418400.0
2510,25103,54.116625140204675,164552400.0
2510,25104,55.29376208351579,164925900.0
2510,25105,54.082087737300114,164724700.0
2511,25111,2899.839250071092,12860.0
2511,25112,2947.0035856490226,12860.0
2511,25113,2889.2293945698716,4660.0
2511,25114,2946.684364601572,8860.0
2511,25115,2902.8874211409097,8860.0
2512,25121,44.98350216024359,72436000.0
2512,25122,45.47275545008585,79739000.0
2512,25123,45.935602289336956,83073000.0
2512,25124,46.890809189935275,79141000.0
2512,25125,45.26336446919539,98576000.0
2513,25131,4360.30459385461,134050.0
2513,25132,4472.851174209948,177750.0
2513,25133,4411.1371189240745,128350.0
2513,25134,4432.1872330188435,137750.0
2513,25135,4436.345996532142,173750.0
2514,25141,1507.1536654941183,1586800.0
2514,25142,1579.6357861413655,1722800.0
2514,25143,1426.4397366997662,1696800.0
2514,25144,1474.3368124823432,1574700.0
2514,25145,1464.2588955601677,1726800.0
2515,25151,44.173049497505325,35494500.0
2515,25152,44.151559364748536,36325500.0
2515,25153,44.35419358746494,35764500.0
2515,25154,44.90054606124032,35353500.0
2515,25155,44.93728737202457,35932500.0
2516,25161,6420.90321236366,60.0
2516,25162,6473.324803201075,1200.0
2516,25163,6471.426959478936,210.0
2516,25164,6443.6013651246185,20.0
2516,25165,6477.51231200117,500.0
2517,25171,12543.969056739235,99100.0
2517,25172,11671.584756487446,98370.0
2517,25173,11889.649122573572,102000.0
2517,25174,12063.184307430498,98550.0
2517,25175,11692.213132183128,98800.0
2518,25181,14668.282636819355,20730.0
2518,25182,15038.70164893182,20680.0
2518,25183,14869.459757054201,20690.0
2518,25184,14943.338712464712,20795.0
2518,25185,14918.286351460241,20730.0
2519,25191,5355.528140868197,360.0
2519,25192,5159.052304720948,360.0
2519,25193,5282.714164515101,360.0
2519,25194,5265.022947444362,360.0
2519,25195,5197.590074641447,360.0
2520,25201,7137.755333600716,1209110.0
2520,25202,7161.128694897244,1209120.0
2520,25203,7715.942071329616,1209110.0
2520,25204,7356.279698637452,1209110.0
2520,25205,7833.84993703287,1209110.0
2521,25211,13259.136841798167,49650.0
2521,25212,12958.893022333586,49650.0
2521,25213,12765.881558296596,50750.0
2521,25214,13067.077753310985,50750.0
2521,25215,12674.721345484337,50750.0
2522,25221,1398.6372025339433,-26210.0
2522,25222,1392.82121511981,-26210.0
2522,25223,1372.777775727222,-26310.0
2522,25224,1412.8870986464801,-26200.0
2522,25225,1375.576590684782,-26300.0
2523,25231,621.9488538943858,1898750.0
2523,25232,653.2911760285475,1897850.0
2523,25233,597.1690739714556,1900850.0
2523,25234,611.8923897958964,1898850.0
2523,25235,612.0693479154959,1901850.0
2524,25241,388.1238219638109,20870000.0
2524,25242,407.6848892189706,20877000.0
2524,25243,424.55577377654873,20729000.0
2524,25244,409.1107385011985,20759000.0
2524,25245,395.7127609961512,20760000.0
2525,25251,4043.479496789274,2865000.0
2525,25252,4143.3482619594015,2893600.0
2525,25253,8189.527172191216,3795600.0
2525,25254,7876.736830901221,3419600.0
2525,25255,3976.9309467087273,3234000.0
2526,25261,2621.4666772295554,937200.0
2526,25262,2611.425540450785,946000.0
2526,25263,2817.057255000246,937800.0
2526,25264,2656.4110275434255,936600.0
2526,25265,2853.673399872129,936700.0
2527,25271,5099.400575784573,708700.0
2527,25272,5118.346787635542,751000.0
2527,25273,5509.50553612865,685700.0
2527,25274,5255.136720777396,646100.0
2527,25275,5594.544856778341,694300.0
2528,25281,2936.073536385176,1184860.0
2528,25282,2946.091534611512,1183860.0
2528,25283,3173.148676372027,1173960.0
2528,25284,3025.211796412458,1182950.0
2528,25285,3222.0490862174292,1173960.0
2529,25291,37.77670217420511,31837000.0
2529,25292,37.876382692719986,32247000.0
2529,25293,38.05061251460491,32246000.0
2529,25294,38.43938877261647,32245000.0
2529,25295,38.2892745803845,30926000.0
2530,25301,10461.334138267392,1490040.0
2530,25302,10504.015753238322,1491480.0
2530,25303,11310.273540475675,1490860.0
2530,25304,10796.031095688437,1491040.0
2530,25305,11486.292563164297,1490310.0
2531,25311,13270.593404548024,375310.0
2531,25312,13916.530515290444,374410.0
2531,25313,15074.83725752986,374410.0
2531,25314,13731.080098863324,374400.0
2531,25315,15310.481059746196,376420.0
2532,25321,9130.82304097735,777790.0
2532,25322,9166.971569526107,807390.0
2532,25323,9872.853093512478,815330.0
2532,25324,9418.8987824878,797710.0
2532,25325,10024.974996210538,806730.0
2533,25331,1733.4745276858553,758130.0
2533,25332,1728.4105711063698,758010.0
2533,25333,1864.3247282263205,757110.0
2533,25334,1759.447836144116,758101.0
2533,25335,1887.8451866559276,758110.0
2534,25341,8418.917916574865,-169.0
2534,25342,8461.86123906556,-169.0
2534,25343,8336.006159947869,-169.0
2534,25344,8473.798832037703,-169.0
2534,25345,8357.601041802807,-169.0
2535,25351,1016.5592969238216,102310.0
2535,25352,623.2296283870159,93310.0
2535,25353,1041.799342542259,300010.0
2535,25354,595.6670557042642,65300.0
2535,25355,625.3429077842358,90090.0
2536,25361,4209.791391120481,6100.0
2536,25362,4009.499945721034,6100.0
2536,25363,3976.4877004305354,6200.0
2536,25364,4188.38460901327,6200.0
2536,25365,3975.235721982892,6100.0
2537,25371,118.93159096375379,11139500.0
2537,25372,127.03084040950344,11139300.0
2537,25373,133.12755273437386,11127500.0
2537,25374,127.20984721289499,11120200.0
2537,25375,121.04824346772277,14841500.0
2538,25381,16425.456175494557,111210.0
2538,25382,15807.40454773026,61400.0
2538,25383,15828.71140536097,112630.0
2538,25384,16152.745234760441,86390.0
2538,25385,15644.406960681983,128340.0
2539,25391,140.4663197889725,29979100.0
2539,25392,142.70628524166614,30246100.0
2539,25393,144.80083116475151,29333100.0
2539,25394,145.2216743953774,29844100.0
2539,25395,142.54030556039058,29299100.0
2540,25401,2.7724054048206064,862546600.0
2540,25402,2.7840123711189038,852706600.0
2540,25403,2.816598610440878,878647700.0
2540,25404,2.8683014371278786,890112600.0
2540,25405,2.7878268702087077,874577600.0
2541,25411,18411.363045078146,350.0
2541,25412,18340.67442384603,350.0
2541,25413,18432.64818329442,350.0
2541,25414,18257.90660674601,350.0
2541,25415,18397.541992222763,350.0
2542,25421,1813.0994468645142,-21260.0
2542,25422,1784.5687164884391,-21270.0
2542,25423,1807.6441631559348,-21270.0
2542,25424,1819.3264264105426,-21270.0
2542,25425,1807.9057833232655,-21260.0
2543,25431,7610.511061841484,2189100.0
2543,25432,8962.232202363348,2189280.0
2543,25433,6419.898082555452,2188390.0
2543,25434,7692.404223924056,2189390.0
2543,25435,6922.594941223566,2191400.0
2544,25441,4389.302869757878,63930.0
2544,25442,4194.592913068452,64210.0
2544,25443,4283.66714213839,62960.0
2544,25444,4279.105603348277,65120.0
2544,25445,4220.101222104465,65080.0
2545,25451,603.7179318435732,54197200.0
2545,25452,610.2230468132791,55434200.0
2545,25453,615.4181984136827,52144800.0
2545,25454,627.8991244998076,54793800.0
2545,25455,609.2883591943774,52862900.0
2546,25461,4157.844725704229,249560.0
2546,25462,4172.000306721195,250560.0
2546,25463,4485.355999417017,250570.0
2546,25464,4282.396761309412,250560.0
2546,25465,4551.876116042516,250570.0
2547,25471,2372.505268125654,-4280.0
2547,25472,2384.112005922735,-4380.0
2547,25473,2349.5635412005813,-4580.0
2547,25474,2385.595190463218,-4380.0
2547,25475,2354.3057449802373,-4580.0
2548,25481,661.6186062375798,14350500.0
2548,25482,700.5646157047998,14350500.0
2548,25483,723.1589626213319,14350500.0
2548,25484,698.1000134434814,14351500.0
2548,25485,674.3083420190445,14351500.0
2549,25491,18148.591679869827,42120.0
2549,25492,18165.98461075384,47120.0
2549,25493,18134.450972931794,48120.0
2549,25494,18156.26992211702,42120.0
2549,25495,18142.236381283194,42120.0
2550,25501,16659.741620272936,126300.0
2550,25502,15656.882283974399,131900.0
2550,25503,15736.208396287382,128400.0
2550,25504,16013.730607633703,126500.0
2550,25505,15404.867617512447,127000.0
2551,25511,12649.39530780716,6120.0
2551,25512,12897.430240293621,6180.0
2551,25513,12570.697974389168,6160.0
2551,25514,12828.524439138933,6290.0
2551,25515,12668.666561428454,6160.0
2552,25521,7502.551538718112,52270.0
2552,25522,7454.446959638559,63400.0
2552,25523,7391.967400326845,68200.0
2552,25524,7481.837075794347,54720.0
2552,25525,7396.956265466215,66570.0
2553,25531,3835.2954346528145,-13900.0
2553,25532,3819.347031495077,-13900.0
2553,25533,3764.3845927312127,-13900.0
2553,25534,3874.3710158011477,-13900.0
2553,25535,3772.0594080512406,-13900.0
2554,25541,14048.990184120461,5502.0
2554,25542,14004.208960265605,1402.0
2554,25543,14071.02889368637,1002.0
2554,25544,13956.970964530594,2502.0
2554,25545,14048.224695311956,3902.0
2555,25551,2539.809189057998,-26800.0
2555,25552,2539.0549354500863,-30700.0
2555,25553,2544.8793104569536,-30800.0
2555,25554,2536.1224072389527,-25900.0
2555,25555,2544.4669274979587,-27900.0
2556,25561,1448.4554782004466,6250.0
2556,25562,1481.474677245993,5790.0
2556,25563,1437.7855232766242,6050.0
2556,25564,1472.4050977855009,470.0
2556,25565,1444.2866307263241,290.0
2557,25571,2868.3233040094315,112000.0
2557,25572,2879.8235899567726,126900.0
2557,25573,3099.8272065368883,129000.0
2557,25574,2957.6374824842474,115900.0
2557,25575,3147.6685475509867,114900.0
2558,25581,7692.4399294788145,1379980.0
2558,25582,7781.978267120542,967700.0
2558,25583,8429.687815357454,1202000.0
2558,25584,7722.250646273099,1380000.0
2558,25585,8545.004930455203,1015200.0
2559,25591,1843.598411538147,330.0
2559,25592,1885.6253456253867,320.0
2559,25593,1830.017661390977,320.0
2559,25594,1874.0815580956146,320.0
2559,25595,1838.2922901578852,320.0
2560,25601,9363.823827253811,-7190.0
2560,25602,8958.27206028716,-7190.0
2560,25603,9017.747288989278,-7190.0
2560,25604,9374.13595131813,-7190.0
2560,25605,9086.074999924278,-7190.0
2561,25611,115.82094421331794,397313000.0
2561,25612,116.14203533849067,396107700.0
2561,25613,116.76151764877048,395943800.0
2561,25614,119.49747051888514,208198600.0
2561,25615,117.27699510119112,394288400.0
2562,25621,9068.302381783187,255930.0
2562,25622,8750.311730386336,55930.0
2562,25623,8737.802147438462,54930.0
2562,25624,8748.479905596065,55930.0
2562,25625,8740.6065093652,55930.0
2563,25631,46.50147066617717,22833200.0
2563,25632,45.5772799810028,23362200.0
2563,25633,45.680301275027745,22922200.0
2563,25634,46.21949670995677,22357200.0
2563,25635,47.291392490737366,23803200.0
2564,25641,6569.706545260218,796000.0
2564,25642,6592.304280024897,887000.0
2564,25643,7101.749227427945,909000.0
2564,25644,6767.677207550197,901000.0
2564,25645,7208.249078257008,932000.0
2565,25651,16924.989181904013,146700.0
2565,25652,16940.38131635207,176300.0
2565,25653,16785.311525398625,179700.0
2565,25654,17438.321205538516,385700.0
2565,25655,16164.417231586292,134160.0
2566,25661,12342.952867284574,48400.0
2566,25662,12042.51123126541,51400.0
2566,25663,12159.06373243897,46400.0
2566,25664,12085.791929190358,44400.0
2566,25665,11997.470943175253,51400.0
2567,25671,401.3198031110661,13400000.0
2567,25672,414.1698993218741,13400000.0
2567,25673,431.29660982455164,13400000.0
2567,25674,415.63200806331315,13400000.0
2567,25675,409.2776246916279,13400000.0
2568,25681,3526.412370706833,9506.0
2568,25682,3691.5972612898863,9506.0
2568,25683,3637.5610652142263,9511.0
2568,25684,3695.716049147738,9506.0
2568,25685,3645.4056167754584,8511.0
2569,25691,10169.74150641191,248200.0
2569,25692,8092.679778901725,716300.0
2569,25693,10322.421981497922,386300.0
2569,25694,8273.070524219896,636000.0
2569,25695,8885.27683116862,719500.0
2570,25701,486.2039948613691,1515600.0
2570,25702,510.61783847515335,1515600.0
2570,25703,463.5314228080173,1519600.0
2570,25704,481.9062336698774,1516600.0
2570,25705,476.87461092423416,1517600.0
2571,25711,348.2814107430936,2872720.0
2571,25712,367.50195236031504,2864720.0
2571,25713,334.7548759327127,2858720.0
2571,25714,710.5009168969739,3078820.0
2571,25715,338.05105265827643,2870820.0
2572,25721,13552.733577481971,118791.0
2572,25722,13599.506940508363,190831.0
2572,25723,13664.06691931358,190771.0
2572,25724,13578.481815828072,155751.0
2572,25725,13647.273149745593,190841.0
2573,25731,2087.7249327187355,41444000.0
2573,25732,2043.9840910574826,41787000.0
2573,25733,2107.0192355060926,42251000.0
2573,25734,2074.3161644937018,41588000.0
2573,25735,2056.82649240836,40610000.0
2574,25741,7611.589133273216,5679000.0
2574,25742,7981.237599557108,5679000.0
2574,25743,8189.527172191216,5679000.0
2574,25744,7876.736830901221,5679000.0
2574,25745,7842.057050537207,5679000.0
2575,25751,433.30338949277876,3704300.0
2575,25752,451.4747218230432,3703300.0
2575,25753,469.3466992619889,3704300.0
2575,25754,452.4849038588078,3703300.0
2575,25755,441.0873939761194,3704300.0
2576,25761,53.3814605472101,101646630.0
2576,25762,53.689838079631876,103474550.0
2576,25763,54.11158594177287,103773920.0
2576,25764,55.32013014387621,158492540.0
2576,25765,53.88013591029276,179207530.0
2577,25771,3136.6449795350454,1383500.0
2577,25772,3668.890944205536,1359600.0
2577,25773,2632.552109993199,1386600.0
2577,25774,3123.3412791664787,1334500.0
2577,25775,2832.414848297004,1388600.0
2578,25781,2591.6955679265366,-11000.0
2578,25782,2636.797402255934,-12100.0
2578,25783,2603.454253851817,-11400.0
2578,25784,2617.9131434864407,-11400.0
2578,25785,2609.748553063701,-12100.0
2579,25791,13270.593404548024,628800.0
2579,25792,13916.530515290444,628800.0
2579,25793,15087.66631696092,628800.0
2579,25794,13731.080098863324,628800.0
2579,25795,15323.510657882365,629800.0
2580,25801,3811.638117664822,63420.0
2580,25802,3728.96932142367,65110.0
2580,25803,3756.417932888914,63400.0
2580,25804,3755.2939978444747,71930.0
2580,25805,3712.725855594442,68910.0
2581,25811,8436.779274473945,762600.0
2581,25812,8434.437120775077,742600.0
2581,25813,9138.53603844309,743700.0
2581,25814,8633.968501870382,743700.0
2581,25815,9262.139401997261,740700.0
2582,25821,2753.537652737429,35120.0
2582,25822,2614.8504341152284,35110.0
2582,25823,2643.7500704014,35110.0
2582,25824,2628.234961777812,35120.0
2582,25825,2609.656004851043,35120.0
2583,25831,2126.1480971149235,270700.0
2583,25832,2133.8459596014773,271500.0
2583,25833,2294.406825798216,268500.0
2583,25834,2191.407903765087,269000.0
2583,25835,2328.276220097706,267800.0
2584,25841,8838.680646374658,-22750.0
2584,25842,8712.011071923622,-22850.0
2584,25843,8809.156539082234,-22750.0
2584,25844,8704.815053795932,-22750.0
2584,25845,8781.877201491263,-22750.0
2585,25851,48.02427689506332,101617500.0
2585,25852,47.604925711825324,101616600.0
2585,25853,47.97797909881298,101617500.0
2585,25854,48.95077597537472,101616500.0
2585,25855,48.30814325301393,101617500.0
2586,25861,11702.640943505176,114100.0
2586,25862,10965.494565816536,114200.0
2586,25863,11151.112810340006,113100.0
2586,25864,11436.496613319163,114200.0
2586,25865,10994.032219415876,113200.0
2587,25871,5597.471481920697,-17110.0
2587,25872,5538.598012047808,-15220.0
2587,25873,5514.500726937989,-18220.0
2587,25874,5652.385925260037,-18220.0
2587,25875,5526.874706516731,-14910.0
2588,25881,4057.0864255454026,954050.0
2588,25882,4068.2665155670466,978050.0
2588,25883,4384.581766285539,949960.0
2588,25884,4175.555851432882,972950.0
2588,25885,4449.777464343,960060.0
2589,25891,1774.1555112907001,56400.0
2589,25892,1722.8129460551766,56400.0
2589,25893,1759.2920832844597,57400.0
2589,25894,1777.0478355357022,56400.0
2589,25895,1735.3269423222487,56400.0
2590,25901,8328.013169929029,63900.0
2590,25902,8160.467274284958,56600.0
2590,25903,8281.599970830855,55100.0
2590,25904,8356.428262816353,56900.0
2590,25905,8207.682718026705,100800.0
2591,25911,2555.3195825354687,100400.0
2591,25912,2404.7983915289,100400.0
2591,25913,2420.440346670106,100400.0
2591,25914,2452.2080624389996,100300.0
2591,25915,2384.6881048994487,100400.0
2592,25921,3699.0370878458198,8746000.0
2592,25922,3824.099755582635,8747000.0
2592,25923,3985.8680573360907,8746000.0
2592,25924,3834.3312512069556,8746000.0
2592,25925,3745.1560260461215,8746000.0
2593,25931,3058.9464494531176,310900.0
2593,25932,3071.4267672449637,319400.0
2593,25933,3307.1805786629498,317500.0
2593,25934,3156.813514591662,313500.0
2593,25935,3358.6494216779147,317900.0
2594,25941,2059.096778309354,1711800.0
2594,25942,2421.2788959768704,1718600.0
2594,25943,1740.5589824832364,1545450.0
2594,25944,2078.3644353721816,1600810.0
2594,25945,1877.2955338934614,1661150.0
2595,25951,6015.725939637677,1853830.0
2595,25952,7083.5221704946425,1799820.0
2595,25953,5072.328576008396,2702830.0
2595,25954,6078.719334660398,1909820.0
2595,25955,5470.710667368088,2278820.0
2596,25961,2005.0794007455358,21810.0
2596,25962,2004.193281411409,21900.0
2596,25963,2009.2133929050694,22800.0
2596,25964,2002.3953722006008,21800.0
2596,25965,2009.2796197318735,22810.0
2597,25971,9453.337141826352,417000.0
2597,25972,9356.954999733734,418000.0
2597,25973,9274.157067253638,418000.0
2597,25974,9590.196839933418,418000.0
2597,25975,9283.212736914384,418000.0
2598,25981,1052.53748158288,436100.0
2598,25982,1049.3105494038182,435100.0
2598,25983,1132.0615872210374,434100.0
2598,25984,1068.4289276712666,435100.0
2598,25985,1146.5673396837065,434100.0
2599,25991,7.285044298637483,1491200000.0
2599,25992,7.301398369232446,1768243000.0
2599,25993,7.3699473383008485,1604750000.0
2599,25994,7.5009577384461625,1743153000.0
2599,25995,7.321322660485284,1518100000.0
2600,26001,7200.964180413457,1430600.0
2600,26002,7229.274531476153,1394600.0
2600,26003,7782.737953718669,1342600.0
2600,26004,7426.199594962901,1394600.0
2600,26005,7902.328977072796,1432600.0
2601,26011,2535.948229332052,368910.0
2601,26012,2368.765767125737,379750.0
2601,26013,2370.1999919018535,354030.0
2601,26014,2469.0836377143987,441300.0
2601,26015,2377.1973795712593,353240.0
2602,26021,3749.254307329712,100.0
2602,26022,3733.6636911039277,100.0
2602,26023,3679.9342812611053,100.0
2602,26024,3787.453265774505,100.0
2602,26025,3687.43691955504,100.0
2603,26031,7400.328750906587,1190000.0
2603,26032,7682.95135901742,1208000.0
2603,26033,7064.643313142563,1263000.0
2603,26034,2363.763504075171,1132000.0
2603,26035,7253.6306720968105,1175000.0
2604,26041,3275.7074932382066,89100.0
2604,26042,3398.115391987331,139300.0
2604,26043,3316.673909502542,94650.0
2604,26044,3250.3733775195296,102800.0
2604,26045,3305.796178867737,103030.0
2605,26051,7866.901961577052,186500.0
2605,26052,8050.007793894484,186400.0
2605,26053,7812.28140701356,185500.0
2605,26054,8004.934052636027,185400.0
2605,26055,7821.116389117968,185400.0
2606,26061,3334.073735741121,-9840.0
2606,26062,3330.215937342897,-9840.0
2606,26063,3349.8653593273534,-9850.0
2606,26064,3302.984964799517,-9840.0
2606,26065,3346.4771944791582,-8850.0
2607,26071,2959.9706226772414,532080.0
2607,26072,4314.202463805696,517570.0
2607,26073,3204.51032250506,529080.0
2607,26074,4347.440322097428,518680.0
2607,26075,3247.4238805368022,527280.0
2608,26081,2798.0673658484966,83000.0
2608,26082,2742.3811642809223,84000.0
2608,26083,2737.9889455611515,58900.0
2608,26084,2773.051936641248,71000.0
2608,26085,2706.6964407530445,59000.0
2609,26091,46.39359872344964,293328000.0
2609,26092,46.80750502489409,298393000.0
2609,26093,47.175680829963866,298939000.0
2609,26094,48.12923879578234,304716000.0
2609,26095,46.65518516782066,299620000.0
2610,26101,13525.811911416846,69300.0
2610,26102,12910.16011607562,71300.0
2610,26103,12942.664706359074,64900.0
2610,26104,13217.892786926235,70500.0
2610,26105,12750.027066805347,76500.0
2611,26111,6747.525007149057,19600.0
2611,26112,6745.521177450732,20600.0
2611,26113,6760.994826486715,22500.0
2611,26114,6737.730313662997,19600.0
2611,26115,6759.899246417028,17600.0
2612,26121,10085.755330587514,340300.0
2612,26122,10122.271487535016,348500.0
2612,26123,10883.920036065068,331200.0
2612,26124,10395.326636409587,331900.0
2612,26125,11044.58543118189,329500.0
2613,26131,9480.576964539756,-1800.0
2613,26132,9557.978368999607,-800.0
2613,26133,9555.176169234357,-800.0
2613,26134,9514.091187864102,-800.0
2613,26135,9564.161299680223,-800.0
2614,26141,3189.880218036007,4756000.0
2614,26142,3405.292846569477,4852000.0
2614,26143,3508.5004177746873,4783700.0
2614,26144,3371.7506236067356,4833000.0
2614,26145,3217.554233610175,4838700.0
2615,26151,5111.350293206334,350.0
2615,26152,5136.921845192954,20.0
2615,26153,5060.864818837544,220.0
2615,26154,5136.362664621832,-19.0
2615,26155,5070.665084606171,360.0
2616,26161,17727.74510770631,69700.0
2616,26162,17902.577719174074,70700.0
2616,26163,17918.575609319236,69700.0
2616,26164,18205.386287863737,69700.0
2616,26165,17925.718907757124,70700.0
2617,26171,12678.153553407546,357000.0
2617,26172,11796.437242872478,357000.0
2617,26173,12016.834272334305,356900.0
2617,26174,12192.22578602375,356900.0
2617,26175,11817.286283032276,357000.0
2618,26181,3184.7575115894315,1966000.0
2618,26182,3375.3857272706555,1967000.0
2618,26183,3039.158487986196,1967000.0
2618,26184,3145.8308662420536,1967000.0
2618,26185,3137.5758478644993,1966000.0
2619,26191,10063.777178546376,1274410.0
2619,26192,10104.836784999123,1275410.0
2619,26193,10880.454752266194,1273410.0
2619,26194,10385.754811351504,1273410.0
2619,26195,11049.784610208884,1272410.0
2620,26201,11298.255419757621,994700.0
2620,26202,11335.360574175598,1381700.0
2620,26203,12211.189246906368,1258700.0
2620,26204,11637.74092387794,1039700.0
2620,26205,12398.869388815601,1594700.0
2621,26211,2486.7865808614706,0.0
2621,26212,2505.4216882969945,0.0
2621,26213,2503.3606134817064,0.0
2621,26214,2529.639682396635,0.0
2621,26215,2509.9972942066493,0.0
2622,26221,7497.7002969008045,309600.0
2622,26222,7471.847513022735,313400.0
2622,26223,8067.15432120269,306600.0
2622,26224,7606.801838188529,307700.0
2622,26225,8167.253293810482,313300.0
2623,26231,678.8693074694265,126241000.0
2623,26232,671.8323703623448,104745000.0
2623,26233,619.9533487808426,123721000.0
2623,26234,691.5135947966958,124319000.0
2623,26235,671.7729155681716,113248000.0
2624,26241,4614.427492232696,300.0
2624,26242,4612.950690729888,300.0
2624,26243,4624.271250264623,300.0
2624,26244,4613.196323335911,300.0
2624,26245,4625.835638959545,300.0
2625,26251,8922.296122939308,545500.0
2625,26252,8950.750022956363,545000.0
2625,26253,9638.916766058148,549500.0
2625,26254,9187.76126650507,546500.0
2625,26255,9789.216515183527,550500.0
2626,26261,2511.0456489422077,27690.0
2626,26262,2538.429128198695,24690.0
2626,26263,2531.8601763771,23590.0
2626,26264,2535.498678486604,26290.0
2626,26265,2538.5008695522874,28290.0
2627,26271,10634.455113189977,107000.0
2627,26272,10578.28980674316,106000.0
2627,26273,10389.630597214042,107000.0
2627,26274,10606.175013195887,106000.0
2627,26275,10398.73143227316,107000.0
2628,26281,3898.957378574813,526500.0
2628,26282,3595.6702009619753,526500.0
2628,26283,3622.8205056573265,526500.0
2628,26284,3732.8237386822702,526500.0
2628,26285,3549.562159160334,526500.0
2629,26291,8546.924548600447,600.0
2629,26292,8672.084213727001,1100.0
2629,26293,8582.121435726754,900.0
2629,26294,8580.347527956776,1000.0
2629,26295,8588.433644590628,900.0
2630,26301,18914.43219415961,291200.0
2630,26302,11343.281142966594,342400.0
2630,26303,18783.107718432766,292500.0
2630,26304,11650.977773489969,385400.0
2630,26305,18804.349710612987,304500.0
2631,26311,1841.8404308652855,5166000.0
2631,26312,1924.4413245335138,5756000.0
2631,26313,2002.873897995998,4877000.0
2631,26314,1924.3504093714607,5754000.0
2631,26315,1854.381854018709,5756000.0
2632,26321,3011.0153370335615,208200.0
2632,26322,3031.934547747259,208200.0
2632,26323,3132.6660857420384,207200.0
2632,26324,3133.4452230618635,208200.0
2632,26325,3215.657766608075,208200.0
2633,26331,2551.6411038842098,112700.0
2633,26332,2438.45002467038,111700.0
2633,26333,2490.231701837759,112700.0
2633,26334,2487.5799345254586,112700.0
2633,26335,2453.2788145165596,112700.0
2634,26341,62.66889554668698,77082300.0
2634,26342,61.71260849440878,78519000.0
2634,26343,63.663513708602046,78833000.0
2634,26344,63.60679725460339,78148000.0
2634,26345,62.02085972615099,78397760.0
2635,26351,4149.417934909249,790.0
2635,26352,4068.8150885894634,850.0
2635,26353,4076.382295328399,6830.0
2635,26354,4182.685823055225,1335.0
2635,26355,4066.1685593286647,850.0
2636,26361,55.509793496515556,67472000.0
2636,26362,55.83046612270865,54447000.0
2636,26363,56.26902918364887,63913000.0
2636,26364,46.85837752579398,52440000.0
2636,26365,46.896720894918545,50351000.0
2637,26371,500.6508980433956,4978600.0
2637,26372,536.2388334059818,5017200.0
2637,26373,562.607662059547,4978700.0
2637,26374,535.770316133629,4962900.0
2637,26375,503.9771772729051,4946500.0
2638,26381,4708.039707276692,233800.0
2638,26382,4539.621584120405,233800.0
2638,26383,4495.160587594415,233800.0
2638,26384,4561.574330482173,233800.0
2638,26385,4466.225117146808,233800.0
2639,26391,2750.838832269904,6860.0
2639,26392,2691.1772044088366,5860.0
2639,26393,2710.986720417335,5360.0
2639,26394,2710.175582510285,9860.0
2639,26395,2679.454382043668,9460.0
2640,26401,6931.159264412439,2186000.0
2640,26402,8158.430764096952,2187000.0
2640,26403,5844.6176384067785,2186000.0
2640,26404,6998.975521572102,2186000.0
2640,26405,6302.318817838575,2186000.0
2641,26411,8202.481834723521,2921000.0
2641,26412,9656.939689216566,2921000.0
2641,26413,6919.006930404808,2921000.0
2641,26414,8288.671922351186,2921000.0
2641,26415,7460.339500859896,2921000.0
2642,26421,7914.692378767312,45166.0
2642,26422,8065.351346192739,44716.0
2642,26423,8022.516266985428,44846.0
2642,26424,8142.39733696346,44846.0
2642,26425,8063.928242041153,44916.0
2643,26431,2992.824918823622,756500.0
2643,26432,3013.6177505093465,742500.0
2643,26433,3113.7407400253073,729500.0
2643,26434,3114.5151703502797,731500.0
2643,26435,3196.2310440420347,736500.0
2644,26441,16879.162701518406,220540.0
2644,26442,16037.141800988229,242750.0
2644,26443,16204.615500343338,226550.0
2644,26444,16663.522312886966,240450.0
2644,26445,15406.899104384278,250950.0
2645,26451,9127.265331317405,18500.0
2645,26452,8959.281169233167,15500.0
2645,26453,9096.007587944609,14500.0
2645,26454,9102.348074808422,23500.0
2645,26455,9082.057756769464,19500.0
2646,26461,2658.780433618553,-67750.0
2646,26462,2651.6719347412777,-68430.0
2646,26463,2658.5027894775876,-67230.0
2646,26464,2639.3845563985665,-67670.0
2646,26465,2667.3653666125742,-68490.0
2647,26471,1263.736465562677,555090.0
2647,26472,1258.3538895523668,555340.0
2647,26473,1383.1283352726782,554340.0
2647,26474,1289.3924034881147,555340.0
2647,26475,1399.156209798288,555280.0
2648,26481,3119.2360343449664,10800.0
2648,26482,3042.5148537756845,5300.0
2648,26483,3101.080037352466,5800.0
2648,26484,3124.391082924496,3300.0
2648,26485,3086.8311661544913,5300.0
2649,26491,32.70661226306645,20749000.0
2649,26492,34.6100490257064,20849000.0
2649,26493,36.07589497914769,19814000.0
2649,26494,34.76316616068878,19403000.0
2649,26495,33.28801247828607,19402000.0
2650,26501,10519.683340643636,78000.0
2650,26502,10278.063011086937,77930.0
2650,26503,10075.701370257917,77910.0
2650,26504,10150.76450308594,77850.0
2650,26505,10135.17918796987,77930.0
2651,26511,4042.9515840878785,13400.0
2651,26512,4053.5185449558944,13400.0
2651,26513,3994.6264904828286,13400.0
2651,26514,4038.9609279631504,13400.0
2651,26515,4016.355397111621,13400.0
2652,26521,5928.732719777273,723000.0
2652,26522,5924.677055188767,715200.0
2652,26523,6423.26023800023,696000.0
2652,26524,6057.215990099909,681400.0
2652,26525,6506.462204785114,790700.0
2653,26531,2175.442529599511,1141800.0
2653,26532,2171.599845206812,1085100.0
2653,26533,2324.328149747951,1118800.0
2653,26534,2211.1034729796675,1085800.0
2653,26535,2358.511259539836,1095800.0
2654,26541,4474.790333628389,-1050.0
2654,26542,4239.415875322112,-1050.0
2654,26543,4277.487687758612,-1060.0
2654,26544,4423.925007320514,-1040.0
2654,26545,4267.184697265826,-1050.0
2655,26551,6859.476827986878,10880.0
2655,26552,6657.248781456261,-109430.0
2655,26553,6688.343942764242,50230.0
2655,26554,6701.665820420958,14330.0
2655,26555,6619.113294697549,-94690.0
2656,26561,5788.302636608002,1979800.0
2656,26562,6809.214298282505,1981000.0
2656,26563,4881.92366768085,1980800.0
2656,26564,5841.312297520323,1980900.0
2656,26565,5262.417918009923,1980800.0
2657,26571,678.8693074694265,61034000.0
2657,26572,671.8323703623448,56672000.0
2657,26573,619.9533487808426,58820000.0
2657,26574,691.5135947966958,58262000.0
2657,26575,671.7729155681716,62339000.0
2658,26581,6803.936001883003,15114000.0
2658,26582,7344.934375826849,15004000.0
2658,26583,7545.507596221291,9207000.0
2658,26584,7262.081431453623,13436600.0
2658,26585,2203.16836073048,21869000.0
2659,26591,7611.589133273216,6261100.0
2659,26592,7981.237599557108,6222000.0
2659,26593,8189.527172191216,6237000.0
2659,26594,7876.736830901221,6359100.0
2659,26595,7842.057050537207,6162100.0
2660,26601,2.918542642483792,1058167420.0
2660,26602,2.8739123404635927,1055441720.0
2660,26603,2.900809657198358,1053057290.0
2660,26604,2.952557607109737,1055544230.0
2660,26605,2.933871233120766,1024237401.0
2661,26611,8584.519562243293,433100.0
2661,26612,8644.527292991497,426000.0
2661,26613,8636.546490633209,445200.0
2661,26614,8657.589829701921,463500.0
2661,26615,8638.325064479412,447500.0
2662,26621,1803.8763595684754,2584500.0
2662,26622,1827.9122833621338,2583500.0
2662,26623,1660.2713849969546,2580500.0
2662,26624,1713.0381486565088,2584500.0
2662,26625,1749.6131987298145,2579500.0
2663,26631,46.66170571589457,36762000.0
2663,26632,46.63900485503258,36389000.0
2663,26633,46.85305524494047,48230000.0
2663,26634,47.43018855673274,33331000.0
2663,26635,47.46899982855872,42986000.0
2664,26641,672.9246901219428,6894000.0
2664,26642,717.9721855791392,6894000.0
2664,26643,746.7188850992598,6894000.0
2664,26644,720.1476335072671,6894000.0
2664,26645,677.2855979394542,6894000.0
2665,26651,8086.005361245164,1599500.0
2665,26652,7973.562345609328,1599500.0
2665,26653,8244.153994251832,1569500.0
2665,26654,8215.239786145192,1567500.0
2665,26655,8638.387234891165,1559500.0
2666,26661,2.7548820810742565,235427700.0
2666,26662,2.7610664684558275,261058200.0
2666,26663,2.7869886617632846,267749400.0
2666,26664,2.8365310103063397,237900300.0
2666,26665,2.7686009556463618,239505700.0
2667,26671,56.19526951368783,102388990.0
2667,26672,55.42356413902447,100983000.0
2667,26673,55.7294214675636,101049000.0
2667,26674,56.94515540394379,96496740.0
2667,26675,56.70272514878618,97555450.0
2668,26681,2448.270437898973,196000.0
2668,26682,2449.2025272543583,185000.0
2668,26683,2471.2115647265264,180000.0
2668,26684,2518.7663620653193,196000.0
2668,26685,2485.978484126412,173000.0
2669,26691,14735.657280129151,71700.0
2669,26692,14022.433192878798,71800.0
2669,26693,14028.501342101552,73800.0
2669,26694,14431.549275181285,72100.0
2669,26695,13893.899066709084,73800.0
2670,26701,3773.5583161490745,11070.0
2670,26702,3762.208962107344,10370.0
2670,26703,3779.514250882911,11110.0
2670,26704,3744.9320988850473,9150.0
2670,26705,3772.56039579811,9450.0
2671,26711,8216.588105328181,396000.0
2671,26712,8250.111291305342,414400.0
2671,26713,8883.365908439659,420430.0
2671,26714,8479.467294816606,381400.0
2671,26715,9021.6155608281,397700.0
2672,26721,2904.2539803389973,10657300.0
2672,26722,3083.801394814276,10657200.0
2672,26723,3186.842345186814,10657300.0
2672,26724,3065.947230965128,10657200.0
2672,26725,2927.521023946915,10657200.0
2673,26731,10030.767033904562,158450.0
2673,26732,9653.332652369496,169460.0
2673,26733,9666.344414285555,160050.0
2673,26734,9864.226763432072,161750.0
2673,26735,9553.79259665956,171450.0
2674,26741,2096.7091580823912,254305.0
2674,26742,2094.841307144483,243105.0
2674,26743,2135.384685293403,243910.0
2674,26744,2094.198090486366,262310.0
2674,26745,2129.4355268282575,242610.0
2675,26751,1189.3559111245095,571000.0
2675,26752,1186.024381507695,576000.0
2675,26753,1278.9960905687942,488000.0
2675,26754,1207.6959658329436,503000.0
2675,26755,1295.3292603318355,574000.0
2676,26761,8290.385756858328,1321800.0
2676,26762,8318.11379371969,1333800.0
2676,26763,8957.75385422217,1334800.0
2676,26764,8537.764614794818,1318800.0
2676,26765,9094.088114628026,1336800.0
2677,26771,9460.136652215217,0.0
2677,26772,9449.43689817229,0.0
2677,26773,9475.02537264045,0.0
2677,26774,9439.276081157994,0.0
2677,26775,9472.876075970044,0.0
2678,26781,1898.7907947936517,3009900.0
2678,26782,1923.962485275908,3009900.0
2678,26783,2053.058136497252,3008900.0
2678,26784,1926.9675682381992,3009900.0
2678,26785,1877.8748571171297,3007900.0
2679,26791,9796.933919635205,2960900.0
2679,26792,11529.126704937462,2961900.0
2679,26793,8262.263535670843,2960900.0
2679,26794,9893.383118194432,2961900.0
2679,26795,8908.108471675147,2960900.0
2680,26801,8094.655776182121,1618200.0
2680,26802,9527.27809955835,1563940.0
2680,26803,6828.912170464781,1814810.0
2680,26804,8180.015370341009,1745300.0
2680,26805,7364.14020182549,2252500.0
2681,26811,13270.593404548024,577950.0
2681,26812,13916.530515290444,694960.0
2681,26813,15087.66631696092,622450.0
2681,26814,13731.080098863324,544950.0
2681,26815,15323.510657882365,595960.0
2682,26821,13520.428312239888,68150.0
2682,26822,12810.973707646306,111150.0
2682,26823,13054.136354979275,87150.0
2682,26824,12880.758513981933,102150.0
2682,26825,12934.942325739139,320150.0
2683,26831,7476.5844942953245,11642000.0
2683,26832,7981.237599557108,11646400.0
2683,26833,8189.527172191216,11638600.0
2683,26834,7876.736830901221,11635400.0
2683,26835,7704.793988017719,11640000.0
2684,26841,7552.956088459776,2846450.0
2684,26842,7840.893059766143,2847450.0
2684,26843,8126.442196730716,2847450.0
2684,26844,7816.06131945368,2846450.0
2684,26845,7707.523492285005,2846450.0
2685,26851,10169.584107264365,320.0
2685,26852,10137.44916034085,320.0
2685,26853,10183.813381185611,320.0
2685,26854,10093.966511052971,320.0
2685,26855,10165.689366566125,320.0
2686,26861,2583.7808008021357,492400.0
2686,26862,2573.88775459799,482680.0
2686,26863,2826.827521438586,495080.0
2686,26864,2637.6507352884882,508550.0
2686,26865,2861.624346103487,508490.0
2687,26871,8700.761773139788,706090.0
2687,26872,8736.260358601896,674100.0
2687,26873,9406.830368294068,705100.0
2687,26874,8979.13147763692,706100.0
2687,26875,9553.226570127676,704090.0
2688,26881,3526.4929976429644,17150.0
2688,26882,3541.0864220768367,26150.0
2688,26883,3501.210064680944,25150.0
2688,26884,3515.8095096376833,25150.0
2688,26885,3505.009958644431,19350.0
2689,26891,10137.493669635976,112860.0
2689,26892,9347.617491789268,108860.0
2689,26893,9245.913896026968,106560.0
2689,26894,9714.839623696053,113860.0
2689,26895,9254.85758148741,107660.0
2690,26901,63.867814906102936,77917000.0
2690,26902,61.67326929960323,60729600.0
2690,26903,63.47542058331827,56469500.0
2690,26904,63.38665419628471,85330400.0
2690,26905,52.88936795212459,40413500.0
2691,26911,6583.708682864974,4607000.0
2691,26912,6932.072122242951,4691000.0
2691,26913,7126.276039404304,4971000.0
2691,26914,6862.538514186143,4984000.0
2691,26915,6727.589805975959,4026000.0
2692,26921,4577.681530179481,1.0
2692,26922,4600.041098230414,1.0
2692,26923,4531.052194529821,1.0
2692,26924,4604.223250133366,1.0
2692,26925,4543.0980801896985,1.0
2693,26931,4985.808987730621,-124950.0
2693,26932,5099.466205261037,-78730.0
2693,26933,5038.487914794374,-56670.0
2693,26934,5068.247302457594,-109190.0
2693,26935,4971.459166477724,-105280.0
2694,26941,79.8171175849359,26141000.0
2694,26942,80.11055211424734,26141000.0
2694,26943,79.4077488794739,26141000.0
2694,26944,80.43824254678796,26143000.0
2694,26945,81.0742895995915,26141000.0
2695,26951,9782.929441969945,700.0
2695,26952,9664.597088125975,700.0
2695,26953,9713.145950276004,700.0
2695,26954,9759.872660929108,700.0
2695,26955,9696.264989194884,700.0
2696,26961,2815.157165846715,8104200.0
2696,26962,2983.4164273921338,8130200.0
2696,26963,3076.044370399973,8062300.0
2696,26964,2957.6664593824016,8118200.0
2696,26965,2836.066191137814,8071500.0
2697,26971,5969.253551866885,34210.0
2697,26972,5832.402302385778,16990.0
2697,26973,5784.824412576959,91970.0
2697,26974,5829.7904578010075,45680.0
2697,26975,5695.609468295627,94910.0
2698,26981,4069.199363628851,2099000.0
2698,26982,4177.781647393729,2099000.0
2698,26983,3792.2626033233,2101000.0
2698,26984,3920.781053788166,2100000.0
2698,26985,4004.5478318527685,2099000.0
2699,26991,2884.643581413873,-33750.0
2699,26992,2843.3029572280143,-34740.0
2699,26993,2875.0079208435386,-33740.0
2699,26994,2840.9544226068106,-34840.0
2699,26995,2866.1048764599523,-33850.0
2700,27001,7743.892784356537,1147000.0
2700,27002,7769.251009096786,1146900.0
2700,27003,8371.179080544385,1147000.0
2700,27004,7980.974216056497,1146900.0
2700,27005,8499.099670108462,1146800.0
2701,27011,3069.4920981134737,410600.0
2701,27012,2927.398438912092,386400.0
2701,27013,2972.722795926136,414600.0
2701,27014,1977.7059001266684,442100.0
2701,27015,2935.9717028473333,374700.0
2702,27021,6191.918009274941,11200.0
2702,27022,6088.1939818360015,10700.0
2702,27023,6188.442922786187,10080.0
2702,27024,6319.050388318025,9930.0
2702,27025,6175.60827228099,13000.0
2703,27031,9541.354928689125,20300.0
2703,27032,9263.723329514221,20300.0
2703,27033,9479.987525972867,20300.0
2703,27034,9319.976693674174,20300.0
2703,27035,9315.396657743235,20300.0
2704,27041,5342.23932648614,107800.0
2704,27042,5440.14081156897,145100.0
2704,27043,5466.084206435158,111800.0
2704,27044,5351.604734784878,48800.0
2704,27045,5463.207538810527,194800.0
2705,27051,1705.4406609235393,4312060.0
2705,27052,1813.6590973843697,4253360.0
2705,27053,1887.6314999574092,4279360.0
2705,27054,1813.5141668563658,4249760.0
2705,27055,1716.5882065892208,4355060.0
2706,27061,4217.590788779343,143020.0
2706,27062,3985.3773570807653,143080.0
2706,27063,4066.2891051392444,143060.0
2706,27064,4094.835280652048,142020.0
2706,27065,4014.2528229138197,142080.0
2707,27071,5259.619231096139,-1000.0
2707,27072,5288.0825326120585,-1000.0
2707,27073,5206.5457895538,-1000.0
2707,27074,5294.158318204323,-1000.0
2707,27075,5219.575361951345,-1000.0
2708,27081,5159.971955649061,3500.0
2708,27082,5216.2425316424105,500.0
2708,27083,5202.743929101385,500.0
2708,27084,5210.220722226799,-500.0
2708,27085,5216.389953642783,-1500.0
2709,27091,10272.35285389356,192000.0
2709,27092,10105.149938065659,197600.0
2709,27093,10191.045902223783,195400.0
2709,27094,10121.759032639373,193300.0
2709,27095,10088.682793480442,192200.0
2710,27101,4380.657487691339,1.0
2710,27102,4399.351362519126,1.0
2710,27103,4338.56698268734,1.0
2710,27104,4399.862146101001,1.0
2710,27105,4346.315785629973,1.0
2711,27111,2085.1796664186368,57000.0
2711,27112,1949.7987645378457,55400.0
2711,27113,2003.8509795415325,53690.0
2711,27114,1986.0141153580255,58410.0
2711,27115,1969.0385705501808,22400.0
2712,27121,3794.192762713411,7668000.0
2712,27122,4021.5655472049125,7705900.0
2712,27123,4188.80197408465,7693910.0
2712,27124,4027.2356283581876,7701000.0
2712,27125,3845.216075815007,7675900.0
2713,27131,1404.134724651679,101800.0
2713,27132,1399.1078558623826,100800.0
2713,27133,1537.163941762601,101800.0
2713,27134,1433.940057601874,101800.0
2713,27135,1555.1713532815597,102800.0
2714,27141,3199.690082941111,13150.0
2714,27142,3208.0530324330866,13140.0
2714,27143,3161.4444300933624,13150.0
2714,27144,3196.5317807549122,13050.0
2714,27145,3178.6412145730346,13140.0
2715,27151,3871.2249795128337,264200.0
2715,27152,3715.792893220224,265190.0
2715,27153,3762.3209207299974,267450.0
2715,27154,3747.0525046661824,257650.0
2715,27155,3723.114623688326,272250.0
2716,27161,5824.563090959369,11070.0
2716,27162,5866.011526225548,13080.0
2716,27163,5786.885279317771,9030.0
2716,27164,5908.14569650747,16141.0
2716,27165,5786.688330480165,14021.0
2717,27171,3570.219869211367,14519500.0
2717,27172,3665.185200691445,13124500.0
2717,27173,3809.7578268747393,12993500.0
2717,27174,3658.862907705649,13958500.0
2717,27175,3592.8189630306492,14171500.0
2718,27181,266.20886581380324,2473800.0
2718,27182,281.9901744172188,2513500.0
2718,27183,569.9344845611308,2568100.0
2718,27184,265.25207423887116,2524700.0
2718,27185,508.6813778631102,2619900.0
2719,27191,1379.2897536650414,917000.0
2719,27192,1386.2209311168904,917000.0
2719,27193,1422.0275127531515,917000.0
2719,27194,1413.470794600353,917100.0
2719,27195,1480.1612131289312,917000.0
2720,27201,1659.8802616370053,21228000.0
2720,27202,1697.8619265654143,21216000.0
2720,27203,1705.9510975123042,20461000.0
2720,27204,1722.7277782505994,21719000.0
2720,27205,1689.149214976565,21353000.0
2721,27211,13270.593404548024,533800.0
2721,27212,13916.530515290444,537800.0
2721,27213,15087.66631696092,536800.0
2721,27214,13731.080098863324,536800.0
2721,27215,15323.510657882365,533800.0
2722,27221,8255.57208013645,-54610.0
2722,27222,8536.783784179066,-54600.0
2722,27223,8442.13393930705,-54610.0
2722,27224,8178.9536814375415,-54500.0
2722,27225,8563.203155157296,-54610.0
2723,27231,4715.29147386716,184405.0
2723,27232,4490.6238180673945,244730.0
2723,27233,4522.75061398068,188740.0
2723,27234,4588.439999552188,238900.0
2723,27235,4479.751814977706,197020.0
2724,27241,3158.2311278259835,410100.0
2724,27242,3168.5239492891233,409100.0
2724,27243,3407.2260675953316,410100.0
2724,27244,3253.2068762055505,409100.0
2724,27245,3458.4313594524588,409100.0
2725,27251,71.91123145668583,13732000.0
2725,27252,74.69742987666451,11616000.0
2725,27253,76.64652639530011,10424000.0
2725,27254,74.0216689848331,11417000.0
2725,27255,73.3244793083366,11716000.0
2726,27261,1382.3760235657287,789500.0
2726,27262,1389.3227100752567,810500.0
2726,27263,1425.2094117695813,797500.0
2726,27264,1416.6335472832354,803500.0
2726,27265,1483.4731908972765,794500.0
2727,27271,1334.3412382916872,526100.0
2727,27272,1330.0555642235472,535430.0
2727,27273,1460.654249646212,532800.0
2727,27274,1363.5924193450803,550600.0
2727,27275,1478.0788042039303,540430.0
2728,27281,80.26846408286556,1035000.0
2728,27282,82.62809239059588,1035000.0
2728,27283,85.86721685603523,1034000.0
2728,27284,84.55015583441492,1035000.0
2728,27285,84.86696117043189,1034000.0
2729,27291,678.8693074694265,86475300.0
2729,27292,671.8323703623448,86475300.0
2729,27293,619.9533487808426,86475300.0
2729,27294,691.5135947966958,86464300.0
2729,27295,671.7729155681716,86475300.0
2730,27301,11929.170660410535,117150.0
2730,27302,11224.123903601892,125740.0
2730,27303,11456.914758329553,123340.0
2730,27304,11183.535071117834,122140.0
2730,27305,11323.297630407407,120140.0
2731,27311,1813.0994468645142,3920.0
2731,27312,1784.5687164884391,7920.0
2731,27313,1807.6441631559348,9920.0
2731,27314,1819.3264264105426,10920.0
2731,27315,1807.9057833232655,6920.0
2732,27321,9822.993635986886,-91080.0
2732,27322,9721.901055322383,-92070.0
2732,27323,9858.747993974004,-92060.0
2732,27324,9857.950846974782,-90060.0
2732,27325,9876.006077379323,-90000.0
2733,27331,12955.461027957179,209750.0
2733,27332,12467.977228955493,215750.0
2733,27333,12484.782860452944,211750.0
2733,27334,12740.362224804945,207650.0
2733,27335,12339.414048481667,210250.0
2734,27341,1097.783864073625,9438500.0
2734,27342,1191.3196098881479,9443500.0
2734,27343,1249.1212755868905,9440500.0
2734,27344,1191.9659435188883,9435500.0
2734,27345,1121.2486972309414,9452500.0
2735,27351,8133.043580294667,416400.0
2735,27352,8458.312815532325,416400.0
2735,27353,8108.835637701022,416400.0
2735,27354,8391.599427084635,416400.0
2735,27355,8132.179013428535,416400.0
2736,27361,3437.592027736501,19213100.0
2736,27362,3766.5549739970315,19211000.0
2736,27363,4086.9223528367497,19213100.0
2736,27364,3658.391396308073,19214000.0
2736,27365,3540.275634882725,19212500.0
2737,27371,454.0108423073449,22248000.0
2737,27372,411.07296331718544,19646000.0
2737,27373,457.36066141709335,22847000.0
2737,27374,413.6929633146178,20375000.0
2737,27375,461.5090256925743,22372000.0
2738,27381,5786.382696979834,525500.0
2738,27382,5806.172780930205,516500.0
2738,27383,6254.693984276241,525500.0
2738,27384,5962.859729539638,508500.0
2738,27385,6349.034113862608,522500.0
2739,27391,6090.094127824419,17200.0
2739,27392,6245.908214371742,18500.0
2739,27393,6150.089369662334,17500.0
2739,27394,6267.649816169092,16500.0
2739,27395,6180.570870423186,16500.0
2740,27401,22400.924902651524,62600.0
2740,27402,22084.186032923753,62600.0
2740,27403,22278.10001014568,62600.0
2740,27404,22258.472391854022,71000.0
2740,27405,22037.999110846133,65900.0
2741,27411,10834.719537018298,47590.0
2741,27412,10447.135055407185,47480.0
2741,27413,10344.815946468725,47380.0
2741,27414,10497.655413068873,48580.0
2741,27415,10278.226086046143,46580.0
2742,27421,7535.031436647327,4972400.0
2742,27422,7822.28507683219,5001600.0
2742,27423,8107.156549476262,4975800.0
2742,27424,7797.51226712832,4973700.0
2742,27425,7689.2320215922855,4963000.0
2743,27431,10569.827790833675,12500.0
2743,27432,10530.325536560116,24200.0
2743,27433,10589.385281995175,20200.0
2743,27434,10484.32631820706,17000.0
2743,27435,10568.314885020807,29200.0
2744,27441,2065.6082391501127,13500.0
2744,27442,2010.9563379501428,18360.0
2744,27443,2053.179177462122,21000.0
2744,27444,2030.153944609979,18200.0
2744,27445,2020.9233551812304,22100.0
2745,27451,5460.4503768566265,100.0
2745,27452,5446.757937239642,100.0
2745,27453,5470.344257149837,100.0
2745,27454,5429.604025872216,100.0
2745,27455,5462.162065975104,100.0
2746,27461,3882.55519102474,89210.0
2746,27462,3898.3675095965023,114130.0
2746,27463,3837.784339029273,128040.0
2746,27464,3946.8447537273146,76030.0
2746,27465,3858.257780711482,179310.0
2747,27471,5409.350375467546,6800.0
2747,27472,5065.563195649906,6800.0
2747,27473,5145.157920169897,6900.0
2747,27474,5280.268820001887,5800.0
2747,27475,5069.667909875064,6600.0
2748,27481,3000.119010667498,795700.0
2748,27482,3026.815249773807,794800.0
2748,27483,3134.553284830924,795800.0
2748,27484,3137.1201651678357,794800.0
2748,27485,3205.8784314710497,795800.0
2749,27491,1205.710827844858,540.0
2749,27492,1179.5607423236424,210.0
2749,27493,1188.243384020286,430.0
2749,27494,1187.88785691854,570.0
2749,27495,1174.422551858692,520.0
2750,27501,46.28319559803405,50427000.0
2750,27502,41.922910057366984,14813761.0
2750,27503,46.47299293922738,27360800.0
2750,27504,47.04544466481279,28403500.0
2750,27505,40.65164270275575,14394000.0
2751,27511,16269.702239013099,321000.0
2751,27512,13916.530515290444,444000.0
2751,27513,15197.16064309207,344000.0
2751,27514,15841.050733010463,336000.0
2751,27515,15323.510657882365,441000.0
2752,27521,19802.041774982496,129100.0
2752,27522,19990.765217245986,129100.0
2752,27523,19500.85483748016,129100.0
2752,27524,19809.586458212456,129100.0
2752,27525,19536.749524057213,129100.0
2753,27531,2.7724054048206064,828416000.0
2753,27532,2.7840123711189038,848745400.0
2753,27533,2.816598610440878,876713000.0
2753,27534,2.8683014371278786,884375000.0
2753,27535,2.7878268702087077,721138000.0
2754,27541,6058.472540418119,1320300.0
2754,27542,6078.311672046193,1318400.0
2754,27543,6549.23305405951,1319500.0
2754,27544,6243.954362519118,1321600.0
2754,27545,6649.312355363069,1320700.0
2755,27551,3117.0613358303203,3897900.0
2755,27552,3418.185959551135,3817900.0
2755,27553,3707.977808371582,3885900.0
2755,27554,3322.583432428904,3830900.0
2755,27555,3213.0406279758986,3817900.0
2756,27561,8724.53875058544,53100.0
2756,27562,8404.4655475451,73800.0
2756,27563,8605.919570260527,18250.0
2756,27564,8577.099311115426,66020.0
2756,27565,8467.246333713849,17260.0
2757,27571,816.2522498187943,23122000.0
2757,27572,729.1480640165548,13116410.0
2757,27573,750.9192150077727,18954300.0
2757,27574,724.5300593348085,14563570.0
2757,27575,715.4823983861792,15962100.0
2758,27581,2050.710229348894,60380.0
2758,27582,1952.2370137367168,78750.0
2758,27583,1978.9916386299574,68210.0
2758,27584,1972.4937802061468,81840.0
2758,27585,1951.9486625608322,84090.0
2759,27591,7459.170575175723,58600.0
2759,27592,7255.976156123846,36500.0
2759,27593,7412.660247847521,38490.0
2759,27594,7425.598267763109,41490.0
2759,27595,7366.218396959986,66490.0
2760,27601,8056.7698129480505,111800.0
2760,27602,7613.17766274524,121400.0
2760,27603,7767.741574209753,106100.0
2760,27604,7822.272697940041,108000.0
2760,27605,7668.337822445303,126900.0
2761,27611,3224.8728920705043,144500.0
2761,27612,3165.498624994008,144110.0
2761,27613,3228.191280719448,138700.0
2761,27614,3189.507577061737,142270.0
2761,27615,3187.9271579718265,137430.0
2762,27621,1050.3837235645626,44026230.0
2762,27622,1053.9761960021067,41648300.0
2762,27623,1059.2795626147538,41196400.0
2762,27624,1071.9331144616551,41850720.0
2762,27625,1072.4751547469018,44616800.0
2763,27631,6816.933994936136,1523300.0
2763,27632,8029.296734953103,1547300.0
2763,27633,5749.4236873335785,1547400.0
2763,27634,6892.314514927694,1476400.0
2763,27635,6200.976053276876,1519300.0
2764,27641,8588.534049408123,447100.0
2764,27642,8810.218135168689,317400.0
2764,27643,8688.659364733981,370700.0
2764,27644,8730.121977667413,278800.0
2764,27645,8738.31353430493,415300.0
2765,27651,140.21204286237145,22690900.0
2765,27652,142.17251226371638,22640550.0
2765,27653,143.9289414891254,22505000.0
2765,27654,144.26501347654087,22569500.0
2765,27655,142.1998327933417,22572000.0
2766,27661,4064.858970323608,1415000.0
2766,27662,4165.255781109782,2118000.0
2766,27663,3772.2362282235576,1436000.0
2766,27664,3897.854048587296,1468000.0
2766,27665,1337.2620026045602,1307000.0
2767,27671,15016.527192331137,101100.0
2767,27672,14208.341289807655,127100.0
2767,27673,14103.960854141618,167200.0
2767,27674,14491.35130100429,105700.0
2767,27675,14025.120090905246,116900.0
2768,27681,2294.1931485369623,3122630.0
2768,27682,6296.855656873044,2797170.0
2768,27683,2713.3900968441803,3609190.0
2768,27684,5355.612702524571,2838240.0
2768,27685,4861.91323771641,2833900.0
2769,27691,13270.593404548024,1240800.0
2769,27692,13916.530515290444,1241800.0
2769,27693,15087.66631696092,1241800.0
2769,27694,13731.080098863324,1240800.0
2769,27695,15323.510657882365,1242800.0
2770,27701,7611.589133273216,4785000.0
2770,27702,7981.237599557108,6115000.0
2770,27703,8189.527172191216,4993000.0
2770,27704,7876.736830901221,7815000.0
2770,27705,7842.057050537207,9605000.0
2771,27711,945.388427769986,38780900.0
2771,27712,918.7943212463297,38781900.0
2771,27713,921.5202027276513,38780900.0
2771,27714,931.5228482919125,38779900.0
2771,27715,958.4921317853416,38781900.0
2772,27721,2885.897291721013,15924000.0
2772,27722,3058.384623189363,16974000.0
2772,27723,3153.340149334424,16473000.0
2772,27724,3031.987602148145,16318000.0
2772,27725,2907.3317253619352,16554000.0
2773,27731,11100.565430446179,310300.0
2773,27732,10518.08778429846,333100.0
2773,27733,10717.72960145277,313800.0
2773,27734,10575.382626657734,299700.0
2773,27735,10619.86871347329,275930.0
2774,27741,11991.339422796224,35420.0
2774,27742,11731.264996840757,29210.0
2774,27743,11817.617794930064,34310.0
2774,27744,11814.081917128704,32710.0
2774,27745,11680.16336910276,40210.0
2775,27751,2063.0315245321663,3876000.0
2775,27752,2260.9683538849254,3919000.0
2775,27753,2449.7226065979894,3737000.0
2775,27754,2196.5353986880864,3828000.0
2775,27755,2121.4754351294714,3927000.0
2776,27761,1850.662361688,242900.0
2776,27762,1857.362809501887,296000.0
2776,27763,1997.119749403458,268200.0
2776,27764,1907.466432891872,256300.0
2776,27765,2026.6006747107253,294500.0
2777,27771,4711.021261670923,10251500.0
2777,27772,5163.316548374321,10251500.0
2777,27773,5601.41288725198,10251500.0
2777,27774,5015.846808643122,10251500.0
2777,27775,4853.754262373344,10252500.0
2778,27781,466.86577756209465,33562100.0
2778,27782,470.02195484979075,31577200.0
2778,27783,472.0247975534709,37100600.0
2778,27784,477.3186840207707,35565000.0
2778,27785,473.4340067490849,33165400.0
2779,27791,6220.168977312469,2308500.0
2779,27792,7321.037646526359,2313200.0
2779,27793,5247.534769360019,2309000.0
2779,27794,6285.76177263125,2306000.0
2779,27795,5658.8195587952705,2306200.0
2780,27801,7611.589133273216,4530000.0
2780,27802,7981.237599557108,4530000.0
2780,27803,8189.527172191216,4530000.0
2780,27804,7876.736830901221,4530000.0
2780,27805,7842.057050537207,4530000.0
2781,27811,6271.349327637412,275400.0
2781,27812,10649.92489778611,244300.0
2781,27813,6744.453465162493,277400.0
2781,27814,10938.967580556266,246400.0
2781,27815,6831.914409709867,251400.0
2782,27821,1505.070848504181,1027850.0
2782,27822,1517.7608632579884,1084390.0
2782,27823,1263.6545313509068,978760.0
2782,27824,1545.652887359448,868480.0
2782,27825,1359.0467376897195,1056950.0
2783,27831,7811.879528241472,394300.0
2783,27832,7203.206640775401,394300.0
2783,27833,7253.546759297608,394300.0
2783,27834,7486.1853678696625,394300.0
2783,27835,7284.444653318804,394300.0
2784,27841,5348.012968140009,1204800.0
2784,27842,5364.73222230276,1516500.0
2784,27843,5779.303146969556,1193900.0
2784,27844,5507.9240372153245,1300200.0
2784,27845,5866.481391970066,1350500.0
2785,27851,872.1075227806156,26954900.0
2785,27852,881.3678046137642,26954900.0
2785,27853,876.2123325578189,26954900.0
2785,27854,886.3049174011464,26954900.0
2785,27855,886.2564967690284,26954900.0
2786,27861,15892.201562339926,11.0
2786,27862,16118.372248264448,181.0
2786,27863,15982.720354982535,41.0
2786,27864,16015.484861673267,471.0
2786,27865,16073.544031701682,141.0
2787,27871,3516.0406781081647,1.0
2787,27872,3573.227200583121,1.0
2787,27873,3503.176281045391,-109.0
2787,27874,3572.8401466496603,-99.0
2787,27875,3519.736570380487,-99.0
2788,27881,452.16676574835276,36501000.0
2788,27882,450.8907562410909,34901000.0
2788,27883,453.58134573751386,35792000.0
2788,27884,458.4810812112038,39452000.0
2788,27885,459.3681712093845,37483000.0
2789,27891,12312.276462976797,16830.0
2789,27892,11968.319276013619,16840.0
2789,27893,12179.227627772485,16830.0
2789,27894,12125.737812335166,16830.0
2789,27895,12040.031105551685,16830.0
2790,27901,4229.926431600711,11040.0
2790,27902,4219.319611970143,12530.0
2790,27903,4237.590705218272,14540.0
2790,27904,4206.031370508239,5130.0
2790,27905,4231.252387986216,11530.0
2791,27911,2355.9364098842843,81770.0
2791,27912,2341.5341476472145,81770.0
2791,27913,2384.6513213179996,81770.0
2791,27914,2337.187350244808,81770.0
2791,27915,2377.037071287461,81770.0
2792,27921,10638.43768818985,1618850.0
2792,27922,10681.841875007536,1439050.0
2792,27923,11501.749079650457,1462150.0
2792,27924,10978.800846357766,1356450.0
2792,27925,9569.441156442505,2249850.0
2793,27931,79.19577402114066,49279500.0
2793,27932,79.48692428284512,49474500.0
2793,27933,78.78959208335525,50225500.0
2793,27934,79.81206377960484,49508500.0
2793,27935,80.44315946665513,50491500.0
2794,27941,6362.041681304034,-4730.0
2794,27942,6270.865504151276,-4520.0
2794,27943,6340.7903646525265,-4630.0
2794,27944,6265.685843396524,-4720.0
2794,27945,6321.15482290871,-4530.0
2795,27951,1099.3133396449402,3878000.0
2795,27952,1190.672626110791,3879000.0
2795,27953,1245.5845834317706,3878000.0
2795,27954,1187.9139161132375,3878000.0
2795,27955,1122.1602839219481,3879000.0
2796,27961,6472.505667590229,-427500.0
2796,27962,6218.145859439761,-422120.0
2796,27963,6381.842279074662,-423500.0
2796,27964,6324.033515251124,-405600.0
2796,27965,6268.470310248874,-463500.0
2797,27971,55.832039581363816,118968000.0
2797,27972,56.04599178757316,120613100.0
2797,27973,56.35692226322429,119203000.0
2797,27974,57.58278982306344,118070800.0
2797,27975,56.3209550955448,120440700.0
2798,27981,2203.674432874367,62000.0
2798,27982,2219.3560995766297,77700.0
2798,27983,2189.419349891384,68600.0
2798,27984,2235.2972083517698,79400.0
2798,27985,2189.344835955962,59600.0
2799,27991,1602.218632449754,11105000.0
2799,27992,1756.1975943275443,11105000.0
2799,27993,1902.41138034399,11105000.0
2799,27994,1705.7091673419218,11105000.0
2799,27995,1647.1791534470863,11105000.0
2800,28001,5187.125181011769,1992310.0
2800,28002,6081.072420343034,1995610.0
2800,28003,4385.773666575331,1982300.0
2800,28004,5196.33420886438,1982310.0
2800,28005,4718.672549171992,2015300.0
2801,28011,13491.067769802516,213200.0
2801,28012,12352.850087101577,213300.0
2801,28013,12460.656870096884,213300.0
2801,28014,12722.405310726508,213100.0
2801,28015,12481.760897487678,213200.0
2802,28021,14670.304651780218,-27450.0
2802,28022,14633.159896493036,-27350.0
2802,28023,14693.506270949423,-27350.0
2802,28024,14577.093677741697,-27450.0
2802,28025,14672.734177984303,-27450.0
2803,28031,9143.775083486511,12500.0
2803,28032,8975.48706512291,12500.0
2803,28033,9112.460799892991,12500.0
2803,28034,9118.8127556758,12500.0
2803,28035,9098.485735721199,12600.0
2804,28041,43.8251645519012,20800900.0
2804,28042,43.80384366473081,29410600.0
2804,28043,44.00488204119368,24850300.0
2804,28044,44.54693171489569,27410100.0
2804,28045,44.58338366940842,29390700.0
2805,28051,2057.989596817144,5410.0
2805,28052,2029.5471289536144,5410.0
2805,28053,2038.904458690639,5410.0
2805,28054,2065.784088201076,5410.0
2805,28055,2020.2927360062142,5410.0
2806,28061,60.26500268086238,83046000.0
2806,28062,59.34539748810314,81816730.0
2806,28063,61.2214686544743,80815000.0
2806,28064,61.166927765849074,79545700.0
2806,28065,59.64182462544569,76607000.0
2807,28071,5913.925168316459,645800.0
2807,28072,5937.175568329412,642800.0
2807,28073,6391.717651936146,644800.0
2807,28074,6098.903923039785,638100.0
2807,28075,6489.933994247973,638300.0
2808,28081,1554.1308793032688,5800.0
2808,28082,1565.1902999224658,5790.0
2808,28083,1544.077550045377,5800.0
2808,28084,1576.432690825673,6800.0
2808,28085,1544.0249994479516,5900.0
2809,28091,3600.585108174598,800.0
2809,28092,3468.492072503748,800.0
2809,28093,3551.6314079926715,800.0
2809,28094,3539.7373928638335,800.0
2809,28095,3494.401472441195,800.0
2810,28101,2152.4781656434684,290880.0
2810,28102,2205.567424001107,422280.0
2810,28103,2159.8053871881975,363550.0
2810,28104,2201.0427210704847,496140.0
2810,28105,2177.1528808427206,436090.0
2811,28111,95.28035911908304,665912000.0
2811,28112,96.41633604198266,647416000.0
2811,28113,96.10119114652795,675666000.0
2811,28114,98.36757175209968,683603000.0
2811,28115,96.07955196718902,682908000.0
2812,28121,2171.3007474682304,5430.0
2812,28122,2183.051101465634,5400.0
2812,28123,2149.390719721302,5500.0
2812,28124,2185.5593358488277,5300.0
2812,28125,2154.7696490777703,5180.0
2813,28131,45.33126155119838,139207500.0
2813,28132,45.73569007851121,128765900.0
2813,28133,46.095435262667486,127152100.0
2813,28134,47.02715831804879,121715000.0
2813,28135,45.586858095857814,116460900.0
2814,28141,2372.2562230072062,135500.0
2814,28142,2371.5348597063366,138100.0
2814,28143,2415.5164390063683,136500.0
2814,28144,2370.885398972502,135900.0
2814,28145,2409.618471867035,139100.0
2815,28151,4403.1606402267935,295600.0
2815,28152,4310.373440834077,184600.0
2815,28153,4405.853061960435,233600.0
2815,28154,4328.120339341669,114600.0
2815,28155,4343.599085438442,126600.0
2816,28161,50.88972855835631,29136200.0
2816,28162,49.801109693941925,29646140.0
2816,28163,51.20898797303956,29486341.0
2816,28164,50.66209229022759,29639600.0
2816,28165,50.76064314610371,28878060.0
2817,28171,2691.250605919178,627920.0
2817,28172,2699.664142528769,798920.0
2817,28173,2908.2863464861434,745720.0
2817,28174,2771.721757374108,674920.0
2817,28175,2952.1565663375736,658520.0
2818,28181,2995.330691804438,1364000.0
2818,28182,3016.140932499123,1364000.0
2818,28183,3116.347751002309,1364000.0
2818,28184,3117.1228297269163,1363000.0
2818,28185,3198.9071208617083,1364000.0
2819,28191,449.76055316760574,8368000.0
2819,28192,489.745347571947,8494000.0
2819,28193,531.9635606623166,8324000.0
2819,28194,471.64532766149387,8628000.0
2819,28195,459.76079863390044,9707000.0
2820,28201,60.87385339666188,278099000.0
2820,28202,59.944957533447834,302267000.0
2820,28203,61.83998244115686,348463000.0
2820,28204,61.784890531912616,319649000.0
2820,28205,60.24437944166446,319639000.0
2821,28211,3979.6781626422126,2523000.0
2821,28212,4085.8716677850884,2519000.0
2821,28213,3708.8339304151536,2523000.0
2821,28214,3834.525012396335,2522000.0
2821,28215,3916.4489457376853,2520000.0
2822,28221,6607.978138102948,-10380.0
2822,28222,6447.132367732012,-10380.0
2822,28223,6509.53043308779,-9780.0
2822,28224,6470.303314649258,-10380.0
2822,28225,6423.019398798742,-10370.0
2823,28231,7473.352159888598,1634810.0
2823,28232,8801.772722915603,2167020.0
2823,28233,6303.518700563575,2059900.0
2823,28234,7557.0200217316105,2069740.0
2823,28235,6798.137974056068,2309670.0
2824,28241,119.85850131866036,15858550.0
2824,28242,128.02087342271642,14811750.0
2824,28243,134.16510134658802,14866550.0
2824,28244,128.20127534121832,14942450.0
2824,28245,121.99165025648483,15671050.0
2825,28251,51.71561728156337,33196000.0
2825,28252,50.51147167376254,33105000.0
2825,28253,51.82051626451075,32736000.0
2825,28254,51.23788187348671,32876000.0
2825,28255,51.554547800505055,32656000.0
2826,28261,117.25170306542434,20476300.0
2826,28262,125.23655203087085,17355800.0
2826,28263,131.24714936164133,20475800.0
2826,28264,125.41303039450725,17186600.0
2826,28265,119.33845822338478,19386400.0
2827,28271,8294.60346124534,132830.0
2827,28272,8482.550875322464,133330.0
2827,28273,8222.21893799956,135130.0
2827,28274,8430.463342052852,134040.0
2827,28275,8226.629026602634,135830.0
2828,28281,1574.551469467792,649200.0
2828,28282,1568.6822356623113,649200.0
2828,28283,1723.53106357348,649200.0
2828,28284,1607.6348827954312,649200.0
2828,28285,1744.167988053469,649200.0
2829,28291,12489.281749926886,1379340.0
2829,28292,15222.86299863659,1404530.0
2829,28293,10296.941343485509,1386910.0
2829,28294,13056.377149239639,1398570.0
2829,28295,11356.17180202316,1408640.0
2830,28301,8253.442825107919,1331850.0
2830,28302,8384.894213782274,1249850.0
2830,28303,6963.81175022766,1428850.0
2830,28304,8351.632166267118,1495850.0
2830,28305,7511.6962711759,1380850.0
2831,28311,3489.4244143074707,2320500.0
2831,28312,3626.551795418196,2320500.0
2831,28313,3257.7348882047036,2319500.0
2831,28314,3370.3660939892443,2321500.0
2831,28315,3436.6681727383666,2319500.0
2832,28321,7481.902281861099,4100.0
2832,28322,7311.443782255102,4100.0
2832,28323,7313.350895516426,4100.0
2832,28324,7415.3688935963055,4100.0
2832,28325,7244.94083251526,4100.0
2833,28331,11830.663258094248,1000.0
2833,28332,11795.519883319164,1000.0
2833,28333,11847.622298254497,1000.0
2833,28334,11752.468796178413,1000.0
2833,28335,11829.996114502352,1000.0
2834,28341,3780.720427901332,315300.0
2834,28342,3535.416513054401,318300.0
2834,28343,3639.728005546457,315300.0
2834,28344,3640.779336321893,328300.0
2834,28345,3595.0318757852415,319300.0
2835,28351,1541.1150239222954,11700.0
2835,28352,1503.2095359353293,12060.0
2835,28353,1532.144724967248,12770.0
2835,28354,1543.6619689843199,9120.0
2835,28355,1525.1048122336983,11160.0
2836,28361,15404.936427667795,187100.0
2836,28362,14556.745469269032,188000.0
2836,28363,14588.19001502563,187300.0
2836,28364,14846.402094668461,188600.0
2836,28365,14411.30010244942,189600.0
2837,28371,3227.152663464038,2101900.0
2837,28372,3413.7048818580806,1860900.0
2837,28373,3066.623450028696,2000900.0
2837,28374,3172.451396835191,2233900.0
2837,28375,3177.5007421134947,1885400.0
2838,28381,15056.895143704274,250300.0
2838,28382,14461.063485966535,250300.0
2838,28383,14659.649423342538,250200.0
2838,28384,14590.66203181973,250300.0
2838,28385,14515.504927009595,250300.0
2839,28391,1964.5765758525126,20600.0
2839,28392,1942.0641345254185,19600.0
2839,28393,1954.6200088587098,20600.0
2839,28394,1964.1497944331045,19600.0
2839,28395,1936.8043754401356,20600.0
2840,28401,3328.8156522844292,443400.0
2840,28402,3376.4899294381116,443300.0
2840,28403,3486.166217564364,444300.0
2840,28404,3485.2457388681846,442700.0
2840,28405,3559.462179468263,443300.0
2841,28411,8527.39387379125,1885300.0
2841,28412,10029.85773214221,1936900.0
2841,28413,7190.900667961736,1912200.0
2841,28414,8604.76769522455,1916200.0
2841,28415,7754.205576352283,1908300.0
2842,28421,44.25210433392331,80592600.0
2842,28422,44.64690502496627,86512300.0
2842,28423,44.998086105707436,82895600.0
2842,28424,45.90762853726953,86100100.0
2842,28425,44.501616140447474,81246000.0
2843,28431,5373.55877005869,-1690.0
2843,28432,5344.660968147009,-5695.0
2843,28433,5370.756587508121,-5495.0
2843,28434,5301.587834272587,-3695.0
2843,28435,5379.6181731065335,-3590.0
2844,28441,10197.901167932087,9600.0
2844,28442,9913.01141507461,9600.0
2844,28443,10087.700680150472,9600.0
2844,28444,10043.39661883729,9600.0
2844,28445,9972.40824168095,9600.0
2845,28451,9366.996549138974,626400.0
2845,28452,9398.891654134164,643400.0
2845,28453,10122.789815577387,613600.0
2845,28454,9652.60435627626,638300.0
2845,28455,10279.937748122447,586600.0
2846,28461,8090.856294258828,423500.0
2846,28462,8117.3506889985565,424500.0
2846,28463,8746.248022830583,574500.0
2846,28464,8338.560110328759,448600.0
2846,28465,8879.900067875757,424500.0
2847,28471,7390.392123506314,45600.0
2847,28472,7408.292858247461,42100.0
2847,28473,7447.967472668854,47100.0
2847,28474,7323.20678409812,49600.0
2847,28475,7344.809766406883,44100.0
2848,28481,639.1774209771991,1410500.0
2848,28482,749.423321427098,1472000.0
2848,28483,540.3736924169124,1420000.0
2848,28484,640.587737269529,1414500.0
2848,28485,581.4789060981244,1410900.0
2849,28491,3324.2225115641922,806000.0
2849,28492,3371.831007164742,806000.0
2849,28493,3481.355962601637,806000.0
2849,28494,3480.436753993269,806000.0
2849,28495,3554.5507898371084,806000.0
2850,28501,8605.035408630076,154700.0
2850,28502,6952.5882302187865,498200.0
2850,28503,8685.66751757078,120400.0
2850,28504,7209.94057368126,335200.0
2850,28505,8737.569408123953,189500.0
2851,28511,90.83694113675952,728010.0
2851,28512,94.19202519626198,728550.0
2851,28513,97.81425296703453,728000.0
2851,28514,96.2645713565764,728270.0
2851,28515,96.1598957369128,727620.0
2852,28521,8177.712762888742,7600.0
2852,28522,7685.085414230007,8200.0
2852,28523,7840.103257371682,7600.0
2852,28524,7741.993781155654,8100.0
2852,28525,7743.048808714877,8400.0
2853,28531,12749.268403512167,10000.0
2853,28532,12854.600952239682,9000.0
2853,28533,12560.316753202014,10000.0
2853,28534,12933.539515639959,10000.0
2853,28535,12562.412743749554,10000.0
2854,28541,4852.895626415366,603300.0
2854,28542,4866.268723332242,608300.0
2854,28543,5244.630122565657,601000.0
2854,28544,4994.60317179407,606600.0
2854,28545,5322.614144787129,612500.0
2855,28551,19795.40755790188,6470.0
2855,28552,19743.898165777195,5750.0
2855,28553,19822.373944371786,4510.0
2855,28554,19677.952774966187,6740.0
2855,28555,19797.081431854305,7350.0
2856,28561,2419.016213539766,49100.0
2856,28562,2366.5513277641767,49100.0
2856,28563,2383.971301571727,49100.0
2856,28564,2383.2580079663157,50100.0
2856,28565,2356.242582287296,48100.0
2857,28571,6242.024281811862,602200.0
2857,28572,6265.809520842109,487800.0
2857,28573,5204.099790389437,1640900.0
2857,28574,6434.496539551323,1007200.0
2857,28575,6849.6831214748,435300.0
2858,28581,11171.263655159613,5500.0
2858,28582,11129.816175182596,4800.0
2858,28583,11187.70868997987,7000.0
2858,28584,11089.616969565426,7300.0
2858,28585,10889.414198861736,10100.0
2859,28591,2363.878697797294,87200.0
2859,28592,2370.898062464216,85710.0
2859,28593,2552.3310723951645,91600.0
2859,28594,2434.350702459015,85710.0
2859,28595,2589.081878599217,85710.0
2860,28601,12489.281749926886,2660100.0
2860,28602,15222.86299863659,3165400.0
2860,28603,10296.941343485509,2681400.0
2860,28604,13056.377149239639,3079800.0
2860,28605,11356.17180202316,2699000.0
2861,28611,10487.896960574277,151500.0
2861,28612,10250.40591729105,151000.0
2861,28613,10097.735017881652,149900.0
2861,28614,10335.979384458351,150600.0
2861,28615,10025.627841503097,151800.0
2862,28621,2404.076185618209,74431.0
2862,28622,2348.222039808946,74631.0
2862,28623,2310.484460027569,75431.0
2862,28624,2366.536701759869,74431.0
2862,28625,2292.623120453025,75631.0
2863,28631,12796.801963910924,243700.0
2863,28632,12875.474537998303,244800.0
2863,28633,12869.07505278558,243500.0
2863,28634,12892.954921386465,244700.0
2863,28635,12874.847642157738,245500.0
2864,28641,9572.348862786463,301710.0
2864,28642,9431.58047751812,298340.0
2864,28643,9423.031919620389,301300.0
2864,28644,9547.051593791917,299400.0
2864,28645,9365.591936950716,301250.0
2865,28651,6703.691143256145,841250.0
2865,28652,7838.209887566057,1154750.0
2865,28653,5628.405930771729,830150.0
2865,28654,6671.661917847329,1163150.0
2865,28655,7388.8274262194445,611750.0
2866,28661,1898.4133423171002,1328100.0
2866,28662,1892.1366507410426,1302800.0
2866,28663,2077.1904613486936,1309200.0
2866,28664,1939.475153486795,1332000.0
2866,28665,2102.432508750488,1301000.0
2867,28671,4.799491650424538,393690000.0
2867,28672,4.810265946647509,421788000.0
2867,28673,4.855426990452081,396745000.0
2867,28674,4.941738520738013,413389000.0
2867,28675,4.823392355436335,407985000.0
2868,28681,4605.504760132273,434350.0
2868,28682,4621.184421124191,435350.0
2868,28683,4968.27798270031,434250.0
2868,28684,4743.466860861439,434250.0
2868,28685,5041.960078587476,434250.0
2869,28691,17706.740015900352,104301.0
2869,28692,17875.49417595304,104301.0
2869,28693,17437.42239405406,104301.0
2869,28694,17713.4863780166,104301.0
2869,28695,17469.518977345535,104201.0
2870,28701,17695.40172720563,371750.0
2870,28702,16910.431765883222,371650.0
2870,28703,17269.533043171166,370750.0
2870,28704,17251.14327518741,371650.0
2870,28705,17013.268090731966,370650.0
2871,28711,502.2787453777605,24990000.0
2871,28712,490.3856068865581,24926000.0
2871,28713,504.94037750173777,25950000.0
2871,28714,498.7998662713276,25440000.0
2871,28715,500.32772963831013,25112000.0
2872,28721,6290.871800282635,2600.0
2872,28722,6288.687543134421,13000.0
2872,28723,6306.67280816738,5300.0
2872,28724,6284.24805963232,3100.0
2872,28725,6305.492799801956,370.0
2873,28731,1271.8729218958697,-3700.0
2873,28732,1270.7489139254121,-4460.0
2873,28733,1274.6746556701896,-4820.0
2873,28734,1269.2390985720317,-4890.0
2873,28735,1274.0282428803214,-4870.0
2874,28741,14565.735117671022,59965.0
2874,28742,13860.735473818,61030.0
2874,28743,13866.733649030208,60250.0
2874,28744,14265.133891473448,61065.0
2874,28745,13733.683520872943,62400.0
2875,28751,7784.740926140541,1113740.0
2875,28752,7809.078014122689,1113840.0
2875,28753,8412.540882157575,1112840.0
2875,28754,8017.512658630643,1111740.0
2875,28755,8539.440359733193,1111740.0
2876,28761,3176.225694883654,637200.0
2876,28762,3186.3549269903383,637700.0
2876,28763,3431.333670319048,643000.0
2876,28764,3270.72796184179,640900.0
2876,28765,3484.8384989560664,639000.0
2877,28771,613.8874935992287,1588000.0
2877,28772,644.8235737255013,1588000.0
2877,28773,589.4288956074859,1591000.0
2877,28774,603.961375878718,1590000.0
2877,28775,604.1360403641216,1588000.0
2878,28781,22814.84416519937,22010.0
2878,28782,22114.85991960587,23210.0
2878,28783,22343.582707728798,21140.0
2878,28784,22309.37321903819,28010.0
2878,28785,22114.676900947838,27110.0
2879,28791,2038.1118786495565,975000.0
2879,28792,2030.7727758022786,975000.0
2879,28793,2191.425285146563,975000.0
2879,28794,2066.775590647882,974000.0
2879,28795,2218.7948623506604,975000.0
2880,28801,7568.951481859816,477980.0
2880,28802,7595.253850109744,533190.0
2880,28803,8168.47574028796,625421.0
2880,28804,7802.154922292417,552600.0
2880,28805,8290.673179184592,504331.0
2881,28811,6204.10621296799,639400.0
2881,28812,6225.446396990926,760300.0
2881,28813,6706.541030605677,645200.0
2881,28814,6391.059923523717,740300.0
2881,28815,6807.114226935953,639300.0
2882,28821,9573.572915937732,657700.0
2882,28822,9545.371827377434,649500.0
2882,28823,10295.793401642122,604600.0
2882,28824,9722.298842359061,648400.0
2882,28825,10429.307528535206,645700.0
2883,28831,841.3754775251728,1210300.0
2883,28832,838.67190572736,1210300.0
2883,28833,904.6447280544177,1210300.0
2883,28834,853.4868453761086,1209300.0
2883,28835,916.0591168284773,1210300.0
2884,28841,11225.731179308552,752800.0
2884,28842,13222.179761816486,748600.0
2884,28843,9467.817173805623,749000.0
2884,28844,11349.863443785564,751700.0
2884,28845,10211.407397390842,753400.0
2885,28851,9301.85488647715,46000.0
2885,28852,9251.831583220774,52000.0
2885,28853,9297.004191329637,45000.0
2885,28854,9177.270187700524,47000.0
2885,28855,9312.343966481967,43000.0
2886,28861,1699.2914428103388,7870.0
2886,28862,1666.2825415220282,1920.0
2886,28863,1669.3815038003918,7720.0
2886,28864,1712.9154832260378,12710.0
2886,28865,1665.1987209484992,2360.0
2887,28871,12503.060202052675,87500.0
2887,28872,11909.849829941992,87400.0
2887,28873,12087.506379776434,93500.0
2887,28874,12039.982944746369,92500.0
2887,28875,11929.414853075778,78500.0
2888,28881,22814.84416519937,2030.0
2888,28882,22114.85991960587,3200.0
2888,28883,22343.582707728798,2470.0
2888,28884,22309.37321903819,1950.0
2888,28885,22114.676900947838,2500.0
2889,28891,2669.937811624381,17900.0
2889,28892,2612.0308073096708,17300.0
2889,28893,2631.257733729576,20450.0
2889,28894,2630.4704510494453,23750.0
2889,28895,2600.652748251994,17310.0
2890,28901,3966.6334828947256,77420.0
2890,28902,3945.3018117341476,77310.0
2890,28903,3964.5649782768523,77420.0
2890,28904,3913.506247127786,78320.0
2890,28905,3971.106390337341,78420.0
2891,28911,14422.856484459064,168000.0
2891,28912,14249.504071195817,168000.0
2891,28913,14444.146748893516,168000.0
2891,28914,14563.326643523502,168000.0
2891,28915,14362.311460508135,168000.0
2892,28921,12929.26541654843,353614.0
2892,28922,12466.753893572317,312618.2
2892,28923,12344.654663211051,314880.5
2892,28924,12527.040743722448,324626.0
2892,28925,12265.191786805908,317263.0
2893,28931,1492.252148818428,6230.0
2893,28932,1490.7171854310877,6120.0
2893,28933,1495.6371042706123,5620.0
2893,28934,1489.3304542970698,8430.0
2893,28935,1495.1701942621114,6330.0
2894,28941,13352.550589535076,88170.0
2894,28942,13590.356492654182,89170.0
2894,28943,13368.10469286429,89170.0
2894,28944,13540.51324066807,88170.0
2894,28945,13373.13218027011,89170.0
2895,28951,13068.825533653935,-43300.0
2895,28952,13171.393350477849,-41600.0
2895,28953,13165.28942577506,-42100.0
2895,28954,13315.629504019162,-39600.0
2895,28955,13203.630591008809,-40800.0
2896,28961,55.59624441271676,180158700.0
2896,28962,55.80929303566236,178931600.0
2896,28963,56.11891036021791,191135400.0
2896,28964,57.33960071982981,199896500.0
2896,28965,56.08309509249468,192036700.0
2897,28971,3038.637190805068,1440.0
2897,28972,3051.2913235557417,2200.0
2897,28973,3007.355794478709,1240.0
2897,28974,3051.2025732865777,6600.0
2897,28975,3012.984212939526,2200.0
2898,28981,13270.593404548024,1036300.0
2898,28982,13916.530515290444,1036300.0
2898,28983,15087.66631696092,1036300.0
2898,28984,13731.080098863324,1035400.0
2898,28985,15323.510657882365,1036300.0
2899,28991,2930.6410087492386,38690.0
2899,28992,2867.079737471815,26070.0
2899,28993,2888.1840563788146,26950.0
2899,28994,2887.319900330751,24650.0
2899,28995,2854.5906801127926,41000.0
2900,29001,12629.236651773463,8201.0
2900,29002,12591.05010985174,5101.0
2900,29003,12651.587687827556,11301.0
2900,29004,12546.704925891612,11001.0
2900,29005,12633.217905963267,9301.0
2901,29011,17297.652966256916,435000.0
2901,29012,8344.950205893687,560000.0
2901,29013,16072.576789440622,415000.0
2901,29014,8570.212922380822,591000.0
2901,29015,15747.567477579418,453000.0
2902,29021,8743.658294372919,1760500.0
2902,29022,10295.664729558854,1759500.0
2902,29023,7372.4614901708455,1759500.0
2902,29024,8835.21710646107,1761500.0
2902,29025,7951.496657729789,1759500.0
2903,29031,104.57243171923494,25762000.0
2903,29032,104.97247122616628,29582000.0
2903,29033,127.78022549740436,73308000.0
2903,29034,95.22049508837718,13101600.0
2903,29035,92.25655898874221,20491000.0
2904,29041,4739.271479764376,6700.0
2904,29042,4734.5582135053355,6700.0
2904,29043,4748.486938188751,6700.0
2904,29044,4733.112005352348,6700.0
2904,29045,4748.968366770493,6700.0
2905,29051,34.19849374303214,19263300.0
2905,29052,35.486787050438636,19265300.0
2905,29053,36.904004566701516,19265300.0
2905,29054,35.54307705509014,19264300.0
2905,29055,34.79567167115407,19264300.0
2906,29061,22814.84416519937,22310.0
2906,29062,22114.85991960587,23901.0
2906,29063,22343.582707728798,22750.0
2906,29064,22309.37321903819,20640.0
2906,29065,22114.676900947838,21320.0
2907,29071,590.5281929868229,4566000.0
2907,29072,609.6828427013214,4668000.0
2907,29073,632.573236373548,4566000.0
2907,29074,610.1645320503643,4667000.0
2907,29075,602.7032657969628,4581000.0
2908,29081,7529.326419342932,2037000.0
2908,29082,8855.938159133522,1979000.0
2908,29083,6349.259712813457,2018000.0
2908,29084,7597.644215671516,2016000.0
2908,29085,6846.634009305852,1994000.0
2909,29091,166.1573431027436,78762430.0
2909,29092,169.86480834637646,90019300.0
2909,29093,172.9182750683878,120105560.0
2909,29094,175.13674546496725,98559250.0
2909,29095,167.29146331107137,89641370.0
2910,29101,54.71947365295979,80767100.0
2910,29102,55.03558070749784,77689600.0
2910,29103,55.46789973350515,77415600.0
2910,29104,56.706736249919764,76530100.0
2910,29105,55.23064837751514,77048600.0
2911,29111,2009.9548135990397,5238400.0
2911,29112,2201.1594915589408,5334400.0
2911,29113,2389.5167682757224,5243400.0
2911,29114,2137.1500593745,5760400.0
2911,29115,2069.9974263393415,5341400.0
2912,29121,3435.986026392896,-4700.0
2912,29122,3452.3212024259346,3750.0
2912,29123,3399.9131479222974,3690.0
2912,29124,3452.3354063139705,-4090.0
2912,29125,3407.4522765820075,-5430.0
2913,29131,8123.220640530482,194470.0
2913,29132,8180.0037876211045,194470.0
2913,29133,8172.451842753983,194570.0
2913,29134,8192.364394065586,194560.0
2913,29135,8174.13484291181,194460.0
2914,29141,658.5964438079776,21120.0
2914,29142,647.5639534703471,16470.0
2914,29143,658.2268201146424,13280.0
2914,29144,672.118737321103,15720.0
2914,29145,656.8616768476315,21780.0
2915,29151,3057.34518615866,691750.0
2915,29152,3047.6829703255707,653750.0
2915,29153,3286.8658774416313,690750.0
2915,29154,3102.618055835668,639750.0
2915,29155,3329.7151034110925,617750.0
2916,29161,6647.721870541913,697550.0
2916,29162,6673.407480841798,704140.0
2916,29163,7184.732670690452,698390.0
2916,29164,6855.494988102597,690450.0
2916,29165,7297.041526534567,697490.0
2917,29171,8984.548948796415,-11450.0
2917,29172,8947.188278342921,-23760.0
2917,29173,8818.4334718794,-26565.0
2917,29174,9076.087261166776,1260.0
2917,29175,8836.412465959684,-8855.0
2918,29181,8864.948779899843,153200.0
2918,29182,8897.704452413423,153000.0
2918,29183,9587.86851785677,153800.0
2918,29184,9143.642596484688,152500.0
2918,29185,9733.185099564213,152700.0
2919,29191,8071.748828537978,1746800.0
2919,29192,9498.912183957043,1747900.0
2919,29193,6807.325287910733,1750900.0
2919,29194,8151.213864422678,1745600.0
2919,29195,7339.440554623082,1746600.0
2920,29201,9665.089711727724,162400.0
2920,29202,9691.72374455581,171000.0
2920,29203,10445.273202149852,162800.0
2920,29204,9947.316292381702,173000.0
2920,29205,10600.587189689413,155700.0
2921,29211,8309.75939987182,971200.0
2921,29212,8341.423745392825,1054300.0
2921,29213,8982.080040357749,917800.0
2921,29214,8565.99008414285,970100.0
2921,29215,9118.711516498093,1051300.0
2922,29221,3924.65854726206,491660.0
2922,29222,3936.8669608946707,487660.0
2922,29223,4232.672250243419,495660.0
2922,29224,4039.8809224289516,486660.0
2922,29225,4295.45114674029,490670.0
2923,29231,3545.8292530980098,10173410.0
2923,29232,3647.198131668544,13919420.0
2923,29233,3799.760835635051,14158030.0
2923,29234,3651.342107239885,10508950.0
2923,29235,3570.342691152907,11037580.0
2924,29241,2827.5600147823056,169200.0
2924,29242,2696.6698520795703,173000.0
2924,29243,2787.99529872585,171600.0
2924,29244,2716.313896666886,159700.0
2924,29245,2751.6564291878653,165800.0
2925,29251,7301.889993345505,2081450.0
2925,29252,8558.17624191397,2085050.0
2925,29253,6169.956678243792,2162050.0
2925,29254,7313.869220124472,2139050.0
2925,29255,6640.144176455015,2148050.0
2926,29261,754.2985646013342,2453500.0
2926,29262,804.8598180339119,2450000.0
2926,29263,731.0060668311355,2531000.0
2926,29264,758.9458738040648,2442000.0
2926,29265,742.4253709253564,2506000.0
2927,29271,46.881009682938846,1009804000.0
2927,29272,46.471641585114284,1065932000.0
2927,29273,46.83581405325651,1290289000.0
2927,29274,47.78545250152041,874859000.0
2927,29275,47.15811831082765,848920000.0
2928,29281,1867.4375341686723,5410.0
2928,29282,1899.9355093664133,6900.0
2928,29283,1875.9102158065602,4850.0
2928,29284,1886.328520155362,15300.0
2928,29285,1880.445551956772,6700.0
2929,29291,15060.253013217598,40.0
2929,29292,15012.664004057555,140.0
2929,29293,15081.325307147034,-40.0
2929,29294,14948.270053129649,-120.0
2929,29295,15054.485247326913,-50.0
2930,29301,95.41936406775037,29633000.0
2930,29302,95.27225584994939,29632000.0
2930,29303,95.68914614176306,29638000.0
2930,29304,97.02712453614375,29636000.0
2930,29305,97.43729069458546,29629000.0
2931,29311,10868.908804162416,9200.0
2931,29312,11143.382003354272,10100.0
2931,29313,11017.977091667857,10600.0
2931,29314,11072.719943901157,9100.0
2931,29315,11054.156637355438,9500.0
2932,29321,500.2312274663888,41027750.0
2932,29322,488.3865708476672,35748750.0
2932,29323,502.88200956038264,30749750.0
2932,29324,496.76652986245307,35815750.0
2932,29325,498.28816495949815,38200750.0
2933,29331,678.8693074694265,55672000.0
2933,29332,671.8323703623448,57408700.0
2933,29333,619.9533487808426,58926000.0
2933,29334,691.5135947966958,55704700.0
2933,29335,671.7729155681716,56107500.0
2934,29341,811.6211891919233,16478610.0
2934,29342,851.626090211677,14301070.0
2934,29343,886.6795344489498,9305230.0
2934,29344,855.8277394021227,12295610.0
2934,29345,830.6199234369562,8442520.0
2935,29351,7291.519045012292,297650.0
2935,29352,7316.343369966116,297650.0
2935,29353,7865.868220432395,293650.0
2935,29354,7509.943156450562,289650.0
2935,29355,7982.523057072333,296650.0
2936,29361,3034.609202432256,30.0
2936,29362,3058.057152341648,20.0
2936,29363,3057.3371632194485,10.0
2936,29364,3090.587643343745,60.0
2936,29365,3065.7740754569086,20.0
2937,29371,1896.925451397486,200.0
2937,29372,1906.3848583884767,200.0
2937,29373,1878.5482862450667,200.0
2937,29374,1908.2268400439527,200.0
2937,29375,1882.9175157123245,200.0
2938,29381,407.53318669282874,17389900.0
2938,29382,433.0233176546705,17389800.0
2938,29383,451.2110185442102,17389900.0
2938,29384,435.2218649891335,17389900.0
2938,29385,414.98232289466796,17389800.0
2939,29391,1314.6251253057567,12600.0
2939,29392,1326.5324965571015,14800.0
2939,29393,1294.0779002312852,22600.0
2939,29394,1313.818904498738,16600.0
2939,29395,1300.8508172154238,23600.0
2940,29401,3381.2658027241973,1123200.0
2940,29402,3371.305532176744,1251200.0
2940,29403,3636.3450141932763,834200.0
2940,29404,3433.7939333816385,924200.0
2940,29405,3017.7041389960145,1910200.0
2941,29411,3020.3341697559667,490260.0
2941,29412,1620.9098291457026,595600.0
2941,29413,2879.7759529557034,503530.0
2941,29414,2851.3950892739767,486290.0
2941,29415,1768.6513768851648,593670.0
2942,29421,4421.681251737648,11650.0
2942,29422,4500.430393807807,11650.0
2942,29423,4426.831974561514,11650.0
2942,29424,4483.924860175501,11650.0
2942,29425,4428.496821038344,11750.0
2943,29431,7947.64430883803,-16200.0
2943,29432,7905.484518870953,-16400.0
2943,29433,7907.487339145734,-16300.0
2943,29434,7765.643862694439,-16300.0
2943,29435,8182.7959478199045,-16400.0
2944,29441,7533.734450556492,3777000.0
2944,29442,7836.090722015579,3587000.0
2944,29443,8140.101778598498,4572000.0
2944,29444,7833.662165906302,5876000.0
2944,29445,3908.040759053113,3104200.0
2945,29451,14650.83346510779,252500.0
2945,29452,13785.629867974476,82000.0
2945,29453,13629.777091496193,54200.0
2945,29454,14381.039964253094,157500.0
2945,29455,13788.660803991264,238500.0
2946,29461,445.81302479819976,23481090.0
2946,29462,444.55494547615524,24331400.0
2946,29463,447.20772744235165,22886500.0
2946,29464,452.03861298658575,22161300.0
2946,29465,452.913237804937,21470190.0
2947,29471,13018.933974377513,8570.0
2947,29472,12977.795344925738,8560.0
2947,29473,13037.150056346067,8500.0
2947,29474,12922.12957392282,8500.0
2947,29475,13013.947991522868,8590.0
2948,29481,3853.1724112800866,4005000.0
2948,29482,4225.409261142735,4005000.0
2948,29483,4583.6370393559455,4006000.0
2948,29484,4107.229674580987,4005000.0
2948,29485,3971.8177379852214,4052000.0
2949,29491,3008.396894633299,1046600.0
2949,29492,3035.166793607388,1040100.0
2949,29493,3143.2020978560713,1040100.0
2949,29494,3145.7760606912134,1045100.0
2949,29495,3214.724043785035,1040200.0
2950,29501,18410.690904397674,172701.0
2950,29502,18839.208368839667,173001.0
2950,29503,18282.86394633886,162801.0
2950,29504,18733.723551275223,171101.0
2950,29505,18303.540208158898,169701.0
2951,29511,7248.167563232002,119970.0
2951,29512,6907.021719601607,122770.0
2951,29513,7009.781882142937,126070.0
2951,29514,6941.60131439886,123765.0
2951,29515,6863.956635782806,125870.0
2952,29521,11094.299581517003,136230.0
2952,29522,10655.27580881986,138030.0
2952,29523,10801.59892928384,139030.0
2952,29524,10750.767281617,143920.0
2952,29525,10695.389633802817,143920.0
2953,29531,3387.485945671256,739100.0
2953,29532,3375.237173599454,651830.0
2953,29533,3641.4730193695787,671500.0
2953,29534,3435.101003069389,641100.0
2953,29535,3688.554891220585,652460.0
2954,29541,14573.988420968375,286500.0
2954,29542,13655.976595701242,283300.0
2954,29543,13887.137934365306,288700.0
2954,29544,14242.543202306852,299100.0
2954,29545,13691.516217494844,309100.0
2955,29551,497.3961177655898,3367000.0
2955,29552,533.7848331849632,3357000.0
2955,29553,561.3181308123887,3355000.0
2955,29554,534.8470096660442,3358000.0
2955,29555,500.9910576319329,3365000.0
2956,29561,2948.2197798470575,7836300.0
2956,29562,3069.762051613491,7836300.0
2956,29563,3164.9788134680243,7836300.0
2956,29564,3043.3662576017405,7836300.0
2956,29565,2970.921850080042,7835300.0
2957,29571,7309.786390066739,303005.0
2957,29572,7094.282517207515,305430.0
2957,29573,7127.419007442249,306705.0
2957,29574,7141.615437057391,304810.0
2957,29575,7053.64351964577,307510.0
2958,29581,59.58156396840769,176782200.0
2958,29582,60.247887604925744,397909600.0
2958,29583,60.53867072816164,210989380.0
2958,29584,61.82379046784233,227999120.0
2958,29585,60.17778529179317,302427860.0
2959,29591,1762.9737759682837,3049601.0
2959,29592,1932.817328913659,2952510.0
2959,29593,2095.5516847855492,2848600.0
2959,29594,1877.3752414955725,2952700.0
2959,29595,1815.8876746394544,3205600.0
2960,29601,1142.7256463521858,11488950.0
2960,29602,1216.0361122500667,11486050.0
2960,29603,1272.0808143346592,12726040.0
2960,29604,1213.258273564899,9620050.0
2960,29605,1166.7908797798157,9919370.0
2961,29611,8571.010637053041,-145680.0
2961,29612,8782.283133359088,-142900.0
2961,29613,8733.92525403778,-145500.0
2961,29614,8474.28720158692,-150660.0
2961,29615,8817.949442362915,-145250.0
2962,29621,3797.83829511002,3945200.0
2962,29622,4159.093297435437,3905200.0
2962,29623,4514.780332318572,3905200.0
2962,29624,4038.689647820429,4034200.0
2962,29625,3911.5139330231978,3924200.0
2963,29631,13097.184531207067,984000.0
2963,29632,13053.881533917356,705000.0
2963,29633,14330.570783674333,915000.0
2963,29634,13380.470634442452,698400.0
2963,29635,14504.716079325943,1065000.0
2964,29641,1255.3993101144292,3874600.0
2964,29642,1375.3022474450995,3874600.0
2964,29643,1490.1597550598133,3874600.0
2964,29644,1335.37898850594,3872200.0
2964,29645,1290.16096790318,3875430.0
2965,29651,532.8757136783605,2750650.0
2965,29652,560.7674746242112,2752650.0
2965,29653,588.3253637868664,2756650.0
2965,29654,560.2958311526211,2750650.0
2965,29655,536.5614327667803,2749650.0
2966,29661,16864.14845727959,1200.0
2966,29662,16885.30926454245,1200.0
2966,29663,16490.74701608638,1200.0
2966,29664,16764.856145413243,1200.0
2966,29665,16466.938015892018,1200.0
2967,29671,14712.896011781366,30780.0
2967,29672,14833.015158458104,30680.0
2967,29673,14828.666428005872,30680.0
2967,29674,14764.906694731468,29680.0
2967,29675,14842.610441160006,30680.0
2968,29681,8007.972822670269,845900.0
2968,29682,8032.883179431386,846000.0
2968,29683,8636.451792950496,847900.0
2968,29684,8243.075478809278,845900.0
2968,29685,8764.547445331486,840900.0
2969,29691,13161.892165002451,370.0
2969,29692,13164.260669899788,370.0
2969,29693,13188.208901795899,370.0
2969,29694,13159.105825348315,370.0
2969,29695,13191.70194097358,370.0
2970,29701,3592.5910139245234,381840.0
2970,29702,3580.712891678606,382440.0
2970,29703,3930.9119986181367,380340.0
2970,29704,3670.297112241161,380640.0
2970,29705,3978.6804959455194,381040.0
2971,29711,5452.092210136995,340411.0
2971,29712,5473.951886603802,233396.0
2971,29713,7993.5115476778865,177916.0
2971,29714,8182.10919774769,179806.0
2971,29715,5983.070020108004,274310.0
2972,29721,2813.6365542087065,-123850.0
2972,29722,2652.706189559285,-88330.0
2972,29723,2723.063081098267,-103930.0
2972,29724,2696.7262940160435,-119740.0
2972,29725,2684.557076054233,-123020.0
2973,29731,263.17761407254073,2520700.0
2973,29732,278.24016998405114,2520800.0
2973,29733,255.08768754167278,2520800.0
2973,29734,260.9766709519088,2519700.0
2973,29735,255.3405110083665,2520700.0
2974,29741,5355.302533308723,122300.0
2974,29742,5405.045491417565,121300.0
2974,29743,5370.393350769557,128300.0
2974,29744,5318.8832479215025,133300.0
2974,29745,5395.843339716275,125300.0
2975,29751,2898.588955814972,232550.0
2975,29752,2658.191856663484,232550.0
2975,29753,2754.0435642589005,234550.0
2975,29754,2695.908221207733,232550.0
2975,29755,2681.8749302916704,231550.0
2976,29761,5507.50487393635,857100.0
2976,29762,5527.967348409788,773100.0
2976,29763,5950.430475554329,681100.0
2976,29764,5675.704560320869,683100.0
2976,29765,6042.275480863087,933100.0
2977,29771,10310.138470683982,244380.0
2977,29772,10279.060523409911,62380.0
2977,29773,11284.074098771289,160490.0
2977,29774,10694.161891362792,94390.0
2977,29775,11475.234459197787,135380.0
2978,29781,12251.343181111408,2132100.0
2978,29782,14422.56811711328,2133100.0
2978,29783,10296.941343485509,2132100.0
2978,29784,12381.543813902312,2133100.0
2978,29785,11146.889763125206,2132200.0
2979,29791,3401.6490579690326,288130.0
2979,29792,3250.7515326892812,280930.0
2979,29793,3319.7828290923453,287230.0
2979,29794,3316.247699576633,277930.0
2979,29795,3270.520119632913,278820.0
2980,29801,4140.298323027834,12858900.0
2980,29802,4537.1781871850635,12856900.0
2980,29803,4923.999104488483,12855900.0
2980,29804,4409.288890855866,12855900.0
2980,29805,4266.214843735702,12855900.0
2981,29811,1301.7371503527745,580400.0
2981,29812,1305.0200332330026,576700.0
2981,29813,1404.1890779963346,579800.0
2981,29814,1339.1233566871333,577600.0
2981,29815,1424.5241598219136,578500.0
2982,29821,4005.0525977317616,211900.0
2982,29822,3819.6552999168553,196600.0
2982,29823,3949.011782331908,215700.0
2982,29824,3847.479795734123,212000.0
2982,29825,3897.540166139549,194400.0
2983,29831,440.27693629564027,6658000.0
2983,29832,470.3298274882125,6658000.0
2983,29833,488.6116560829055,6656000.0
2983,29834,470.78720325317545,6658000.0
2983,29835,448.61999253349995,6657000.0
2984,29841,1052.3601616838794,2700.0
2984,29842,1035.8003397262648,2100.0
2984,29843,1049.193802962895,3200.0
2984,29844,1055.9744285202592,3000.0
2984,29845,1049.3456526819311,3400.0
2985,29851,12237.404913643863,127840.0
2985,29852,11437.5441505667,131940.0
2985,29853,11458.154443945687,139840.0
2985,29854,11928.420850846993,135940.0
2985,29855,11498.810470529728,118940.0
2986,29861,13029.947070222657,174450.0
2986,29862,12539.660535079216,183655.0
2986,29863,12556.562788763656,179380.0
2986,29864,12813.611579428949,174160.0
2986,29865,12410.358194302727,177550.0
2987,29871,2056.801192936278,277760.0
2987,29872,1919.4634676113074,277770.0
2987,29873,1932.5195120391054,277760.0
2987,29874,1945.5143393983446,277770.0
2987,29875,1886.9945627289076,277760.0
2988,29881,452.16676574835276,31864200.0
2988,29882,450.8907562410909,31843200.0
2988,29883,453.58134573751386,31830200.0
2988,29884,458.4810812112038,31825200.0
2988,29885,459.3681712093845,31828200.0
2989,29891,6091.348848348227,-17650.0
2989,29892,6052.292565846956,-21510.0
2989,29893,6001.565184676083,-12750.0
2989,29894,6074.530700652253,-8280.0
2989,29895,6005.615662405487,-14190.0
2990,29901,1766.2553302592728,700.0
2990,29902,1750.3355672479624,700.0
2990,29903,1748.4986422125144,700.0
2990,29904,1779.9368791478505,700.0
2990,29905,1744.832936554664,700.0
2991,29911,12414.245275252908,50300.0
2991,29912,11849.18844601631,45750.0
2991,29913,11879.021772029797,47450.0
2991,29914,12131.631295300916,55500.0
2991,29915,11702.215313214034,51600.0
2992,29921,60.42729545353916,121500000.0
2992,29922,61.10307723182383,109482000.0
2992,29923,61.39798788086277,122303000.0
2992,29924,62.70134927372644,106803000.0
2992,29925,61.03197985025986,105385000.0
2993,29931,7358.102191727412,1386000.0
2993,29932,7653.911954180476,1386000.0
2993,29933,7054.091323113147,1386000.0
2993,29934,7243.197758242988,1386000.0
2993,29935,7216.422529754151,1386000.0
2994,29941,10130.571877849605,388800.0
2994,29942,9218.889956657838,389500.0
2994,29943,9379.193843085644,388900.0
2994,29944,9813.135757947262,388800.0
2994,29945,9389.209030524158,388900.0
2995,29951,5221.915327820455,177150.0
2995,29952,5135.054330153016,177050.0
2995,29953,5078.31355765656,177950.0
2995,29954,5176.6246434175155,177050.0
2995,29955,5009.826113802008,178050.0
2996,29961,8369.659925129736,266200.0
2996,29962,8654.744440018289,265000.0
2996,29963,8512.027114330693,267000.0
2996,29964,8667.99302685555,263400.0
2996,29965,8582.351545334011,269400.0
2997,29971,6047.507270574721,4921.0
2997,29972,5916.345777567004,7221.0
2997,29973,5959.8954725482645,6021.0
2997,29974,5958.112248343057,6521.0
2997,29975,5890.574055627733,13721.0
2998,29981,1865.9924670635369,5900.0
2998,29982,1889.2098330653746,5720.0
2998,29983,1890.568864441361,5840.0
2998,29984,1880.3117764104506,5760.0
2998,29985,1887.3186444711791,5840.0
2999,29991,11293.052133890535,500.0
2999,29992,11489.578829664246,500.0
2999,29993,11344.2894222602,500.0
2999,29994,11407.292576049826,500.0
2999,29995,11371.716196463849,500.0
3000,30001,14147.46966610316,151000.0
3000,30002,13492.571238926601,148600.0
3000,30003,13949.510783769842,146900.0
3000,30004,13590.85863988917,141200.0
3000,30005,13767.692165667511,149400.0
3001,30011,2463.877634981033,62600.0
3001,30012,2286.723896489672,61600.0
3001,30013,2336.3425787616243,61600.0
3001,30014,2380.9008515678224,62600.0
3001,30015,2337.051995710009,62600.0
3002,30021,3080.821318507249,30000.0
3002,30022,2994.755135910036,29700.0
3002,30023,3047.5293688720535,29400.0
3002,30024,3034.14495826222,28500.0
3002,30025,3012.6991232704863,29500.0
3003,30031,3942.3488332342376,2601.0
3003,30032,3900.8837259958173,2501.0
3003,30033,3883.9117942684934,2601.0
3003,30034,3981.0255629551125,2601.0
3003,30035,3892.6268978848807,2601.0
3004,30041,3594.3862310252175,561700.0
3004,30042,3581.3893305544975,561700.0
3004,30043,3863.886283630966,561700.0
3004,30044,3644.9095127291703,561700.0
3004,30045,3913.84381397243,561700.0
3005,30051,4540.298628663635,25500.0
3005,30052,4559.087409752641,26500.0
3005,30053,4507.747290568603,26100.0
3005,30054,4526.543822976476,26300.0
3005,30055,4512.639588203396,26500.0
3006,30061,2336.267202265636,345000.0
3006,30062,2329.442322244963,344000.0
3006,30063,2512.6188169274765,344100.0
3006,30064,2371.272382737697,344100.0
3006,30065,2544.3182014489785,344000.0
3007,30071,5248.641608076714,218001.0
3007,30072,4991.5918607088115,229001.0
3007,30073,4987.78761239913,220001.0
3007,30074,5134.429068887925,213001.0
3007,30075,4936.99651214203,229001.0
3008,30081,280.2410950916119,2102130.0
3008,30082,291.09606356433585,2097130.0
3008,30083,266.8660789482619,2212120.0
3008,30084,273.04383683600236,2130130.0
3008,30085,271.96953247690817,2151130.0
3009,30091,7272.986666187158,2205110.0
3009,30092,8563.94769518898,2205120.0
3009,30093,6132.423330117843,2205120.0
3009,30094,7349.145408565921,2204110.0
3009,30095,6614.065557104215,2206320.0
3010,30101,5887.815389306908,815600.0
3010,30102,5904.0404087368115,783400.0
3010,30103,6363.090477112529,1049400.0
3010,30104,5872.448682497435,1697400.0
3010,30105,5290.468578864877,2066200.0
3011,30111,4240.11161693798,1401.0
3011,30112,4200.212670540795,1301.0
3011,30113,4211.622740177357,1301.0
3011,30114,4256.265967091984,1301.0
3011,30115,4211.3702864934385,1301.0
3012,30121,1387.3936537385152,5860970.0
3012,30122,1509.629636842857,5869070.0
3012,30123,1640.3393323797197,5892470.0
3012,30124,1452.5653860457467,5876470.0
3012,30125,1417.8563261151296,5873470.0
3013,30131,3887.378115405814,4413200.0
3013,30132,4020.0051268041366,4412200.0
3013,30133,4175.576071655641,4412200.0
3013,30134,4008.1362924771543,4413200.0
3013,30135,3916.8319689297014,4413200.0
3014,30141,7679.097788081252,790100.0
3014,30142,7707.170042449931,790800.0
3014,30143,7968.953025396657,788600.0
3014,30144,7940.51375047723,790000.0
3014,30145,8201.460281526499,789200.0
3015,30151,1216.7787605439635,45900.0
3015,30152,1182.7866876002033,45900.0
3015,30153,1203.6300144710062,46900.0
3015,30154,1198.3438050908605,45900.0
3015,30155,1189.8737142214827,46900.0
3016,30161,11351.025301924721,319050.0
3016,30162,10901.842375556485,318950.0
3016,30163,11051.551460879029,318950.0
3016,30164,10999.543552262061,318850.0
3016,30165,10942.88444756769,318890.0
3017,30171,61.78802105682854,113237000.0
3017,30172,60.72752371688225,108438000.0
3017,30173,62.50385635985325,110235000.0
3017,30174,62.41259517500439,108059000.0
3017,30175,61.11366291941698,111261000.0
3018,30181,2779.9822963265105,6500.0
3018,30182,2810.2985861067964,6600.0
3018,30183,2803.0260899746972,6500.0
3018,30184,2807.0542809611206,6600.0
3018,30185,2810.3780110638786,6500.0
3019,30191,6265.682070820377,1190500.0
3019,30192,6287.991710055363,1270200.0
3019,30193,6772.375065532617,1250100.0
3019,30194,6457.268852071134,1201200.0
3019,30195,6874.982492065709,1209100.0
3020,30201,3451.7311717666876,498650.0
3020,30202,3465.8446750914154,490600.0
3020,30203,3701.167655805515,508950.0
3020,30204,3556.4636874295275,514950.0
3020,30205,3761.5927316879324,496550.0
3021,30211,285.08644848021163,539000.0
3021,30212,292.8989523484875,518000.0
3021,30213,302.4231778477158,498600.0
3021,30214,301.74563136841317,516000.0
3021,30215,301.5445560403015,565000.0
3022,30221,3053.4058205186434,-600.0
3022,30222,2929.103395143748,-600.0
3022,30223,2941.7823301771136,-600.0
3022,30224,3075.663238820806,-600.0
3022,30225,2969.0546885713675,-600.0
3023,30231,18421.07036758133,382610.0
3023,30232,17666.961060660655,475700.0
3023,30233,17446.84537874748,418501.0
3023,30234,18081.848365242913,417710.0
3023,30235,17337.026698853733,503340.0
3024,30241,55.00269601882343,38895100.0
3024,30242,52.78200861767455,43514000.0
3024,30243,54.14832186577314,36028300.0
3024,30244,53.542820851896735,36762400.0
3024,30245,65.52579019952915,68577200.0
3025,30251,2977.1833019509318,866000.0
3025,30252,2997.867462559749,866000.0
3025,30253,3097.467172069483,866000.0
3025,30254,3098.2375549333556,866000.0
3025,30255,3179.526351056803,866000.0
3026,30261,2297.8174686782413,6840.0
3026,30262,2227.4717672091565,6840.0
3026,30263,2219.3391872015663,6840.0
3026,30264,2275.7509618843105,6840.0
3026,30265,2243.285117381996,6840.0
3027,30271,8473.196900927227,371830.0
3027,30272,8500.943311842953,390830.0
3027,30273,9159.559748252554,368825.0
3027,30274,8732.606181025416,361820.0
3027,30275,9299.527639498247,384720.0
3028,30281,2155.983874758411,4650.0
3028,30282,2139.1240725496414,4750.0
3028,30283,2160.8682223503815,4750.0
3028,30284,2204.164390786248,4650.0
3028,30285,2166.654100455936,4650.0
3029,30291,6123.4968514527445,0.0
3029,30292,6170.016737652979,0.0
3029,30293,6168.583455596206,0.0
3029,30294,6230.562080591919,0.0
3029,30295,6184.409077497387,0.0
3030,30301,10033.904331316542,404000.0
3030,30302,10075.08908558225,422300.0
3030,30303,10848.615483065212,403300.0
3030,30304,10349.301118248588,410300.0
3030,30305,11013.62396132428,389080.0
3031,30311,20060.059162318994,200210.0
3031,30312,18563.49351358531,197120.0
3031,30313,18965.1643032567,191420.0
3031,30314,19240.75666853707,192700.0
3031,30315,18481.636157863195,203310.0
3032,30321,11802.169816489959,407320.0
3032,30322,11278.624269053911,373310.0
3032,30323,11518.131363676965,404920.0
3032,30324,11505.866077588746,351120.0
3032,30325,11347.212243934568,392270.0
3033,30331,10177.156959216964,1786500.0
3033,30332,11984.746239410999,1786500.0
3033,30333,8585.009589688936,1786500.0
3033,30334,10286.66860142188,1787500.0
3033,30335,9257.241032754835,1787500.0
3034,30341,43.573355646051205,72436000.0
3034,30342,43.96210079566739,72436000.0
3034,30343,44.30789538233451,72436000.0
3034,30344,45.20348704836176,72436000.0
3034,30345,43.81904038460121,72436000.0
3035,30351,3362.111757517957,24900.0
3035,30352,3360.743048439562,15700.0
3035,30353,3369.5287287764454,20100.0
3035,30354,3359.3155189441095,31600.0
3035,30355,3369.2579460921843,25900.0
3036,30361,14380.88514900065,288000.0
3036,30362,13712.288219863729,288900.0
3036,30363,13932.935612037123,288900.0
3036,30364,13788.444154144507,288900.0
3036,30365,13651.194362477176,287900.0
3037,30371,8769.260999834962,832000.0
3037,30372,8801.84213838451,832400.0
3037,30373,9474.504171289645,842900.0
3037,30374,9037.075007041105,850800.0
3037,30375,9620.743319782325,849900.0
3038,30381,1832.6629122481038,735250.0
3038,30382,2768.6830663883075,480050.0
3038,30383,2803.3516729497255,399500.0
3038,30384,1886.4672804718848,639690.0
3038,30385,2005.8086361414291,516650.0
3039,30391,6368.013844923516,810600.0
3039,30392,6388.971844669707,811540.0
3039,30393,6882.9435162896825,812600.0
3039,30394,6558.52240313779,811540.0
3039,30395,6987.95009374976,811540.0
3040,30401,15892.201562339926,-270.0
3040,30402,16118.372248264448,-270.0
3040,30403,15982.720354982535,-270.0
3040,30404,16015.484861673267,-270.0
3040,30405,16073.544031701682,-270.0
3041,30411,46.59318498068348,9175000.0
3041,30412,47.098378599827136,9174000.0
3041,30413,50.01857657134251,12074000.0
3041,30414,47.150626510979905,9674000.0
3041,30415,46.62650011635536,9174000.0
3042,30421,3770.1854428681677,8254400.0
3042,30422,4133.402241443612,8275400.0
3042,30423,4481.415755839623,13615400.0
3042,30424,4014.8372612066896,8242400.0
3042,30425,3883.343796789729,13594400.0
3043,30431,8811.798030376765,471400.0
3043,30432,8126.357002215484,473400.0
3043,30433,8187.717765673243,472400.0
3043,30434,8436.329427198663,469500.0
3043,30435,8022.151002384637,470410.0
3044,30441,464.01126271699223,26151000.0
3044,30442,467.14814247774467,26161000.0
3044,30443,469.1387393829431,26161000.0
3044,30444,474.40025792302384,26151000.0
3044,30445,470.53933237929385,26151000.0
3045,30451,25383.998207447345,4910.0
3045,30452,25004.136961792374,13370.0
3045,30453,24988.102404538055,17760.0
3045,30454,25163.343613265803,9470.0
3045,30455,24786.373877689355,31770.0
3046,30461,9435.272267793522,648750.0
3046,30462,9428.842974006388,653750.0
3046,30463,10217.996897141118,643750.0
3046,30464,9652.576163934818,658750.0
3046,30465,10359.389455168634,673750.0
3047,30471,1109.0290332103918,50900.0
3047,30472,1093.8716449803017,64000.0
3047,30473,1133.818537574903,50900.0
3047,30474,1142.3255209860981,48900.0
3047,30475,1055.100832663175,67910.0
3048,30481,14224.065204382598,244800.0
3048,30482,12943.996986215918,233800.0
3048,30483,13169.07538855672,229100.0
3048,30484,13778.361632840935,231500.0
3048,30485,13183.137445553812,251800.0
3049,30491,4196.34998873246,324600.0
3049,30492,4208.411917401349,411200.0
3049,30493,4528.8563645928725,379000.0
3049,30494,4320.215721543024,294200.0
3049,30495,4595.078185261211,392000.0
3050,30501,13769.532605817116,160540.0
3050,30502,13047.006803771716,160540.0
3050,30503,13294.649550262004,159640.0
3050,30504,13118.077345624237,159640.0
3050,30505,13173.25945564828,160550.0
3051,30511,7840.215709811762,1267000.0
3051,30512,7872.396339279288,1267000.0
3051,30513,8476.808501608954,1268000.0
3051,30514,8086.658047916484,1268000.0
3051,30515,8605.74156901534,1268000.0
3052,30521,10065.657471352359,75000.0
3052,30522,9489.93637301865,76590.0
3052,30523,9741.634969243221,79590.0
3052,30524,9647.416305048991,79090.0
3052,30525,9603.881478379719,77390.0
3053,30531,1544.5362777572973,5374200.0
3053,30532,1700.1089398287197,5408600.0
3053,30533,1819.1200958525715,5357800.0
3053,30534,1652.6903884118924,5413400.0
3053,30535,1579.4656380884717,5375900.0
3054,30541,13455.318934254941,-14100.0
3054,30542,13475.185979619584,-7500.0
3054,30543,13445.40049881236,-8400.0
3054,30544,13473.015449051478,-12100.0
3054,30545,13450.583322019957,-9300.0
3055,30551,2676.771751670482,4234300.0
3055,30552,2931.389539536648,4233400.0
3055,30553,3182.082942843602,4233400.0
3055,30554,2846.527293426155,4233300.0
3055,30555,2756.891997129826,4233400.0
3056,30561,7222.78604497434,2186000.0
3056,30562,8502.26610791746,2182000.0
3056,30563,6091.918486358899,2182600.0
3056,30564,7297.141454130932,2183000.0
3056,30565,6570.222031568624,2186000.0
3057,30571,6038.517572227336,362000.0
3057,30572,6014.783642133576,350500.0
3057,30573,6037.944159905363,355500.0
3057,30574,6062.2743561992465,348000.0
3057,30575,6047.276009930109,357000.0
3058,30581,12472.720003381115,292800.0
3058,30582,11794.331447950368,291800.0
3058,30583,11693.70214741574,291800.0
3058,30584,12022.709298770653,292800.0
3058,30585,11621.42888396432,292800.0
3059,30591,3782.3175819101125,2921000.0
3059,30592,3814.9827607166103,2921000.0
3059,30593,3965.348853910742,2921000.0
3059,30594,3808.526496719408,2921000.0
3059,30595,3807.290530601407,2921000.0
3060,30601,10586.94913534345,-3905.0
3060,30602,10345.749050521339,-4995.0
3060,30603,10348.44763041885,-3995.0
3060,30604,10492.803880456979,-4595.0
3060,30605,10251.646866381228,-5365.0
3062,30621,8888.917574547066,568350.0
3062,30622,8923.26276486247,565350.0
3062,30623,9606.974802590037,563050.0
3062,30624,9166.73878189747,566150.0
3062,30625,9757.147174709547,564450.0
3063,30631,117.74038012696992,4685530.0
3063,30632,126.00214917408034,3886160.0
3063,30633,132.3525123936892,4756600.0
3063,30634,126.54135137535181,3752400.0
3063,30635,119.90530812178444,3645700.0
3064,30641,6700.868109157962,944600.0
3064,30642,6725.764381748192,942800.0
3064,30643,7239.766595232337,939800.0
3064,30644,6905.51321438487,941300.0
3064,30645,7351.512527582102,939400.0
3065,30651,6971.615405662851,2594000.0
3065,30652,8150.385923353349,2593000.0
3065,30653,5849.67374119446,2593000.0
3065,30654,6932.51722760571,2593400.0
3065,30655,6291.227054809902,2592400.0
3066,30661,409.91578777095964,5517500.0
3066,30662,435.55494417537767,5553500.0
3066,30663,453.8489775972438,5753500.0
3066,30664,437.76634509188125,5520500.0
3066,30665,417.40847458542413,5493500.0
3067,30671,16219.668928423573,-13735.0
3067,30672,15747.713670879835,-11535.0
3067,30673,16115.348424418193,-14630.0
3067,30674,15843.34064939638,-11930.0
3067,30675,15835.55489286228,-13130.0
3068,30681,48.984227837448955,686969000.0
3068,30682,49.78317111963847,610660000.0
3068,30683,50.13875994952103,551843000.0
3068,30684,51.12598853549129,632022000.0
3068,30685,49.32145793964766,568711000.0
3069,30691,7126.665392422915,801980.0
3069,30692,7151.4308012110105,760880.0
3069,30693,7691.156893616688,757080.0
3069,30694,7346.2417620572205,740080.0
3069,30695,7806.2138154260665,750980.0
3070,30701,15975.573522051467,97400.0
3070,30702,15437.616126721687,169000.0
3070,30703,15570.653940292406,106800.0
3070,30704,15754.389856266027,188500.0
3070,30705,15617.200661750172,105500.0
3071,30711,7611.589133273216,3277200.0
3071,30712,7981.237599557108,3365400.0
3071,30713,8189.527172191216,3374400.0
3071,30714,7876.736830901221,3418400.0
3071,30715,7842.057050537207,3468400.0
3072,30721,517.6632056461442,26176150.0
3072,30722,504.07332249638586,26176150.0
3072,30723,520.3412225600376,26176150.0
3072,30724,482.5775163943925,26176150.0
3072,30725,558.3365390442075,26177150.0
3073,30731,13552.404392739287,283370.0
3073,30732,12951.199426450094,255370.0
3073,30733,12991.048630848361,231270.0
3073,30734,13114.843712343543,297070.0
3073,30735,12806.977348951747,265270.0
3074,30741,3345.582907001683,4217000.0
3074,30742,3665.996076345852,4215000.0
3074,30743,3976.546418914546,4215000.0
3074,30744,3559.507563204891,4217000.0
3074,30745,3446.0033396303393,4215000.0
3075,30751,5608.21041628992,400770.0
3075,30752,5643.815990627411,400020.0
3075,30753,5630.51584912598,400770.0
3075,30754,5651.420032577827,400010.0
3075,30755,5631.258090369607,400020.0
3076,30761,2799.2741450129347,3407670.0
3076,30762,3069.614792372661,3307670.0
3076,30763,5544.0397664119355,2627670.0
3076,30764,6646.513083606058,2577670.0
3076,30765,5979.064877264862,1517670.0
3077,30771,9003.274372562419,2230000.0
3077,30772,10589.584862238247,2164700.0
3077,30773,7592.196708361729,1962900.0
3077,30774,9084.966124336508,2091000.0
3077,30775,8186.937460426512,2155420.0
3078,30781,7094.266245174949,1110900.0
3078,30782,8349.124062742898,1111000.0
3078,30783,5981.153126355902,1111000.0
3078,30784,7163.078500343772,1110400.0
3078,30785,6451.918261877579,1110500.0
3079,30791,7308.605664316897,11400.0
3079,30792,7379.478669519638,11100.0
3079,30793,7401.776474016573,11100.0
3079,30794,7319.447006534935,12100.0
3079,30795,7376.651891002066,11500.0
3080,30801,6633.395296159554,12489600.0
3080,30802,6984.387800754739,6180600.0
3080,30803,7180.057356114422,5844600.0
3080,30804,6914.329429276446,7504600.0
3080,30805,6778.362276204489,7081600.0
3081,30811,6113.92057138241,-49749.0
3081,30812,6108.3496000882915,-49749.0
3081,30813,6144.649864487961,-49739.0
3081,30814,6124.638803748598,-49749.0
3081,30815,6121.2819592502865,-49739.0
3082,30821,18463.034295881433,256000.0
3082,30822,18892.770077306486,255900.0
3082,30823,18334.843913302462,255800.0
3082,30824,18786.985356108347,255900.0
3082,30825,18355.57895975326,255900.0
3083,30831,2272.1373559379426,-89670.0
3083,30832,2216.251536960561,-89670.0
3083,30833,2258.91202815039,-89670.0
3083,30834,2275.892435168965,-89670.0
3083,30835,2248.5327582995715,-89660.0
3084,30841,2729.2966276002594,476000.0
3084,30842,4664.7036950676165,246100.0
3084,30843,2945.479746307531,306100.0
3084,30844,2813.3877153873723,360000.0
3084,30845,2989.54305661957,541100.0
3085,30851,1509.8082205898,43230.0
3085,30852,1516.0561479758865,43240.0
3085,30853,1498.9837612608874,43240.0
3085,30854,1505.2342662318224,43240.0
3085,30855,1500.61062147223,43240.0
3086,30861,510.5265387092366,46825000.0
3086,30862,499.4037665116716,49997000.0
3086,30863,515.4062239958248,50197000.0
3086,30864,509.4286696834832,46808000.0
3086,30865,508.83831780482114,46382000.0
3087,30871,11510.423951823015,731500.0
3087,30872,11557.385790224374,731500.0
3087,30873,12444.497206694019,731500.0
3087,30874,11878.685191200613,731500.0
3087,30875,12638.167875076591,731500.0
3088,30881,59.64703058895212,157711700.0
3088,30882,58.623280091795074,98250000.0
3088,30883,60.33806178700421,151489800.0
3088,30884,60.24996285470051,142589000.0
3088,30885,58.996039348868536,91816300.0
3089,30891,20768.864090720446,6200.0
3089,30892,20682.09360104237,6200.0
3089,30893,20583.875669078345,6200.0
3089,30894,20612.387153161246,6200.0
3089,30895,20595.01409926533,6200.0
3090,30901,6048.236130299086,109200.0
3090,30902,6072.180832265663,109200.0
3090,30903,6539.755126272348,109200.0
3090,30904,6239.056837287588,109200.0
3090,30905,6640.52032388697,109200.0
3091,30911,2417.369498591316,330200.0
3091,30912,2421.7029579254827,328200.0
3091,30913,2619.095145502999,329200.0
3091,30914,2484.593673264389,329200.0
3091,30915,2658.583780709241,330200.0
3092,30921,475.0272206650193,26420000.0
3092,30922,465.3983259646126,25921000.0
3092,30923,468.16187662185155,26010000.0
3092,30924,473.2483332302853,26483000.0
3092,30925,482.7234694599723,24840000.0
3093,30931,21683.657939285265,102090.0
3093,30932,21335.82710628099,101080.0
3093,30933,21125.303995773902,100080.0
3093,30934,21520.264375247025,100080.0
3093,30935,20852.786665030777,100080.0
3094,30941,121.42371768948674,453200.0
3094,30942,246.93481241915532,580300.0
3094,30943,119.30158798688554,493760.0
3094,30944,253.2997444782598,643860.0
3094,30945,111.49089519899151,538220.0
3095,30951,1506.9350827981905,-16000.0
3095,30952,1520.584324043585,-18000.0
3095,30953,1483.3821065748957,-20000.0
3095,30954,1506.0109239675162,-10000.0
3095,30955,1491.1457998284427,-23000.0
3096,30961,2879.3830506715362,30850.0
3096,30962,2714.6922118292578,30850.0
3096,30963,2786.6931391317717,30850.0
3096,30964,2759.740937995394,30850.0
3096,30965,2747.287360831438,30850.0
3097,30971,3123.2494197963574,3477200.0
3097,30972,3423.6128946510084,3317800.0
3097,30973,3713.969603373501,3292300.0
3097,30974,7410.707064736016,3209600.0
3097,30975,3217.417405955182,3397300.0
3098,30981,11814.975547332615,235300.0
3098,30982,10933.528169650886,210300.0
3098,30983,11170.104269434267,277300.0
3098,30984,11332.42268686623,168300.0
3098,30985,10885.315816516708,284300.0
3099,30991,44.35729159222003,558716000.0
3099,30992,44.83973403884586,577519000.0
3099,30993,45.29613763628172,568254000.0
3099,30994,46.238047202811366,536317000.0
3099,30995,44.6332579676175,573051000.0
3100,31001,4114.701622716572,88850.0
3100,31002,3999.752839719521,88750.0
3100,31003,4070.237363019188,90250.0
3100,31004,4052.361332454043,96650.0
3100,31005,4023.7185768645186,81850.0
3101,31011,6751.931378968404,753000.0
3101,31012,6774.105727761942,738000.0
3101,31013,7297.5082247235505,738000.0
3101,31014,6954.8107389062625,723000.0
3101,31015,7409.667438007947,758000.0
3102,31021,53.59361865490756,79621400.0
3102,31022,53.90322179624044,80800500.0
3102,31023,54.326645843848056,83182000.0
3102,31024,55.53999325756005,80993700.0
3102,31025,54.09427594243182,80245300.0
3103,31031,17283.81150270749,26100.0
3103,31032,17584.592046773974,36400.0
3103,31033,17362.229243420254,40300.0
3103,31034,17458.654427796064,33100.0
3103,31035,17404.205423981803,35700.0
3104,31041,972.5815877408962,32084600.0
3104,31042,947.0537767574826,32062000.0
3104,31043,952.043206983512,31554400.0
3104,31044,962.9257607301015,33497800.0
3104,31045,986.6338839046697,31108700.0
3105,31051,1953.8441175337036,990900.0
3105,31052,1960.633793436038,998900.0
3105,31053,2108.6049121372853,1092800.0
3105,31054,2014.0430990399109,1076800.0
3105,31055,2140.148878000731,979800.0
3106,31061,6642.20796916071,3270.0
3106,31062,6624.449403130062,3260.0
3106,31063,6641.514354109842,3260.0
3106,31064,6593.75287726577,3270.0
3106,31065,6663.654986607723,3270.0
3107,31071,3550.162725043555,132500.0
3107,31072,3575.9613829327054,132400.0
3107,31073,3569.821606307559,132400.0
3107,31074,3581.793112122621,132400.0
3107,31075,3572.1001409612627,132500.0
3108,31081,7448.933723480122,807500.0
3108,31082,7443.909781696309,806400.0
3108,31083,8067.316081441051,806500.0
3108,31084,7619.52014614745,806500.0
3108,31085,8178.034399312623,806500.0
3109,31091,6497.090051691227,1461000.0
3109,31092,6517.167952227688,1285000.0
3109,31093,5410.2294419890495,1636520.0
3109,31094,6693.660680163457,1445700.0
3109,31095,5830.084298242984,1645190.0
3110,31101,9233.517730444331,3100.0
3110,31102,8870.65427089882,4000.0
3110,31103,9104.179565542843,7290.0
3110,31104,9021.711001874752,5990.0
3110,31105,8942.445897308284,6600.0
3111,31111,455.3061695935747,164922800.0
3111,31112,460.0723648926984,182983200.0
3111,31113,466.46059642277305,182098000.0
3111,31114,475.7185328205657,172552000.0
3111,31115,457.78505140153413,184950600.0
3112,31121,7201.178250518393,142600.0
3112,31122,7225.695005921172,142600.0
3112,31123,7768.411328386796,142600.0
3112,31124,7416.896120960495,141600.0
3112,31125,7883.620829622882,143600.0
3113,31131,977.7074501580522,49987000.0
3113,31132,956.8778692129172,49963250.0
3113,31133,962.3550478849496,49969100.0
3113,31134,974.4104279113897,49963700.0
3113,31135,997.3051295483177,49973000.0
3114,31141,3472.755383362295,4142000.0
3114,31142,3654.105598360168,4214300.0
3114,31143,3808.793471182363,5550700.0
3114,31144,3663.76257132948,4599700.0
3114,31145,3515.1006703785947,5249800.0
3115,31151,13270.593404548024,1088700.0
3115,31152,13916.530515290444,1081700.0
3115,31153,15087.66631696092,1089700.0
3115,31154,13731.080098863324,1085700.0
3115,31155,15323.510657882365,1099700.0
3116,31161,8925.800523407648,37000.0
3116,31162,8598.343720830602,42200.0
3116,31163,8804.444979911517,38600.0
3116,31164,8774.959881442013,37600.0
3116,31165,8662.572763770822,39230.0
3117,31171,737.5417780506143,2954100.0
3117,31172,792.6777035474731,2924100.0
3117,31173,823.8241241516635,2924100.0
3117,31174,794.1018746982115,2847100.0
3117,31175,743.2412194708622,2884100.0
3118,31181,436.9828691448026,46355000.0
3118,31182,435.7497084223055,42606000.0
3118,31183,438.34994711055134,42768000.0
3118,31184,543.9541551167706,53568000.0
3118,31185,443.94244923474673,49567000.0
3119,31191,5981.9294750614845,152901.0
3119,31192,5696.910811895077,165100.0
3119,31193,5737.667619502425,177020.0
3119,31194,5821.002716373247,172510.0
3119,31195,5683.118333509465,156205.0
3120,31201,2144.7589283408147,311600.0
3120,31202,2045.4732372585393,337800.0
3120,31203,2077.142912980109,305500.0
3120,31204,2045.2006409903636,332900.0
3120,31205,2051.4636694806754,365100.0
3121,31211,17545.31676856882,415400.0
3121,31212,9730.245173644353,1492400.0
3121,31213,16857.29015555619,257400.0
3121,31214,16538.734547668562,336400.0
3121,31215,16528.124327501093,426400.0
3122,31221,1604.1859909802702,1257000.0
3122,31222,1854.0158818968418,2846000.0
3122,31223,1330.3766585577946,1623900.0
3122,31224,1576.9819022597735,2393000.0
3122,31225,690.2054934525238,3158600.0
3123,31231,849.2609559825116,22133600.0
3123,31232,777.7996210633523,18366600.0
3123,31233,853.258232217899,24613200.0
3123,31234,771.8979378040787,20696200.0
3123,31235,745.1365202462978,19907400.0
3124,31241,1818.8340928097998,3130000.0
3124,31242,1900.4032227858156,3130000.0
3124,31243,1977.8560988383601,3130000.0
3124,31244,1900.313443240571,3130000.0
3124,31245,1831.2188616646595,3130000.0
3125,31251,3868.0937364207844,7267000.0
3125,31252,4086.93067639698,9753000.0
3125,31253,4241.111379622644,7704000.0
3125,31254,4080.8343645641844,7793000.0
3125,31255,3949.1322913867416,9346000.0
3126,31261,3391.984468869128,8135000.0
3126,31262,3716.841608640499,8104700.0
3126,31263,4031.699129161203,8104700.0
3126,31264,3608.876153074844,8125000.0
3126,31265,3493.797682680287,8146000.0
3127,31271,9434.161166801485,-14700.0
3127,31272,9383.426349845511,-14600.0
3127,31273,9429.241477088928,-14600.0
3127,31274,9307.804419516078,-14600.0
3127,31275,9444.799439755056,-14600.0
3128,31281,14773.628912456963,10950.0
3128,31282,15138.009380854823,13090.0
3128,31283,14823.919620994237,12900.0
3128,31284,15106.953882544505,11900.0
3128,31285,14942.984909508548,10950.0
3129,31291,4012.967736336821,2270.0
3129,31292,4033.9124556922006,2520.0
3129,31293,3974.687802037927,2250.0
3129,31294,4035.4946850060164,2540.0
3129,31295,3982.114768180082,2370.0
3130,31301,2211.2651876621085,999900.0
3130,31302,2203.0040222699927,1074000.0
3130,31303,2377.31722630395,1037000.0
3130,31304,2241.382562447798,906900.0
3130,31305,2407.68767477763,801100.0
3131,31311,1055.6800117345902,3251040.0
3131,31312,2917.334691406885,2699500.0
3131,31313,2087.2726578046095,2586590.0
3131,31314,1123.2167079849446,3257500.0
3131,31315,2249.375589279294,2626250.0
3132,31321,8628.006692045516,558600.0
3132,31322,8650.441772333996,603600.0
3132,31323,9322.912303791994,593600.0
3132,31324,8879.20620622977,563600.0
3132,31325,9465.016787740735,542600.0
3133,31331,687.8622942674549,20081000.0
3133,31332,735.3316124524574,20099000.0
3133,31333,766.5283326206403,20448000.0
3133,31334,739.6735867817445,20062000.0
3133,31335,692.7213834766337,20051000.0
3134,31341,3541.981817576522,-5670.0
3134,31342,3559.158177439819,-5680.0
3134,31343,3506.3699659407102,-5630.0
3134,31344,3559.8536829320547,-5670.0
3134,31345,3513.371837537695,-5630.0
3135,31351,5779.5378925598325,423000.0
3135,31352,5797.606203826954,422000.0
3135,31353,6245.628372535086,422000.0
3135,31354,5952.351999157253,423000.0
3135,31355,6339.840928373849,422000.0
3136,31361,1615.2464465757507,3030.0
3136,31362,1551.7696730714804,2040.0
3136,31363,1592.620940526745,2030.0
3136,31364,1578.1944718386662,2040.0
3136,31365,1564.328393684476,2930.0
3137,31371,2877.9979031941716,6689000.0
3137,31372,3050.013095736739,6689000.0
3137,31373,3144.70870598114,6689000.0
3137,31374,3023.6883296318824,6689000.0
3137,31375,2899.3736656829124,6689000.0
3138,31381,6059.559310423271,603600.0
3138,31382,6078.503040146582,604600.0
3138,31383,6548.232100521161,603600.0
3138,31384,6240.746344416583,604600.0
3138,31385,6647.009300446864,605600.0
3139,31391,1974.46374674406,1927100.0
3139,31392,2095.865656706642,1908100.0
3139,31393,1900.5563860177306,2037000.0
3139,31394,1964.5469828518849,1801000.0
3139,31395,1942.3661843375514,1856100.0
3140,31401,5468.5480927265,1244300.0
3140,31402,5521.844352792882,1266400.0
3140,31403,5952.106372847246,1244000.0
3140,31404,5725.14203309863,1245600.0
3140,31405,6057.6654260012265,1249400.0
3141,31411,11140.562086577575,131920.0
3141,31412,10888.291900986618,131720.0
3141,31413,10726.1202434963,132930.0
3141,31414,10979.190631926174,131800.0
3141,31415,10649.525814856035,131820.0
3142,31421,16048.445500518841,213000.0
3142,31422,16201.395277731335,214000.0
3142,31423,15804.350360891316,213000.0
3142,31424,16054.56004360539,214000.0
3142,31425,15833.440993455175,214000.0
3143,31431,3390.1548306504947,12780500.0
3143,31432,3567.1915751214788,12781500.0
3143,31433,3718.2001494091046,12780500.0
3143,31434,3576.6188540246294,12782500.0
3143,31435,3431.492922017759,12781500.0
3144,31441,9095.847190253016,1744450.0
3144,31442,10708.715911659689,1746950.0
3144,31443,7672.583861246067,1744750.0
3144,31444,9191.424587700822,1745650.0
3144,31445,8272.875143711592,1743550.0
3145,31451,10075.626169246385,-33999.0
3145,31452,10157.885679319352,-34599.0
3145,31453,10154.907599251883,-33699.0
3145,31454,10111.24391559576,-33699.0
3145,31455,10164.456682160346,-33699.0
3146,31461,3735.885675419275,4474000.0
3146,31462,4017.5402112116985,4474000.0
3146,31463,4169.224334238095,4474000.0
3146,31464,4011.4163501444636,4474000.0
3146,31465,3813.121244206327,4474000.0
3147,31471,10208.100085602582,8651.0
3147,31472,10084.624952865555,951.0
3147,31473,10135.28377104567,-849.0
3147,31474,10184.041246181037,16651.0
3147,31475,10117.669155579064,651.0
3148,31481,25383.998207447345,10700.0
3148,31482,25004.136961792374,10700.0
3148,31483,24988.102404538055,9700.0
3148,31484,25163.343613265803,10800.0
3148,31485,24786.373877689355,10700.0
3149,31491,3668.634482909467,5621500.0
3149,31492,3952.862201765528,5621500.0
3149,31493,4111.517720055281,5620500.0
3149,31494,3958.148999161599,5621500.0
3149,31495,3746.6505936584845,5621500.0
3150,31501,9645.54489482932,142000.0
3150,31502,9546.278514185307,144000.0
3150,31503,9680.65336358442,141000.0
3150,31504,9679.870616750437,141000.0
3150,31505,9697.599686106178,141000.0
3151,31511,6772.723821120826,1614000.0
3151,31512,6829.9670077106375,1457000.0
3151,31513,5680.4460214994615,1563000.0
3151,31514,6734.498787791119,1642000.0
3151,31515,6110.935423298977,1596000.0
3152,31521,7308.7558566445905,1653901.0
3152,31522,8604.7388989072,1654701.0
3152,31523,6165.125805056439,1656601.0
3152,31524,7385.55484510034,1653401.0
3152,31525,6647.475863785883,1655501.0
3153,31531,2053.5134858071815,774720.0
3153,31532,2060.3448081452448,766480.0
3153,31533,2215.4328144736846,763030.0
3153,31534,2115.3163272765237,761710.0
3153,31535,2248.1396659213715,758190.0
3154,31541,5861.271389210352,1417150.0
3154,31542,5879.595220258793,1417150.0
3154,31543,6333.953262025673,1415150.0
3154,31544,6036.5294111285675,1418150.0
3154,31545,6429.498159958254,1417150.0
3155,31551,7752.965911737212,461500.0
3155,31552,7782.92198766145,458500.0
3155,31553,8379.25962691741,493500.0
3155,31554,7995.283194137606,426400.0
3155,31555,8510.240848439946,458500.0
3156,31561,544.4458543531756,56239000.0
3156,31562,547.3699383148781,55985000.0
3156,31563,553.6939560553755,55963000.0
3156,31564,565.5350269543391,56177000.0
3156,31565,549.1075678309952,56297000.0
3157,31571,6124.60252458911,-32795.0
3157,31572,6214.290130540461,-34315.0
3157,31573,6149.824104881022,-34095.0
3157,31574,6148.552948227582,-31600.0
3157,31575,6154.347342464742,-31100.0
3158,31581,58.21236131491548,166063700.0
3158,31582,57.4129560893987,159382800.0
3158,31583,57.72979196319763,169238300.0
3158,31584,58.98916386015293,163114900.0
3158,31585,58.73803173232386,160061100.0
3159,31591,55.73139865668575,82566000.0
3159,31592,56.053351466144065,77036000.0
3159,31593,56.493665350339825,103216000.0
3159,31594,57.75541162013474,76209000.0
3159,31595,56.25202651465993,71873000.0
3160,31601,22381.32609150655,225830.0
3160,31602,20871.8891373627,201830.0
3160,31603,20631.44982988944,201830.0
3160,31604,21415.873747652604,210830.0
3160,31605,20479.326395364613,207830.0
3161,31611,18596.859026528506,131620.0
3161,31612,18774.096469548625,131740.0
3161,31613,18314.0027897318,131740.0
3161,31614,18603.94452872176,131730.0
3161,31615,18347.712870422474,131480.0
3162,31621,924.3928534075976,1029100.0
3162,31622,933.0850459366247,1029100.0
3162,31623,1006.9720446219847,1029100.0
3162,31624,967.2970212011165,1029100.0
3162,31625,1024.1895224639911,1030100.0
3163,31631,3627.990146290615,100.0
3163,31632,3646.6217142820074,100.0
3163,31633,3593.249327462722,100.0
3163,31634,3650.375099176233,100.0
3163,31635,3600.6851623474004,100.0
3164,31641,3505.695286488467,1749600.0
3164,31642,4124.258556878826,1764900.0
3164,31643,2952.0124573423313,1744500.0
3164,31644,3538.2014642516706,1738900.0
3164,31645,3180.8707176342205,1759100.0
3165,31651,4745.802343877976,1689300.0
3165,31652,4820.350293400493,1182400.0
3165,31653,5189.691823343917,1377400.0
3165,31654,4951.876140064129,1009100.0
3165,31655,5270.815001836141,1081400.0
3166,31661,6825.032577993106,505900.0
3166,31662,6842.244795222383,504900.0
3166,31663,7362.189978514395,504900.0
3166,31664,7021.049167156608,504900.0
3166,31665,7468.807198356451,503000.0
3167,31671,7119.737857297094,1119000.0
3167,31672,7143.550543406067,1119000.0
3167,31673,7692.869922185983,1119000.0
3167,31674,7332.185464875343,1119000.0
3167,31675,7809.953037921003,1119000.0
3168,31681,16438.189972460346,-15900.0
3168,31682,16135.650770577986,-15900.0
3168,31683,16381.894827636459,-5900.0
3168,31684,16393.314034135,-9800.0
3168,31685,16356.771204446293,-15900.0
3169,31691,12148.733266678235,86000.0
3169,31692,11926.294999726724,86000.0
3169,31693,11834.571353966696,86000.0
3169,31694,12247.384399349281,86000.0
3169,31695,11807.290569291417,86000.0
3170,31701,62.516917175389324,75446000.0
3170,31702,61.44390944294931,67392000.0
3170,31703,63.24119698861161,101332000.0
3170,31704,63.148859220919135,81550000.0
3170,31705,61.83460382237979,95062000.0
3171,31711,1251.9053729042785,1099500.0
3171,31712,1255.7996680225037,865700.0
3171,31713,1350.1569800305876,1105500.0
3171,31714,1288.65952840931,920500.0
3171,31715,1370.1824769962443,847500.0
3172,31721,3037.9290440152936,872000.0
3172,31722,3049.872560964533,872000.0
3172,31723,3283.3666546865925,872000.0
3172,31724,3132.9509314261127,873000.0
3172,31725,3333.81948768904,873000.0
3173,31731,3146.0340606085183,4991400.0
3173,31732,3448.5887385878004,5639400.0
3173,31733,3741.0636493577213,5340400.0
3173,31734,3350.3044783541213,5444300.0
3173,31735,3240.8890183960048,5860400.0
3174,31741,3894.367718057883,61170.0
3174,31742,3806.182502683736,61170.0
3174,31743,3749.4927178410894,61170.0
3174,31744,3837.9576573511986,61170.0
3174,31745,3722.7178686044317,61170.0
3175,31751,9099.053290401494,-133760.0
3175,31752,8988.99296542504,-132780.0
3175,31753,9034.148017039368,-133640.0
3175,31754,9077.608294744507,-132880.0
3175,31755,9018.447120351791,-132750.0
3176,31761,9276.044080841855,768800.0
3176,31762,9300.228995890719,768800.0
3176,31763,10023.688523303636,768800.0
3176,31764,9544.89562504712,768800.0
3176,31765,10175.337390939963,768800.0
3177,31771,10709.454491795435,2859000.0
3177,31772,12553.522981498389,2859000.0
3177,31773,9048.309858260647,2859000.0
3177,31774,10731.640195272765,2859000.0
3177,31775,9739.328200425683,2859000.0
3178,31781,2540.405373548426,-19400.0
3178,31782,2532.377927098095,-19300.0
3178,31783,2543.9599067082827,-19300.0
3178,31784,2521.515776321631,-19400.0
3178,31785,2539.432450752958,-18400.0
3179,31791,6615.479268759072,805505.0
3179,31792,6638.104956854161,806205.0
3179,31793,7150.892112097676,807110.0
3179,31794,6817.242652110966,803910.0
3179,31795,7258.749681182484,804410.0
3180,31801,7398.071162185677,1105500.0
3180,31802,7423.261974976301,1103500.0
3180,31803,7994.998078906504,1122500.0
3180,31804,7623.644735378855,1100500.0
3180,31805,8119.113806061927,1103500.0
3181,31811,2340.0577568015424,24410.0
3181,31812,2344.2818713445004,24410.0
3181,31813,2352.8005055148665,24510.0
3181,31814,2358.6500242854327,24410.0
3181,31815,2347.792731677584,24400.0
3182,31821,3891.861738477842,10920.0
3182,31822,3911.477735565749,11360.0
3182,31823,3852.864015442855,18460.0
3182,31824,3914.754846630835,17870.0
3182,31825,3861.686893580036,10910.0
3183,31831,5486.628838820054,145530.0
3183,31832,5266.337284688183,146720.0
3183,31833,5332.280757077295,144080.0
3183,31834,5310.641061027032,143921.0
3183,31835,5276.714262969983,147070.0
3184,31841,7407.304606784969,-550.0
3184,31842,7444.242647196732,-550.0
3184,31843,7335.543610593539,-550.0
3184,31844,7451.435401762899,-550.0
3184,31845,7352.605015688334,-550.0
3185,31851,2146.747880356319,1165000.0
3185,31852,2140.1662526835094,1165000.0
3185,31853,2308.9446744877814,1165000.0
3185,31854,2179.159959548724,1165000.0
3185,31855,2338.5305029234364,1165000.0
3186,31861,18622.94324900597,158100.0
3186,31862,17439.376148506144,157100.0
3186,31863,17713.399447935713,157100.0
3186,31864,18178.550056649186,158100.0
3186,31865,17453.507579225676,157100.0
3187,31871,7391.444498361996,837290.0
3187,31872,7416.66439730425,838290.0
3187,31873,7988.271422973577,835290.0
3187,31874,7615.846405707746,836290.0
3187,31875,8111.376195670942,837290.0
3188,31881,6561.436390170461,1349401.0
3188,31882,6584.799094673091,1476601.0
3188,31883,7092.046436542325,1389410.0
3188,31884,6762.066499417249,1336500.0
3188,31885,7199.497164930113,1369500.0
3189,31891,408.3355903662747,11097646.0
3189,31892,433.87590957140145,11096849.0
3189,31893,452.0994207421204,11098646.0
3189,31894,436.07878568819444,11097646.0
3189,31895,415.7993933840874,11100646.0
3190,31901,3972.029220134192,10001.0
3190,31902,3866.9371971707833,10090.0
3190,31903,3948.1289493723634,11520.0
3190,31904,3903.8529361595515,10010.0
3190,31905,3886.103117856571,11001.0
3191,31911,2650.640829373765,430.0
3191,31912,2649.541424887718,430.0
3191,31913,2655.103052109271,430.0
3191,31914,2649.1757273639887,430.0
3191,31915,2656.5858779449127,430.0
3192,31921,3559.1142678669953,2288000.0
3192,31922,3792.4272112521808,2255000.0
3192,31923,3404.396071862108,2141000.0
3192,31924,3520.075016684075,2284000.0
3192,31925,3508.6969987479993,2220000.0
3193,31931,10058.76078006523,875780.0
3193,31932,10097.089696887784,876770.0
3193,31933,10872.5884933264,1025770.0
3193,31934,10368.921764706309,875350.0
3193,31935,11037.97755784542,872970.0
3194,31941,2594.288123212885,495200.0
3194,31942,2602.743028314956,495200.0
3194,31943,2798.821796917883,496200.0
3194,31944,2672.304723658457,495200.0
3194,31945,2840.8837218163435,496200.0
3195,31951,12531.5407934067,939000.0
3195,31952,12573.573131989968,817000.0
3195,31953,13525.59840586164,1208000.0
3195,31954,12513.0010040259,1458000.0
3195,31955,13725.845885824956,885000.0
3196,31961,13367.652321058737,314250.0
3196,31962,12525.627300019498,347350.0
3196,31963,12737.654667962637,388250.0
3196,31964,13063.641893812211,389250.0
3196,31965,12558.225192513713,387250.0
3197,31971,7226.748674443537,499700.0
3197,31972,7251.464973113191,500700.0
3197,31973,7811.633593386544,500700.0
3197,31974,7447.154967616463,500700.0
3197,31975,7929.45718752783,499700.0
3198,31981,2066.501097566286,-55750.0
3198,31982,2058.8494592307434,-55750.0
3198,31983,2071.357978601383,-55850.0
3198,31984,2086.3802187452948,-55850.0
3198,31985,2073.6528303586156,-55850.0
3199,31991,2768.9245896611574,3000.0
3199,31992,2722.0963620626217,2400.0
3199,31993,2772.801444060247,6300.0
3199,31994,2755.7200152648584,3200.0
3199,31995,2756.559348841519,10000.0
3200,32001,6398.323573947289,890600.0
3200,32002,6423.47837017359,890600.0
3200,32003,6915.251134643654,890600.0
3200,32004,6598.4535879972655,902600.0
3200,32005,7021.512191467196,890500.0
3201,32011,3048.2947842355084,4380.0
3201,32012,3047.0304450902563,4220.0
3201,32013,3053.4264377360523,4250.0
3201,32014,3046.6098849593473,4220.0
3201,32015,3055.131719798648,4305.0
3202,32021,665.6362664701403,10173000.0
3202,32022,703.4559179597738,9764000.0
3202,32023,724.4810042294384,9593000.0
3202,32024,698.9777963896274,9182000.0
3202,32025,678.0099788417554,10913000.0
3203,32031,14546.242141295665,400.0
3203,32032,14500.78400896505,410.0
3203,32033,14564.652652100147,750.0
3203,32034,14448.889086949299,160.0
3203,32035,14548.332025452191,70.0
3204,32041,1802.690575857565,4390000.0
3204,32042,1912.7388668678627,4390000.0
3204,32043,1992.7039003556267,4390000.0
3204,32044,1912.6981379387896,4390000.0
3204,32045,1820.0500688648904,4391000.0
3205,32051,8175.387080076517,4460.0
3205,32052,8167.937711670484,4550.0
3205,32053,8216.477549424595,4810.0
3205,32054,8189.719241802321,4080.0
3205,32055,8185.230550328345,11660.0
3206,32061,4348.566717364533,5009700.0
3206,32062,4768.5307082275485,4988700.0
3206,32063,5170.671225127705,4998700.0
3206,32064,4634.06848508334,4998700.0
3206,32065,4480.310256272025,5009700.0
3207,32071,14638.50508301114,26070.0
3207,32072,14344.002493380347,28370.0
3207,32073,14556.922617055068,28470.0
3207,32074,14688.45150758781,25970.0
3207,32075,14426.995099072406,27970.0
3208,32081,2182.847952670975,25500.0
3208,32082,2135.5052073593265,23330.0
3208,32083,2151.2244712272413,27100.0
3208,32084,2150.5808163904067,23140.0
3208,32085,2126.2029034587313,23410.0
3209,32091,4228.927443025703,1076400.0
3209,32092,4245.553330550094,1076000.0
3209,32093,4570.58711719197,1077400.0
3209,32094,4361.201983193563,1076700.0
3209,32095,4640.819623274616,1076400.0
3210,32101,9413.324055174078,660410.0
3210,32102,13835.272886012553,340190.0
3210,32103,10172.460998057835,494320.0
3210,32104,13910.637324421677,467990.0
3210,32105,13969.153393439741,396870.0
3211,32111,7460.515004964909,670960.0
3211,32112,7489.341102805005,778850.0
3211,32113,8063.1841915459345,658480.0
3211,32114,7693.691797161768,752300.0
3211,32115,8189.224648793161,754620.0
3212,32121,9363.503237533861,56040.0
3212,32122,9354.971264123393,52940.0
3212,32123,9410.565320222293,56840.0
3212,32124,9379.91826980156,57140.0
3212,32125,9374.777243849252,58840.0
3213,32131,5.08461728370847,703972280.0
3213,32132,5.00686340691882,624833080.0
3213,32133,5.053723288136309,696340300.0
3213,32134,5.143877365957818,611876100.0
3213,32135,5.111322398704262,701505330.0
3214,32141,4606.211956591382,83300.0
3214,32142,4726.997566576038,82300.0
3214,32143,4644.268169915674,82300.0
3214,32144,4700.508419244692,82300.0
3214,32145,4661.296465106325,82300.0
3215,32151,4180.458084674054,1825000.0
3215,32152,4208.755465221642,2132000.0
3215,32153,3811.5206269140085,2415000.0
3215,32154,3938.689809265585,1833000.0
3215,32155,4112.769154847482,1956000.0
3216,32161,16036.309968470163,285530.0
3216,32162,15663.736752787681,285720.0
3216,32163,15412.009486216717,289070.0
3216,32164,15785.904094143058,287970.0
3216,32165,15292.866016644912,287060.0
3217,32171,9347.827349853347,135300.0
3217,32172,8619.479063887089,136300.0
3217,32173,8679.716902299158,128500.0
3217,32174,8958.096201414037,140000.0
3217,32175,8716.689845588933,143300.0
3218,32181,658.8360213865398,8808000.0
3218,32182,696.2693013515718,8934000.0
3218,32183,717.0795920237916,8851000.0
3218,32184,691.8369289776833,8808600.0
3218,32185,671.083321960962,8821000.0
3219,32191,117.96332585558896,13954800.0
3219,32192,125.99663638151848,13954900.0
3219,32193,132.04371316573182,13955800.0
3219,32194,126.17418582576394,13954800.0
3219,32195,120.06274592577734,13954800.0
3220,32201,2621.9442587404037,250170.0
3220,32202,2638.999594889034,250170.0
3220,32203,2632.8136962882877,250020.0
3220,32204,2642.366840708462,250320.0
3220,32205,2632.192847937204,250280.0
3221,32211,5549.428118272887,968970.0
3221,32212,5568.7125729682475,964160.0
3221,32213,5988.989236517805,971760.0
3221,32214,5720.40896452567,925760.0
3221,32215,6078.5823466096235,848460.0
3222,32221,2260.2300209024643,935200.0
3222,32222,2289.191764387925,936200.0
3222,32223,2391.496689326158,935300.0
3222,32224,2363.38178753569,935300.0
3222,32225,2415.637141659362,935200.0
3223,32231,1325.0222885910493,815910.0
3223,32232,1298.867627145852,814800.0
3223,32233,1333.3355760747286,815880.0
3223,32234,1326.0741453899068,814960.0
3223,32235,1420.5501326629771,814990.0
3224,32241,17129.67317098071,-14029.0
3224,32242,17562.249824356404,-15029.0
3224,32243,17364.608534882944,-14029.0
3224,32244,17450.88464448141,-14029.0
3224,32245,17421.628407279466,-15029.0
3225,32251,12747.419960766076,199500.0
3225,32252,12957.714665700918,199500.0
3225,32253,12938.799666386272,199500.0
3225,32254,12873.150825969176,199600.0
3225,32255,12993.564887425113,198500.0
3226,32261,10851.550002293936,1523440.0
3226,32262,11304.610436837445,1525440.0
3226,32263,10296.941343485509,1508540.0
3226,32264,10695.934089587696,1522450.0
3226,32265,10647.888454770378,1509540.0
3227,32271,9224.460992606273,4101.0
3227,32272,9290.1035941794,4201.0
3227,32273,9164.789992679402,4201.0
3227,32274,9356.832206120216,4201.0
3227,32275,9164.478081409543,4201.0
3228,32281,1164.8355236388286,508000.0
3228,32282,1090.5162553632476,505000.0
3228,32283,1132.9695937519095,505000.0
3228,32284,1181.8156501450699,506000.0
3228,32285,1076.2876753531036,504000.0
3229,32291,12489.281749926886,2860900.0
3229,32292,15222.86299863659,2821700.0
3229,32293,10296.941343485509,2845900.0
3229,32294,13056.377149239639,2833800.0
3229,32295,11356.17180202316,2822800.0
3230,32301,8963.138045182648,1081550.0
3230,32302,8933.490392674603,1032550.0
3230,32303,9632.817127586573,1077650.0
3230,32304,9089.559561656153,1022650.0
3230,32305,9756.506566465103,1164750.0
3231,32311,6900.938898310602,12450.0
3231,32312,6917.654097534003,10450.0
3231,32313,6954.701129052837,10850.0
3231,32314,6838.203130793804,11950.0
3231,32315,6858.375383962874,10450.0
3232,32321,109.13812039183071,1570000.0
3232,32322,111.9121239359117,1571000.0
3232,32323,340.3155188843118,2125000.0
3232,32324,114.9628059740329,1571000.0
3232,32325,344.9224471777383,1625000.0
3233,32331,7314.869472535813,-68800.0
3233,32332,7275.531734163065,-68790.0
3233,32333,7311.054942822314,-68800.0
3233,32334,7216.8975281281355,-68800.0
3233,32335,7323.117961902573,-68790.0
3234,32341,4051.3119920666686,10538000.0
3234,32342,4388.652600668038,10539000.0
3234,32343,4551.08119039564,10539000.0
3234,32344,4376.574976561682,10539000.0
3234,32345,4140.192271058333,10539000.0
3235,32351,1744.9928541135912,35800.0
3235,32352,1757.4104762123086,28640.0
3235,32353,1733.7048809134594,28350.0
3235,32354,1770.0335390769003,29520.0
3235,32355,1733.6458766055162,31160.0
3236,32361,11269.06508081801,19900.0
3236,32362,10826.207649831904,19800.0
3236,32363,11111.214060193135,19800.0
3236,32364,11010.565137623456,19900.0
3236,32365,10913.825883086456,19800.0
3237,32371,15792.497353067734,171310.0
3237,32372,16160.075134807961,142310.0
3237,32373,15682.848730575675,141810.0
3237,32374,16069.591365848642,128000.0
3237,32375,15700.584610872605,132410.0
3238,32381,7899.950780334647,2288000.0
3238,32382,8019.4671160476255,1149000.0
3238,32383,6663.776657015058,2471000.0
3238,32384,8232.287764064211,1120500.0
3238,32385,8771.307394657211,1462000.0
3239,32391,9872.142007529828,1840900.0
3239,32392,10229.324022387396,2364900.0
3239,32393,9345.589168238255,2073000.0
3239,32394,9718.233898533941,2082300.0
3239,32395,7842.057050537207,4394100.0
3240,32401,3917.4588888899175,219900.0
3240,32402,3903.951117974141,329800.0
3240,32403,4214.991817785152,85030.0
3240,32404,3974.463141632036,355220.0
3240,32405,4267.292335875111,230740.0
3241,32411,11618.842745685584,1186300.0
3241,32412,11655.977316958784,1178200.0
3241,32413,12552.727591971183,1182200.0
3241,32414,11963.015187279967,1178300.0
3241,32415,12747.03781860568,1187200.0
3242,32421,807.5782228905299,3306000.0
3242,32422,885.8297260014788,3306000.0
3242,32423,960.5086383434949,3306000.0
3242,32424,861.0985517617016,3306000.0
3242,32425,832.2653473925229,3306000.0
3243,32431,678.8693074694265,98454700.0
3243,32432,671.8323703623448,102208200.0
3243,32433,619.9533487808426,99870400.0
3243,32434,691.5135947966958,99838200.0
3243,32435,671.7729155681716,93340300.0
3244,32441,3405.037950043661,71400.0
3244,32442,3399.0241163845867,65000.0
3244,32443,3413.061270855704,64000.0
3244,32444,3447.232291778945,76700.0
3244,32445,3415.8051272242737,66300.0
3245,32451,2654.3360581170214,510630.0
3245,32452,4026.8471555602896,451500.0
3245,32453,4107.313839457642,196200.0
3245,32454,4145.5419721581775,153050.0
3245,32455,4064.6896093226796,247740.0
3246,32461,2892.0832867434533,17726250.0
3246,32462,3167.181769957716,17726250.0
3246,32463,3438.040202824998,17726250.0
3246,32464,3075.493457908508,17726250.0
3246,32465,2978.648165754206,17726250.0
3247,32471,1987.022965774639,1885100.0
3247,32472,2113.2833936221064,1885100.0
3247,32473,1920.7485661370622,1885100.0
3247,32474,1986.5507952302414,1886100.0
3247,32475,1955.8545009664613,1885200.0
3248,32481,13850.051419509628,175290.0
3248,32482,14172.41786124169,151580.0
3248,32483,13753.889360676141,157640.0
3248,32484,14093.063416868497,160990.0
3248,32485,9085.491879503785,221200.0
3249,32491,19994.011946557384,124350.0
3249,32492,20459.38195074963,122340.0
3249,32493,19855.191858827307,116150.0
3249,32494,20344.825429567696,123350.0
3249,32495,19877.64628098814,112140.0
3250,32501,46.528372553358516,1013531500.0
3250,32502,46.12208370642753,1009575800.0
3250,32503,46.483516883443,1008161500.0
3250,32504,47.426012188272054,968263600.0
3250,32505,46.80339678093722,952319800.0
3251,32511,48.16288598978656,27649000.0
3251,32512,47.20567560557281,27749000.0
3251,32513,47.312377668272354,27329000.0
3251,32514,47.870837602693065,27959000.0
3251,32515,48.98103032440888,27768000.0
3252,32521,11708.155074087796,714615.0
3252,32522,13790.400696050527,713410.0
3252,32523,9874.695012147593,719615.0
3252,32524,11837.621901591501,713650.0
3252,32525,10650.24089956012,713220.0
3253,32531,1850.2085519324621,464100.0
3253,32532,1862.809035122699,434100.0
3253,32533,1860.5959791844175,481100.0
3253,32534,1524.4408835763616,457000.0
3253,32535,1871.3310849245704,439100.0
3254,32541,11086.438776873354,60150.0
3254,32542,11193.946182417123,49410.0
3254,32543,11227.76976734809,35220.0
3254,32544,11102.884030903982,46930.0
3254,32545,11189.658236342286,47370.0
3255,32551,59.968419179819,142039000.0
3255,32552,60.63906916754545,107956000.0
3255,32553,60.93174030712604,113654000.0
3255,32554,62.225204159237975,148973000.0
3255,32555,60.56851168936917,142022000.0
3256,32561,7869.275898890744,38150.0
3256,32562,7919.819662335371,40560.0
3256,32563,7904.171874699547,41060.0
3256,32564,7931.50950369047,39160.0
3256,32565,7902.885846422732,54150.0
3257,32571,389.0061219754343,18371000.0
3257,32572,408.6116563024148,18637000.0
3257,32573,425.5208924910935,18453000.0
3257,32574,410.040746887462,18945900.0
3257,32575,396.6123125151996,18990000.0
3258,32581,380.893361431101,6510.0
3258,32582,369.28311234177346,8515.0
3258,32583,368.8604112017539,-1485.0
3258,32584,361.0886155229796,12520.0
3258,32585,388.0483041345156,-1480.0
3259,32591,3047.460670504247,66900.0
3259,32592,3004.3709653911746,66890.0
3259,32593,3030.751359129957,66790.0
3259,32594,3028.0811839001663,68800.0
3259,32595,2998.0876164163046,65800.0
3260,32601,2322.637129207006,107500.0
3260,32602,2219.604691425355,108500.0
3260,32603,2266.739081061297,107500.0
3260,32604,2264.3253038227226,108500.0
3260,32605,2233.1026311730398,107500.0
3261,32611,7827.672648404381,1084400.0
3261,32612,7857.917377819574,1084500.0
3261,32613,8460.00126173697,1083300.0
3261,32614,8072.32487379463,1080400.0
3261,32615,8592.24460407056,1078300.0
3262,32621,2029.3415715761712,86600.0
3262,32622,2058.82237839597,18730.0
3262,32623,2027.2378633840704,-1600.0
3262,32624,2065.989005695995,42400.0
3262,32625,2037.2854007060455,-1300.0
3263,32631,21124.298205657356,480500.0
3263,32632,20259.525987692832,480500.0
3263,32633,20007.1090970512,480500.0
3263,32634,20735.296557418293,481500.0
3263,32635,19881.174908845183,480500.0
3264,32641,461.4333214170817,57652100.0
3264,32642,2117.4658339452644,48639200.0
3264,32643,461.8997021283497,58723200.0
3264,32644,691.5135947966958,54439200.0
3264,32645,2203.16836073048,30123100.0
3265,32651,16888.662636747165,19820.0
3265,32652,16046.167829770453,49060.0
3265,32653,16213.735786721436,10500.0
3265,32654,16672.90088132988,40670.0
3265,32655,15415.570419789898,21920.0
3266,32661,4510.240942489189,53300.0
3266,32662,4518.382525448856,51700.0
3266,32663,4534.801390537808,54000.0
3266,32664,4546.07578706763,54600.0
3266,32665,4525.149378092393,53300.0
3267,32671,4074.7864982015512,3108200.0
3267,32672,7981.237599557108,3289230.0
3267,32673,8189.527172191216,3499300.0
3267,32674,7876.736830901221,3462310.0
3267,32675,4007.72269002386,3100330.0
3268,32681,1716.6951470675572,998000.0
3268,32682,1727.922030853486,998000.0
3268,32683,1837.5956158239344,998000.0
3268,32684,1775.9415025325536,998000.0
3268,32685,1869.553251092917,998000.0
3269,32691,7928.744588759933,36750.0
3269,32692,8056.531926677702,35650.0
3269,32693,7973.896892784956,37850.0
3269,32694,7998.1031431948995,37250.0
3269,32695,7957.105072161631,35550.0
3270,32701,2814.7456170344135,786125.0
3270,32702,2821.8441931147354,793125.0
3270,32703,3036.277371131842,776230.0
3270,32704,2895.5857930935067,777130.0
3270,32705,3080.2479088283917,772125.0
3271,32711,6051.213742568263,5888300.0
3271,32712,6484.870883535792,5897300.0
3271,32713,6666.740131463283,5883300.0
3271,32714,6419.613287623945,5877300.0
3271,32715,6181.782715936835,5878300.0
3272,32721,9288.653845848614,141200.0
3272,32722,9397.968733243808,94200.0
3272,32723,9120.81968082175,85210.0
3272,32724,9501.779827133136,130210.0
3272,32725,9162.060483301964,47910.0
3273,32731,2090.382235857687,440.0
3273,32732,2101.0392936630665,440.0
3273,32733,2070.6646724134735,440.0
3273,32734,2101.212465155307,440.0
3273,32735,2074.2179231620235,450.0
3274,32741,2462.5978427644486,1180000.0
3274,32742,2454.6848357243143,1213000.0
3274,32743,2647.778804212164,1184000.0
3274,32744,2498.0462592435815,1185000.0
3274,32745,2681.187252547447,1104000.0
3275,32751,1081.191806873489,4108000.0
3275,32752,1171.0450893239586,4108000.0
3275,32753,1225.05185537849,4540000.0
3275,32754,1168.3318550354902,4108000.0
3275,32755,1103.662132733788,4108000.0
3276,32761,9896.095700241933,209500.0
3276,32762,9395.80290456312,208500.0
3276,32763,9457.177580603704,209500.0
3276,32764,9567.626356837976,208500.0
3276,32765,9353.687939671656,208500.0
3277,32771,559.1424844010486,60600800.0
3277,32772,567.5474145335609,59647800.0
3277,32773,573.1308781382035,58597800.0
3277,32774,585.6267666724971,58861900.0
3277,32775,562.898865997517,59197800.0
3278,32781,7993.380795213607,22850.0
3278,32782,8032.42425873751,24100.0
3278,32783,7911.958347273906,28300.0
3278,32784,8039.726980100563,23850.0
3278,32785,7932.992434171436,22850.0
3279,32791,1779.4417549189125,3888220.0
3279,32792,1859.244259372467,3880920.0
3279,32793,1935.019659795901,3891630.0
3279,32794,1859.1564242740508,3892230.0
3279,32795,1791.5582942517053,3889820.0
3280,32801,3689.5365276564116,309620.0
3280,32802,3421.142480774112,313600.0
3280,32803,3499.2270254424548,313700.0
3280,32804,3567.866120074702,308550.0
3280,32805,3457.3924944755227,312350.0
3281,32811,9283.13216331782,2317800.0
3281,32812,10854.42669232342,2384800.0
3281,32813,7926.946303394868,2326800.0
3281,32814,9299.233108033943,2574500.0
3281,32815,8521.889358715267,2265800.0
3282,32821,2266.989073158414,1110.0
3282,32822,2174.701229139006,640.0
3282,32823,2184.1146543007617,-6400.0
3282,32824,2283.5140053337063,2970.0
3282,32825,2204.362908909948,-800.0
3283,32831,116.28332242222021,163686300.0
3283,32832,116.60569540138195,161750500.0
3283,32833,117.22765079736328,148364400.0
3283,32834,119.97452608739366,146890900.0
3283,32835,117.7451861292357,166356600.0
3284,32841,2641.5110343967162,4962300.0
3284,32842,2896.2666478616356,5225900.0
3284,32843,3141.2313991249366,5451500.0
3284,32844,2813.726561212822,5204500.0
3284,32845,2721.4161207616935,4979500.0
3285,32851,1533.0081502552146,144200.0
3285,32852,1434.9462068608243,134000.0
3285,32853,1471.311922123263,161000.0
3285,32854,1527.091563105595,146300.0
3285,32855,1402.3501428886752,130000.0
3286,32861,7667.363560144734,1026000.0
3286,32862,7698.645942964262,1017900.0
3286,32863,8289.57167922704,1023000.0
3286,32864,7912.671015303269,1020800.0
3286,32865,8418.580257159581,1025000.0
3287,32871,2125.1887678557155,20436490.0
3287,32872,2117.4658339452644,19435660.0
3287,32873,2144.8293033135647,19471740.0
3287,32874,2105.7345859646807,20941250.0
3287,32875,2203.16836073048,20671420.0
3288,32881,3003.0549233603047,-13350.0
3288,32882,2947.7847359951243,-6950.0
3288,32883,2992.77049349863,-3660.0
3288,32884,2994.8566419343015,-14860.0
3288,32885,2988.180716860188,-15050.0
3289,32891,610.8593219909105,311866000.0
3289,32892,600.1324317188135,56664700.0
3289,32893,619.9533487808426,186993000.0
3289,32894,618.4736959487129,126351600.0
3289,32895,603.7258031869517,68589000.0
3290,32901,2125.1887678557155,42015200.0
3290,32902,2080.6630049363644,42064200.0
3290,32903,2144.8293033135647,42024200.0
3290,32904,2105.7345859646807,42129200.0
3290,32905,2093.735860787944,42119200.0
3291,32911,57.79446738880142,93572000.0
3291,32912,57.00080092015179,112711000.0
3291,32913,57.31536229787728,91257000.0
3291,32914,58.56569343691505,98884000.0
3291,32915,58.31636413220635,90557000.0
3292,32921,814.9697921901029,9027300.0
3292,32922,855.1397462337063,9128500.0
3292,32923,890.3378146750194,9048700.0
3292,32924,859.3587306727429,9044500.0
3292,32925,834.0469117943425,9072520.0
3293,32931,54.57005745291592,27263000.0
3293,32932,52.366837468495746,28056000.0
3293,32933,53.72240361059728,27375000.0
3293,32934,53.12166532853697,24648000.0
3293,32935,54.414837373701324,33522000.0
3294,32941,1982.945540291544,1401530.0
3294,32942,1974.208410303377,1470030.0
3294,32943,1793.0983234686196,1456330.0
3294,32944,1850.2008221430194,1397230.0
3294,32945,1923.816838345259,1404630.0
3295,32951,1995.0956540005895,1878110.0
3295,32952,2117.7661377474433,2033340.0
3295,32953,1920.4160077285803,2118465.0
3295,32954,1985.0752661481129,1764870.0
3295,32955,1962.662692206868,1915890.0
3296,32961,2750.838832269904,9100.0
3296,32962,2691.1772044088366,9100.0
3296,32963,2710.986720417335,9100.0
3296,32964,2710.175582510285,9100.0
3296,32965,2679.454382043668,9100.0
3297,32971,8519.805691928497,3800.0
3297,32972,8488.254730409057,5100.0
3297,32973,8532.811883060618,2600.0
3297,32974,8456.460907936542,2600.0
3297,32975,8519.356553364945,90600.0
3298,32981,384.3673209794425,17994200.0
3298,32982,404.52125736876627,17993200.0
3298,32983,422.2279172789322,17994200.0
3298,32984,407.0994996465239,17993200.0
3298,32985,392.1100066498192,17994200.0
3299,32991,4975.634038561293,-19140.0
3299,32992,4948.876187203545,-19120.0
3299,32993,4973.039364253727,-19190.0
3299,32994,4908.992720729291,-19110.0
3299,32995,4981.244728487346,-19140.0
3300,33001,54.900583402502505,1060410000.0
3300,33002,55.2177367037541,1061801000.0
3300,33003,55.65148661323478,1061070000.0
3300,33004,56.89442341344661,1057736000.0
3300,33005,55.413450006020796,1064275000.0
3301,33011,7541.312273997309,420.0
3301,33012,7630.366540730594,420.0
3301,33013,7552.206957273648,420.0
3301,33014,7630.255134768547,420.0
3301,33015,7595.018490522792,410.0
3302,33021,1881.1250856296847,300.0
3302,33022,1881.868651320999,300.0
3302,33023,1885.529912646113,300.0
3302,33024,1882.0744650940183,300.0
3302,33025,1885.901474311937,300.0
3303,33031,2757.4457865599065,474210.0
3303,33032,2749.7218477298547,475110.0
3303,33033,2965.270822617796,475210.0
3303,33034,2799.966033113552,474210.0
3303,33035,3003.1382344858584,473110.0
3304,33041,6183.992955814942,-45700.0
3304,33042,5939.279903148018,-47700.0
3304,33043,6020.840811033504,-48100.0
3304,33044,5992.507111479553,-48300.0
3304,33045,5961.639458999444,-46400.0
3305,33051,9336.55362411762,5260.0
3305,33052,9164.717583379272,6450.0
3305,33053,9304.579140351083,5610.0
3305,33054,9311.065014647289,3900.0
3305,33055,9290.309439396167,5700.0
3306,33061,2969.967722724378,763400.0
3306,33062,2968.293714748205,775400.0
3306,33063,3217.352615715019,1075400.0
3306,33064,3035.636505831827,787400.0
3306,33065,3259.524104148047,822400.0
3307,33071,12023.152992919708,677660.0
3307,33072,12068.204736812262,677560.0
3307,33073,12942.460197013941,677660.0
3307,33074,12396.005774541356,677660.0
3307,33075,13164.122874834753,677660.0
3308,33081,13270.593404548024,1241000.0
3308,33082,13916.530515290444,1241000.0
3308,33083,15087.66631696092,1241100.0
3308,33084,13731.080098863324,1241100.0
3308,33085,15323.510657882365,1242100.0
3309,33091,3577.5471628406494,754080.0
3309,33092,3589.979262997987,754080.0
3309,33093,3860.918818073762,755090.0
3309,33094,3687.773302971663,755090.0
3309,33095,3918.676765377135,755080.0
3310,33101,2605.9335260110865,-9400.0
3310,33102,2588.159920132173,-9400.0
3310,33103,2552.5519400348276,-9400.0
3310,33104,2691.2053362547585,-9400.0
3310,33105,2589.1394821397416,-9400.0
3311,33111,14115.384720331625,396500.0
3311,33112,12718.713457105254,473500.0
3311,33113,13139.52967009212,426500.0
3311,33114,13706.740276035829,456500.0
3311,33115,12595.863846944676,412500.0
3312,33121,10711.634910856743,298560.0
3312,33122,10395.839252165459,298560.0
3312,33123,10444.396893480949,298660.0
3312,33124,10465.200096606239,298560.0
3312,33125,10336.287566001807,298660.0
3313,33131,2432.607853867422,14790.0
3313,33132,2442.6745345375357,14790.0
3313,33133,2415.1674502331825,14790.0
3313,33134,2425.2382839162806,14790.0
3313,33135,2417.7886526304706,14790.0
3314,33141,52.77158772806528,54575000.0
3314,33142,43.80384366473081,44380000.0
3314,33143,53.4933715817982,54585000.0
3314,33144,44.54693171489569,47866000.0
3314,33145,44.58338366940842,42872000.0
3315,33151,4100.902898867291,5011000.0
3315,33152,4496.948690385875,5012000.0
3315,33153,4876.1861078371385,4821000.0
3315,33154,4370.144491089972,4784000.0
3315,33155,4225.143251086192,4871000.0
3316,33161,24145.608187955495,167400.0
3316,33162,23758.284839057083,167300.0
3316,33163,23523.859053746924,167500.0
3316,33164,23963.663011143173,168400.0
3316,33165,23220.400259526166,167500.0
3317,33171,14459.961974468108,-1119.0
3317,33172,14865.426856795277,-1119.0
3317,33173,14664.39839068233,-1119.0
3317,33174,14822.169009411125,-1109.0
3317,33175,14737.28238521282,-1119.0
3318,33181,3586.767886955874,12100.0
3318,33182,3491.869115509361,12100.0
3318,33183,3565.185789013708,12200.0
3318,33184,3525.2042648222064,12200.0
3318,33185,3509.176064937441,12200.0
3319,33191,667.8752969016751,9983200.0
3319,33192,713.9653141053248,9964300.0
3319,33193,744.2555610316698,9979500.0
3319,33194,718.1811250583008,9967780.0
3319,33195,672.5931970908522,9990100.0
3320,33201,5592.13774059646,40400.0
3320,33202,5571.431719407321,46100.0
3320,33203,5605.280897292547,46300.0
3320,33204,5645.932429564176,39900.0
3320,33205,5611.490972446059,37700.0
3321,33211,7111.032103070708,1475900.0
3321,33212,7130.627933851768,1478700.0
3321,33213,7685.047452348391,1472200.0
3321,33214,7318.678626303195,1474600.0
3321,33215,7799.318792231516,1480200.0
3322,33221,16261.045575061962,9360.0
3322,33222,14861.666066348891,2480.0
3322,33223,15189.07464921424,-9030.0
3322,33224,15832.622142811693,14760.0
3322,33225,14732.858961568147,9700.0
3323,33231,6364.407445293745,-87900.0
3323,33232,6124.92962870881,-88000.0
3323,33233,6133.185443457077,-87900.0
3323,33234,6258.739540361476,-87900.0
3323,33235,6061.772596995883,-87700.0
3324,33241,6874.891789047567,12170000.0
3324,33242,2803.633054053721,19943000.0
3324,33243,7624.196965271485,6819000.0
3324,33244,7337.815051564005,7574000.0
3324,33245,7031.935733755195,6243000.0
3325,33251,53.3814605472101,296414000.0
3325,33252,53.689838079631876,153414000.0
3325,33253,54.11158594177287,153712000.0
3325,33254,55.32013014387621,469751000.0
3325,33255,53.88013591029276,622810000.0
3326,33261,4.830020378527303,429322000.0
3326,33262,4.850241765939178,460245000.0
3326,33263,4.907012756109313,433330000.0
3326,33264,4.997088221296138,473870000.0
3326,33265,4.856887297759881,457243000.0
3327,33271,3048.2947842355084,10550.0
3327,33272,3047.0304450902563,10700.0
3327,33273,3053.4264377360523,10850.0
3327,33274,3046.6098849593473,10900.0
3327,33275,3055.131719798648,12200.0
3328,33281,1839.9627552333677,5378000.0
3328,33282,1901.2335256783176,4350000.0
3328,33283,2033.518820882037,4362000.0
3328,33284,1909.5983762367637,4297000.0
3328,33285,1820.2566181770749,5280000.0
3329,33291,5088.223850251482,848300.0
3329,33292,5105.15059433645,851500.0
3329,33293,5489.429781272561,849400.0
3329,33294,5241.3597776028455,849200.0
3329,33295,5570.471265905098,850200.0
3330,33301,5802.36866248859,2643000.0
3330,33302,6834.775363116074,2642000.0
3330,33303,4895.727022918157,2642000.0
3330,33304,5871.398129125153,2642000.0
3330,33305,5280.903008549469,2642000.0
3331,33311,2726.08372116576,137700.0
3331,33312,2725.254764861432,158400.0
3331,33313,2775.79629835944,146300.0
3331,33314,2724.5084355581826,145400.0
3331,33315,2769.0186357905427,133610.0
3332,33321,43.316104949037275,19319100.0
3332,33322,45.85091085461556,17320100.0
3332,33323,47.53962807890347,15640100.0
3332,33324,45.829215748514585,19419100.0
3332,33325,44.25195211567752,19419100.0
3333,33331,6867.584811593688,2568400.0
3333,33332,8077.60256453138,2567400.0
3333,33333,5791.232460922662,2568400.0
3333,33334,6929.898255625334,2567400.0
3333,33335,6244.893249953292,2570400.0
3334,33341,14349.234603562301,110270.0
3334,33342,13418.215373117699,110270.0
3334,33343,13814.116129642844,113830.0
3334,33344,13818.1063194044,111130.0
3334,33345,13644.477759378331,110130.0
3335,33351,7388.598880272982,1927200.0
3335,33352,7685.6346678557875,2214600.0
3335,33353,7083.327995892012,2217000.0
3335,33354,7273.218209216806,2131600.0
3335,33355,7246.332007030856,2214700.0
3336,33361,2682.8438579132485,1185310.0
3336,33362,2691.9777280050735,1104100.0
3336,33363,2894.170077876616,922200.0
3336,33364,2763.2108955874037,1184200.0
3336,33365,2937.092095914739,1251330.0
3337,33371,11345.803904943092,349000.0
3337,33372,10493.033413982033,346600.0
3337,33373,6625.719320799055,358300.0
3337,33374,6328.584457628313,365100.0
3337,33375,10428.089596429823,344900.0
3338,33381,2581.1461074785575,819000.0
3338,33382,2590.115679497677,820000.0
3338,33383,2785.5944659717393,819000.0
3338,33384,2660.672598560689,819000.0
3338,33385,2827.2659503917157,819000.0
3339,33391,354.70778649429184,1462000.0
3339,33392,373.55925569484947,1463000.0
3339,33393,339.4933740939692,1463000.0
3339,33394,351.7506346324361,1463000.0
3339,33395,344.089172827074,1462000.0
3340,33401,2741.948375466946,81670.0
3340,33402,2457.424821050254,85180.0
3340,33403,2552.7900919825315,86410.0
3340,33404,2616.565724579158,86280.0
3340,33405,2538.9027801910993,81480.0
3341,33411,5060.019372028114,355130.0
3341,33412,4680.9420228163,356450.0
3341,33413,4889.231965312047,356140.0
3341,33414,4844.413158730884,358200.0
3341,33415,4606.578514108929,357400.0
3342,33421,7214.88113518365,20.0
3342,33422,7343.376534826175,440.0
3342,33423,7223.2855973822425,70.0
3342,33424,7316.444366619098,120.0
3342,33425,7226.002136353466,10.0
3343,33431,1182.2043323587145,-58000.0
3343,33432,1177.795884120478,-60800.0
3343,33433,1271.0495710986281,-58500.0
3343,33434,1198.1533816944275,-58600.0
3343,33435,1287.1434961175578,-58000.0
3344,33441,795.4241520526117,15757000.0
3344,33442,834.6306992637161,15749000.0
3344,33443,868.9846029447141,15749000.0
3344,33444,838.7484986620541,15748000.0
3344,33445,814.0437399566363,15737000.0
3345,33451,9309.002248034443,475000.0
3345,33452,9523.390556769975,475000.0
3345,33453,9413.598800459322,474000.0
3345,33454,9404.336620110176,475000.0
3345,33455,9451.50855609442,474000.0
3346,33461,46.19766487404768,181291900.0
3346,33462,46.60982312711551,191090170.0
3346,33463,46.976444017181294,182857180.0
3346,33464,47.92597482649517,193729000.0
3346,33465,46.458146561719346,185906190.0
3347,33471,4235.064525058399,7020000.0
3347,33472,4644.867716494695,7009500.0
3347,33473,5037.596997315267,4054100.0
3347,33474,4513.790955756618,3866800.0
3347,33475,4364.332365458339,5591100.0
3348,33481,1371.1666543396582,51200.0
3348,33482,1380.9240750120775,67200.0
3348,33483,1362.296880225332,58200.0
3348,33484,1390.8429253012114,60200.0
3348,33485,1362.250516287896,68200.0
3349,33491,10829.302508678567,5990.0
3349,33492,11102.775527739617,5800.0
3349,33493,10977.82759145679,5550.0
3349,33494,11032.37096077784,5810.0
3349,33495,11013.875298907173,5550.0
3350,33501,8948.1836325365,8381.0
3350,33502,8949.164729193333,8371.0
3350,33503,8964.112217590358,9471.0
3350,33504,8950.073328852242,9471.0
3350,33505,8967.723199958618,8501.0
3351,33511,5231.07434287902,640640.0
3351,33512,5247.7931940824365,628540.0
3351,33513,5651.5311100060335,645640.0
3351,33514,5386.0288136604495,632640.0
3351,33515,5739.014111829443,633640.0
3352,33521,5902.178362399982,103000.0
3352,33522,6035.915817821208,103000.0
3352,33523,5850.671817346925,102000.0
3352,33524,5998.851971038043,103000.0
3352,33525,5853.809897383052,103000.0
3353,33531,383.5398995232714,9458000.0
3353,33532,402.8699414971223,14685000.0
3353,33533,419.5415730793899,12267000.0
3353,33534,404.27895083768294,14283000.0
3353,33535,391.03920966410425,10914000.0
3354,33541,8266.11917831413,86300.0
3354,33542,8147.41849527939,90200.0
3354,33543,13654.580110741637,101800.0
3354,33544,8060.486950212304,84500.0
3354,33545,13359.791343590094,97200.0
3355,33551,14578.594914031442,83300.0
3355,33552,13613.314391239275,88290.0
3355,33553,13652.869127032933,98400.0
3355,33554,14220.794214394036,145120.0
3355,33555,13533.398969839278,144100.0
3356,33561,55.29755254817663,62923800.0
3356,33562,55.61699908689934,60877900.0
3356,33563,56.05388530787859,62740800.0
3356,33564,57.30580939982993,62236800.0
3356,33565,55.81412753154856,61658400.0
3357,33571,4344.016730720474,77070.0
3357,33572,4327.980223120305,83820.0
3357,33573,4265.518578207006,114800.0
3357,33574,4392.641209025023,37900.0
3357,33575,4259.787748778867,94050.0
3358,33581,8853.660405164308,18000.0
3358,33582,8949.485830750235,20000.0
3358,33583,8854.435657747086,20000.0
3358,33584,8770.015575687576,20000.0
3358,33585,9182.819230051771,20000.0
3359,33591,8858.026203303003,74150.0
3359,33592,8861.24954408403,87400.0
3359,33593,8852.467438438165,73910.0
3359,33594,8857.40595803412,74400.0
3359,33595,8854.200802462903,84400.0
3360,33601,12744.501793272468,273100.0
3360,33602,12222.776007387209,273000.0
3360,33603,12070.490355853808,273000.0
3360,33604,12509.813182304035,273100.0
3360,33605,11994.512992165768,274100.0
3361,33611,2866.18175162446,10540200.0
3361,33612,3043.375456584218,10539200.0
3361,33613,3145.065630249174,10530200.0
3361,33614,3025.7553452023044,10540100.0
3361,33615,2889.143784647301,10540200.0
3362,33621,15460.157279216135,116200.0
3362,33622,14965.20432856552,117200.0
3362,33623,15352.40021232325,115200.0
3362,33624,15629.304600487201,114200.0
3362,33625,14596.685841423585,116200.0
3363,33631,1887.2589647017376,500.0
3363,33632,1895.118285829807,500.0
3363,33633,1867.830486756442,500.0
3363,33634,1895.06316416487,500.0
3363,33635,1871.3262259744756,500.0
3364,33641,1932.7831037424007,-106359.0
3364,33642,1944.5135817974533,-150959.0
3364,33643,1940.395105777845,-83919.0
3364,33644,1946.5598101176033,-139179.0
3364,33645,1939.8108056832075,-153829.0
3365,33651,8128.602957050425,144320.0
3365,33652,7616.584323445815,141520.0
3365,33653,7745.51394015369,143520.0
3365,33654,7943.7402752168155,143010.0
3365,33655,7636.406452190495,144610.0
3366,33661,1707.6769898357554,-8199.0
3366,33662,1700.5759146875357,-8199.0
3366,33663,1676.1037211938412,-8199.0
3366,33664,1725.0755115216107,-8299.0
3366,33665,1679.5209561230815,-8199.0
3367,33671,54.494747088845806,194452000.0
3367,33672,54.80955592818704,200319000.0
3367,33673,55.24009946984059,220063000.0
3367,33674,56.473848227633866,193398000.0
3367,33675,55.00382247779278,202239000.0
3368,33681,4490.792037095677,1267200.0
3368,33682,4503.167287207945,1267200.0
3368,33683,4853.296877791554,1266200.0
3368,33684,4621.92593433408,1266200.0
3368,33685,4925.462045347724,1267200.0
3369,33691,4440.191339432419,94801.0
3369,33692,4251.3976789653,95801.0
3369,33693,4217.028294336089,95801.0
3369,33694,4233.447597194745,94801.0
3369,33695,4179.177357431392,94801.0
3370,33701,603.122123003659,4364100.0
3370,33702,660.8383467257714,4365100.0
3370,33703,717.0464866411282,4364100.0
3370,33704,641.8611539463271,4364100.0
3370,33705,621.1378603686549,4364100.0
3371,33711,668.2380171024898,11199300.0
3371,33712,706.2054930228749,10946300.0
3371,33713,727.3127593573174,10799300.0
3371,33714,701.7098679658936,10742300.0
3371,33715,680.6600941976169,11186300.0
3372,33721,43.82849192445719,13488000.0
3372,33722,45.092722687877625,14113000.0
3372,33723,47.88995792337738,13806000.0
3372,33724,45.14127085141915,13435000.0
3372,33725,43.847949711287505,13825000.0
3373,33731,6161.880957038544,33170.0
3373,33732,6252.114461821141,33160.0
3373,33733,6187.256052758337,33160.0
3373,33734,6185.977158994246,33170.0
3373,33735,6191.806821795088,33160.0
3374,33741,14685.954087229125,84530.0
3374,33742,13601.146809166105,84430.0
3374,33743,13656.602231418772,84420.0
3374,33744,14235.749158441049,84530.0
3374,33745,13492.719146126594,84520.0
3375,33751,54.15030644749771,54107850.0
3375,33752,54.35781413695745,54322650.0
3375,33753,54.65937898514537,54198050.0
3375,33754,55.848321830992894,55582100.0
3375,33755,54.6244951950045,54772450.0
3376,33761,46.46463957159575,42256200.0
3376,33762,46.4420345831639,28876100.0
3376,33763,46.65518097514935,37085200.0
3376,33764,47.22987688276284,40386100.0
3376,33765,47.26852424314201,41004100.0
3377,33771,17328.521316148246,128450.0
3377,33772,17607.80457269066,128550.0
3377,33773,17427.203100384308,128150.0
3377,33774,17480.106623951877,128250.0
3377,33775,17390.504046914888,127450.0
3378,33781,8445.605552781828,45000.0
3378,33782,8451.789681250037,45000.0
3378,33783,8433.908136909595,45000.0
3378,33784,8450.738680743434,45000.0
3378,33785,8428.55030422522,45000.0
3379,33791,4556.650872560656,9853000.0
3379,33792,4993.488853308887,7876000.0
3379,33793,5418.154154336502,8178000.0
3379,33794,4850.018485756978,6858000.0
3379,33795,4694.765969854526,8865000.0
3380,33801,9827.785121800316,597000.0
3380,33802,9819.905001746454,591000.0
3380,33803,10644.21641771246,578000.0
3380,33804,10049.804269456861,583000.0
3380,33805,10789.863434626091,586000.0
3381,33811,938.2205252916325,28035000.0
3381,33812,911.8280543671237,28045000.0
3381,33813,914.5332683089955,28045000.0
3381,33814,924.4600741593109,28045000.0
3381,33815,951.2248774747375,28045000.0
3382,33821,1512.5834481042125,27400.0
3382,33822,1475.7654313257099,27400.0
3382,33823,1490.048511396246,27400.0
3382,33824,1481.0693215704189,27400.0
3382,33825,1470.2459097820772,26400.0
3383,33831,5181.885359589871,273000.0
3383,33832,5203.027140630253,273000.0
3383,33833,5602.396415000119,274000.0
3383,33834,5347.673130120508,274000.0
3383,33835,5689.5851410865,274000.0
3384,33841,1125.8418108896853,1552000.0
3384,33842,1168.0584743129577,1551000.0
3384,33843,1188.5498586287677,1551000.0
3384,33844,1182.7802890028104,1552000.0
3384,33845,1209.4954193991525,1551000.0
3385,33851,7741.673576115868,100.0
3385,33852,7713.0042315406145,100.0
3385,33853,7753.491883933481,100.0
3385,33854,7684.1142070236965,100.0
3385,33855,7741.265458340041,100.0
3386,33861,1392.1529266563464,313500.0
3386,33862,1353.6558581230347,313500.0
3386,33863,1334.7616069369792,314500.0
3386,33864,1420.110485852955,315500.0
3386,33865,1354.4035267132267,315500.0
3387,33871,2012.3278798875494,34200.0
3387,33872,2001.5060288680047,18500.0
3387,33873,2011.278498962852,15900.0
3387,33874,1985.3757003690243,20800.0
3387,33875,2014.597047530527,26500.0
3388,33881,8146.617097232946,176350.0
3388,33882,7719.141363623198,165650.0
3388,33883,7865.656912866403,166650.0
3388,33884,7761.189594884208,178350.0
3388,33885,7793.837581845895,167350.0
3389,33891,8687.391716195005,1030.0
3389,33892,8684.531463283778,1030.0
3389,33893,8702.24106282534,1020.0
3389,33894,8679.82880967472,1020.0
3389,33895,8702.6809001726,1020.0
3390,33901,4026.89600399778,2681240.0
3390,33902,4134.349467326698,2630150.0
3390,33903,3752.8382757374447,2629060.0
3390,33904,3880.02064955838,2603000.0
3390,33905,3962.9165889589267,2573800.0
3391,33911,2896.174168616216,1482200.0
3391,33912,2925.3296582758894,1485500.0
3391,33913,3155.532315723089,1487500.0
3391,33914,3034.9920659327754,1486600.0
3391,33915,3211.003049148292,1488300.0
3392,33921,4788.675406493457,246710.0
3392,33922,4576.24924027415,294310.0
3392,33923,4673.428127846131,217110.0
3392,33924,4668.451545170446,307310.0
3392,33925,4604.078491471102,256410.0
3393,33931,93.95180353269548,98100300.0
3393,33932,95.07194079566015,97563801.0
3393,33933,94.76119016902696,97844900.0
3393,33934,96.99596916601688,97294280.0
3393,33935,94.73985271874174,99365400.0
3394,33941,9803.862914871297,111030.0
3394,33942,9289.426868384286,110130.0
3394,33943,9465.747707148801,112610.0
3394,33944,9340.028865529304,116340.0
3394,33945,9379.318350330008,114740.0
3395,33951,1965.3746159087652,15038901.0
3395,33952,1991.4289878011234,16110050.0
3395,33953,2125.0515630897376,14143020.0
3395,33954,1994.539448305241,14188430.0
3395,33955,1943.72523089485,14805420.0
3396,33961,3794.1879434554694,6163000.0
3396,33962,4080.2379826615593,6164000.0
3396,33963,4234.289289581113,6163000.0
3396,33964,4074.0185525591965,6163000.0
3396,33965,3872.6288512771107,6163000.0
3397,33971,355.24061832021437,2052900.0
3397,33972,374.84521643523607,2050900.0
3397,33973,341.44380217801125,1979500.0
3397,33974,353.9731469265331,2048010.0
3397,33975,344.8058416724066,1907900.0
3398,33981,5110.540649492008,14290.0
3398,33982,4967.7719916450205,16090.0
3398,33983,5055.315161116738,23350.0
3398,33984,5033.112778239113,20800.0
3398,33985,4997.537910320235,19400.0
3399,33991,16710.516070537094,199300.0
3399,33992,17099.461168428745,179700.0
3399,33993,16594.493567743386,184000.0
3399,33994,17003.717573130685,172700.0
3399,33995,16613.260435712466,203300.0
3400,34001,5601.427481601339,9520.0
3400,34002,5492.619208837941,10670.0
3400,34003,5502.834415031039,11120.0
3400,34004,5646.336831741257,10760.0
3400,34005,5489.046577214701,10240.0
3401,34011,5951.844379635846,239520.0
3401,34012,6137.839005075764,239520.0
3401,34013,5949.881109726237,239530.0
3401,34014,6088.40805128452,239530.0
3401,34015,5996.443002825192,239520.0
3402,34021,5554.421772234567,126400.0
3402,34022,5555.645889919133,128600.0
3402,34023,5656.257280329343,127610.0
3402,34024,5555.455123966251,133210.0
3402,34025,5641.568611112686,130600.0
3403,34031,996.1729311509762,4208350.0
3403,34032,1084.4795620907555,3630350.0
3403,34033,1179.0693234241276,3547350.0
3403,34034,1044.806714831727,2927350.0
3403,34035,1018.8250386188499,2906350.0
3404,34041,8415.805089769488,1981700.0
3404,34042,9905.42878006137,2452800.0
3404,34043,7098.910748507068,1959000.0
3404,34044,8498.784835963399,2148320.0
3404,34045,7655.111778715521,2167600.0
3405,34051,401.00054398116566,10884500.0
3405,34052,426.08207529104175,10861500.0
3405,34053,443.9782324350962,10887500.0
3405,34054,428.245380528199,10862500.0
3405,34055,408.3302726184037,10893500.0
3406,34061,2083.9592298767743,153040.0
3406,34062,1946.5741558604398,110460.0
3406,34063,1947.7527548260387,140950.0
3406,34064,2029.012097580522,116120.0
3406,34065,1953.5029789236833,113370.0
3407,34071,6418.680210779352,61000.0
3407,34072,6478.300398220295,66000.0
3407,34073,6436.76754212952,64000.0
3407,34074,6375.029316184375,59000.0
3407,34075,6467.271017778344,64000.0
3408,34081,11314.093671872726,2604600.0
3408,34082,13318.695184716486,2580800.0
3408,34083,9544.759116081734,2822100.0
3408,34084,11428.062151341195,2809900.0
3408,34085,10289.959284275212,2975300.0
3409,34091,16402.244965143123,348800.0
3409,34092,15029.698322910004,348800.0
3409,34093,15562.374149169598,348800.0
3409,34094,15321.305412688302,348800.0
3409,34095,15025.057465803848,348800.0
3410,34101,531.4440671962161,58891000.0
3410,34102,534.2983217763648,57133600.0
3410,34103,540.4713170929032,67514000.0
3410,34104,552.0296140809115,71753000.0
3410,34105,535.9944553586886,60692000.0
3411,34111,571.1846084615761,2828400.0
3411,34112,611.8367598553402,2828400.0
3411,34113,560.5755699779374,2828400.0
3411,34114,574.6886143687192,2828400.0
3411,34115,562.2850183328592,2827400.0
3412,34121,4312.427276807638,294320.0
3412,34122,4297.150382407728,293620.0
3412,34123,4637.875610312687,297970.0
3412,34124,4373.927533361507,299000.0
3412,34125,4696.456858612122,298830.0
3413,34131,10488.543351478434,330600.0
3413,34132,10113.342440753508,335700.0
3413,34133,10014.292492472056,350400.0
3413,34134,10162.24864083154,328100.0
3413,34135,7668.516627286974,358900.0
3414,34141,8220.245778183113,33620.0
3414,34142,8227.551185358572,32155.0
3414,34143,8215.879825107773,31210.0
3414,34144,8225.952810244702,32820.0
3414,34145,8216.210163080656,35915.0
3415,34151,1069.4735741342495,41000.0
3415,34152,1067.9301952404692,41000.0
3415,34153,1067.9076251646402,41000.0
3415,34154,1093.7825701751074,41000.0
3415,34155,1070.5478992984183,41000.0
3416,34161,7728.9955400275485,598000.0
3416,34162,7807.934760399512,598000.0
3416,34163,8420.591994259243,599000.0
3416,34164,8098.5413594532,598000.0
3416,34165,8566.945721146683,598000.0
3417,34171,4110.607435422324,53331.0
3417,34172,4116.676828856608,53351.0
3417,34173,4107.577347865334,53321.0
3417,34174,4116.013730558035,53361.0
3417,34175,4109.160703244548,53311.0
3418,34181,1110.3702813268592,7212980.0
3418,34182,1202.6484634943495,7179950.0
3418,34183,1258.1127276853017,7186820.0
3418,34184,1199.8620062709047,7258980.0
3418,34185,1133.4470211693085,7105760.0
3420,34201,8408.334591984982,548700.0
3420,34202,8448.82212275263,548700.0
3420,34203,9031.2070135655,548700.0
3420,34204,8677.136977237767,549700.0
3420,34205,9185.503080301245,548700.0
3421,34211,6854.620359108597,618460.0
3421,34212,7977.199828029805,1536770.0
3421,34213,7405.883937791745,1087990.0
3421,34214,10454.675165897355,308270.0
3421,34215,7520.193894420416,483500.0
3422,34221,20768.864090720446,570.0
3422,34222,20682.09360104237,570.0
3422,34223,20583.875669078345,570.0
3422,34224,20612.387153161246,570.0
3422,34225,20595.01409926533,570.0
3423,34231,8690.872303511414,2468000.0
3423,34232,10235.712320631463,2468100.0
3423,34233,7330.455586373822,2469000.0
3423,34234,8788.170903607936,2469000.0
3423,34235,7905.655691067259,2469100.0
3424,34241,2263.2463301009893,1114200.0
3424,34242,2292.2467234461874,1321600.0
3424,34243,2394.688175765833,1321000.0
3424,34244,2366.5357542379475,1393100.0
3424,34245,2418.8608438769706,1294200.0
3425,34251,1487.0225300450609,34020.0
3425,34252,1497.6043979231147,38290.0
3425,34253,1477.4033098702787,37360.0
3425,34254,1508.3613353131868,45020.0
3425,34255,1477.353028440716,40720.0
3426,34261,2481.9470598633466,3200.0
3426,34262,2479.753658125238,1000.0
3426,34263,2201.8156533983406,13000.0
3426,34264,2194.9676186625484,4200.0
3426,34265,2486.152977363696,1700.0
3427,34271,1910.2294145645938,4649000.0
3427,34272,1935.5527433406562,4649000.0
3427,34273,2065.4260874349866,4650000.0
3427,34274,1938.5759294038678,4654000.0
3427,34275,1889.1874759305724,4637000.0
3428,34281,8187.332115132509,19500.0
3428,34282,8162.297694888441,26720.0
3428,34283,8204.47306344797,30520.0
3428,34284,8128.46711865549,25820.0
3428,34285,8189.172548936321,25220.0
3429,34291,3495.0962662419633,16370.0
3429,34292,3445.677197798581,16370.0
3429,34293,3475.9325564815736,16370.0
3429,34294,3472.870164383723,16370.0
3429,34295,3438.470899862035,16370.0
3430,34301,4762.916989671751,240.0
3430,34302,4749.054693609453,290.0
3430,34303,4770.573525189621,2180.0
3430,34304,4734.430367066733,280.0
3430,34305,4764.904789102683,1010.0
3431,34311,3240.7536190001842,4124330.0
3431,34312,3551.438880307248,4577510.0
3431,34313,6418.473235159343,1895560.0
3431,34314,3449.400754967647,4889500.0
3431,34315,8449.366863011108,1530100.0
3432,34321,3088.952476099481,1239800.0
3432,34322,3099.228342412041,1149900.0
3432,34323,3332.5160634192703,1254400.0
3432,34324,3181.9180404876142,1162400.0
3432,34325,3381.7146250372075,1125500.0
3433,34331,2406.408419724614,749640.0
3433,34332,2389.967110277826,746810.0
3433,34333,2490.986931109612,745550.0
3433,34334,2460.451830072459,745820.0
3433,34335,2571.0726041960793,745720.0
3434,34341,2118.278298038133,201.0
3434,34342,2152.7309624379513,-599.0
3434,34343,2110.5279971712835,101.0
3434,34344,2152.497777437411,101.0
3434,34345,2120.5049299542798,-599.0
3435,34351,7611.589133273216,8218210.0
3435,34352,7981.237599557108,5116220.0
3435,34353,8189.527172191216,6684220.0
3435,34354,7876.736830901221,7758110.0
3435,34355,7842.057050537207,4796210.0
3436,34361,44.66888582906956,37566000.0
3436,34362,44.64715447256409,46730000.0
3436,34363,44.85206323622307,43975000.0
3436,34364,45.40454844046239,43082000.0
3436,34365,45.44170216734567,36427000.0
3437,34371,2429.286491474984,300.0
3437,34372,2441.066986445783,300.0
3437,34373,2404.8619194215685,300.0
3437,34374,2441.5440024735485,300.0
3437,34375,2409.664189156887,300.0
3438,34381,2811.687470796752,107960.0
3438,34382,2789.7000639401876,106970.0
3438,34383,2868.9663164121907,110250.0
3438,34384,2924.175313365838,109760.0
3438,34385,2886.110050667955,108260.0
3439,34391,11324.590837073754,58540.0
3439,34392,10978.37768749372,104040.0
3439,34393,11197.542743291513,59650.0
3439,34394,11084.499682726384,99750.0
3439,34395,11050.989977047702,63060.0
3440,34401,5081.496034054075,1097000.0
3440,34402,5097.736823328987,1097000.0
3440,34403,5489.9301824915865,1099000.0
3440,34404,5232.019707992424,1096000.0
3440,34405,5574.911679154497,1097000.0
3441,34411,12127.462913279745,289800.0
3441,34412,12172.273460240674,292200.0
3441,34413,13116.43448311318,296500.0
3441,34414,12508.72275004907,288000.0
3441,34415,13315.231058152329,293700.0
3442,34421,10832.219087318128,762900.0
3442,34422,10866.763881015457,758830.0
3442,34423,11702.240850976073,772020.0
3442,34424,11154.510183189468,768140.0
3442,34425,11884.714038243335,773900.0
3443,34431,14901.753001739151,236400.0
3443,34432,14099.744218706886,285600.0
3443,34433,13996.161582682787,236600.0
3443,34434,14380.591130236833,266600.0
3443,34435,13917.923414485213,285600.0
3444,34441,2302.6684247435087,215900.0
3444,34442,2214.6893413793864,216140.0
3444,34443,2215.0258268522552,215360.0
3444,34444,2261.8411682966557,217930.0
3444,34445,2187.93464307661,214380.0
3445,34451,9333.62947794717,-71280.0
3445,34452,9297.551473379082,-71180.0
3445,34453,9373.926164851517,-71180.0
3445,34454,9189.79267506752,-71240.0
3445,34455,9348.730511761545,-71230.0
3446,34461,4333.785412083393,-201510.0
3446,34462,4404.272115611264,-202970.0
3446,34463,4317.929072117525,-185090.0
3446,34464,4403.795042436038,-199890.0
3446,34465,4338.340878154688,-195690.0
3447,34471,53.00600986657639,182345300.0
3447,34472,53.31221847081125,195639800.0
3447,34473,53.7310000311637,183129500.0
3447,34474,54.93104411471268,140325000.0
3447,34475,53.50117786956504,192788900.0
3448,34481,19058.214214341402,500000.0
3448,34482,17241.63195105534,500000.0
3448,34483,18263.55693319573,500000.0
3448,34484,18316.587423393437,500000.0
3448,34485,17086.743294325926,500000.0
3449,34491,2739.5771756621166,939000.0
3449,34492,2747.249505838191,1125360.0
3449,34493,2955.307432650524,1063200.0
3449,34494,2819.872549755707,960480.0
3449,34495,2999.403803637981,986950.0
3450,34501,43.766917364627666,570246800.0
3450,34502,44.15738939935821,597687300.0
3450,34503,44.50472007599311,592926800.0
3450,34504,45.404290142569224,584804000.0
3450,34505,44.01369348481484,573117900.0
3451,34511,11135.51759411967,36260.0
3451,34512,10978.066449940452,36140.0
3451,34513,11074.46124231999,38680.0
3451,34514,11064.704337648986,36140.0
3451,34515,10955.10689422351,39250.0
3452,34521,495.2969518326589,12579000.0
3452,34522,530.5043108446841,12230000.0
3452,34523,556.5911520079582,12270000.0
3452,34524,530.0408038824792,11431000.0
3452,34525,498.587659928378,12127000.0
3453,34531,942.2593549242931,879400.0
3453,34532,952.2701785517938,879400.0
3453,34533,1026.351973782983,879400.0
3453,34534,988.9555913536524,879400.0
3453,34535,1044.7803671273707,879400.0
3454,34541,5399.990660755286,121000.0
3454,34542,5539.3732359256755,121270.0
3454,34543,5462.943868433615,121450.0
3454,34544,5489.013244339096,121510.0
3454,34545,5494.163637768893,121460.0
3455,34551,9436.898429585872,2096900.0
3455,34552,11111.955550738356,1535700.0
3455,34553,7956.986414204934,1759000.0
3455,34554,9535.71647358074,1638300.0
3455,34555,10475.362544399515,1432500.0
3456,34561,8931.50698542615,8200.0
3456,34562,9076.773173083606,8200.0
3456,34563,9163.736833043531,8300.0
3456,34564,9124.334947573352,8200.0
3456,34565,8940.89535452357,8200.0
3457,34571,19378.653962422348,65600.0
3457,34572,17914.73076097726,70700.0
3457,34573,17941.324151958324,62600.0
3457,34574,18470.603072799036,82600.0
3457,34575,17756.580903122587,92000.0
3458,34581,6683.530762390898,5000.0
3458,34582,6623.290193548311,5000.0
3458,34583,6616.339247797552,5000.0
3458,34584,6735.301902897825,5000.0
3458,34585,6602.468174849952,5000.0
3459,34591,5374.203429130286,36010.0
3459,34592,5242.0187444310595,36020.0
3459,34593,5342.922044771418,36010.0
3459,34594,5383.085180767034,36010.0
3459,34595,5318.372337211545,36010.0
3460,34601,10354.516411225231,343800.0
3460,34602,10398.270046480968,345800.0
3460,34603,11194.055793489575,328800.0
3460,34604,10684.586937159835,357800.0
3460,34605,11366.049343248475,330800.0
3461,34611,3454.648094501459,10621000.0
3461,34612,3635.0527316035577,10298000.0
3461,34613,3788.934046610054,9912000.0
3461,34614,3644.6593521639684,9918000.0
3461,34615,3496.772589017494,10173000.0
3462,34621,2150.6567209540826,1000.0
3462,34622,2104.0121558718797,1000.0
3462,34623,2119.499602189254,1000.0
3462,34624,2118.8654395582194,1000.0
3462,34625,2094.8470363409047,1000.0
3463,34631,55.15893713155494,131508000.0
3463,34632,55.3703099629963,146631000.0
3463,34633,55.6774919088346,131268000.0
3463,34634,56.88858059862256,139431000.0
3463,34635,55.641958355776055,152574000.0
3464,34641,7095.015276551237,272101.0
3464,34642,6756.961847854285,271071.0
3464,34643,6805.302466680223,272111.0
3464,34644,6904.144117661954,273021.0
3464,34645,6740.6029380317295,272060.0
3465,34651,8630.958979280273,197300.0
3465,34652,8632.861123185536,197600.0
3465,34653,8789.20013003224,197400.0
3465,34654,8632.564693929442,197600.0
3465,34655,8766.375557706295,198970.0
3466,34661,4433.458922014386,155700.0
3466,34662,4091.9484144389185,155700.0
3466,34663,4227.137685584474,155700.0
3466,34664,4185.478257775404,155700.0
3466,34665,4124.461235613429,155700.0
3467,34671,92.43144013619448,50263000.0
3467,34672,92.28893840648725,52114000.0
3467,34673,92.69277436187863,48694000.0
3467,34674,93.98885583414565,48734000.0
3467,34675,94.38617821299725,49534000.0
3468,34681,7257.454791426663,403400.0
3468,34682,6921.490965868613,353200.0
3468,34683,7028.655102952418,351140.0
3468,34684,6920.568552134158,382150.0
3468,34685,6941.761444969443,359500.0
3469,34691,8167.221312950531,629850.0
3469,34692,8199.967056905847,557550.0
3469,34693,8826.402097805061,567550.0
3469,34694,8421.533182525538,576150.0
3469,34695,8962.624823961598,543940.0
3470,34701,8636.831934208074,10000.0
3470,34702,8632.12994519217,10000.0
3470,34703,8648.64182777936,10000.0
3470,34704,8623.134254922388,10000.0
3470,34705,8649.66525868486,10000.0
3471,34711,44.5236054043982,39909200.0
3471,34712,44.415894570839896,40546400.0
3471,34713,44.51758480245996,40270300.0
3471,34714,45.04027503982832,42454500.0
3471,34715,45.26766397183041,47964500.0
3472,34721,6216.421824061466,2997400.0
3472,34722,7312.8429914576645,2997300.0
3472,34723,5243.004510378831,2997500.0
3472,34724,6273.3522289952625,2997400.0
3472,34725,5651.641188550455,2997500.0
3473,34731,2031.3233311622491,10000.0
3473,34732,1998.5103310123718,10000.0
3473,34733,2001.0582194773888,10000.0
3473,34734,2025.4440336539178,10000.0
3473,34735,1975.912608799783,10000.0
3474,34741,8717.41771233777,531800.0
3474,34742,8754.253688042441,532800.0
3474,34743,9424.221892320744,532800.0
3474,34744,8995.302505294747,531800.0
3474,34745,9569.022437081157,532800.0
3475,34751,1982.945540291544,1749300.0
3475,34752,1974.208410303377,1952100.0
3475,34753,1793.0983234686196,1732800.0
3475,34754,1850.2008221430194,2113500.0
3475,34755,1923.816838345259,1997910.0
3476,34761,12523.458056804713,20340.0
3476,34762,11910.127604841577,21340.0
3476,34763,11901.050524007815,21340.0
3476,34764,12250.9426040653,21340.0
3476,34765,11779.861031330336,21340.0
3477,34771,8113.997917592521,552000.0
3477,34772,8139.874091427661,553000.0
3477,34773,8765.697695973617,553000.0
3477,34774,8355.413758583058,552000.0
3477,34775,8902.381329268706,552000.0
3478,34781,4502.076490168785,211000.0
3478,34782,4330.0636382166695,209900.0
3478,34783,4330.721519881441,211000.0
3478,34784,4422.25282583555,209900.0
3478,34785,4277.754023451397,210900.0
3479,34791,4053.538529154488,239740.0
3479,34792,4079.2737560301553,239740.0
3479,34793,4069.660593895106,239740.0
3479,34794,4084.769854559871,239740.0
3479,34795,4070.197075812802,239740.0
3480,34801,2997.587121260235,880.0
3480,34802,3000.428369531977,1890.0
3480,34803,3005.9041075658843,1470.0
3480,34804,3053.491013218335,2600.0
3480,34805,3013.3774125974905,900.0
3481,34811,6754.471352839575,604950.0
3481,34812,6776.059079203968,604950.0
3481,34813,7297.37382420914,604950.0
3481,34814,6954.551769458461,604950.0
3481,34815,7410.333685022631,604950.0
3482,34821,2521.8802015559927,536300.0
3482,34822,2405.136722683105,536300.0
3482,34823,2442.3750002053757,536300.0
3482,34824,2404.8161947567974,536300.0
3482,34825,2412.180475815514,537300.0
3483,34831,45.65903788899025,240240000.0
3483,34832,46.066390713952096,248108000.0
3483,34833,46.428737104317214,255607000.0
3483,34834,47.36719716106309,239070000.0
3483,34835,45.916482573244615,232536300.0
3484,34841,9332.451653236429,636800.0
3484,34842,9363.100815149168,598800.0
3484,34843,10086.542483009203,593800.0
3484,34844,9612.869464347077,618800.0
3484,34845,10241.567819715394,606800.0
3485,34851,8427.441372544536,190900.0
3485,34852,8479.310907371464,201200.0
3485,34853,8475.498627521474,191100.0
3485,34854,8489.682844142973,191400.0
3485,34855,8478.352879532267,184580.0
3486,34861,3855.424421376436,18160.0
3486,34862,3924.0886574926008,20750.0
3486,34863,3859.9155236138636,42050.0
3486,34864,3909.6968834521635,19150.0
3486,34865,3861.3671637025946,40060.0
3487,34871,463.1625556272294,33931000.0
3487,34872,466.29369782877455,33933000.0
3487,34873,468.28065380143096,33932000.0
3487,34874,473.53254867836677,33932000.0
3487,34875,469.67868502115823,33932000.0
3488,34881,17593.077942791533,103551.0
3488,34882,16117.857964351968,78751.0
3488,34883,16183.574674256106,93551.0
3488,34884,16869.88503037587,73551.0
3488,34885,15989.367205683016,79151.0
3489,34891,3209.2888638068757,102010.0
3489,34892,3181.6099569466287,102010.0
3489,34893,3230.224943648167,102005.0
3489,34894,3295.8349368235636,102010.0
3489,34895,3234.128373657271,102005.0
3490,34901,5.08461728370847,1378752000.0
3490,34902,5.00686340691882,1318516000.0
3490,34903,5.053723288136309,1278018000.0
3490,34904,5.143877365957818,1295750000.0
3490,34905,5.111322398704262,1353830000.0
3491,34911,7611.589133273216,5030000.0
3491,34912,7981.237599557108,5030000.0
3491,34913,8189.527172191216,5030000.0
3491,34914,7876.736830901221,5031000.0
3491,34915,7842.057050537207,5030000.0
3492,34921,25404.509735490734,84941.0
3492,34922,24293.929006543472,84841.0
3492,34923,24061.84242434096,84841.0
3492,34924,24537.931628889877,84841.0
3492,34925,23735.862444144826,84941.0
3493,34931,127.74451433540773,58083660.0
3493,34932,106.4936881932241,54576070.0
3493,34933,129.63196286064436,56077540.0
3493,34934,108.01231785852067,46078370.0
3493,34935,129.51073616515072,58620970.0
3494,34941,12106.228004424398,-13780.0
3494,34942,11843.661814966767,-13920.0
3494,34943,11930.84195603606,-13970.0
3494,34944,11927.272201119635,-12740.0
3494,34945,11792.07058441438,-13520.0
3495,34951,5296.15395585897,720.0
3495,34952,5321.332640086,720.0
3495,34953,5240.552007380779,720.0
3495,34954,5321.354533649371,720.0
3495,34955,5252.172655942257,720.0
3496,34961,503.2676962743873,20855000.0
3496,34962,491.35114104480436,28687100.0
3496,34963,505.9345689614973,28815000.0
3496,34964,499.7819675040113,24293700.0
3496,34965,501.31283912459895,30547000.0
3497,34971,8146.617097232946,247100.0
3497,34972,7719.141363623198,248800.0
3497,34973,7865.656912866403,247500.0
3497,34974,7761.189594884208,247900.0
3497,34975,7793.837581845895,250900.0
3498,34981,9907.029449567895,71620.0
3498,34982,9847.08265509556,71620.0
3498,34983,10024.745354187562,71630.0
3498,34984,9826.774624806663,71630.0
3498,34985,9997.741425028718,71720.0
3499,34991,7859.310182416902,590500.0
3499,34992,9721.901055322383,69400.0
3499,34993,9858.747993974004,38330.0
3499,34994,8028.551096884259,375720.0
3499,34995,9876.006077379323,103500.0
3500,35001,45.28237635473522,124268100.0
3500,35002,45.77488028483183,131348300.0
3500,35003,46.24080231764525,133018200.0
3500,35004,47.20235569371302,137262500.0
3500,35005,45.56409809254738,115489900.0
3501,35011,4436.889072068992,2898500.0
3501,35012,4579.769539287662,2955500.0
3501,35013,4144.662556541483,2477500.0
3501,35014,4280.4870009489605,2414500.0
3501,35015,4369.272784212206,2252500.0
3502,35021,23451.351778076132,164980.0
3502,35022,23400.813499616605,164980.0
3502,35023,22571.263771320126,164980.0
3502,35024,23177.37948376544,164980.0
3502,35025,22653.84623333894,164980.0
3503,35031,817.3641616744233,-49200.0
3503,35032,845.9601188511444,-45800.0
3503,35033,829.6107154121107,-43400.0
3503,35034,810.7252344147657,-42000.0
3503,35035,844.0408949514192,-50590.0
3504,35041,13270.593404548024,969000.0
3504,35042,13916.530515290444,968000.0
3504,35043,15087.66631696092,969000.0
3504,35044,13731.080098863324,969000.0
3504,35045,15323.510657882365,968000.0
3505,35051,7611.589133273216,3433000.0
3505,35052,4122.181570205028,3080000.0
3505,35053,3733.2263552611416,2903000.0
3505,35054,3857.5451225121587,3051000.0
3505,35055,7787.975242065586,3355000.0
3506,35061,3545.8292530980098,3608570.0
3506,35062,3647.198131668544,4517240.0
3506,35063,3799.760835635051,4256660.0
3506,35064,3651.342107239885,4449600.0
3506,35065,3570.342691152907,9716440.0
3507,35071,4412.268627778301,-40080.0
3507,35072,4208.020952907096,-50280.0
3507,35073,4350.529830189494,-36900.0
3507,35074,4238.674520365316,-42180.0
3507,35075,4293.82480776976,-37160.0
3508,35081,941.5137784636348,23420000.0
3508,35082,937.8656702768567,21319000.0
3508,35083,943.2614428283716,20590000.0
3508,35084,955.0186734674111,19770000.0
3508,35085,960.1258283790008,21489000.0
3509,35091,2089.979365537654,283400.0
3509,35092,2083.8739601278435,298400.0
3509,35093,2247.740102565108,316300.0
3509,35094,2121.2943216362464,295400.0
3509,35095,2276.097757668058,310900.0
3510,35101,10380.82352319313,-5420.0
3510,35102,10347.734598231442,-5340.0
3510,35103,10397.107964400955,-5420.0
3510,35104,10312.830360212345,-5420.0
3510,35105,10380.257902167992,-5420.0
3511,35111,6242.024281811862,1348100.0
3511,35112,6265.809520842109,1347100.0
3511,35113,6747.049946350502,1347100.0
3511,35114,6434.496539551323,1346100.0
3511,35115,6849.6831214748,1348100.0
3512,35121,11471.080688234131,415820.0
3512,35122,10541.012932613497,419940.0
3512,35123,10787.690297221869,420330.0
3512,35124,10827.099706595433,419820.0
3512,35125,10485.790234731818,419980.0
3513,35131,5888.506059651662,1255400.0
3513,35132,5908.200766010206,1166100.0
3513,35133,6362.525146410584,1216200.0
3513,35134,6064.214639048423,1369700.0
3513,35135,6459.360823553099,1189700.0
3514,35141,7673.211072085073,8170.0
3514,35142,8028.757919808573,8160.0
3514,35143,7828.042800064761,8140.0
3514,35144,7682.744799399568,9060.0
3514,35145,7975.02046588799,8150.0
3515,35151,52.85429261824355,183266000.0
3515,35152,53.05683389379247,184025600.0
3515,35153,53.3511811980862,186906400.0
3515,35154,54.511668316321064,184843400.0
3515,35155,53.31713230394881,184313400.0
3516,35161,2119.667611569169,27000.0
3516,35162,2141.873853546857,27000.0
3516,35163,2111.7486420330238,27000.0
3516,35164,2126.810191276064,27000.0
3516,35165,2090.3787394271208,27000.0
3517,35171,1096.3736591999022,3854550.0
3517,35172,1187.4886412457022,3856550.0
3517,35173,1242.2537581697602,3855550.0
3517,35174,1184.7373083312248,3855550.0
3517,35175,1119.1595083251482,3854550.0
3518,35181,582.6200282399379,1581500.0
3518,35182,622.8793077693564,1592500.0
3518,35183,569.3863411919413,1614500.0
3518,35184,583.3886490180696,1578500.0
3518,35185,573.2099407344551,1594500.0
3519,35191,9564.309763236224,87400.0
3519,35192,9331.503488793003,88200.0
3519,35193,9421.817713994215,85800.0
3519,35194,9365.040844576037,86400.0
3519,35195,9296.602661434137,87000.0
3520,35201,12230.211815805118,342810.0
3520,35202,12104.345535081526,155690.0
3520,35203,12274.728119869347,224940.0
3520,35204,12273.735624403083,183510.0
3520,35205,12296.215461040842,214240.0
3521,35211,3951.1477028179847,-110350.0
3521,35212,3981.300299895743,-88375.0
3521,35213,3978.953406209816,-91635.0
3521,35214,4022.8823443992214,-106960.0
3521,35215,3990.81179011369,-114130.0
3522,35221,1317.7840698023608,1082300.0
3522,35222,1291.7722838117993,977200.0
3522,35223,1326.0519441679528,1107300.0
3522,35224,1318.8301806075774,1082200.0
3522,35225,1412.790072512254,907300.0
3523,35231,2962.983171976452,8850.0
3523,35232,2898.720446988237,8840.0
3523,35233,2920.057670343393,8750.0
3523,35234,2919.1839775844605,8850.0
3523,35235,2886.093562058232,8840.0
3524,35241,4489.2217220338625,1001300.0
3524,35242,4503.613079857037,969000.0
3524,35243,3736.031120198387,1422000.0
3524,35244,4622.340868618917,1040800.0
3524,35245,4914.47756393297,1216240.0
3525,35251,377.64451786177096,12832780.0
3525,35252,397.4459504376951,10384230.0
3525,35253,414.8429107923829,8173760.0
3525,35254,399.97909779120465,8185760.0
3525,35255,385.25177955481433,9370990.0
3526,35261,2266.3749737194303,908555.0
3526,35262,2290.9769793466994,889555.0
3526,35263,2387.882070636902,882555.0
3526,35264,2358.465237104203,956560.0
3526,35265,2420.8011263489107,927560.0
3527,35271,7773.710637844888,813300.0
3527,35272,7802.592928307046,813300.0
3527,35273,8398.88946925473,813300.0
3527,35274,8011.120448867897,813300.0
3527,35275,8528.526484771577,813300.0
3528,35281,1074.627924047272,532400.0
3528,35282,1038.591876602549,532400.0
3528,35283,1059.1681959585424,532400.0
3528,35284,1101.8566552247087,532400.0
3528,35285,1019.7599368000499,532400.0
3529,35291,1231.2382960407267,5010000.0
3529,35292,1343.3273167843831,5011000.0
3529,35293,1404.2713938563406,5011000.0
3529,35294,1338.5669810577417,5010000.0
3529,35295,1258.3843104341438,5011000.0
3530,35301,3689.6040877021014,3795000.0
3530,35302,3721.4685661970843,3621000.0
3530,35303,3868.1488330139937,3688000.0
3530,35304,3715.170560405796,3611000.0
3530,35305,3713.9648907224664,4011000.0
3531,35311,6380.85158168968,1693000.0
3531,35312,6474.218580264691,1324900.0
3531,35313,6964.531707149314,1239800.0
3531,35314,6645.3633777383075,1326800.0
3531,35315,7068.450023910329,1278800.0
3532,35321,1767.1459011712413,2316000.0
3532,35322,2066.561607358269,2334000.0
3532,35323,1482.640148325105,2317000.0
3532,35324,1758.3908147971536,2332000.0
3532,35325,1595.3099757272487,2304000.0
3533,35331,3474.7084707486524,8164450.0
3533,35332,3567.1332663661187,7858750.0
3533,35333,3707.8382501598558,7752850.0
3533,35334,3560.9801089144576,7671150.0
3533,35335,3496.7029880617965,7801350.0
3534,35341,8157.03168983995,2608100.0
3534,35342,9594.240465087854,2608100.0
3534,35343,6878.585121690494,2607900.0
3534,35344,8231.045007711338,2606900.0
3534,35345,7417.424544002907,2607400.0
3535,35351,11159.414068042195,162840.0
3535,35352,10289.91361572867,266830.0
3535,35353,10361.825404024014,221830.0
3535,35354,10694.15394952748,281850.0
3535,35355,10405.963615829061,155840.0
3536,35361,596.2089182622268,257548770.0
3536,35362,585.7392938901204,245407360.0
3536,35363,605.0848405570722,258357030.0
3536,35364,603.6406746375401,262510050.0
3536,35365,589.2464845620259,263671910.0
3537,35371,6863.218313218515,3800.0
3537,35372,6919.251056641688,2800.0
3537,35373,6917.222476649344,3700.0
3537,35374,6887.4800677650255,4900.0
3537,35375,6923.727029278722,5500.0
3538,35381,6380.595482548839,100.0
3538,35382,6403.5469015008985,100.0
3538,35383,6459.774341631404,100.0
3538,35384,6454.083102927473,100.0
3538,35385,6390.154507444848,100.0
3539,35391,7611.589133273216,4025100.0
3539,35392,7981.237599557108,3866100.0
3539,35393,8189.527172191216,3835100.0
3539,35394,7876.736830901221,4197100.0
3539,35395,7842.057050537207,4136000.0
3540,35401,2019.6793411879542,1024950.0
3540,35402,2039.5563261937937,692400.0
3540,35403,2199.2573277263664,706650.0
3540,35404,2115.0511754196295,791850.0
3540,35405,2237.7680329689274,685700.0
3541,35411,3002.772839988843,896600.0
3541,35412,3029.492693912385,789600.0
3541,35413,3137.326031307656,843600.0
3541,35414,3139.895182241927,885600.0
3541,35415,3208.714270366725,807600.0
3542,35421,5708.374329023413,60.0
3542,35422,5618.547988196535,60.0
3542,35423,5691.198877597711,60.0
3542,35424,5727.979392744204,60.0
3542,35425,5692.022564268469,60.0
3543,35431,541.0046184676876,91358670.0
3543,35432,542.8585009895409,93227480.0
3543,35433,547.8731587429295,93956820.0
3543,35434,559.2709401480158,89296980.0
3543,35435,545.3207131674325,88519380.0
3544,35441,21547.913338828832,14020.0
3544,35442,21600.105898365233,14020.0
3544,35443,21715.783813557915,14030.0
3544,35444,21352.023344493748,14020.0
3544,35445,21415.010420533858,15020.0
3545,35451,8309.152719323898,224000.0
3545,35452,8120.997805566638,178500.0
3545,35453,8000.042591784693,109200.0
3545,35454,8188.794334278553,256000.0
3545,35455,7942.914881344657,221000.0
3546,35461,3056.934444008259,1394300.0
3546,35462,3067.632611061383,1374800.0
3546,35463,3299.2084305334233,1200500.0
3546,35464,3149.408446233214,1198300.0
3546,35465,3347.4005859328217,1496400.0
3547,35471,2826.5586648361004,3701000.0
3547,35472,3001.302782798807,4086000.0
3547,35473,3101.587156369485,3782000.0
3547,35474,2983.926257924312,3732000.0
3547,35475,2849.203262781147,4104000.0
3548,35481,1079.5241545744507,2511000.0
3548,35482,1171.5040972821366,2511000.0
3548,35483,1228.3443336332925,2512000.0
3548,35484,1172.1396802863437,2511000.0
3548,35485,1102.598691380253,2511000.0
3549,35491,977.7403574573339,73000.0
3549,35492,1002.7556884982162,106000.0
3549,35493,1005.2095187985708,114000.0
3549,35494,1006.246216077407,99000.0
3549,35495,992.266038143601,80100.0
3550,35501,158.26981340908773,18982500.0
3550,35502,168.39450970498314,18981500.0
3550,35503,174.93988604924232,18981500.0
3550,35504,169.29066804424082,18992500.0
3550,35505,161.0604324522381,18991500.0
3551,35511,2459.293217566148,230.0
3551,35512,2472.8364155937998,230.0
3551,35513,2435.5703354368648,230.0
3551,35514,2476.151192937278,230.0
3551,35515,2441.12812922322,230.0
3552,35521,1090.8451883589426,5429000.0
3552,35522,1181.5007225539232,5431000.0
3552,35523,1235.9896860429942,5431000.0
3552,35524,1178.7632632523905,5429000.0
3552,35525,1113.5161397014676,5429000.0
3553,35531,19886.28424071942,280600.0
3553,35532,18596.607179312072,274800.0
3553,35533,18643.930311099473,274100.0
3553,35534,19035.823096011318,278800.0
3553,35535,18406.140317413443,282400.0
3554,35541,2403.9418856840034,1441200.0
3554,35542,2395.249499441272,1539900.0
3554,35543,2584.1847485853036,1538200.0
3554,35544,2362.3866617815656,1625000.0
3554,35545,2617.5965724612597,1480400.0
3555,35551,1063.2493116267628,312900.0
3555,35552,1052.0671357331944,312800.0
3555,35553,1069.974002106575,312700.0
3555,35554,1071.4098084906802,312700.0
3555,35555,1059.3044683489825,312900.0
3556,35561,1544.7411078466212,2412000.0
3556,35562,3051.3800496256963,2556000.0
3556,35563,3146.026645234034,2544400.0
3556,35564,3025.142315922801,2767000.0
3556,35565,1500.3133848669354,2459900.0
3557,35571,8369.339645592321,883300.0
3557,35572,8403.486048679424,700300.0
3557,35573,9048.513267398075,822900.0
3557,35574,8637.105924537222,852700.0
3557,35575,9189.33306776919,512100.0
3558,35581,11824.103764933952,139400.0
3558,35582,11356.200171245891,139400.0
3558,35583,11512.148705613708,140400.0
3558,35584,11457.973255226856,140400.0
3558,35585,11398.952760133707,140400.0
3559,35591,44.53358424046009,689756130.0
3559,35592,45.01794409577987,716935120.0
3559,35593,45.47616161367772,705586140.0
3559,35594,46.42181468495993,714051150.0
3559,35595,44.810647410576046,718687130.0
3560,35601,566.325530271597,1921000.0
3560,35602,605.4588534028452,1922000.0
3560,35603,553.4619580089927,1922000.0
3560,35604,567.0726545526971,1924000.0
3560,35605,557.1786205566259,1923000.0
3561,35611,6766.97563894254,775000.0
3561,35612,6790.119461775878,737000.0
3561,35613,7314.649589756524,780000.0
3561,35614,6973.35946156602,766000.0
3561,35615,7424.977128067951,774000.0
3562,35621,9242.893954237143,1942700.0
3562,35622,10880.150158184695,1927700.0
3562,35623,7795.315018179177,1940800.0
3562,35624,9339.234362130428,1916500.0
3562,35625,8408.299389540824,1933800.0
3563,35631,1954.6755793994234,7790.0
3563,35632,1963.0839240199257,8260.0
3563,35633,1935.2689944529477,8020.0
3563,35634,1964.5396391627983,8800.0
3563,35635,1939.5274827399808,8520.0
3564,35641,15790.120145967032,177800.0
3564,35642,15195.974732010824,218300.0
3564,35643,15216.457441186585,228100.0
3564,35644,15527.957654204034,291100.0
3564,35645,15039.281885523256,201200.0
3565,35651,3127.5418761530373,920000.0
3565,35652,3117.867898826924,922000.0
3565,35653,3362.3632161038186,919000.0
3565,35654,3173.9272225754266,921000.0
3565,35655,3405.306540912138,920000.0
3566,35661,1471.7810738321816,-3000.0
3566,35662,1435.5809337079206,-3000.0
3566,35663,1463.2143438842415,-3000.0
3566,35664,1474.213433182516,-3000.0
3566,35665,1456.4911531023504,-3000.0
3567,35671,6991.785101032178,1599800.0
3567,35672,8229.35282186596,1825000.0
3567,35673,7646.319274215103,1390000.0
3567,35674,7060.7240257027715,2023100.0
3567,35675,6359.807042848841,2070310.0
3568,35681,449.469430853009,10660010.0
3568,35682,454.1594159365456,13635110.0
3568,35683,484.0880554890494,11303110.0
3568,35684,455.90809284619615,12359610.0
3568,35685,449.4434779357013,11591010.0
3569,35691,9996.957521642087,979400.0
3569,35692,10028.838600893001,977700.0
3569,35693,10799.892778405434,1001300.0
3569,35694,10294.397073875789,979400.0
3569,35695,10968.295640944014,985300.0
3570,35701,2026.0826438154538,0.0
3570,35702,2041.7707606599365,0.0
3570,35703,2040.8670490736883,0.0
3570,35704,2061.2741096425466,0.0
3570,35705,2045.7039447885486,0.0
3571,35711,5959.859510147221,-26900.0
3571,35712,5936.822401256165,-26900.0
3571,35713,5985.590400069709,-25900.0
3571,35714,5868.014516773859,-26800.0
3571,35715,5969.502065618734,-25900.0
3572,35721,12771.416421144062,158050.0
3572,35722,12482.216687254228,154750.0
3572,35723,12296.304903502187,156350.0
3572,35724,12586.421981023135,156350.0
3572,35725,12208.497902733076,153050.0
3573,35731,6971.723881294803,14450.0
3573,35732,6967.928395940745,14650.0
3573,35733,6981.256927401715,14440.0
3573,35734,6960.666998571862,13650.0
3573,35735,6982.083049495917,13460.0
3574,35741,6847.2548692784085,-229.0
3574,35742,6900.162534971569,-229.0
3574,35743,6898.537960374333,-219.0
3574,35744,6973.5639346429325,-229.0
3574,35745,6917.574905346793,-219.0
3575,35751,720.2103306593378,5847900.0
3575,35752,754.9777103003045,10241600.0
3575,35753,785.1832389436695,4343100.0
3575,35754,757.290025038402,7188100.0
3575,35755,725.0740789043873,9682000.0
3576,35761,11067.985036404702,12750.0
3576,35762,10798.577580382818,17000.0
3576,35763,10903.090767204081,14800.0
3576,35764,10837.387589798658,14000.0
3576,35765,10758.18973802635,11750.0
3577,35771,13169.026374980065,145790.0
3577,35772,13294.533836129087,145680.0
3577,35773,12968.726892288394,144000.0
3577,35774,13174.043844066095,146030.0
3577,35775,12992.598070807579,142600.0
3578,35781,7024.9420013583995,374100.0
3578,35782,7053.107878498604,449100.0
3578,35783,7591.928814201366,896200.0
3578,35784,7243.685447331707,1023000.0
3578,35785,10225.975943803742,258500.0
3579,35791,6679.310850337238,1229800.0
3579,35792,6696.678810347886,1223900.0
3579,35793,7217.267154517862,1224800.0
3579,35794,6873.775191937389,1242800.0
3579,35795,7327.276343824064,1224800.0
3580,35801,2975.1125353681937,292000.0
3580,35802,2935.6838014418868,291000.0
3580,35803,2986.9560953904543,291000.0
3580,35804,2966.3589104960056,292000.0
3580,35805,2952.9249869436658,291000.0
3581,35811,8287.763493973465,19770.0
3581,35812,8280.211728788041,21760.0
3581,35813,8329.418780564502,20760.0
3581,35814,8302.292661287185,20665.0
3581,35815,8297.742269609169,21765.0
3582,35821,57.60381109946839,69784900.0
3582,35822,56.812762831326815,72082700.0
3582,35823,57.12628651275103,67969100.0
3582,35824,58.3724929750476,72377800.0
3582,35825,58.12398617467552,69724000.0
3583,35831,11541.820994961377,790700.0
3583,35832,11589.195082431255,784200.0
3583,35833,12478.968685988659,782200.0
3583,35834,11904.616287497114,786700.0
3583,35835,12668.774992270952,784200.0
3584,35841,2519.0396735183067,636700.0
3584,35842,2511.247888899528,670700.0
3584,35843,2708.173598801616,630300.0
3584,35844,2556.400173404438,658700.0
3584,35845,2742.761765223867,617300.0
3585,35851,635.9195609096305,2827000.0
3585,35852,684.8406609961629,2828000.0
3585,35853,625.577364954605,2816000.0
3585,35854,640.6329462298138,2915000.0
3585,35855,626.4238312310207,2910000.0
3586,35861,8220.689605928996,1591900.0
3586,35862,8252.014550921642,1591900.0
3586,35863,8885.803845118577,1590900.0
3586,35864,8474.17383110878,1591000.0
3586,35865,9020.970809852475,1592000.0
3587,35871,8581.126697737538,681000.0
3587,35872,8608.492581779805,681000.0
3587,35873,9270.34530784472,681000.0
3587,35874,8836.441024832573,681000.0
3587,35875,9414.897917633934,681000.0
3588,35881,2818.0862124379128,46800.0
3588,35882,2626.054988004412,36700.0
3588,35883,2614.3145070959417,39000.0
3588,35884,2659.386712403006,57000.0
3588,35885,2584.5567885574765,55000.0
3589,35891,619.5330254840849,3461880.0
3589,35892,676.5978161602613,5744880.0
3589,35893,1229.5801304563215,3094880.0
3589,35894,655.4286592826136,3608500.0
3589,35895,638.5810302899185,4716880.0
3590,35901,3002.772839988843,526780.0
3590,35902,3029.492693912385,631750.0
3590,35903,3137.326031307656,627950.0
3590,35904,3139.895182241927,612050.0
3590,35905,3208.714270366725,627550.0
3591,35911,2404.076185618209,127000.0
3591,35912,2348.222039808946,126900.0
3591,35913,2310.484460027569,125900.0
3591,35914,2366.536701759869,126900.0
3591,35915,2292.623120453025,126900.0
3592,35921,2954.6423005645997,4817000.0
3592,35922,3076.449344911359,7308000.0
3592,35923,3171.873530795081,5301000.0
3592,35924,3049.996049238757,7025000.0
3592,35925,2977.3938259017796,7434000.0
3593,35931,7774.1975957420855,2153400.0
3593,35932,7929.873729061068,2153400.0
3593,35933,7291.481917145671,2154200.0
3593,35934,7483.148875150245,2153400.0
3593,35935,7622.152897018464,2153400.0
3594,35941,495.49494338656314,21684700.0
3594,35942,484.6996625099446,21687700.0
3594,35943,500.2309545466008,21698700.0
3594,35944,494.42939926786374,21687700.0
3594,35945,493.85642930740835,21686700.0
3595,35951,1439.8057125133323,483900.0
3595,35952,1435.4636065629238,484000.0
3595,35953,1547.7934761204756,483000.0
3595,35954,1460.960911013505,481900.0
3595,35955,1567.6655318958112,483000.0
3596,35961,573.1443315217747,65161250.0
3596,35962,565.0453413357834,65161250.0
3596,35963,570.2483729502325,65162250.0
3596,35964,582.147581947678,65161250.0
3596,35965,577.8733659409993,65161250.0
3597,35971,6065.1661273471855,697840.0
3597,35972,6084.127385411913,696840.0
3597,35973,6554.291078853095,696840.0
3597,35974,6246.520810913103,695840.0
3597,35975,6653.159675800901,695740.0
3598,35981,5.333842761553999,934383940.0
3598,35982,5.384965387978971,970556600.0
3598,35983,5.431622815688682,924641120.0
3598,35984,5.525343100936388,1000452940.0
3598,35985,5.367046312143991,898256470.0
3599,35991,10727.924793544084,677190.0
3599,35992,10695.587509031177,742200.0
3599,35993,11741.326136463253,688160.0
3599,35994,10966.324995588935,794600.0
3599,35995,11883.989717770188,672050.0
3600,36001,117.46655711713761,15978700.0
3600,36002,125.46603765814079,15975700.0
3600,36003,131.4876489115748,8079500.0
3600,36004,125.64283940378762,7851500.0
3600,36005,119.55713608139597,7927700.0
3601,36011,2809.155355681901,97760.0
3601,36012,2728.4639913785313,102640.0
3601,36013,2790.604751299929,114820.0
3601,36014,2779.0972404851404,150180.0
3601,36015,2754.668727381254,178980.0
3602,36021,1949.429652130068,2949200.0
3602,36022,2069.2923153451056,2950200.0
3602,36023,1876.4593579182012,2950200.0
3602,36024,1939.6386222281726,2950200.0
3602,36025,1917.7390525839758,2948200.0
3603,36031,5486.532758745333,24040.0
3603,36032,5531.325954637339,-400.0
3603,36033,5529.7042853163575,-21220.0
3603,36034,5505.927874131312,7350.0
3603,36035,5534.904096753702,16150.0
3604,36041,6754.62132813563,524570.0
3604,36042,6772.232277542995,525570.0
3604,36043,7299.040377129206,525560.0
3604,36044,6950.393400666173,525560.0
3604,36045,7409.467911409634,525460.0
3605,36051,425.42992042653776,19768000.0
3605,36052,438.37233940314866,19768000.0
3605,36053,468.3464921640364,19767000.0
3605,36054,441.30707380839596,19768000.0
3605,36055,425.5366890874337,19767000.0
3606,36061,11264.588355355234,136625.0
3606,36062,10743.140960815923,137620.0
3606,36063,11106.968273927254,137615.0
3606,36064,10821.39998087332,136605.0
3606,36065,10962.19949642852,136730.0
3607,36071,4609.017698353486,2900.0
3607,36072,4714.085527552805,2900.0
3607,36073,4575.065663358507,2800.0
3607,36074,4685.225923043617,2800.0
3607,36075,4595.752332535105,2800.0
3608,36081,7012.375471587884,827500.0
3608,36082,7036.358589632718,809500.0
3608,36083,7579.910450879719,827500.0
3608,36084,7226.243665108319,819500.0
3608,36085,7694.238943366594,792500.0
3609,36091,4806.944828765141,11630.0
3609,36092,4679.762593103905,20810.0
3609,36093,4778.020750774401,13970.0
3609,36094,4724.43797457708,21480.0
3609,36095,4702.957166512898,23300.0
3610,36101,6431.752939500962,24570.0
3610,36102,6581.455005320446,24670.0
3610,36103,6387.096743950705,24670.0
3610,36104,6544.604009941412,24570.0
3610,36105,6394.319971391186,24670.0
3611,36111,11432.966026687378,119600.0
3611,36112,11174.074559722485,121700.0
3611,36113,11007.646417572252,121700.0
3611,36114,11267.359090128099,114700.0
3611,36115,10929.041631415846,120700.0
3612,36121,2521.150683809864,146710.0
3612,36122,2404.444470156822,158010.0
3612,36123,2485.8734092625527,175910.0
3612,36124,2421.959782364233,167010.0
3612,36125,2453.472411474494,118505.0
3613,36131,462.94291374413416,31272000.0
3613,36132,453.5589703092693,33009000.0
3613,36133,456.2522184809227,33915000.0
3613,36134,461.2092797618426,30649300.0
3613,36135,470.44337621667927,31894000.0
3614,36141,14058.715078687344,800.0
3614,36142,14033.885172182936,900.0
3614,36143,14091.8417524385,900.0
3614,36144,14232.927007333104,800.0
3614,36145,14103.170582092838,800.0
3615,36151,8700.419031868942,2375100.0
3615,36152,10198.55029487332,2375100.0
3615,36153,7350.896103752924,2376100.0
3615,36154,8718.442817946696,2376110.0
3615,36155,7912.2831604091825,2476110.0
3616,36161,2364.3278494404,1165000.0
3616,36162,2355.2880469828306,1146000.0
3616,36163,2540.8712748884436,1179000.0
3616,36164,2395.539530971387,1170000.0
3616,36165,2573.609923937489,1163000.0
3617,36171,7561.959685574095,950.0
3617,36172,7542.997572701567,1500.0
3617,36173,7575.661325319466,950.0
3617,36174,7519.2418058219355,901.0
3617,36175,7564.330135484786,950.0
3618,36181,6362.54556829857,694000.0
3618,36182,6379.134280331711,692000.0
3618,36183,6875.363510148687,693000.0
3618,36184,6546.953941760956,693000.0
3618,36185,6979.381216652453,693000.0
3619,36191,1867.7939784316688,800000.0
3619,36192,1875.4144656829874,800000.0
3619,36193,2019.3658413069556,801000.0
3619,36194,1927.5516492419022,799000.0
3619,36195,2050.792738328112,800000.0
3620,36201,13405.471557750967,28230.0
3620,36202,12509.773675252847,23840.0
3620,36203,12784.147158456459,32660.0
3620,36204,12488.806173207267,27700.0
3620,36205,12593.628112586532,27430.0
3621,36211,3561.0239905869284,199600.0
3621,36212,3345.7946593383,223700.0
3621,36213,3326.9495999086294,200600.0
3621,36214,3381.677137067626,199200.0
3621,36215,3299.8986801414626,200600.0
3622,36221,11147.63021586961,519700.0
3622,36222,11107.337767520785,515500.0
3622,36223,12200.410974815513,516600.0
3622,36224,11388.204347325207,516000.0
3622,36225,12349.754732571124,515500.0
3623,36231,9979.894357467554,670400.0
3623,36232,10013.273127374305,678500.0
3623,36233,10783.266275803853,668400.0
3623,36234,10277.686877729324,679400.0
3623,36235,10947.384274176653,670500.0
3624,36241,2537.229366101824,6171.0
3624,36242,2500.8676310253777,7171.0
3624,36243,2528.754183546043,7171.0
3624,36244,2498.8019439343907,7171.0
3624,36245,2520.9233839965646,7171.0
3625,36251,1541.1150239222954,790.0
3625,36252,1503.2095359353293,-220.0
3625,36253,1532.144724967248,780.0
3625,36254,1543.6619689843199,-210.0
3625,36255,1525.1048122336983,-220.0
3626,36261,2809.085606578387,-8000.0
3626,36262,2654.4182358913795,-14000.0
3626,36263,2660.1521395205828,-11360.0
3626,36264,2707.2370359610895,-10350.0
3626,36265,2627.8963162200534,-1100.0
3627,36271,2459.293217566148,480.0
3627,36272,2472.8364155937998,320.0
3627,36273,2435.5703354368648,10.0
3627,36274,2476.151192937278,10.0
3627,36275,2441.12812922322,250.0
3628,36281,3484.632628121433,-9900.0
3628,36282,3482.7355546960484,0.0
3628,36283,3489.397470228657,0.0
3628,36284,3479.1061364017805,0.0
3628,36285,3489.8103856070165,0.0
3629,36291,4568.868910321807,249230.0
3629,36292,4351.177793361739,249230.0
3629,36293,4382.306965301575,242630.0
3629,36294,4445.956517644027,249130.0
3629,36295,4340.643395396162,245530.0
3630,36301,2043.6763171622588,-118599.0
3630,36302,2054.9307348421244,-118399.0
3630,36303,2023.962566871666,-119599.0
3630,36304,2057.685319738771,-118899.0
3630,36305,2028.581101764421,-117399.0
3631,36311,2983.7934510003574,457000.0
3631,36312,3004.523536018496,456000.0
3631,36313,3104.344383717708,456000.0
3631,36314,3105.116477039097,456000.0
3631,36315,3186.5857561909397,457000.0
3632,36321,15016.290496580958,77591.0
3632,36322,14401.563762849744,78560.0
3632,36323,14222.13222296061,78610.0
3632,36324,14739.767144338082,75605.0
3632,36325,14132.611409765212,76391.0
3633,36331,55.94988241291215,60341500.0
3633,36332,56.27309737370407,75363500.0
3633,36333,56.715137420057204,60895000.0
3633,36334,47.22987688276284,52938000.0
3633,36335,56.47255128784892,69175700.0
3634,36341,12637.704832961528,65500.0
3634,36342,11732.585789269444,69500.0
3634,36343,12106.857421322102,71500.0
3634,36344,12041.430301168359,66500.0
3634,36345,11832.72305619015,67500.0
3635,36351,93.80361585742884,24475900.0
3635,36352,93.47789708599252,24238900.0
3635,36353,93.67198097047651,24164900.0
3635,36354,94.92764143980978,24386800.0
3635,36355,95.73187139180712,26952900.0
3636,36361,4152.458359587,4900.0
3636,36362,4148.674662031359,7000.0
3636,36363,4173.329109959122,6000.0
3636,36364,4159.737978788675,7900.0
3636,36365,4157.458073965558,5900.0
3637,36371,278.2719444333192,2168100.0
3637,36372,289.05063905225023,2183100.0
3637,36373,264.99090958787536,2168100.0
3637,36374,271.12525865291116,2182100.0
3637,36375,270.05850303371614,2154100.0
3638,36381,2402.2236376779115,259400.0
3638,36382,2381.5053642078524,427700.0
3638,36383,2417.8947561123564,410400.0
3638,36384,1937.4687878987502,552400.0
3638,36385,2420.8165597373404,305100.0
3639,36391,581.9386496739662,41498220.0
3639,36392,591.7235335580283,41048210.0
3639,36393,599.708134153594,41286190.0
3639,36394,599.0637654584903,45869190.0
3639,36395,583.7213494128472,44336200.0
3640,36401,3044.886973828227,-89830.0
3640,36402,3094.4104331120448,-89830.0
3640,36403,3033.7464215341415,-89830.0
3640,36404,3094.075244873891,-90830.0
3640,36405,3048.087612065076,-89830.0
3641,36411,9123.175804995348,469400.0
3641,36412,8988.620276755722,115400.0
3641,36413,8772.555687380076,143200.0
3641,36414,7238.241506589444,902100.0
3641,36415,8930.032518022763,194700.0
3642,36421,1869.7795207520564,-10328.0
3642,36422,1775.604479814426,-10318.0
3642,36423,1795.2286705464262,-10428.0
3642,36424,1784.6931936344674,-10318.0
3642,36425,1772.077221906579,-10318.0
3643,36431,12258.881605646931,16000.0
3643,36432,11981.28786183394,17000.0
3643,36433,11802.836978160789,17000.0
3643,36434,12081.311251321098,15900.0
3643,36435,11718.553795224769,16000.0
3644,36441,11420.399285115895,162410.0
3644,36442,10876.255969712314,193880.0
3644,36443,10954.066819606658,153080.0
3644,36444,11113.16600068131,192580.0
3644,36445,10849.924062766286,173640.0
3645,36451,1530.709398674278,2200.0
3645,36452,1578.9159644048273,2250.0
3645,36453,1613.2902953991938,4220.0
3645,36454,1621.4057110523736,7700.0
3645,36455,1526.6774545062258,1330.0
3646,36461,2271.466360897063,154400.0
3646,36462,2296.1236346672695,155400.0
3646,36463,2393.246422210282,154400.0
3646,36464,2363.763504075171,154400.0
3646,36465,2426.2394302294315,153400.0
3647,36471,10900.058980712496,518300.0
3647,36472,10979.268559087956,525000.0
3647,36473,9751.785815905232,556100.0
3647,36474,9373.911341603012,556000.0
3647,36475,10967.413393990693,525100.0
3648,36481,7667.363560144734,119600.0
3648,36482,7698.645942964262,119500.0
3648,36483,8289.57167922704,119500.0
3648,36484,7912.671015303269,120500.0
3648,36485,8418.580257159581,119500.0
3649,36491,2121.464190188926,-58180.0
3649,36492,2133.1469815824366,-58580.0
3649,36493,2101.0000810026486,-59280.0
3649,36494,2136.0064134640884,-58580.0
3649,36495,2105.794409881363,-58680.0
3650,36501,2446.750976207347,-5905.0
3650,36502,2486.5460731647536,-5910.0
3650,36503,2437.798868153636,-5905.0
3650,36504,2486.2767291280243,-5900.0
3650,36505,2449.3228827502835,-5905.0
3651,36511,5429.248607735718,1210.0
3651,36512,5459.013639370232,1500.0
3651,36513,5375.6403983021755,1170.0
3651,36514,5462.591116580951,1430.0
3651,36515,5388.34992515001,1270.0
3652,36521,8511.342559402121,377500.0
3652,36522,7950.232048823185,377600.0
3652,36523,7955.0457032328095,377400.0
3652,36524,8286.926525285253,378500.0
3652,36525,7978.530868578998,377400.0
3653,36531,3935.3078027231654,7991000.0
3653,36532,4313.7670825861305,6316010.0
3653,36533,4679.617793760888,6361000.0
3653,36534,4190.825369708536,8652000.0
3653,36535,4053.9598733354806,7082000.0
3654,36541,11969.7659465833,-154600.0
3654,36542,11939.45887133952,-149700.0
3654,36543,11988.696565791908,-152100.0
3654,36544,11893.713433061792,-153200.0
3654,36545,11971.74824079697,-155600.0
3655,36551,3841.8773330210083,11651000.0
3655,36552,3972.951978633232,11575000.0
3655,36553,4126.702004732573,11598000.0
3655,36554,3961.222066024653,11624000.0
3655,36555,3870.986436602955,11573000.0
3656,36561,1964.5244874129646,340.0
3656,36562,1988.967825126765,340.0
3656,36563,1990.3986189077743,340.0
3656,36564,1979.599914753313,340.0
3656,36565,1986.9767740538423,340.0
3657,36571,3936.5493594604936,3323000.0
3657,36572,4070.8539630436017,3902000.0
3657,36573,4228.392716703513,3831000.0
3657,36574,4058.8350004471235,3484000.0
3657,36575,3966.3757732491613,3333000.0
3658,36581,15413.662534685955,97300.0
3658,36582,14727.573253113203,95400.0
3658,36583,14827.108390670119,98400.0
3658,36584,15374.691728682144,96800.0
3658,36585,14157.764709203937,93400.0
3659,36591,3000.119010667498,977700.0
3659,36592,3026.815249773807,970700.0
3659,36593,3134.553284830924,1004700.0
3659,36594,3137.1201651678357,989200.0
3659,36595,3205.8784314710497,994700.0
3660,36601,5007.427722005723,1909900.0
3660,36602,5851.556909725854,1910900.0
3660,36603,4200.715691504211,2045900.0
3660,36604,4976.078257625308,1910900.0
3660,36605,4517.504892092749,1908900.0
3661,36611,4180.458084674054,2066000.0
3661,36612,4208.755465221642,2066000.0
3661,36613,3811.5206269140085,2066000.0
3661,36614,3938.689809265585,2064000.0
3661,36615,4112.769154847482,2065000.0
3662,36621,2634.5869230548715,0.0
3662,36622,2633.8045230617413,0.0
3662,36623,2639.846245524267,0.0
3662,36624,2630.7625620711965,0.0
3662,36625,2639.4184737232436,0.0
3663,36631,461.3225967834287,8876000.0
3663,36632,466.13626362948446,16325000.0
3663,36633,496.85416515696687,11126000.0
3663,36634,467.93105570547567,11125000.0
3663,36635,461.2959594497537,8351000.0
3664,36641,9052.03269412197,309000.0
3664,36642,9114.44468413269,290470.0
3664,36643,9102.80539423858,297800.0
3664,36644,9126.471427480865,276060.0
3664,36645,9106.68399573857,302960.0
3665,36651,12043.08282727454,12600.0
3665,36652,11715.018574819233,14600.0
3665,36653,11967.99033291582,14500.0
3665,36654,11988.879203051449,13200.0
3665,36655,11893.008396083338,14600.0
3666,36661,2.7548820810742565,360926000.0
3666,36662,2.7610664684558275,334236000.0
3666,36663,2.7869886617632846,398049000.0
3666,36664,2.8365310103063397,369681000.0
3666,36665,2.7686009556463618,390613000.0
3667,36671,9116.89325863725,663500.0
3667,36672,9148.07406578455,663300.0
3667,36673,9854.753894838313,672000.0
3667,36674,9394.946466090769,665700.0
3667,36675,10003.394062018031,672400.0
3668,36681,11351.204223573155,170280.0
3668,36682,10755.574860499964,165670.0
3668,36683,10959.72437452997,226620.0
3668,36684,10814.16335859519,167180.0
3668,36685,10859.653893263445,175670.0
3669,36691,7050.893505166602,2645800.0
3669,36692,8299.365848116748,2644800.0
3669,36693,5945.582113285622,2644800.0
3669,36694,7119.88127314459,2644800.0
3669,36695,6411.189979192355,2644800.0
3670,36701,5602.189488347199,16300.0
3670,36702,5584.682212679108,16650.0
3670,36703,5609.279922364597,17300.0
3670,36704,5564.695938300386,16300.0
3670,36705,5602.994364750318,16300.0
3671,36711,5236.519591843242,247500.0
3671,36712,5320.916420509477,259500.0
3671,36713,5266.340318440881,265100.0
3671,36714,5282.327276161327,238100.0
3671,36715,5255.25020238374,258800.0
3672,36721,435.5579289054558,87195000.0
3672,36722,429.1045648637447,87196000.0
3672,36723,443.7758366906604,87196000.0
3672,36724,441.21076289780075,87197000.0
3672,36725,425.75431991417247,96396000.0
3673,36731,9396.609772545105,602100.0
3673,36732,9431.329913641155,592100.0
3673,36733,10162.885454797675,638900.0
3673,36734,9692.017800892294,578500.0
3673,36735,10316.917163912682,579300.0
3674,36741,3318.1763892090034,418410.0
3674,36742,3365.698294098929,417840.0
3674,36743,3475.024044675375,422590.0
3674,36744,3474.1065079309387,424170.0
3674,36745,3548.0857445766515,416890.0
3675,36751,2025.1812154471463,167500.0
3675,36752,2023.5156439775546,170900.0
3675,36753,2019.0332398349751,167270.0
3675,36754,2053.737952768305,168600.0
3675,36755,2021.4274445344097,163600.0
3676,36761,17170.80693191328,167270.0
3676,36762,16375.955646244493,167270.0
3676,36763,16930.543914622842,168270.0
3676,36764,16495.24722456902,171270.0
3676,36765,16709.87036226724,172270.0
3677,36771,17291.82304425691,100180.0
3677,36772,16444.964165910766,87690.0
3677,36773,16432.430944269916,93590.0
3677,36774,16915.546063552276,85590.0
3677,36775,16265.097987773635,93190.0
3678,36781,9773.989921712491,388700.0
3678,36782,9814.107841898838,388700.0
3678,36783,10567.597108243588,388700.0
3678,36784,10081.216791236551,389700.0
3678,36785,10728.331270165738,389700.0
3679,36791,136.3655953437255,33081700.0
3679,36792,138.54016803107749,33080700.0
3679,36793,140.57356651553567,33080700.0
3679,36794,140.98212379657562,33080700.0
3679,36795,138.37903390236895,33079700.0
3680,36801,3177.001324150572,1340500.0
3680,36802,3711.6910380369,1342500.0
3680,36803,2667.043366029052,1340500.0
3680,36804,3157.5988322333733,1340500.0
3680,36805,2867.5806093746132,1340500.0
3681,36811,8546.242992027039,46400.0
3681,36812,8360.88761496199,34320.0
3681,36813,8422.431364954562,33700.0
3681,36814,8419.911340308852,41500.0
3681,36815,8324.467419307552,39700.0
3682,36821,6398.235185386278,37400.0
3682,36822,6443.7659544341595,37400.0
3682,36823,6356.84641572426,36400.0
3682,36824,6490.049997819884,37400.0
3682,36825,6356.630069027895,36400.0
3683,36831,2419.6502649291133,154700.0
3683,36832,2394.7486210258667,107650.0
3683,36833,2428.45746210157,-52860.0
3683,36834,2428.2611047568184,87900.0
3683,36835,2432.7085618814635,257500.0
3684,36841,3212.2462434753807,13320.0
3684,36842,3213.2900701611625,15700.0
3684,36843,3219.063091768534,13310.0
3684,36844,3215.2267893252742,14450.0
3684,36845,3220.1415293076466,14050.0
3685,36851,9495.434464592707,540.0
3685,36852,9486.782276163063,190.0
3685,36853,9543.159649344492,310.0
3685,36854,9512.080783729687,430.0
3685,36855,9506.867321014659,180.0
3686,36861,9299.169446141352,489000.0
3686,36862,9330.83359636248,489000.0
3686,36863,10049.489958590939,489000.0
3686,36864,9582.709146383328,489000.0
3686,36865,10205.49997153171,488000.0
3687,36871,2569.5294302592965,156200.0
3687,36872,2466.361228398364,156400.0
3687,36873,2497.244252932197,160900.0
3687,36874,2487.1098265847113,157600.0
3687,36875,2471.2210342783596,156100.0
3688,36881,14704.366142032648,375950.0
3688,36882,13743.259959314208,375950.0
3688,36883,13768.025120087914,375950.0
3688,36884,14333.093407046788,375950.0
3688,36885,13816.877070725377,375950.0
3689,36891,3321.561025547596,-3050.0
3689,36892,3223.636239959268,32950.0
3689,36893,3238.69343433046,-18850.0
3689,36894,3245.144280469503,33850.0
3689,36895,3205.1699123245985,-20050.0
3690,36901,10369.8570521231,41400.0
3690,36902,10521.71142133787,42100.0
3690,36903,10412.560914325704,34200.0
3690,36904,10410.408658283932,69200.0
3690,36905,10420.219423913488,37200.0
3691,36911,1922.4040231943386,2500000.0
3691,36912,2247.4467935959337,2717000.0
3691,36913,1613.03165480301,2631000.0
3691,36914,1911.6228067297056,2781000.0
3691,36915,1734.7887824064096,2749000.0
3692,36921,3841.8773330210083,14518400.0
3692,36922,3972.951978633232,14519300.0
3692,36923,4126.702004732573,14518400.0
3692,36924,3961.222066024653,14517300.0
3692,36925,3870.986436602955,14517400.0
3693,36931,7.717830314416209,880776000.0
3693,36932,7.599809390939174,998531000.0
3693,36933,7.670936988477161,828773000.0
3693,36934,7.807779908200627,598419000.0
3693,36935,7.758365429364757,888097000.0
3694,36941,22400.924902651524,-17950.0
3694,36942,22084.186032923753,-12750.0
3694,36943,22278.10001014568,-9750.0
3694,36944,22258.472391854022,-9750.0
3694,36945,22037.999110846133,-17350.0
3695,36951,7204.415205993422,6500.0
3695,36952,7071.820435516737,6700.0
3695,36953,7179.742562711389,6600.0
3695,36954,7184.747292859681,6400.0
3695,36955,7168.731556436117,6500.0
3696,36961,8892.029835334057,666400.0
3696,36962,8928.30878300226,657400.0
3696,36963,9613.619872804837,704400.0
3696,36964,9176.518915966404,878300.0
3696,36965,9763.234289154301,746400.0
3697,36971,1784.9611727124143,247270.0
3697,36972,1779.9612807909677,239980.0
3697,36973,1919.4913317055627,241070.0
3697,36974,1812.4855539794353,239880.0
3697,36975,1944.0038208449878,236930.0
3698,36981,3937.3607994358053,52600.0
3698,36982,3983.8565240681273,82600.0
3698,36983,3943.048973760907,47000.0
3698,36984,3983.798358399893,65600.0
3698,36985,3965.401111778069,68600.0
3699,36991,2389.118987649204,1381000.0
3699,36992,2372.7958048265505,1386000.0
3699,36993,2473.089823954758,1383500.0
3699,36994,2442.77410984751,1384000.0
3699,36995,2552.60010186155,1384000.0
3700,37001,6855.7905524851885,3612000.0
3700,37002,7400.912014528277,3763000.0
3700,37003,7603.013855151292,3897000.0
3700,37004,7317.427626503119,3913000.0
3700,37005,7012.398165446719,3612000.0
3701,37011,10253.443499094328,85151.0
3701,37012,10321.89225909777,85151.0
3701,37013,10312.347168616492,85151.0
3701,37014,10338.382100493964,85151.0
3701,37015,10315.367913573155,85151.0
3702,37021,1646.3723986892605,4146000.0
3702,37022,1804.2071800489473,4092000.0
3702,37023,1957.6438267982362,4353000.0
3702,37024,1752.3696222080212,4195000.0
3702,37025,1696.2750334063942,4081000.0
3703,37031,12489.281749926886,1693000.0
3703,37032,15222.86299863659,1702000.0
3703,37033,10296.941343485509,1695000.0
3703,37034,13056.377149239639,1719900.0
3703,37035,11356.17180202316,1690000.0
3704,37041,6623.149487642348,30220.0
3704,37042,6489.902638694205,27230.0
3704,37043,6586.237735756925,37200.0
3704,37044,6645.74760367049,30210.0
3704,37045,6527.4524042440635,27230.0
3705,37051,7739.503153955069,474200.0
3705,37052,7576.409667020732,475200.0
3705,37053,7744.23566503107,475200.0
3705,37054,7607.60366337817,475200.0
3705,37055,7634.810893371275,474200.0
3706,37061,6420.599323757307,753300.0
3706,37062,6396.05071914661,973300.0
3706,37063,6900.022935974959,1080810.0
3706,37064,6505.358170284712,1436500.0
3706,37065,6988.928435267191,876470.0
3707,37071,4118.404391581158,1354000.0
3707,37072,4850.8451100015245,1354000.0
3707,37073,3473.475286773285,1354000.0
3707,37074,4163.9450209613915,1355000.0
3707,37075,3746.277582983161,1354000.0
3708,37081,3016.170073677212,348300.0
3708,37082,3043.0091414561493,349300.0
3708,37083,3151.3235903098825,349400.0
3708,37084,3153.9042038213393,348500.0
3708,37085,3223.030336619497,349400.0
3709,37091,9230.873157890439,109890.0
3709,37092,8746.503482977398,111590.0
3709,37093,8912.51919656507,119590.0
3709,37094,8794.148030972152,109590.0
3709,37095,8831.141229855426,121290.0
3710,37101,5614.748902792106,2225000.0
3710,37102,6604.07220732517,2226000.0
3710,37103,4735.010416716004,2226000.0
3710,37104,5664.97342748825,2225000.0
3710,37105,5105.360638092852,2225000.0
3711,37111,10853.838691675952,97000.0
3711,37112,10884.697521577775,98000.0
3711,37113,10925.079203155157,98000.0
3711,37114,10775.994058439888,97000.0
3711,37115,10979.099322281587,98000.0
3712,37121,1226.4855324734422,56080.0
3712,37122,1221.9442216900532,56080.0
3712,37123,1229.3681316307839,56180.0
3712,37124,1238.2839556889226,54080.0
3712,37125,1230.730145172772,55080.0
3713,37131,8635.867551072455,710700.0
3713,37132,8665.572233167095,736500.0
3713,37133,9335.236709049941,758000.0
3713,37134,8896.099634005872,760500.0
3713,37135,9475.230573255689,790500.0
3714,37141,2019.0907879227111,256220.0
3714,37142,1885.9821678654632,257860.0
3714,37143,1887.1240799911807,259560.0
3714,37144,1965.8540225140653,259360.0
3714,37145,1892.695313985394,257860.0
3715,37151,12146.808797973239,2311.0
3715,37152,11851.141533671522,8701.0
3715,37153,11965.841878224666,3291.0
3715,37154,11893.734450292844,7301.0
3715,37155,11806.816988846684,1821.0
3716,37161,62.419704767879104,101998700.0
3716,37162,61.467220206665104,103985700.0
3716,37163,63.410368022463786,103727000.0
3716,37164,63.35387709050794,104074000.0
3716,37165,61.774245736823865,102448000.0
3717,37171,5363.563709024265,783800.0
3717,37172,5382.012689850879,691800.0
3717,37173,5797.927831998,711800.0
3717,37174,5525.188623682911,711800.0
3717,37175,5884.875206433677,1098800.0
3718,37181,877.4387544433515,6552501.0
3718,37182,882.5515484139157,6482501.0
3718,37183,916.3055106713921,6502501.0
3718,37184,883.0710673125507,6462501.0
3718,37185,893.0180403530336,6413501.0
3719,37191,20181.031650207813,259600.0
3719,37192,17776.36402866263,266900.0
3719,37193,18599.52999403471,269900.0
3719,37194,19527.510681579755,266000.0
3719,37195,17635.45013734716,262900.0
3720,37201,10212.076895639004,860200.0
3720,37202,10253.992969741554,948100.0
3720,37203,11041.254915946116,910200.0
3720,37204,10533.074199822478,884200.0
3720,37205,11209.193458389133,873870.0
3721,37211,9924.012614238356,990300.0
3721,37212,9956.604550499003,993300.0
3721,37213,10725.90339117597,975200.0
3721,37214,10222.205414814407,999400.0
3721,37215,10890.75539943312,993400.0
3722,37221,5027.080353087438,-90530.0
3722,37222,5108.843128297969,-90260.0
3722,37223,5008.687403844487,-90530.0
3722,37224,5108.289735603565,-90529.0
3722,37225,5032.364577341439,-89300.0
3723,37231,14315.819084970895,129700.0
3723,37232,13622.915687041837,139100.0
3723,37233,13628.81094673757,124100.0
3723,37234,14020.375515786112,130500.0
3723,37235,13498.043666641926,120300.0
3724,37241,3559.3181622962643,771100.0
3724,37242,3545.467835897126,772100.0
3724,37243,3895.3087055918454,771100.0
3724,37244,3634.0496209670537,772100.0
3724,37245,3941.283820212599,772100.0
3725,37251,8535.582298259285,18250.0
3725,37252,8508.375088586527,17150.0
3725,37253,8548.97210185242,17260.0
3725,37254,8479.675246468567,15250.0
3725,37255,8535.117219087204,17150.0
3726,37261,8826.69801054547,5441.0
3726,37262,8802.04538864992,-2859.0
3726,37263,8843.648071011536,5991.0
3726,37264,8766.015340532624,-5159.0
3726,37265,8826.778465676296,3471.0
3727,37271,3591.560702691382,7979040.0
3727,37272,3933.2217205835673,7992040.0
3727,37273,4269.794756228392,7992040.0
3727,37274,3818.8441436948706,7992040.0
3727,37275,3698.8500242950076,7974040.0
3728,37281,4465.573584365027,31445.0
3728,37282,4329.0529526206055,31150.0
3728,37283,4415.475296515144,27150.0
3728,37284,4370.899548709506,34340.0
3728,37285,4357.685821286465,26945.0
3729,37291,4176.9177386681895,279100.0
3729,37292,3924.4693123519196,290100.0
3729,37293,3973.009067578821,294900.0
3729,37294,3995.9850265365662,245100.0
3729,37295,3938.02671484939,289500.0
3730,37301,3733.4892020304587,9669000.0
3730,37302,3957.2242331224306,9476000.0
3730,37303,4121.785032478112,9792000.0
3730,37304,3962.803598242842,9645000.0
3730,37305,3783.696189505813,9482000.0
3731,37311,535.8371998748601,110722000.0
3731,37312,538.7150488835539,110720000.0
3731,37313,544.9390726885524,110690700.0
3731,37314,556.5929152576329,110731000.0
3731,37315,540.4252033955065,110706800.0
3732,37321,1170.965716181471,3675000.0
3732,37322,1246.0878966258686,3674000.0
3732,37323,1303.517626083814,3675000.0
3732,37324,1243.2414094784087,3674000.0
3732,37325,1195.625671425859,3674000.0
3733,37331,7234.442813936524,221800.0
3733,37332,7206.008391421476,249050.0
3733,37333,6165.83273008773,895400.0
3733,37334,7262.904616528326,406000.0
3733,37335,7244.935855637945,467500.0
3734,37341,10025.622725745703,230580.0
3734,37342,9394.111299219547,121080.0
3734,37343,9553.129977105275,161530.0
3734,37344,9797.617555124614,168730.0
3734,37345,9418.559434460662,124820.0
3735,37351,8148.6148558760515,170.0
3735,37352,8156.884094715,120.0
3735,37353,8114.058100502804,140.0
3735,37354,8042.484196676557,120.0
3735,37355,8125.782830165968,210.0
3736,37361,7512.417281088439,41000.0
3736,37362,7643.151694426973,21300.0
3736,37363,7546.50159115987,20700.0
3736,37364,7588.412845591425,26600.0
3736,37365,7564.746558955039,20400.0
3737,37371,44.98350216024359,1529792000.0
3737,37372,45.47275545008585,1420114000.0
3737,37373,45.935602289336956,1499857000.0
3737,37374,46.890809189935275,1413167000.0
3737,37375,45.26336446919539,1439811000.0
3738,37381,5993.063935773738,563600.0
3738,37382,6011.79978397619,563700.0
3738,37383,6476.374210448653,563600.0
3738,37384,6172.262689912061,563600.0
3738,37385,6574.067465721055,563600.0
3739,37391,1103.3475005519936,8594750.0
3739,37392,456.0095375460652,19905500.0
3739,37393,1255.4518994211426,10093500.0
3739,37394,1198.006900597385,6764200.0
3739,37395,1126.9312549341398,7905500.0
3740,37401,15107.800341737431,39400.0
3740,37402,15144.39389752176,39390.0
3740,37403,15225.49868104297,38500.0
3740,37404,14970.456791258903,39390.0
3740,37405,15014.618662246616,39390.0
3741,37411,2509.109538554565,710000.0
3741,37412,2554.920792322101,668000.0
3741,37413,2661.080041215518,668000.0
3741,37414,2626.9502950266105,685000.0
3741,37415,2683.3959012197747,658000.0
3742,37421,2396.036341737775,53400.0
3742,37422,2380.9141942674837,53400.0
3742,37423,2413.0908930025953,54400.0
3742,37424,2444.5733548168946,53400.0
3742,37425,2409.07383727509,53400.0
3743,37431,19598.331862707546,303000.0
3743,37432,18091.769543865586,304000.0
3743,37433,18217.255247492863,303000.0
3743,37434,18455.16540160735,304000.0
3743,37435,18003.871496909982,304000.0
3744,37441,3337.8174762309645,34090.0
3744,37442,3423.215003790426,34690.0
3744,37443,3370.6992613880075,34290.0
3744,37444,3435.130993415102,33990.0
3744,37445,3387.4053555477803,34590.0
3745,37451,3417.4210531306935,4800.0
3745,37452,3408.528622875544,4700.0
3745,37453,3422.0764509334185,4700.0
3745,37454,3397.1440041827873,4700.0
3745,37455,3417.71002581633,4800.0
3746,37461,4255.0691577617445,-1450.0
3746,37462,4210.314899222743,-1450.0
3746,37463,4191.996696979508,-1450.0
3746,37464,4296.813855331634,-1450.0
3746,37465,4201.403111828486,-1450.0
3747,37471,11492.73440531253,377000.0
3747,37472,10666.386932371028,364000.0
3747,37473,10704.057837740063,355000.0
3747,37474,11023.889647079483,363000.0
3747,37475,10714.590565597535,368000.0
3748,37481,842.9636396914782,1783940.0
3748,37482,904.3032476242182,1785840.0
3748,37483,818.8563354839398,1782940.0
3748,37484,849.2339617051726,1782840.0
3748,37485,830.2414975985839,1783930.0
3749,37491,6290.684141467651,1717300.0
3749,37492,7407.987654105865,1714300.0
3749,37493,5306.549156765595,1592300.0
3749,37494,6358.375261265175,1737300.0
3749,37495,5722.067527489036,1576300.0
3750,37501,1513.7623344831568,980980.0
3750,37502,1518.6004165995037,977980.0
3750,37503,1635.433634800623,982980.0
3750,37504,1558.602882725032,981980.0
3750,37505,1660.7493662140132,982980.0
3751,37511,47.83817597567266,33085800.0
3751,37512,46.88741902112745,35514600.0
3751,37513,46.99340170774367,33044400.0
3751,37514,47.54809655356013,34513800.0
3751,37515,48.65080445191185,37400500.0
3752,37521,9727.454409666529,2545300.0
3752,37522,10059.911709671493,2544700.0
3752,37523,9169.77035542643,2549100.0
3752,37524,9529.972019655332,2557600.0
3752,37525,9533.077798569399,2555200.0
3753,37531,11328.779817993258,2170000.0
3753,37532,13324.919998062784,2168000.0
3753,37533,9553.746993067685,2184000.0
3753,37534,11430.116955521004,2173000.0
3753,37535,10300.996101827823,2184000.0
3754,37541,50.7424840966581,406132480.0
3754,37542,51.57010491626481,410552540.0
3754,37543,51.9384573705516,405708500.0
3754,37544,52.96112186961435,522716580.0
3754,37545,51.09181884894849,438766510.0
3755,37551,507.64464007512163,2972000.0
3755,37552,543.729713943482,2696700.0
3755,37553,570.4668966457516,2678200.0
3755,37554,543.2546518133188,3474000.0
3755,37555,511.01738509336263,1523000.0
3756,37561,12489.281749926886,2455000.0
3756,37562,15222.86299863659,2680800.0
3756,37563,8189.527172191216,3339200.0
3756,37564,13056.377149239639,2504000.0
3756,37565,11356.17180202316,2878000.0
3757,37571,16355.773217396305,-69800.0
3757,37572,16736.461509025423,-69800.0
3757,37573,16242.21372373385,-69800.0
3757,37574,16642.750427625968,-69800.0
3757,37575,16260.582195132778,-69800.0
3758,37581,2617.2773330218665,3100.0
3758,37582,2521.258464497845,3100.0
3758,37583,2581.69272496391,3100.0
3758,37584,2573.046925667388,3100.0
3758,37585,2540.0920937917417,3100.0
3759,37591,2385.334907931857,61.0
3759,37592,2404.78245554787,71.0
3759,37593,2402.222427142534,311.0
3759,37594,2430.807348314628,111.0
3759,37595,2409.276123959721,211.0
3760,37601,1803.714561329652,18949000.0
3760,37602,1863.7782667068982,18941000.0
3760,37603,1993.4574749028702,18960000.0
3760,37604,1871.9783254921654,18951000.0
3760,37605,1784.3966451083081,18966000.0
3761,37611,11805.426244855293,208600.0
3761,37612,11256.567697367955,203600.0
3761,37613,11437.699560075569,209610.0
3761,37614,11319.084938549202,226600.0
3761,37615,11206.415080201632,205900.0
3762,37621,630.7652246972006,1945430.0
3762,37622,679.2898032529796,1945030.0
3762,37623,620.5068556259571,1944330.0
3762,37624,635.4404064864151,1943320.0
3762,37625,621.3464610161078,1943720.0
3763,37631,4070.5400170481093,15250.0
3763,37632,4045.937618917256,15550.0
3763,37633,4119.130560082744,15370.0
3763,37634,4037.051424583589,15700.0
3763,37635,4107.575682772285,20100.0
3764,37641,12521.613725668973,19100.0
3764,37642,12216.823279347864,7740.0
3764,37643,12335.06284601786,12080.0
3764,37644,12260.73045350795,20500.0
3764,37645,12171.131045437398,16700.0
3765,37651,13270.593404548024,798800.0
3765,37652,13487.473299585798,748770.0
3765,37653,14562.064913827746,988700.0
3765,37654,13731.080098863324,769900.0
3765,37655,14742.75412329174,824350.0
3766,37661,20632.719549839803,72800.0
3766,37662,21112.9557730186,56400.0
3766,37663,20489.464862102563,96400.0
3766,37664,20994.739750117842,64800.0
3766,37665,20512.636589534573,102700.0
3767,37671,22057.24563519324,172620.0
3767,37672,20305.284968236134,172620.0
3767,37673,20159.289452674133,172620.0
3767,37674,20762.61637016815,172620.0
3767,37675,20031.747797586853,172620.0
3768,37681,1512.7660913697548,-5250.0
3768,37682,1511.387667104776,-5600.0
3768,37683,1520.3694339515055,-6560.0
3768,37684,1515.4181013678694,-6000.0
3768,37685,1514.5875180340236,-6360.0
3769,37691,3291.1661948408496,55500.0
3769,37692,3237.5959376584337,95900.0
3769,37693,3265.116204683075,25800.0
3769,37694,3242.9173368904703,101500.0
3769,37695,3232.3200178808247,36800.0
3770,37701,2027.6200440807247,202.0
3770,37702,2027.4542865191875,202.0
3770,37703,2032.3614041809622,202.0
3770,37704,2026.1275092347992,102.0
3770,37705,2031.8943339962304,-798.0
3771,37711,7745.105151791567,574000.0
3771,37712,7772.682437044867,551000.0
3771,37713,8371.436089008854,573000.0
3771,37714,7981.928493561619,575000.0
3771,37715,8498.270693585184,603000.0
3772,37721,11665.542348582634,8800.0
3772,37722,11778.665436834677,9800.0
3772,37723,11814.255807226311,10800.0
3772,37724,11682.8466255636,10800.0
3772,37725,11774.153508565269,9800.0
3773,37731,1758.638303713046,11453500.0
3773,37732,1873.8557249859853,11452500.0
3773,37733,1954.758755549766,11452500.0
3773,37734,1879.0762326140243,11452500.0
3773,37735,1771.159822151615,11452500.0
3774,37741,6233.301059204184,2630.0
3774,37742,6232.040485665263,2110.0
3774,37743,6248.549005797856,2050.0
3774,37744,6226.033474758625,2400.0
3774,37745,6246.161637640672,4000.0
3775,37751,447.55555953917656,44969700.0
3775,37752,446.29256280376893,42554200.0
3775,37753,448.95571361178764,46041200.0
3775,37754,453.8054814798261,49935300.0
3775,37755,454.6835249155048,40938900.0
3776,37761,3423.9427400795385,3019210.0
3776,37762,9470.422923411756,2440210.0
3776,37763,4072.769981271123,3160210.0
3776,37764,8130.926299216709,2700210.0
3776,37765,3528.4525252420294,3150210.0
3777,37771,1700.5244536091402,9888000.0
3777,37772,1811.934538299521,9888000.0
3777,37773,1890.1641444410038,9888000.0
3777,37774,1816.9825352998091,9888000.0
3777,37775,1712.632200981722,9888000.0
3778,37781,1786.1606037336987,5474600.0
3778,37782,1866.2644279472192,5438600.0
3778,37783,1942.3259425173612,5457600.0
3778,37784,1866.1762611994277,5442600.0
3778,37785,1798.3228929179331,5463600.0
3779,37791,12176.92016753821,340950.0
3779,37792,11081.080948746105,357650.0
3779,37793,11273.765789356688,335150.0
3779,37794,11795.362804641889,333650.0
3779,37795,11285.804017738274,358150.0
3780,37801,5625.295940557471,1000880.0
3780,37802,5643.770250684696,1028010.0
3780,37803,6079.837173788645,1008740.0
3780,37804,5794.322605051757,1018280.0
3780,37805,6173.281365053701,1002880.0
3781,37811,5650.663598367706,1308000.0
3781,37812,5668.723483911157,1301000.0
3781,37813,6104.845587183482,1287900.0
3781,37814,5818.047108915761,1290000.0
3781,37815,6199.345680563422,1292000.0
3782,37821,12237.404913643863,289960.0
3782,37822,11437.5441505667,292460.0
3782,37823,11458.154443945687,287550.0
3782,37824,11928.420850846993,290750.0
3782,37825,11498.810470529728,289060.0
3783,37831,18384.3323505793,196400.0
3783,37832,17002.53373534284,197400.0
3783,37833,17349.68243910578,196300.0
3783,37834,17613.253896146187,197400.0
3783,37835,16897.30111048891,197300.0
3784,37841,1734.873817500788,0.0
3784,37842,1743.2385902761969,0.0
3784,37843,1717.7217270856788,0.0
3784,37844,1745.1835559457336,0.0
3784,37845,1721.4260653536553,0.0
3785,37851,9852.210616558204,-7500.0
3785,37852,9932.646115537653,-10000.0
3785,37853,9929.734071009121,-10900.0
3785,37854,9887.038579885415,-11400.0
3785,37855,9939.071413862941,-10500.0
3786,37861,2167.5784568837626,11000.0
3786,37862,2185.2750187562365,17800.0
3786,37863,2121.4802394244225,17900.0
3786,37864,2175.240934468065,14900.0
3786,37865,2131.508945879662,15300.0
3787,37871,46.491520151366004,558059000.0
3787,37872,46.99717507131412,441861000.0
3787,37873,47.47553829606669,595595000.0
3787,37874,48.46276736306318,729143000.0
3787,37875,46.78076450877266,400933000.0
3788,37881,658.9692982781718,9298400.0
3788,37882,697.7593569122441,9099400.0
3788,37883,720.2632296756021,9169400.0
3788,37884,695.3046236151995,9178400.0
3788,37885,671.6082207697868,9347500.0
3789,37891,4618.8497485999915,18720.0
3789,37892,4505.243852257768,9651.0
3789,37893,4591.9650174603685,15550.0
3789,37894,4626.483154528051,22125.0
3789,37895,4570.8658141856085,9740.0
3790,37901,12653.867285393413,-43980.0
3790,37902,12684.517015196647,-45580.0
3790,37903,12752.448093426001,-45670.0
3790,37904,12538.8322027905,-48180.0
3790,37905,12575.82093986094,-47980.0
3791,37911,2518.612692679554,135700.0
3791,37912,2343.4529675901417,133700.0
3791,37913,2387.2365322467035,134700.0
3791,37914,2422.079405122918,134700.0
3791,37915,2347.5947897376222,133700.0
3792,37921,4447.709361826941,10660.0
3792,37922,4549.0999830266765,10670.0
3792,37923,4414.945594407653,10670.0
3792,37924,4521.250419072954,10670.0
3792,37925,4434.908262851002,10670.0
3793,37931,7660.953782798521,-850.0
3793,37932,8015.932675264888,12350.0
3793,37933,7815.538180519366,5450.0
3793,37934,7670.472280810372,15660.0
3793,37935,7962.281062266966,24650.0
3794,37941,53.59361865490756,65673000.0
3794,37942,53.90322179624044,73584200.0
3794,37943,54.326645843848056,184535500.0
3794,37944,55.53999325756005,71372300.0
3794,37945,54.09427594243182,69269000.0
3795,37951,1954.312282453357,324770.0
3795,37952,1712.4026368510645,325870.0
3795,37953,1795.552331380055,325770.0
3795,37954,1892.7836736421068,325870.0
3795,37955,1707.4771029397284,325770.0
3796,37961,776.7359069027872,44992070.0
3796,37962,779.2766650176802,48901070.0
3796,37963,775.2745070402427,45003100.0
3796,37964,784.6066553231403,42393110.0
3796,37965,671.7729155681716,54803340.0
3797,37971,5183.88826853312,196500.0
3797,37972,5063.450466710663,194500.0
3797,37973,4982.077256376562,194500.0
3797,37974,5102.942210690117,195500.0
3797,37975,4943.563007437751,195500.0
3798,37981,12489.281749926886,2196000.0
3798,37982,15222.86299863659,2196000.0
3798,37983,10296.941343485509,2196000.0
3798,37984,13056.377149239639,2197000.0
3798,37985,11356.17180202316,2197000.0
3799,37991,8337.415525541795,2234950.0
3799,37992,9818.243912967218,2383000.0
3799,37993,7033.0832595810625,2206000.0
3799,37994,8427.13056772948,2379600.0
3799,37995,7583.794316965228,2191770.0
3800,38001,5027.080353087438,11180.0
3800,38002,5108.843128297969,5980.0
3800,38003,5008.687403844487,5680.0
3800,38004,5108.289735603565,11180.0
3800,38005,5032.364577341439,4780.0
3801,38011,8583.487345893574,137041.0
3801,38012,8418.67846889726,136031.0
3801,38013,8590.433737401687,178041.0
3801,38014,8598.737771092925,127042.0
3801,38015,8564.691524969527,90031.0
3802,38021,2881.4451942621145,18628000.0
3802,38022,3059.5825190568253,18628000.0
3802,38023,3161.8142292561165,18628000.0
3802,38024,3041.868574281688,18628000.0
3802,38025,2904.5295083209344,18628000.0
3803,38031,19.004641008799048,6900.0
3803,38032,19.637013272267602,6600.0
3803,38033,19.440237203920923,6600.0
3803,38034,19.012353369651574,8100.0
3803,38035,19.678819938845617,11500.0
3804,38041,10280.697612793729,13370.0
3804,38042,10625.004547809222,12370.0
3804,38043,10302.501255166917,13470.0
3804,38044,10605.181602355398,13370.0
3804,38045,10375.4370743379,13370.0
3805,38051,678.8693074694265,58438600.0
3805,38052,671.8323703623448,59716300.0
3805,38053,942.9259937646475,49148500.0
3805,38054,691.5135947966958,60441800.0
3805,38055,671.7729155681716,59978800.0
3806,38061,814.9697921901029,13778000.0
3806,38062,855.1397462337063,13982000.0
3806,38063,890.3378146750194,15868100.0
3806,38064,859.3587306727429,14125000.0
3806,38065,834.0469117943425,14094100.0
3807,38071,10362.89044123014,307300.0
3807,38072,9992.184443171402,306300.0
3807,38073,9894.321114789816,307300.0
3807,38074,10040.504746222261,307300.0
3807,38075,9830.63110179979,307300.0
3808,38081,4.799491650424538,688616800.0
3808,38082,4.810265946647509,787766700.0
3808,38083,4.855426990452081,591769700.0
3808,38084,4.941738520738013,920353300.0
3808,38085,4.823392355436335,1114305600.0
3809,38091,9306.38570056467,3200.0
3809,38092,9442.666781694836,3200.0
3809,38093,9344.710106635419,3300.0
3809,38094,9342.778573273828,3200.0
3809,38095,9351.58320466919,3300.0
3810,38101,117.99752066928534,6517300.0
3810,38102,126.27733310788946,6540300.0
3810,38103,132.64156528087221,6499300.0
3810,38104,126.81771290639912,6477300.0
3810,38105,120.16717678505597,6478300.0
3811,38111,2190.609705922571,39600.0
3811,38112,2184.909546731382,38920.0
3811,38113,2193.59387423342,39980.0
3811,38114,2177.611863531433,42500.0
3811,38115,2190.7949410340957,45600.0
3812,38121,2010.8224317735726,-1390.0
3812,38122,2014.4522328982125,-2450.0
3812,38123,2021.772334561539,2710.0
3812,38124,2026.7988530415853,3360.0
3812,38125,2017.4691313880332,3120.0
3813,38131,6599.165782926578,1458200.0
3813,38132,6620.257142666404,1465000.0
3813,38133,7129.585296960364,1454500.0
3813,38134,6794.645750227045,1460000.0
3813,38135,7239.947871525308,1458000.0
3814,38141,48.34355802836918,38893000.0
3814,38142,47.3827568885785,38892000.0
3814,38143,47.489859219633914,38901000.0
3814,38144,48.05041408862397,38903000.0
3814,38145,49.164771444126345,38903000.0
3815,38151,135.50368010185042,35789000.0
3815,38152,137.39831634839643,44937000.0
3815,38153,139.09576414975956,46378000.0
3815,38154,139.42055073830264,38409000.0
3815,38155,137.42471944638277,50847000.0
3816,38161,6168.429787102984,0.0
3816,38162,6198.602491819956,0.0
3816,38163,6105.9289795633185,0.0
3816,38164,6203.404989637331,0.0
3816,38165,6121.47756683835,0.0
3817,38171,735.1271691584996,9819000.0
3817,38172,782.5845061367011,9818000.0
3817,38173,805.3964447342391,9818000.0
3817,38174,776.646516770597,9818000.0
3817,38175,749.7204677268317,9818000.0
3818,38181,3006.595346925257,310100.0
3818,38182,3027.48384949101,311100.0
3818,38183,3128.0675196233947,311200.0
3818,38184,3128.8455132163167,310100.0
3818,38185,3210.9373736744064,311100.0
3819,38191,2168.1628819049683,-629.0
3819,38192,2145.3584294803977,-919.0
3819,38193,2136.024422277585,-749.0
3819,38194,2189.433817918379,-889.0
3819,38195,2140.817444146608,-629.0
3820,38201,7611.589133273216,4716300.0
3820,38202,7981.237599557108,3906500.0
3820,38203,3800.7480907975864,1799050.0
3820,38204,3929.5541114588523,2106230.0
3820,38205,7842.057050537207,3302060.0
3821,38211,8967.22385341087,870700.0
3821,38212,9005.115400070961,870600.0
3821,38213,9694.282199308818,871600.0
3821,38214,9253.071707228542,870600.0
3821,38215,9843.23214547519,870700.0
3822,38221,7378.264902343736,54010.0
3822,38222,7152.698048138844,55010.0
3822,38223,7295.48977123751,55005.0
3822,38224,7221.839282825093,55010.0
3822,38225,7200.006839706051,54010.0
3823,38231,1904.6796138868006,181000.0
3823,38232,1911.3453049787302,181000.0
3823,38233,2055.6329076396446,181000.0
3823,38234,1962.2972534137534,181000.0
3823,38235,2085.659922487284,181000.0
3824,38241,1961.9677727815288,93920.0
3824,38242,1948.9650080507843,67620.0
3824,38243,1985.7973511474906,102700.0
3824,38244,1944.619883186071,95510.0
3824,38245,1979.5434056123536,90150.0
3825,38251,1975.310967440125,74580.0
3825,38252,1951.4180018680515,74580.0
3825,38253,1961.2206995600416,74580.0
3825,38254,1970.655479251849,75580.0
3825,38255,1957.812196231641,75580.0
3826,38261,4761.926212755557,3250910.0
3826,38262,5221.953489896169,3314910.0
3826,38263,5664.6677173251865,3208900.0
3826,38264,5075.901766538677,3309900.0
3826,38265,4908.553519025102,3249910.0
3827,38271,3000.119010667498,607500.0
3827,38272,3026.815249773807,607400.0
3827,38273,3134.553284830924,607500.0
3827,38274,3137.1201651678357,607500.0
3827,38275,3205.8784314710497,607500.0
3828,38281,10632.87702863175,85500.0
3828,38282,10521.041824570557,66940.0
3828,38283,10475.2669653106,64110.0
3828,38284,10922.664524009986,99330.0
3828,38285,10498.772400512991,64450.0
3829,38291,5849.519027507938,-3710.0
3829,38292,5735.891552374079,-8860.0
3829,38293,5746.559197932771,-8610.0
3829,38294,5896.4174474230995,-4830.0
3829,38295,5732.160686139166,-4980.0
3830,38301,2814.825141913765,26200.0
3830,38302,2740.3504459693117,26200.0
3830,38303,2797.887934428502,26200.0
3830,38304,2766.5112178264735,26200.0
3830,38305,2753.9326006878155,26200.0
3831,38311,8393.549615638736,-26690.0
3831,38312,8733.08335125841,-27690.0
3831,38313,8545.92198431637,-26690.0
3831,38314,8317.642729774629,-26690.0
3831,38315,8669.136044636001,-27690.0
3832,38321,694.0941045261462,11851500.0
3832,38322,727.6007514198739,14660600.0
3832,38323,756.7109688979567,11852000.0
3832,38324,729.8292171321793,11850600.0
3832,38325,698.7814838083867,11851600.0
3833,38331,528.8713778961467,26541000.0
3833,38332,507.31371645326425,27919000.0
3833,38333,522.3557327738515,26831000.0
3833,38334,516.0352947861762,27331000.0
3833,38335,526.9598078927733,26735000.0
3834,38341,23795.91541539975,415700.0
3834,38342,24053.79613495402,421500.0
3834,38343,23099.91615470456,430500.0
3834,38344,23906.61292277849,420500.0
3834,38345,23160.011588146986,429500.0
3835,38351,467.47257931346496,44115000.0
3835,38352,457.9968186712951,45954600.0
3835,38353,460.716418933348,41299500.0
3835,38354,465.7219825871149,41010000.0
3835,38355,475.0464300712762,44754600.0
3836,38361,2377.5541544410876,926000.0
3836,38362,2361.3099860533553,901000.0
3836,38363,2461.1185192727457,901000.0
3836,38364,2430.949552221232,902000.0
3836,38365,2540.2439176038124,927000.0
3837,38371,19415.924668569285,265300.0
3837,38372,18116.882793437715,318000.0
3837,38373,15087.66631696092,686800.0
3837,38374,13731.080098863324,600800.0
3837,38375,15323.510657882365,974100.0
3838,38381,1430.8207533198197,49700.0
3838,38382,1457.041869237043,157700.0
3838,38383,1438.012228870887,35700.0
3838,38384,1458.0882397057678,157700.0
3838,38385,1432.5435147478784,30700.0
3839,38391,6753.313787239315,349640.0
3839,38392,6772.51430858057,372840.0
3839,38393,6797.639996799759,335970.0
3839,38394,6704.878459441524,356110.0
3839,38395,6831.251590416371,354070.0
3840,38401,7085.339757772456,2321920.0
3840,38402,8339.466943984879,2834000.0
3840,38403,7748.632026207461,684320.0
3840,38404,3211.365410043574,6175000.0
3840,38405,7866.84559677417,1582000.0
3841,38411,3310.21797836869,13410.0
3841,38412,3127.958416781754,11500.0
3841,38413,3134.7152314673476,11400.0
3841,38414,3190.1999309517623,10800.0
3841,38415,3096.7050668976212,11500.0
3842,38421,61.544774973988865,103334200.0
3842,38422,62.23305395725117,76735000.0
3842,38423,62.53341837694442,93230000.0
3842,38424,63.86088277910777,96370100.0
3842,38425,62.160641774697716,86567300.0
3843,38431,1486.8863592537252,291100.0
3843,38432,1413.2385551588825,283100.0
3843,38433,1425.8501729540753,286000.0
3843,38434,1484.5056225506246,291100.0
3843,38435,1365.476915926206,284000.0
3844,38441,2858.3485689439062,59205.0
3844,38442,2841.0528866139994,54660.0
3844,38443,2892.3116341820178,54590.0
3844,38444,2835.193670225289,70130.0
3844,38445,2884.5205356837278,55305.0
3845,38451,8922.58147860744,13470.0
3845,38452,8898.72612010506,370.0
3845,38453,8921.649734700164,10070.0
3845,38454,8857.49099853013,36470.0
3845,38455,8951.391591379068,4470.0
3846,38461,425.19150553458,13714400.0
3846,38462,437.2794979574928,11694400.0
3846,38463,466.10931768050216,14604500.0
3846,38464,438.9488403036924,14943500.0
3846,38465,425.0517873367979,13528500.0
3847,38471,7226.748674443537,300510.0
3847,38472,7251.464973113191,306810.0
3847,38473,7811.633593386544,303620.0
3847,38474,7447.154967616463,301820.0
3847,38475,7929.45718752783,300110.0
3848,38481,59.22751193954021,426458000.0
3848,38482,58.210961841492086,384533300.0
3848,38483,59.91368287091941,399910000.0
3848,38484,59.826203569546706,420732000.0
3848,38485,58.58109935095231,397581000.0
3849,38491,1270.8328498210728,541000.0
3849,38492,1267.2730934541191,501000.0
3849,38493,1366.6138381998555,528000.0
3849,38494,1290.4292917044427,512000.0
3849,38495,1384.0659132956548,528000.0
3850,38501,12057.647648585938,389500.0
3850,38502,12102.200230610633,383300.0
3850,38503,13040.925916166763,360250.0
3850,38504,12436.712652304728,348040.0
3850,38505,13238.578060948255,372120.0
3851,38511,13613.120121496471,-31940.0
3851,38512,13196.942507604641,-30990.0
3851,38513,13460.397521029288,-31870.0
3851,38514,13324.510160106987,-30999.0
3851,38515,13284.22864749406,-31990.0
3852,38521,16065.589211721915,16000.0
3852,38522,16015.383002223834,16000.0
3852,38523,16085.922690354386,16000.0
3852,38524,15958.067683863186,16000.0
3852,38525,16067.897383140546,16000.0
3853,38531,2169.2515082232158,184530.0
3853,38532,2026.3396770713612,194370.0
3853,38533,2110.709688836298,197200.0
3853,38534,2027.1203023248277,167961.0
3853,38535,2062.803784894845,197370.0
3854,38541,8348.55685810757,9210.0
3854,38542,8459.019880185971,11910.0
3854,38543,8461.635917497144,7110.0
3854,38544,8480.685050955466,8710.0
3854,38545,8379.632455884199,9010.0
3855,38551,9797.44354556683,1304030.0
3855,38552,11539.87724242944,1306800.0
3855,38553,8263.194867082344,1305290.0
3855,38554,9905.782043431322,1304200.0
3855,38555,8912.175598960192,1303790.0
3856,38561,1215.2296481929238,306700.0
3856,38562,1092.258178352567,306700.0
3856,38563,1146.9139927931533,306700.0
3856,38564,1181.6023725863984,306700.0
3856,38565,1096.7068822369506,306700.0
3857,38571,1980.4416934486107,449450.0
3857,38572,1987.3237968474018,451450.0
3857,38573,2137.30923850694,452450.0
3857,38574,2041.4601604840068,449450.0
3857,38575,2169.282610697729,451550.0
3858,38581,11163.630122456705,-260.0
3858,38582,11413.566467419694,-270.0
3858,38583,11286.610342360262,-260.0
3858,38584,11462.27798015984,-270.0
3858,38585,11379.493305301616,-270.0
3859,38591,3674.4105859900164,2891080.0
3859,38592,2059.903123950808,2806080.0
3859,38593,1872.2316106068224,2676080.0
3859,38594,1936.3717149018962,2676080.0
3859,38595,1906.4507906006377,2751080.0
3860,38601,823.5443141119955,581500.0
3860,38602,823.4149030982469,580400.0
3860,38603,891.949365235038,580500.0
3860,38604,843.1553402919553,581400.0
3860,38605,904.1511252367293,581500.0
3861,38611,15532.637316063972,320501.0
3861,38612,14810.493059759998,307501.0
3861,38613,15048.811903270329,345001.0
3861,38614,14892.748254373771,315001.0
3861,38615,14744.506250242175,465001.0
3862,38621,7368.67432508548,-70570.0
3862,38622,7615.455795327372,-70570.0
3862,38623,7384.30205248296,-70570.0
3862,38624,7601.247729424198,-70570.0
3862,38625,7436.578689569875,-70570.0
3863,38631,5490.488474597792,4510.0
3863,38632,5514.0682741244145,150.0
3863,38633,5435.681509840629,630.0
3863,38634,5518.898183559426,4520.0
3863,38635,5448.251356596731,2000.0
3864,38641,112.08865662726669,51386000.0
3864,38642,112.6171602746977,62805900.0
3864,38643,113.47764923191058,67537960.0
3864,38644,116.20285743478016,55421390.0
3864,38645,113.56358801751212,61878300.0
3865,38651,11033.782243969665,109930.0
3865,38652,10493.407962372607,109930.0
3865,38653,10485.410607897804,110030.0
3865,38654,10793.682732316833,110020.0
3865,38655,10378.636706760017,109920.0
3866,38661,2647.189231404934,7088000.0
3866,38662,2899.013282903573,7088000.0
3866,38663,3147.087195415364,7090000.0
3866,38664,2814.710353086167,7089000.0
3866,38665,2726.267704610477,7089000.0
3867,38671,2723.362362630589,493300.0
3867,38672,2731.412664721366,507030.0
3867,38673,2938.3081944276532,511980.0
3867,38674,2803.4172470102517,542750.0
3867,38675,2981.054715560604,503000.0
3868,38681,5415.252291277344,143300.0
3868,38682,5451.318246043175,143300.0
3868,38683,5435.458900931494,143300.0
3868,38684,5457.235896850159,143300.0
3868,38685,5435.698183136757,143300.0
3869,38691,2941.6308668265833,8350000.0
3869,38692,3062.9015063821303,8351000.0
3869,38693,3157.9054703420697,8351000.0
3869,38694,3036.5647037630974,8350000.0
3869,38695,2964.2822006907363,8350000.0
3870,38701,3023.8246837390398,270.0
3870,38702,3073.0055761313365,210.0
3870,38703,3012.761193597404,190.0
3870,38704,3072.6727064790493,250.0
3870,38705,3027.00318231304,260.0
3871,38711,107.74199934975232,26910000.0
3871,38712,108.15416396701383,26909000.0
3871,38713,108.3009741663785,26914000.0
3871,38714,109.69647247949244,26928000.0
3871,38715,110.09301954536488,26899600.0
3872,38721,7611.589133273216,4419501.0
3872,38722,7981.237599557108,4804801.0
3872,38723,8189.527172191216,4338701.0
3872,38724,7876.736830901221,5109001.0
3872,38725,7842.057050537207,4734801.0
3873,38731,9784.191244646043,950400.0
3873,38732,9825.534936421593,949500.0
3873,38733,10577.488927247749,949500.0
3873,38734,10096.081536930864,950500.0
3873,38735,10740.0090988187,951500.0
3874,38741,3827.6175107942668,16000.0
3874,38742,3816.04408948889,16000.0
3874,38743,3834.3915715980934,16000.0
3874,38744,3802.604132084866,16000.0
3874,38745,3828.8241330685987,16000.0
3875,38751,6252.876719963718,517300.0
3875,38752,6416.841716776102,517200.0
3875,38753,6304.537566791432,517200.0
3875,38754,6380.883021379366,517100.0
3875,38755,6327.653270450253,517200.0
3876,38761,2853.836284134304,267800.0
3876,38762,2744.7984836192873,225200.0
3876,38763,2745.2155104222948,223000.0
3876,38764,2803.2365952786813,235400.0
3876,38765,2711.6397674241693,250400.0
3877,38771,6141.622460819501,-120.0
3877,38772,6231.559303734039,-1020.0
3877,38773,6166.9141305068415,880.0
3877,38774,6165.639441378423,1880.0
3877,38775,6171.449937920998,880.0
3878,38781,2192.1712295214966,10980.0
3878,38782,2130.9304791440054,10140.0
3878,38783,2168.48220421953,7920.0
3878,38784,2158.9584711530506,14840.0
3878,38785,2143.6985980213235,12620.0
3879,38791,6446.736191464103,914500.0
3879,38792,6468.910946690828,865900.0
3879,38793,6968.820213163502,876100.0
3879,38794,6641.001281486077,887600.0
3879,38795,7073.326622695689,898970.0
3880,38801,22607.462688196065,52980.0
3880,38802,22062.458966846585,50920.0
3880,38803,21870.286774481865,50880.0
3880,38804,22296.508216859038,48940.0
3880,38805,21517.38413868441,41940.0
3881,38811,9002.034351952447,12500.0
3881,38812,8940.636542268108,13100.0
3881,38813,8817.63100247194,12000.0
3881,38814,9296.600486278101,14900.0
3881,38815,8944.020377946954,12400.0
3882,38821,2904.2539803389973,7480000.0
3882,38822,3083.801394814276,7474000.0
3882,38823,3186.842345186814,7479000.0
3882,38824,3065.947230965128,7480000.0
3882,38825,2927.521023946915,7481000.0
3883,38831,2873.510254154549,3694800.0
3883,38832,3051.1570233745833,3934800.0
3883,38833,3153.1072073108935,8141700.0
3883,38834,3033.491859360969,4472700.0
3883,38835,1471.5578751025137,1648500.0
3884,38841,6840.611848069076,642000.0
3884,38842,6835.932394879458,613000.0
3884,38843,7411.201038077161,629000.0
3884,38844,6988.856712998773,645000.0
3884,38845,7507.200029206028,621000.0
3885,38851,1645.9000058094734,645600.0
3885,38852,1640.8089790645856,644600.0
3885,38853,1769.4770705119856,647700.0
3885,38854,1670.310755519399,646700.0
3885,38855,1792.076422127519,647700.0
3886,38861,2859.3898473602544,1740000.0
3886,38862,3365.1918340602087,1747000.0
3886,38863,2410.873603697542,1746000.0
3886,38864,2886.7575432460326,1760000.0
3886,38865,2600.3382448305383,1739000.0
3887,38871,2775.8456084431677,92100.0
3887,38872,2694.0054471745925,92100.0
3887,38873,2658.4628778050874,92100.0
3887,38874,2692.0082934626616,92100.0
3887,38875,2632.734707046037,92100.0
3888,38881,6550.390202726306,8600.0
3888,38882,6377.079856942661,8600.0
3888,38883,6510.975563315495,8700.0
3888,38884,6437.9586877862685,8600.0
3888,38885,6408.686940407713,8700.0
3889,38891,11332.71723994502,393380.0
3889,38892,10521.062091622634,497670.0
3889,38893,10856.685896185856,518380.0
3889,38894,10798.014874641469,409420.0
3889,38895,10610.859040213605,420600.0
3890,38901,2797.710980341183,4700.0
3890,38902,2695.07262429069,4700.0
3890,38903,2759.6731891454247,4800.0
3890,38904,2750.4313532419364,4700.0
3890,38905,2715.2046335395407,4800.0
3891,38911,13152.228041162389,292000.0
3891,38912,8486.283097070833,390500.0
3891,38913,9136.513182402261,362600.0
3891,38914,8717.835889177599,388100.0
3891,38915,12526.824565311803,282800.0
3892,38921,2701.645288198844,3883500.0
3892,38922,2960.181259479289,3884500.0
3892,38923,3211.961870020454,3885500.0
3892,38924,2875.17419125819,3885500.0
3892,38925,2782.345581073482,3883500.0
3893,38931,12647.815081601393,178730.0
3893,38932,12171.907282431235,159230.0
3893,38933,12188.313840179397,183430.0
3893,38934,12437.824107087052,190090.0
3893,38935,12046.397018502641,189710.0
3894,38941,2281.4489292439403,86400.0
3894,38942,2238.949263057673,86400.0
3894,38943,2279.717862613412,86400.0
3894,38944,2284.5529938579357,86400.0
3894,38945,2249.5857034457686,86400.0
3895,38951,7591.4875538364895,7266001.0
3895,38952,7981.237599557108,9102001.0
3895,38953,8189.527172191216,8708001.0
3895,38954,7876.736830901221,10624001.0
3895,38955,7821.590555235429,8014001.0
3896,38961,11528.68794887376,220000.0
3896,38962,11267.628926368367,221000.0
3896,38963,11099.807373126441,220000.0
3896,38964,11361.694476724517,220000.0
3896,38965,11020.54447242597,220000.0
3897,38971,173.77953667178645,10168000.0
3897,38972,186.25045065692544,10168000.0
3897,38973,193.351075152935,10167000.0
3897,38974,187.0114011276607,10167000.0
3897,38975,177.06274355073361,10167000.0
3898,38981,13270.593404548024,728600.0
3898,38982,13916.530515290444,1230400.0
3898,38983,15087.66631696092,700600.0
3898,38984,13731.080098863324,994900.0
3898,38985,15323.510657882365,1602700.0
3899,38991,9883.589401845886,423300.0
3899,38992,9415.5069760069,423300.0
3899,38993,9510.80674108659,423200.0
3899,38994,9772.451942132573,423300.0
3899,38995,9503.132003449016,423300.0
3900,39001,120.37981360455532,11687400.0
3900,39002,128.82679005275878,11699000.0
3900,39003,135.31951191991564,11837000.0
3900,39004,129.37807976673992,11748000.0
3900,39005,122.59327366135157,11685000.0
3901,39011,54.74268303722347,80182000.0
3901,39012,54.952460754416926,80182000.0
3901,39013,55.257324567432,80172000.0
3901,39014,56.45927383844323,80182000.0
3901,39015,55.22205916651188,80182000.0
3902,39021,2487.1014143606167,1049200.0
3902,39022,2495.375132340253,1049200.0
3902,39023,2683.2091069188114,1050300.0
3902,39024,2561.9535813866773,1091300.0
3902,39025,2722.8218277784713,1050300.0
3903,39031,8240.799062993894,927600.0
3903,39032,8273.839810362411,926600.0
3903,39033,8905.918347267374,926600.0
3903,39034,8497.402004949045,926500.0
3903,39035,9043.368291508408,927500.0
3904,39041,6914.8782475919215,546551.0
3904,39042,6938.663265003675,546451.0
3904,39043,7474.874397247391,546451.0
3904,39044,7123.250268000959,545451.0
3904,39045,7586.969739222904,546451.0
3905,39051,7735.8477359477665,-39500.0
3905,39052,7694.246070262459,-38500.0
3905,39053,7731.813676125006,-39500.0
3905,39054,7632.23740534951,-39500.0
3905,39055,7744.570934363321,-39500.0
3906,39061,653.7589223187261,9825500.0
3906,39062,690.9037352530461,9838950.0
3906,39063,711.5536583923086,9871070.0
3906,39064,686.5055194718713,9930000.0
3906,39065,665.9118431745067,9898500.0
3907,39071,1652.8138400149903,28460.0
3907,39072,1690.4916216175657,32860.0
3907,39073,1640.6384922491488,23260.0
3907,39074,1680.1424416247905,24560.0
3907,39075,1648.056822001084,23760.0
3908,39081,6181.194438646255,954200.0
3908,39082,6157.141640720327,953200.0
3908,39083,6764.683405622032,954200.0
3908,39084,6310.974822322263,953200.0
3908,39085,6844.52485554361,953200.0
3909,39091,9296.220468101144,33950.0
3909,39092,8930.892884591896,33950.0
3909,39093,9166.003996874846,33950.0
3909,39094,9082.975407779444,33950.0
3909,39095,9003.172031754359,33950.0
3910,39101,14797.944875747973,6480.0
3910,39102,15171.638256076641,6440.0
3910,39103,15000.900327944148,6650.0
3910,39104,15075.43234622544,6690.0
3910,39105,15050.158531537632,6340.0
3911,39111,3812.226502286964,521000.0
3911,39112,3830.325560025477,521000.0
3911,39113,4093.69423370558,521000.0
3911,39114,3932.1107900868947,520000.0
3911,39115,4162.850872568151,521000.0
3912,39121,2141.350065653451,453410.0
3912,39122,2135.3518853804435,454520.0
3912,39123,2302.7407833879943,453210.0
3912,39124,2174.370019551744,454540.0
3912,39125,2332.14748479443,454370.0
3913,39131,1031.8550951443428,23358200.0
3913,39132,1035.3841968484955,24295700.0
3913,39133,976.2184825314196,15026400.0
3913,39134,941.7681815094514,12706500.0
3913,39135,909.6268297486164,18854600.0
3914,39141,1675.384134787789,73930.0
3914,39142,1660.3123037788469,48940.0
3914,39143,1666.3455343802234,64940.0
3914,39144,1670.4883928413474,46820.0
3914,39145,1698.4058527236114,85840.0
3915,39151,44.198604353663924,133042000.0
3915,39152,44.67932087300996,131372000.0
3915,39153,45.134091696578324,132439000.0
3915,39154,46.072631602276196,126820900.0
3915,39155,44.47358346540138,129547000.0
3916,39161,2896.3944342154864,79420.0
3916,39162,2791.1007991095903,111270.0
3916,39163,2760.4638623132255,21070.0
3916,39164,2803.0712598534756,113070.0
3916,39165,2741.0658627910575,101070.0
3917,39171,10066.63021458483,14160.0
3917,39172,10176.408927600232,11070.0
3917,39173,10150.074396838807,13270.0
3917,39174,10164.660931849348,10080.0
3917,39175,10176.696534350038,15660.0
3918,39181,17.42554768410556,164051060.0
3918,39182,17.475868030528126,174874760.0
3918,39183,17.683876810642793,163930970.0
3918,39184,17.918282669529074,172166570.0
3918,39185,17.552626717380814,175032560.0
3919,39191,10421.572977101376,258110.0
3919,39192,9803.574932089236,259260.0
3919,39193,10012.898705084579,258620.0
3919,39194,9823.682941205456,239200.0
3919,39195,9817.380679169562,250850.0
3920,39201,4631.038581573766,50300.0
3920,39202,4662.8818395190865,52200.0
3920,39203,4677.588438261102,51200.0
3920,39204,4674.328892436506,51300.0
3920,39205,4684.691262788775,50300.0
3921,39211,120.1559149668196,7477000.0
3921,39212,128.58718058724293,7475000.0
3921,39213,135.067826413262,7476100.0
3921,39214,129.13744493814812,7479800.0
3921,39215,122.36525813161741,7477100.0
3922,39221,665.6362664701403,7010100.0
3922,39222,703.4559179597738,6559100.0
3922,39223,724.4810042294384,7710100.0
3922,39224,698.9777963896274,10809100.0
3922,39225,678.0099788417554,7710100.0
3923,39231,10643.08459397049,-1800.0
3923,39232,10447.202302549065,-1700.0
3923,39233,10606.63569116585,-1700.0
3923,39234,10614.02918041033,-1700.0
3923,39235,10590.369128523129,-600.0
3924,39241,22057.24563519324,142100.0
3924,39242,20305.284968236134,142100.0
3924,39243,20159.289452674133,142100.0
3924,39244,20762.61637016815,142100.0
3924,39245,20031.747797586853,142100.0
3925,39251,2778.5905108434354,509400.0
3925,39252,2786.8040682112646,540600.0
3925,39253,2997.8953146300933,489900.0
3925,39254,2860.268860054789,525600.0
3925,39255,3041.508709461934,556300.0
3926,39261,1650.9526245169432,769200.0
3926,39262,1644.9829636169793,607800.0
3926,39263,1774.7378247039608,714600.0
3926,39264,3235.05138830412,530200.0
3926,39265,1797.6840276244243,561500.0
3927,39271,7611.589133273216,4784000.0
3927,39272,7981.237599557108,4784000.0
3927,39273,8189.527172191216,4784000.0
3927,39274,7876.736830901221,4784000.0
3927,39275,7842.057050537207,4784000.0
3929,39291,46.01726343412899,186768300.0
3929,39292,46.42781221315671,138476010.0
3929,39293,46.79300145214982,151090600.0
3929,39294,47.738824352726,185021900.0
3929,39295,46.276727943299164,151517200.0
3930,39301,15358.145519608548,69400.0
3930,39302,14750.3927779318,69400.0
3930,39303,14952.951917466207,69400.0
3930,39304,14882.58426278619,69400.0
3930,39305,14805.923454466145,69390.0
3931,39311,6103.49636002803,71000.0
3931,39312,5704.045664814914,71000.0
3931,39313,5865.328272616085,71000.0
3931,39314,5870.840464156539,71000.0
3931,39315,5789.861107308942,71000.0
3932,39321,7838.357489027994,7000.0
3932,39322,8076.993666061852,8000.0
3932,39323,8003.22982249181,7000.0
3932,39324,7830.344575065223,7000.0
3932,39325,8114.9368058414275,7000.0
3933,39331,9744.607574913132,99200.0
3933,39332,9850.829937844506,99200.0
3933,39333,9696.382879535317,97200.0
3933,39334,9796.376959597219,99200.0
3933,39335,9781.193518318121,99200.0
3934,39341,7938.057559167803,780690.0
3934,39342,7967.550460924793,779060.0
3934,39343,8576.453529857088,779860.0
3934,39344,8180.4865397163085,777880.0
3934,39345,8708.831249959205,778960.0
3935,39351,7636.313382355618,173770.0
3935,39352,7245.894992729316,161170.0
3935,39353,7284.515435419709,160370.0
3935,39354,7374.385861779885,162570.0
3935,39355,7200.522424024258,178770.0
3936,39361,1965.5573068500933,-190270.0
3936,39362,1964.487235215338,-158790.0
3936,39363,1968.2449847832734,-238870.0
3936,39364,1962.4400094646676,-183080.0
3936,39365,1968.477895659587,-161680.0
3937,39371,4058.7354069936273,3400.0
3937,39372,4087.6179564917047,3400.0
3937,39373,4032.480344462817,3400.0
3937,39374,4116.978347322218,4400.0
3937,39375,4032.3431044315744,5400.0
3938,39381,9990.939835400462,131620.0
3938,39382,9929.152096793272,114230.0
3938,39383,10028.153965490834,119880.0
3938,39384,9901.670542376585,132940.0
3938,39385,10029.982223045878,115310.0
3939,39391,9162.200300594131,4000.0
3939,39392,9090.551858936637,4000.0
3939,39393,9182.95712141237,4000.0
3939,39394,9366.951154068169,3900.0
3939,39395,9207.545141173814,4000.0
3940,39401,2578.5880236511566,2574890.0
3940,39402,2827.0072329946224,2586760.0
3940,39403,3065.0282783487246,2585570.0
3940,39404,2745.915667951928,2575230.0
3940,39405,2655.9817700914473,2584870.0
3941,39411,1859.7521937395825,8103400.0
3941,39412,1917.9661367554115,8088400.0
3941,39413,2046.7189365243473,8073400.0
3941,39414,1920.8990965443522,8078400.0
3941,39415,1838.7680704828715,8099400.0
3942,39421,2207.49973494538,45510.0
3942,39422,2142.416095654075,44580.0
3942,39423,2114.1507583371103,45600.0
3942,39424,2140.8278530384464,44570.0
3942,39425,2093.6903516205107,45580.0
3943,39431,7586.077640709574,9480.0
3943,39432,7697.166832118282,9480.0
3943,39433,7617.317686989742,9480.0
3943,39434,7615.743202273756,9480.0
3943,39435,7622.920276114461,9480.0
3944,39441,44.25210433392331,59854000.0
3944,39442,44.64690502496627,59492000.0
3944,39443,44.998086105707436,59182000.0
3944,39444,45.90762853726953,59492000.0
3944,39445,44.501616140447474,59342000.0
3945,39451,10895.264976423208,149000.0
3945,39452,10188.349137767862,135000.0
3945,39453,10488.953578762721,139000.0
3945,39454,10491.983299577758,142000.0
3945,39455,10360.148451153918,139000.0
3946,39461,3705.628972265046,9786300.0
3946,39462,3992.722841828887,9790700.0
3946,39463,4152.978241466841,9797500.0
3946,39464,3998.0629512599676,9793300.0
3946,39465,3784.431797033166,9789400.0
3947,39471,20117.990097100504,246830.0
3947,39472,18778.053292202872,245820.0
3947,39473,19062.18732969943,247830.0
3947,39474,18989.536385412954,246530.0
3947,39475,18857.19436914429,247520.0
3948,39481,2989.3819581270764,809500.0
3948,39482,3010.1508696356414,461800.0
3948,39483,3110.1586771656603,484520.0
3948,39484,3110.932216582131,550060.0
3948,39485,3192.554083925691,660640.0
3949,39491,471.28295187662314,39872000.0
3949,39492,461.7299542371111,35573500.0
3949,39493,464.4717219816645,39526100.0
3949,39494,469.51808602299053,35455400.0
3949,39495,478.918537149788,40300900.0
3950,39501,11412.401924403499,2473100.0
3950,39502,13440.099903722094,2474100.0
3950,39503,9625.885059841055,2474100.0
3950,39504,11539.903927638974,2475100.0
3950,39505,10383.914589183056,2473100.0
3951,39511,508.8739936591111,4203000.0
3951,39512,545.0464540797686,4204000.0
3951,39513,571.848385720146,4203000.0
3951,39514,544.5702415004799,4204000.0
3951,39515,512.2549063912381,4203000.0
3952,39521,1037.7313960974025,239500.0
3952,39522,1048.203832617571,239500.0
3952,39523,1130.7100141966168,239500.0
3952,39524,1086.8806450375596,239500.0
3952,39525,1150.1870854228534,240500.0
3953,39531,15181.6868512535,-115500.0
3953,39532,13916.530515290444,875600.0
3953,39533,15141.68500645757,-103900.0
3953,39534,13056.377149239639,2417100.0
3953,39535,14395.252920230658,-87000.0
3954,39541,4342.49256901724,229800.0
3954,39542,4414.130845334635,229700.0
3954,39543,4407.6873262366835,227700.0
3954,39544,4385.323616360234,227900.0
3954,39545,4426.343459488249,228800.0
3955,39551,12.173628877913892,17487600.0
3955,39552,13.007906174341946,17487600.0
3955,39553,13.582368239629877,17497500.0
3955,39554,12.990668127284968,17487600.0
3955,39555,12.399861018297146,17487600.0
3956,39561,2125.1887678557155,21878100.0
3956,39562,2117.4658339452644,22139100.0
3956,39563,2144.8293033135647,21880100.0
3956,39564,2105.7345859646807,21909100.0
3956,39565,2203.16836073048,22008100.0
3957,39571,4730.628305588667,4200.0
3957,39572,4780.187715888207,4100.0
3957,39573,4712.954920745537,3500.0
3957,39574,4746.568960412063,2500.0
3957,39575,4665.262034557439,3800.0
3958,39581,834.7639836244318,20741500.0
3958,39582,860.5832930859324,19560500.0
3958,39583,895.979375000548,8653500.0
3958,39584,864.8573889042436,11627500.0
3958,39585,854.5359255680703,11390500.0
3959,39591,16943.72219413477,1.0
3959,39592,16892.49010658137,1.0
3959,39593,16973.708942827012,1.0
3959,39594,16832.995419896342,1.0
3959,39595,16949.06355140254,1.0
3960,39601,8228.063506839313,659790.0
3960,39602,8261.053192133602,663990.0
3960,39603,8892.1548975882,664790.0
3960,39604,8484.269887593091,675350.0
3960,39605,9029.392422927867,669880.0
3961,39611,53.25487370483804,106261000.0
3961,39612,53.45895003459393,106351000.0
3961,39613,53.75552818821226,106427000.0
3961,39614,54.924810603248446,111851000.0
3961,39615,53.721221238535065,105667000.0
3962,39621,7774.433161784317,453500.0
3962,39622,7794.648727025228,455500.0
3962,39623,8400.591372492778,453500.0
3962,39624,8000.781367459524,449500.0
3962,39625,8528.637380323056,447500.0
3963,39631,3166.8572197898293,1391500.0
3963,39632,3669.338517574589,1791500.0
3963,39633,3431.011148713775,1381500.0
3963,39634,3235.487092559456,1420500.0
3963,39635,3475.453825027123,1391500.0
3964,39641,977.7403574573339,3700.0
3964,39642,1002.7556884982162,3700.0
3964,39643,987.3723545938537,3700.0
3964,39644,1006.246216077407,3700.0
3964,39645,992.266038143601,3700.0
3965,39651,3097.415629822978,4594000.0
3965,39652,3395.8182962090577,4594000.0
3965,39653,3681.7306247177016,4594000.0
3965,39654,3298.410614677055,4594000.0
3965,39655,3190.381469141227,4594000.0
3966,39661,6244.984983555714,7940.0
3966,39662,6251.322413080615,12200.0
3966,39663,6218.501167323961,7810.0
3966,39664,6163.647923856818,9380.0
3966,39665,6227.48683691048,10480.0
3967,39671,46.12582853875371,1200270600.0
3967,39672,46.627506093313485,1198169000.0
3967,39673,47.10210662287984,1111453000.0
3967,39674,48.081570372924936,1203574000.0
3967,39675,46.41279776652051,1189323000.0
3968,39681,3673.336913209331,81920.0
3968,39682,3651.1097891168124,85820.0
3968,39683,3716.9837177244954,78580.0
3968,39684,3643.579960152993,85910.0
3968,39685,3706.9711776098397,90920.0
3969,39691,8594.359082538956,912990.0
3969,39692,8623.10378904954,914600.0
3969,39693,9286.196740904948,914000.0
3969,39694,8850.808275240968,926090.0
3969,39695,9427.529801095909,925100.0
3970,39701,3283.3804562954306,-610.0
3970,39702,3162.9245640712134,1390.0
3970,39703,3238.7394833391845,5390.0
3970,39704,3227.8933081627574,5380.0
3970,39705,3186.5513954980897,2580.0
3971,39711,46.39359872344964,96678000.0
3971,39712,46.80750502489409,96379000.0
3971,39713,47.175680829963866,96379000.0
3971,39714,48.12923879578234,96378000.0
3971,39715,46.65518516782066,96608000.0
3972,39721,8618.193458516662,813500.0
3972,39722,8652.74733498655,549800.0
3972,39723,9313.772445583541,637600.0
3972,39724,8886.547750241207,747100.0
3972,39725,9457.517026816082,837900.0
3973,39731,15497.065509193042,12970.0
3973,39732,14194.621123346553,13080.0
3973,39733,14698.267322155783,13070.0
3973,39734,14973.671965365114,13040.0
3973,39735,14835.351901748276,13000.0
3974,39741,6136.568251775616,1141800.0
3974,39742,6155.657240690253,1142900.0
3974,39743,6618.176291829407,968300.0
3974,39744,6316.729139870348,1141800.0
3974,39745,6716.3369288593385,1144900.0
3975,39751,6467.4423683720615,437300.0
3975,39752,6488.727600913272,437300.0
3975,39753,6990.41201863127,438300.0
3975,39754,6660.92547800988,437300.0
3975,39755,7097.058141670782,438300.0
3976,39761,2166.0716294853296,1260000.0
3976,39762,2551.477486024033,1256900.0
3976,39763,1827.6148977923622,1257900.0
3976,39764,2191.8408933803667,1257900.0
3976,39765,1971.4042402774035,1257000.0
3977,39771,2156.5396461123464,170900.0
3977,39772,2168.5055998039606,194820.0
3977,39773,2164.9418319551933,199600.0
3977,39774,2169.9761883497404,154750.0
3977,39775,2164.3847701157893,157740.0
3978,39781,6261.477723946873,925800.0
3978,39782,6281.489810856457,924800.0
3978,39783,6764.754968483139,924700.0
3978,39784,6446.954722251185,925800.0
3978,39785,6869.47014384419,924800.0
3979,39791,3948.068004006952,8800.0
3979,39792,4080.2912484685694,8800.0
3979,39793,3956.441196767458,8800.0
3979,39794,4072.678697293634,8800.0
3979,39795,3984.4505386293044,8800.0
3980,39801,5891.186089904102,-51000.0
3980,39802,6075.285149002086,-51000.0
3980,39803,5889.242828682121,-51000.0
3980,39804,6026.357971338968,-51000.0
3980,39805,5935.330185717647,-51000.0
3981,39811,102.65330774117476,110471900.0
3981,39812,101.86224331182366,109164300.0
3981,39813,101.2939014635698,113379900.0
3981,39814,103.63007117165094,105489600.0
3981,39815,103.48239576647123,103476400.0
3982,39821,118.7136699677252,7570000.0
3982,39822,127.04373415598897,7560000.0
3982,39823,133.4465920592407,7560000.0
3982,39824,127.58739362182887,7570000.0
3982,39825,120.89649413733585,7570000.0
3983,39831,45.33126155119838,95873900.0
3983,39832,45.73569007851121,102991000.0
3983,39833,46.095435262667486,101550500.0
3983,39834,47.02715831804879,101557900.0
3983,39835,45.586858095857814,101719000.0
3984,39841,15677.355010580219,176600.0
3984,39842,15323.687419773962,129900.0
3984,39843,15334.341733719903,46300.0
3984,39844,15179.5362588875,48800.0
3984,39845,15457.717300387802,179800.0
3985,39851,10268.44110519522,1.0
3985,39852,9955.48046594424,1.0
3985,39853,9924.671094162935,1.0
3985,39854,10160.092944636286,1.0
3985,39855,9787.208769079405,1.0
3986,39861,5210.706888790717,1631150.0
3986,39862,5310.781354334646,751150.0
3986,39863,4355.1385460262845,1643150.0
3986,39864,8133.128743198131,523150.0
3986,39865,7932.424176589598,497150.0
3987,39871,532.8908713615095,2642000.0
3987,39872,1463.8076213609243,1016000.0
3987,39873,1050.1100354201878,1578000.0
3987,39874,1245.8235179676808,1256000.0
3987,39875,1129.6138259113395,969000.0
3988,39881,1860.094878548602,335300.0
3988,39882,1660.0204322755458,335300.0
3988,39883,1699.6380791764489,335300.0
3988,39884,1740.233873918142,335300.0
3988,39885,1677.4664713607694,335300.0
3989,39891,7597.519509945776,160800.0
3989,39892,7769.671699253739,160800.0
3989,39893,7531.218229824617,161800.0
3989,39894,7721.961636670302,161800.0
3989,39895,7535.25769166978,160800.0
3990,39901,6904.971537481935,-980.0
3990,39902,6967.51412699592,-950.0
3990,39903,6797.048752817017,-990.0
3990,39904,6900.7369221393365,-980.0
3990,39905,6832.622999878766,-970.0
3991,39911,4206.9186142717745,614630.0
3991,39912,4195.134526911647,614630.0
3991,39913,4523.98849719208,615630.0
3991,39914,4271.789959188811,614630.0
3991,39915,4581.761208676934,614630.0
3992,39921,10738.58990312817,334500.0
3992,39922,5961.955757089188,339510.0
3992,39923,6430.51609201367,374210.0
3992,39924,6126.118509845592,398920.0
3992,39925,6525.441578906718,637400.0
3993,39931,15621.56015558977,394800.0
3993,39932,14780.811523667895,394800.0
3993,39933,14672.225481506533,394800.0
3993,39934,15075.224330165534,394800.0
3993,39935,14590.208134230754,394800.0
3994,39941,11366.588925955653,6520.0
3994,39942,11056.95296708678,11400.0
3994,39943,11295.714588625082,5110.0
3994,39944,11315.430072057748,10950.0
3994,39945,11224.94459849294,6140.0
3995,39951,11589.520054030572,529000.0
3995,39952,10825.480600854258,530000.0
3995,39953,10832.03514191804,531000.0
3995,39954,11283.942630763737,530000.0
3995,39955,10864.013856539417,530000.0
3996,39961,4801.930648886637,39680.0
3996,39962,4685.046146797514,40670.0
3996,39963,4730.389998759645,39680.0
3996,39964,4701.884168631163,40670.0
3996,39965,4667.523569976526,39670.0
3997,39971,2493.2163997381076,267900.0
3997,39972,2377.803287900065,270800.0
3997,39973,2458.3299964762,267900.0
3997,39974,2395.124530903302,283500.0
3997,39975,2426.2880009017863,270700.0
3998,39981,975.1409767890069,3170350.0
3998,39982,2695.092630168558,2132110.0
3998,39983,1157.4106137713075,2933210.0
3998,39984,2312.691120006834,2693250.0
3998,39985,2077.8611042840175,2436080.0
3999,39991,16252.96339160363,145400.0
3999,39992,15497.329694483376,145400.0
3999,39993,15746.700574668474,145300.0
3999,39994,15583.399473853322,145400.0
3999,39995,15428.282746589175,145400.0
4000,40001,2396.0733782314956,277500.0
4000,40002,2802.3167232068186,277500.0
4000,40003,2011.2147184318364,277500.0
4000,40004,2384.884438849561,277500.0
4000,40005,2163.5761350402045,277500.0
4001,40011,6222.572916712803,-5399.0
4001,40012,6204.088558963232,-15399.0
4001,40013,6231.492861579156,-15399.0
4001,40014,6181.444982433927,-11299.0
4001,40015,6222.22201925626,-18399.0
4002,40021,677.876296115889,5305500.0
4002,40022,717.7793103256395,5305500.0
4002,40023,740.9288591087891,5345500.0
4002,40024,715.2541463768773,5295600.0
4002,40025,690.8778517086887,5316600.0
4003,40031,6082.548108789907,1530.0
4003,40032,5982.173537025559,710.0
4003,40033,5923.396266845714,60.0
4003,40034,6030.714215832392,90.0
4003,40035,5866.787186139504,190.0
4004,40041,53.44757469537823,624251000.0
4004,40042,53.652389468550744,644307000.0
4004,40043,53.95004078036095,653634000.0
4004,40044,55.12355420495409,624320000.0
4004,40045,53.9156096921266,608268000.0
4005,40051,5652.4325205674695,29310.0
4005,40052,5647.282054684507,28410.0
4005,40053,5680.842319755387,28410.0
4005,40054,5662.341724405218,29310.0
4005,40055,5659.23825965012,28310.0
4006,40061,7082.906944696891,130200.0
4006,40062,7059.335002083356,220200.0
4006,40063,7620.037530937088,117200.0
4006,40064,7189.065018705165,94200.0
4006,40065,7715.763586553714,139200.0
4007,40071,7403.4997950909365,2384600.0
4007,40072,8713.942298000737,2382600.0
4007,40073,6245.009682535376,2383600.0
4007,40074,7476.498222144592,2385600.0
4007,40075,6734.307399064412,2383500.0
4008,40081,14367.35408060693,55800.0
4008,40082,14479.618718123913,55800.0
4008,40083,14478.08103284984,55700.0
4008,40084,14629.032342022992,55700.0
4008,40085,14514.24094439036,55700.0
4009,40091,13193.855618227628,-1820.0
4009,40092,13124.172974770545,-1820.0
4009,40093,12890.109043418872,-1640.0
4009,40094,13158.769330099134,-1820.0
4009,40095,12901.400181751522,-1650.0
4010,40101,19704.027030243542,173300.0
4010,40102,20162.64749952097,173300.0
4010,40103,19567.220331903784,173300.0
4010,40104,20049.752458951167,173300.0
4010,40105,19589.34908437168,173300.0
4011,40111,14794.555199847953,91100.0
4011,40112,14889.579508043189,96200.0
4011,40113,14860.161037918597,84400.0
4011,40114,14911.556879967573,96200.0
4011,40115,14857.743253032877,96200.0
4012,40121,3633.1432647677257,5653200.0
4012,40122,3664.5201314118326,8467000.0
4012,40123,3808.955797351289,5764800.0
4012,40124,3658.3185019745847,6074000.0
4012,40125,3657.131282266074,6829700.0
4013,40131,3731.936862111083,52700.0
4013,40132,3709.3809859628736,56700.0
4013,40133,3776.485457123409,56600.0
4013,40134,3701.233979408755,56600.0
4013,40135,3765.89175889382,56600.0
4014,40141,428.70468915605227,14476000.0
4014,40142,453.6087350028987,14316000.0
4014,40143,472.0411865873084,14516000.0
4014,40144,454.6354894489271,14076000.0
4014,40145,437.628678155317,14140000.0
4015,40151,47.996510102285114,39940000.0
4015,40152,47.042606345652466,39939000.0
4015,40153,47.148939812284425,39939000.0
4015,40154,47.705470579353275,39940000.0
4015,40155,48.81182820490368,39939000.0
4016,40161,4095.6581648385013,7042120.0
4016,40162,4488.873729152831,7065220.0
4016,40163,4869.745040838173,7044620.0
4016,40164,4360.666784193626,7025220.0
4016,40165,4219.74709317236,7037920.0
4017,40171,19471.107355341992,43730.0
4017,40172,19924.306509959046,49100.0
4017,40173,19335.91783767564,49290.0
4017,40174,19812.74599233256,50480.0
4017,40175,19357.78500798964,40000.0
4018,40181,17570.71196361159,-3110.0
4018,40182,17828.0143901038,-6020.0
4018,40183,17643.06949551623,-4620.0
4018,40184,17639.422707446553,-5420.0
4018,40185,17656.046093492583,-4810.0
4019,40191,953.4267946921321,24337000.0
4019,40192,928.4017486618479,32142000.0
4019,40193,933.2929130923745,27474000.0
4019,40194,943.9611371955846,33142000.0
4019,40195,967.2023337917477,24271000.0
4020,40201,7961.26519821432,544851.0
4020,40202,7987.335232722141,543850.0
4020,40203,8606.15952955701,565851.0
4020,40204,8205.00154683069,565860.0
4020,40205,8737.670872261655,566850.0
4021,40211,6308.947471986065,-21200.0
4021,40212,6105.505024548919,-300.0
4021,40213,6246.653146966288,-21300.0
4021,40214,6381.645263756044,-21300.0
4021,40215,6261.421993094007,-21300.0
4022,40221,45.65903788899025,213782000.0
4022,40222,46.066390713952096,218652000.0
4022,40223,46.428737104317214,209459000.0
4022,40224,47.36719716106309,218049000.0
4022,40225,45.916482573244615,201879000.0
4023,40231,5809.790819375666,127631.0
4023,40232,5739.961291488551,108881.0
4023,40233,5818.366927928547,117261.0
4023,40234,5866.3747728670005,113831.0
4023,40235,5785.402174540435,108541.0
4024,40241,117.74038012696992,7796000.0
4024,40242,126.00214917408034,7851000.0
4024,40243,132.3525123936892,7707470.0
4024,40244,126.54135137535181,7724000.0
4024,40245,119.90530812178444,7754000.0
4025,40251,3263.767601539677,1936600.0
4025,40252,3459.125079154728,1926700.0
4025,40253,3114.5564373230054,1938600.0
4025,40254,3223.8752318823126,1936600.0
4025,40255,3215.4154162031814,1927600.0
4026,40261,14686.53898785613,391100.0
4026,40262,9365.7481767665,546000.0
4026,40263,14299.064365487453,379500.0
4026,40264,14231.77386465045,382500.0
4026,40265,14158.46540766289,399150.0
4027,40271,2151.3117997605414,1940.0
4027,40272,2161.7610704722456,2240.0
4027,40273,2130.20225136394,4940.0
4027,40274,2162.08384204308,7940.0
4027,40275,2134.743619996578,4140.0
4028,40281,1904.5133892061217,2100.0
4028,40282,1937.6565748569028,1100.0
4028,40283,1913.154286332046,1100.0
4028,40284,1923.779434301962,100.0
4028,40285,1917.7796664395923,100.0
4029,40291,20254.125040759936,135580.0
4029,40292,19527.189028777877,134580.0
4029,40293,19783.291300520454,135580.0
4029,40294,20437.28728976905,134580.0
4029,40295,18717.358983838974,135580.0
4030,40301,507.41264877231697,40053400.0
4030,40302,496.35771847089364,40073300.0
4030,40303,512.2625710558935,40065900.0
4030,40304,506.3214760552804,40055900.0
4030,40305,505.7347249507894,40070000.0
4031,40311,3591.706393861556,-311520.0
4031,40312,3535.1877032345737,-319490.0
4031,40313,3580.8996080504876,-311340.0
4031,40314,3604.0418905650577,-288840.0
4031,40315,3581.417871309234,-311780.0
4032,40321,447.0381522516729,10599000.0
4032,40322,451.7027681786186,10599000.0
4032,40323,481.46951716434234,10599000.0
4032,40324,453.4419861118422,10600000.0
4032,40325,447.01233971937955,10600000.0
4033,40331,13365.512755423804,25100.0
4033,40332,12436.011355947541,34800.0
4033,40333,12897.691971509266,28900.0
4033,40334,12948.614519043786,16300.0
4033,40335,12674.895976343209,23300.0
4034,40341,1894.7269095434738,420000.0
4034,40342,1901.177597830908,399000.0
4034,40343,2043.9735660254278,391000.0
4034,40344,1951.4851843392184,370000.0
4034,40345,2074.286736264115,415000.0
4035,40351,48.02427689506332,129381700.0
4035,40352,47.604925711825324,142697700.0
4035,40353,47.97797909881298,142466700.0
4035,40354,48.95077597537472,139057800.0
4035,40355,48.30814325301393,138247700.0
4036,40361,17922.76655487745,6920.0
4036,40362,18523.011115307738,6910.0
4036,40363,17960.777748963574,6810.0
4036,40364,18488.452952313346,6910.0
4036,40365,18087.929787640744,6920.0
4037,40371,11361.062748087421,390300.0
4037,40372,11438.705812500495,385300.0
4037,40373,11428.001550511523,384300.0
4037,40374,11456.8071071925,391700.0
4037,40375,11434.558191230026,391300.0
4038,40381,6781.408700989101,1217700.0
4038,40382,6807.6108533309,1217700.0
4038,40383,7329.218880712452,1213700.0
4038,40384,6993.360171687859,1215800.0
4038,40385,7443.786286968478,1216100.0
4039,40391,183.6056488958172,32830500.0
4039,40392,185.45316698572879,32748500.0
4039,40393,186.1096456561796,32828500.0
4039,40394,188.9179257123016,32775500.0
4039,40395,186.178409057496,32899500.0
4040,40401,10674.99655388132,229250.0
4040,40402,11128.57545877894,236470.0
4040,40403,10734.108911820862,154030.0
4040,40404,11228.308593777963,376600.0
4040,40405,10740.960245537093,169240.0
4041,40411,45.83428465951159,254363110.0
4041,40412,46.24320097048494,246115600.0
4041,40413,46.606938104887966,249511830.0
4041,40414,47.5490001230814,266425420.0
4041,40415,46.09271745809314,246118520.0
4042,40421,7327.385612508614,906200.0
4042,40422,7350.753218193512,889200.0
4042,40423,7915.906293470478,887200.0
4042,40424,7545.397371677338,935200.0
4042,40425,8039.339118847514,929200.0
4043,40431,8503.16252417675,303200.0
4043,40432,8252.476066635169,305200.0
4043,40433,8291.022331452104,305200.0
4043,40434,8307.53643211647,298300.0
4043,40435,8205.202455253486,301900.0
4044,40441,3924.65854726206,474800.0
4044,40442,3936.8669608946707,473900.0
4044,40443,4232.672250243419,473800.0
4044,40444,4039.8809224289516,474800.0
4044,40445,4295.45114674029,474800.0
4045,40451,13372.128888022842,447210.0
4045,40452,13069.326443216927,398390.0
4045,40453,12874.670169225368,366700.0
4045,40454,13178.433105559036,363300.0
4045,40455,12782.733105016003,404120.0
4046,40461,5618.258011639001,-12519.0
4046,40462,5645.546803016593,-12449.0
4046,40463,5563.129373654267,-12509.0
4046,40464,5646.38973706454,-12519.0
4046,40465,5574.989384233379,-12449.0
4047,40471,8800.170409897555,3600.0
4047,40472,8753.200621050511,4700.0
4047,40473,8555.896194167854,4000.0
4047,40474,8683.214178490174,6700.0
4047,40475,8843.046470638703,3210.0
4048,40481,6860.012610378448,-50750.0
4048,40482,6590.424357992213,-49750.0
4048,40483,6763.921232408595,-50750.0
4048,40484,6702.651475503539,-50750.0
4048,40485,6643.761718342398,-50750.0
4049,40491,2830.7224138860124,71000.0
4049,40492,2680.23417560094,71000.0
4049,40493,2777.4505977421563,70150.0
4049,40494,2690.6393065062794,70120.0
4049,40495,2712.4889016559205,71040.0
4050,40501,6758.655271650609,1353490.0
4050,40502,7905.700925769687,1353490.0
4050,40503,5672.705426538464,1353490.0
4050,40504,6726.333323237815,1352490.0
4050,40505,6101.256458643696,1353490.0
4051,40511,725.0928181104313,6033000.0
4051,40512,771.9023711418216,6034000.0
4051,40513,794.4029309608593,6033000.0
4051,40514,766.0454342416294,6034000.0
4051,40515,739.4869208294906,6033000.0
4052,40521,1983.5656954565322,407120.0
4052,40522,1990.458654870377,413620.0
4052,40523,2140.680687600712,401520.0
4052,40524,2044.6804146634367,450940.0
4052,40525,2172.7044954489875,464820.0
4053,40531,2124.2292400975166,17051.0
4053,40532,2046.2986037272742,18671.0
4053,40533,2095.348133773624,19371.0
4053,40534,2088.331047950135,14391.0
4053,40535,2061.5843151566633,18151.0
4054,40541,1074.389811773394,2933750.0
4054,40542,1163.6778091531946,5380250.0
4054,40543,1217.344807780948,3367450.0
4054,40544,1160.9816443673053,4491050.0
4054,40545,1096.7187722946044,3576150.0
4055,40551,6694.306407193745,1611710.0
4055,40552,6769.473302496228,1570010.0
4055,40553,7337.475576822006,1256710.0
4055,40554,6923.054878366267,1536210.0
4055,40555,7433.651626939788,1586210.0
4056,40561,7904.215908449293,404400.0
4056,40562,7977.634558165484,316400.0
4056,40563,7926.489361480844,300100.0
4056,40564,7850.462475633581,409600.0
4056,40565,7964.052544186462,300500.0
4057,40571,9465.860849547562,2775900.0
4057,40572,11133.675662035103,2774800.0
4057,40573,7982.2822908473945,2775900.0
4057,40574,9551.749907555826,2774800.0
4057,40575,8607.580706472398,2774800.0
4058,40581,3613.9158734817074,-13800.0
4058,40582,3460.259864881847,-13800.0
4058,40583,3494.420624194657,-13800.0
4058,40584,3471.2127291284596,-13800.0
4058,40585,3460.701850970735,-13800.0
4059,40591,678.8693074694265,53997000.0
4059,40592,671.8323703623448,53996000.0
4059,40593,619.9533487808426,53998000.0
4059,40594,691.5135947966958,53998000.0
4059,40595,671.7729155681716,53998000.0
4060,40601,10336.32662618603,10030.0
4060,40602,10188.193873402064,10040.0
4060,40603,10301.799887577574,10030.0
4060,40604,10179.778545735906,10040.0
4060,40605,10269.898277510696,10040.0
4061,40611,2772.077722498553,7525500.0
4061,40612,2937.7621667607705,7527600.0
4061,40613,3028.972654192178,7527500.0
4061,40614,2912.4062422174384,7525600.0
4061,40615,2792.6667837104096,7527600.0
4062,40621,255.67591764072685,1122180.0
4062,40622,267.05884139961387,878630.0
4062,40623,274.11359596046475,982000.0
4062,40624,273.6056445355517,821200.0
4062,40625,274.41531074886535,1004500.0
4063,40631,11015.59619313715,83200.0
4063,40632,10295.595242039339,83300.0
4063,40633,10314.147759577752,83300.0
4063,40634,10737.461761049313,83200.0
4063,40635,10350.74460137776,83300.0
4064,40641,23795.91541539975,480010.0
4064,40642,13916.530515290444,825210.0
4064,40643,23099.91615470456,440010.0
4064,40644,13731.080098863324,820010.0
4064,40645,23160.011588146986,533610.0
4065,40651,8379.127513191526,10510.0
4065,40652,8854.832244188594,9510.0
4065,40653,8629.876735374966,10510.0
4065,40654,8503.006175050436,10510.0
4065,40655,8810.53446374745,9510.0
4066,40661,1059.7275897797765,1502700.0
4066,40662,1056.7591647540253,1552890.0
4066,40663,1139.5978543670212,1518000.0
4066,40664,1076.0687554399549,1572850.0
4066,40665,1154.1508661816993,1496700.0
4067,40671,8110.264480913441,406600.0
4067,40672,8138.47951546357,711400.0
4067,40673,8768.64714102719,404200.0
4067,40674,8359.243039961448,394700.0
4067,40675,8902.150777255738,411300.0
4068,40681,3735.117127196514,75700.0
4068,40682,3536.992971352375,69100.0
4068,40683,3599.8233328725823,85700.0
4068,40684,3554.323957073623,67900.0
4068,40685,3564.835926871206,85700.0
4069,40691,59.22751193954021,53100000.0
4069,40692,58.210961841492086,59403000.0
4069,40693,59.91368287091941,53933100.0
4069,40694,59.826203569546706,53963000.0
4069,40695,58.58109935095231,54204000.0
4070,40701,21387.49370898281,97800.0
4070,40702,21274.332838286195,99100.0
4070,40703,20655.225386402588,97400.0
4070,40704,21195.17812474555,106500.0
4070,40705,20663.61847930878,96600.0
4071,40711,5893.410171361136,76150.0
4071,40712,5808.950081859219,75130.0
4071,40713,5873.724238451132,75160.0
4071,40714,5804.151957781227,77660.0
4071,40715,5855.535061575219,76150.0
4072,40721,12807.153042742397,136500.0
4072,40722,12893.45699217696,137500.0
4072,40723,12876.82979330057,139500.0
4072,40724,12911.39045145498,158500.0
4072,40725,12887.05358984086,200500.0
4073,40731,250.43906158736135,922500.0
4073,40732,255.14318446855987,922500.0
4073,40733,262.063547547052,922500.0
4073,40734,261.7282441371752,922500.0
4073,40735,268.5347258584915,922500.0
4074,40741,879.1729181911845,5664000.0
4074,40742,963.8717685736481,5664000.0
4074,40743,1045.0253515095444,5664000.0
4074,40744,936.2234947023038,5664000.0
4074,40745,905.5604160324699,5663000.0
4075,40751,516.1113170514361,2998850.0
4075,40752,553.8692069305714,2999950.0
4075,40753,582.4384819886385,2998950.0
4075,40754,554.9713492332786,2998850.0
4075,40755,519.8415213752531,2997950.0
4076,40761,6469.088561012897,1259900.0
4076,40762,6493.1236844628265,1329400.0
4076,40763,6989.34682830313,1388300.0
4076,40764,6666.655098321903,1199000.0
4076,40765,7097.227526882411,1015500.0
4077,40771,8106.515282729178,1075100.0
4077,40772,8134.3991586622815,1075100.0
4077,40773,8763.01525032188,1075100.0
4077,40774,8350.795934890662,1075100.0
4077,40775,8894.42791881878,1076100.0
4078,40781,15948.404667412742,78700.0
4078,40782,15843.704326200692,78700.0
4078,40783,15797.012471523823,78700.0
4078,40784,15770.176532076546,78700.0
4078,40785,15806.731450323728,77700.0
4079,40791,55.29755254817663,122082000.0
4079,40792,55.61699908689934,122240000.0
4079,40793,56.05388530787859,125831000.0
4079,40794,57.30580939982993,119942000.0
4079,40795,55.81412753154856,122215000.0
4080,40801,3757.2854299088394,9083000.0
4080,40802,3982.4464862271184,9402000.0
4080,40803,4148.056150617465,9507000.0
4080,40804,3988.061412678132,8423000.0
4080,40805,3807.8124228403212,9512000.0
4081,40811,13270.593404548024,418400.0
4081,40812,13916.530515290444,418400.0
4081,40813,15087.66631696092,418400.0
4081,40814,13731.080098863324,418500.0
4081,40815,15323.510657882365,418400.0
4082,40821,25404.509735490734,12500.0
4082,40822,24293.929006543472,10400.0
4082,40823,24061.84242434096,6300.0
4082,40824,24537.931628889877,11200.0
4082,40825,23735.862444144826,10400.0
4083,40831,7795.5118579160135,20680.0
4083,40832,7683.792223597605,20690.0
4083,40833,7769.472278288612,20690.0
4083,40834,7677.445502080156,20690.0
4083,40835,7745.4125336078605,20680.0
4084,40841,7175.416696602729,214250.0
4084,40842,6857.114424993665,240950.0
4084,40843,7002.728598695176,241050.0
4084,40844,6995.271619177476,212550.0
4084,40845,6898.814155449775,239050.0
4085,40851,3422.1093173045383,132100.0
4085,40852,3344.6180609496105,132100.0
4085,40853,3294.8028778567414,132100.0
4085,40854,3372.5399370328837,132100.0
4085,40855,3271.274935023476,132100.0
4086,40861,4.830020378527303,740081000.0
4086,40862,4.850241765939178,767131000.0
4086,40863,4.907012756109313,750807600.0
4086,40864,4.997088221296138,793214100.0
4086,40865,4.856887297759881,786416000.0
4087,40871,44.5493630630773,312319000.0
4087,40872,44.94681578510174,256188000.0
4087,40873,45.30035588680553,262113000.0
4087,40874,46.216008071370055,289318000.0
4087,40875,44.800550938200544,234712000.0
4088,40881,4458.76562043459,165330.0
4088,40882,4222.25652458235,163300.0
4088,40883,4297.25975642907,170700.0
4088,40884,4242.945247498018,162400.0
4088,40885,4255.493825746137,188000.0
4089,40891,4850.831805786331,34200.0
4089,40892,4935.2481296678325,37800.0
4089,40893,4872.8403350235185,35900.0
4089,40894,4899.9027888795845,41600.0
4089,40895,4884.621266082704,34120.0
4090,40901,486.8885349056215,62904100.0
4090,40902,408.2167877741124,31655100.0
4090,40903,385.8590937940309,21480600.0
4090,40904,414.90815081638885,41135400.0
4090,40905,410.0231011583945,27649000.0
4091,40911,802.4398305521947,22450.0
4091,40912,786.7616714050857,23450.0
4091,40913,793.1045327794768,22450.0
4091,40914,783.205256305809,22450.0
4091,40915,819.2944529407727,23450.0
4092,40921,2250.8168984732106,1257500.0
4092,40922,2257.120429749639,1290030.0
4092,40923,2428.059325609479,1291730.0
4092,40924,2316.7870001679744,1279210.0
4092,40925,2464.2885867749087,1281500.0
4093,40931,49.1497248259243,197326000.0
4093,40932,48.72054615642327,221580000.0
4093,40933,49.10234204178113,213850000.0
4093,40934,50.09793639292569,193283000.0
4093,40935,49.44024358607338,209243400.0
4094,40941,12489.281749926886,1457810.0
4094,40942,15166.093709212777,1633330.0
4094,40943,10296.941343485509,1567690.0
4094,40944,13021.29439375184,1476710.0
4094,40945,11356.17180202316,1440520.0
4095,40951,44.07692596469304,167629000.0
4095,40952,44.4701637799752,139203000.0
4095,40953,44.8199546595055,110883000.0
4095,40954,45.7258965355165,182040000.0
4095,40955,44.32545004256503,136194000.0
4096,40961,4299.177985170886,5901.0
4096,40962,4375.745371796974,3801.0
4096,40963,4304.186006534565,6401.0
4096,40964,4359.697126166962,7501.0
4096,40965,4305.804728218555,5101.0
4097,40971,2450.0600395668425,-30900.0
4097,40972,2427.0052657731367,-30900.0
4097,40973,2433.5983364728663,-30040.0
4097,40974,2459.394493787195,-30900.0
4097,40975,2433.452461378367,-30900.0
4098,40981,4279.463873831649,896800.0
4098,40982,4295.998958105072,897600.0
4098,40983,4625.1640044699025,897800.0
4098,40984,4413.217596967161,897900.0
4098,40985,4697.462710802074,896800.0
4099,40991,2059.054095045468,166930.0
4099,40992,2071.6951016123567,167130.0
4099,40993,2066.650384771702,170930.0
4099,40994,2073.1688672086466,169030.0
4099,40995,2066.8319432303424,167930.0
4100,41001,3342.1081502596367,61400.0
4100,41002,3248.7426283476884,62400.0
4100,41003,3305.9926847032852,61400.0
4100,41004,3291.473131908441,62400.0
4100,41005,3268.2084591134194,61400.0
4101,41011,11685.495125069043,82530.0
4101,41012,11722.476267612792,110370.0
4101,41013,11774.889572722856,116050.0
4101,41014,11704.261346613563,97310.0
4101,41015,11762.837118519537,150160.0
4102,41021,816.8224170907957,19295900.0
4102,41022,857.0836872271353,19536100.0
4102,41023,892.3617694538374,19248500.0
4102,41024,861.3122624457352,19454400.0
4102,41025,835.9429036359337,19397400.0
4103,41031,4590.70614845134,-28950.0
4103,41032,4514.950041716916,-28950.0
4103,41033,4470.588834739553,-28950.0
4103,41034,4551.585344662818,-28950.0
4103,41035,4427.864034177657,-28950.0
4104,41041,5343.834686746606,175100.0
4104,41042,4985.985631132326,179100.0
4104,41043,5138.867129963569,175100.0
4104,41044,5263.283883529782,174100.0
4104,41045,5140.740528264716,174100.0
4105,41051,7006.012639357216,196000.0
4105,41052,7033.749136578791,207000.0
4105,41053,7575.366782298479,973000.0
4105,41054,7227.051014217494,266000.0
4105,41055,7692.08878734038,430000.0
4106,41061,16255.158991676188,407080.0
4106,41062,14856.286065650453,387740.0
4106,41063,15183.576124899639,373570.0
4106,41064,15826.890650944897,372710.0
4106,41065,14727.52558971405,379460.0
4107,41071,2496.6517115885526,93200.0
4107,41072,2357.4775245960864,133200.0
4107,41073,2358.904914641078,125100.0
4107,41074,2415.590746302678,103200.0
4107,41075,2365.8689565866534,111200.0
4108,41081,3244.5874291567557,479420.0
4108,41082,3257.1239356340393,455870.0
4108,41083,3506.689022065505,461570.0
4108,41084,3345.9963115502005,471650.0
4108,41085,3561.5041766328986,460300.0
4109,41091,1206.2349543494815,729970.0
4109,41092,1203.483087797772,728870.0
4109,41093,1235.455738412614,728970.0
4109,41094,1228.6515083517397,729070.0
4109,41095,1292.848497809779,728870.0
4110,41101,8987.769174179968,600000.0
4110,41102,9016.494664514155,547000.0
4110,41103,9710.176871521106,636300.0
4110,41104,9254.00416236869,539000.0
4110,41105,9860.485770901118,568200.0
4111,41111,9331.922097279823,-18329.0
4111,41112,9356.312707351295,6071.0
4111,41113,9220.378340327352,-18719.0
4111,41114,9322.710883319312,-18759.0
4111,41115,9270.532901840543,-13929.0
4112,41121,499.2805941677481,10896900.0
4112,41122,534.7711237612758,10897900.0
4112,41123,561.0677797527298,10897900.0
4112,41124,534.3038888416295,10897900.0
4112,41125,502.5977692223972,10898900.0
4113,41131,7611.589133273216,4862000.0
4113,41132,7981.237599557108,4419000.0
4113,41133,8189.527172191216,4393000.0
4113,41134,2044.9320143253087,7146000.0
4113,41135,7842.057050537207,4415000.0
4114,41141,1682.3729020189835,4250.0
4114,41142,1686.7700777583643,5050.0
4114,41143,1662.2636263381537,5050.0
4114,41144,1680.7122905607744,4550.0
4114,41145,1671.3055658574544,5050.0
4115,41151,117.99752066928534,11328000.0
4115,41152,126.27733310788946,11328000.0
4115,41153,132.64156528087221,11328000.0
4115,41154,126.81771290639912,11329000.0
4115,41155,120.16717678505597,11328000.0
4116,41161,687.8622942674549,4809200.0
4116,41162,735.3316124524574,4809200.0
4116,41163,766.5283326206403,4809200.0
4116,41164,739.6735867817445,4809200.0
4116,41165,692.7213834766337,4809200.0
4117,41171,8597.709520742172,931700.0
4117,41172,8624.58815614398,932800.0
4117,41173,9291.071279364647,931900.0
4117,41174,8854.78984744509,931700.0
4117,41175,9431.223001416878,932800.0
4118,41181,13270.593404548024,1251910.0
4118,41182,13916.530515290444,1251910.0
4118,41183,15087.66631696092,1250910.0
4118,41184,13731.080098863324,1250910.0
4118,41185,15323.510657882365,1250910.0
4119,41191,11308.43550083927,140600.0
4119,41192,11192.055609899538,140600.0
4119,41193,11349.596664752691,140590.0
4119,41194,11348.678972472768,139600.0
4119,41195,11369.46453093374,140600.0
4120,41201,7871.124839588595,17100.0
4120,41202,7700.411777260611,17100.0
4120,41203,7757.093823364366,17100.0
4120,41204,7754.772870332288,17100.0
4120,41205,7666.868627721594,17100.0
4121,41211,1955.6605773593587,-12700.0
4121,41212,1987.4683514436795,-12700.0
4121,41213,1948.50525792753,-12700.0
4121,41214,1987.2530677799555,-12700.0
4121,41215,1957.7162733756613,-12700.0
4122,41221,8809.327353895587,-18870.0
4122,41222,8851.208174118137,-18870.0
4122,41223,8716.842171300594,-18870.0
4122,41224,8851.244590651397,-18970.0
4122,41225,8736.171310539341,-18870.0
4123,41231,47.50236471425843,376149500.0
4123,41232,47.08757090293143,404446500.0
4123,41233,47.45657006736023,408864400.0
4123,41234,48.41879490469197,411798300.0
4123,41235,47.7831461051983,399999300.0
4124,41241,1677.6816380708096,571120.0
4124,41242,1689.5991843677712,554200.0
4124,41243,1796.1424610009628,614590.0
4124,41244,1735.2929504674707,557000.0
4124,41245,1827.0499687144843,567010.0
4125,41251,19522.10370952409,138890.0
4125,41252,18722.921045093746,70665.0
4125,41253,18489.64897758327,162860.0
4125,41254,19162.60629824134,72481.0
4125,41255,18373.266399625052,145221.0
4126,41261,4524.716445141893,4500.0
4126,41262,4574.059426608291,7200.0
4126,41263,4562.222666752075,7200.0
4126,41264,4568.778975410778,5500.0
4126,41265,4574.188699161549,5500.0
4127,41271,45.83428465951159,92227700.0
4127,41272,46.24320097048494,92227700.0
4127,41273,46.606938104887966,92229700.0
4127,41274,47.5490001230814,92228700.0
4127,41275,46.09271745809314,92228700.0
4128,41281,11141.435351386059,-52050.0
4128,41282,11321.001529637644,-52040.0
4128,41283,11204.883160888474,-52050.0
4128,41284,11238.897672394387,-52050.0
4128,41285,11181.287371944518,-52050.0
4129,41291,8120.772917044461,834920.0
4129,41292,9565.689788327003,1070030.0
4129,41293,8883.365908439659,774390.0
4129,41294,8217.383914336691,1107230.0
4129,41295,7390.94956282459,1181320.0
4130,41301,2086.6698738955174,1973580.0
4130,41302,2440.2240051404397,2200580.0
4130,41303,1750.7216179985255,2188670.0
4130,41304,2076.331749030981,2510670.0
4130,41305,1883.7636799930879,2462580.0
4131,41311,3797.342961340265,25900.0
4131,41312,3851.552514290362,25900.0
4131,41313,3737.70882860771,25900.0
4131,41314,3835.355419802726,25900.0
4131,41315,3727.4532529881276,25900.0
4132,41321,7550.886139214638,490101.0
4132,41322,7252.082371055418,285101.0
4132,41323,7351.671282824015,280001.0
4132,41324,7317.074778467814,352101.0
4132,41325,7279.384223040672,295001.0
4133,41331,12028.355485545442,1392900.0
4133,41332,12066.714851748875,1393000.0
4133,41333,12994.448487273115,1391900.0
4133,41334,12386.235236658034,1393000.0
4133,41335,13197.071084299492,1393000.0
4134,41341,9019.765215989044,4470.0
4134,41342,9034.894345862967,4460.0
4134,41343,9102.215959047015,4470.0
4134,41344,8842.273838198393,4460.0
4134,41345,9109.7874237884,4460.0
4135,41351,13239.00507233811,-2430.0
4135,41352,12761.166689663425,-2430.0
4135,41353,13089.465617828555,-2420.0
4135,41354,12795.291906428525,-2430.0
4135,41355,12727.26128430563,-2430.0
4136,41361,789.393273544516,13897500.0
4136,41362,828.3025580658447,13853000.0
4136,41363,862.3959916330738,16671000.0
4136,41364,832.3891364510564,14085000.0
4136,41365,807.8716883747406,14460000.0
4137,41371,59.58156396840769,65255300.0
4137,41372,60.247887604925744,65845400.0
4137,41373,60.53867072816164,63382500.0
4137,41374,61.82379046784233,61225600.0
4137,41375,60.17778529179317,65954700.0
4138,41381,2434.0164183310717,2.0
4138,41382,2489.502606071445,2.0
4138,41383,2416.086391583061,2.0
4138,41384,2474.2618854235293,2.0
4138,41385,2427.010995416632,2.0
4139,41391,8851.858255814845,1280970.0
4139,41392,10424.611758313702,1418700.0
4139,41393,7466.173264917883,1288000.0
4139,41394,8950.75327085628,1262300.0
4139,41395,8054.127491548237,1693800.0
4140,41401,4119.83827723795,3798700.0
4140,41402,4462.884864245861,3801600.0
4140,41403,4628.060867127873,3805600.0
4140,41404,4450.602952068051,3787600.0
4140,41405,4210.221929792605,3795600.0
4141,41411,2413.291289797725,239600.0
4141,41412,2380.4646574613403,239600.0
4141,41413,2395.1888083925323,238600.0
4141,41414,2392.610749550416,239600.0
4141,41415,2375.1162370068414,238600.0
4142,41421,2852.331335786235,59000.0
4142,41422,2854.8219427904514,60000.0
4142,41423,2845.1095101899564,59000.0
4142,41424,2852.8082367844404,59000.0
4142,41425,2844.515927942418,59000.0
4143,41431,7666.273383703478,11600.0
4143,41432,8021.498765848698,10900.0
4143,41433,7820.965121492591,10600.0
4143,41434,7675.798491154841,12500.0
4143,41435,7967.809898329064,12100.0
4144,41441,3935.35569117911,11400.0
4144,41442,3966.10604908718,11500.0
4144,41443,3965.6848623842816,11400.0
4144,41444,4007.0318696559516,11400.0
4144,41445,3975.589407986425,11400.0
4145,41451,2259.1315443216454,-7000.0
4145,41452,2295.875111492987,-7000.0
4145,41453,2250.8658933056763,-7000.0
4145,41454,2295.6264210395775,-7000.0
4145,41455,2261.506234372534,-7000.0
4146,41461,11605.29756913226,159900.0
4146,41462,10701.05551627295,159800.0
4146,41463,10775.8405987878,159800.0
4146,41464,11121.447602683234,159800.0
4146,41465,10821.742388885712,159900.0
4147,41471,9780.420905104766,1794840.0
4147,41472,10114.688452407992,1794840.0
4147,41473,9219.700232169695,1795940.0
4147,41474,9581.863213203771,1796840.0
4147,41475,9584.985903245633,1794840.0
4148,41481,8828.200800733326,412850.0
4148,41482,8796.939436133729,412870.0
4148,41483,9666.33465639464,412840.0
4148,41484,9020.543185580509,412940.0
4148,41485,9781.777623477601,411890.0
4149,41491,53.25487370483804,87134000.0
4149,41492,53.45895003459393,84319100.0
4149,41493,53.75552818821226,90646600.0
4149,41494,54.924810603248446,87735600.0
4149,41495,53.721221238535065,82818700.0
4150,41501,1353.1916887811528,358120.0
4150,41502,1349.2055616591838,348800.0
4150,41503,1455.2750768019087,350070.0
4150,41504,1374.213588264947,528910.0
4150,41505,1474.1468406076478,445400.0
4151,41511,12740.662061543891,262500.0
4151,41512,11828.16916717975,262500.0
4151,41513,12205.48992646576,262500.0
4151,41514,12139.529782708903,262500.0
4151,41515,11929.1222353568,262500.0
4152,41521,13173.621951898802,484400.0
4152,41522,13217.682467994538,485500.0
4152,41523,14234.085876651181,484500.0
4152,41524,13566.712894699845,484500.0
4152,41525,14450.724288704896,483500.0
4153,41531,2738.5812012765614,73450.0
4153,41532,2662.0758783905944,69150.0
4153,41533,2708.98756438594,46660.0
4153,41534,2697.089991791882,36060.0
4153,41535,2678.026516672041,61460.0
4154,41541,10205.731047162564,72300.0
4154,41542,10278.309867849983,72300.0
4154,41543,10266.479058498557,75300.0
4154,41544,10297.030047309861,74300.0
4154,41545,10270.157295998315,75300.0
4155,41551,7027.219817080212,309600.0
4155,41552,7053.997044390011,305600.0
4155,41553,7595.773574283781,299400.0
4155,41554,7243.903508581699,297900.0
4155,41555,7711.317162318975,306600.0
4156,41561,47.83817597567266,46238500.0
4156,41562,46.88741902112745,44034500.0
4156,41563,46.99340170774367,44839500.0
4156,41564,47.54809655356013,42214500.0
4156,41565,48.65080445191185,43043500.0
4157,41571,1830.686692920323,1312000.0
4157,41572,2141.639864340543,1301000.0
4157,41573,1536.375054331965,1312000.0
4157,41574,1822.7158207661082,1312000.0
4157,41575,1652.693950747962,1313000.0
4158,41581,920.4469260823455,6388100.0
4158,41582,949.1989605206421,6386100.0
4158,41583,984.8235912693608,6386100.0
4158,41584,948.5588948334864,6385100.0
4158,41585,937.6965110574534,6386100.0
4159,41591,711.1319467245435,5823000.0
4159,41592,745.4610771383734,5835000.0
4159,41593,775.2858595270616,5818000.0
4159,41594,747.7442447230949,5819000.0
4159,41595,715.9343865266965,5825000.0
4160,41601,21387.49370898281,57861.0
4160,41602,21274.332838286195,59512.0
4160,41603,20655.225386402588,58551.0
4160,41604,21195.17812474555,59861.0
4160,41605,20663.61847930878,60401.0
4161,41611,681.5859749435249,21352000.0
4161,41612,685.90096803284,20997000.0
4161,41613,687.0771365210852,21182000.0
4161,41614,696.1383502559067,21170000.0
4161,41615,693.3518992589336,21401000.0
4162,41621,3092.861041417282,511390.0
4162,41622,3103.6088405347923,486390.0
4162,41623,3337.8415022804534,533390.0
4162,41624,3188.153743103519,500380.0
4162,41625,3387.774402369738,535380.0
4163,41631,4969.760494575992,209710.0
4163,41632,4642.349140948423,209710.0
4163,41633,4835.641043619376,209710.0
4163,41634,4644.137555307496,209710.0
4163,41635,4725.8885008816305,210710.0
4164,41641,118.94097130339466,3119100.0
4164,41642,127.2869850846304,2948400.0
4164,41643,133.7021025545682,3047780.0
4164,41644,127.83168549649429,4694100.0
4164,41645,121.12797493144026,5266270.0
4165,41651,9397.057638271175,602210.0
4165,41652,9434.734301063238,602200.0
4165,41653,10155.499168378437,604200.0
4165,41654,9689.664291736464,602300.0
4165,41655,10312.234581842204,603300.0
4166,41661,3498.937191688966,83370.0
4166,41662,3428.5443436444084,82370.0
4166,41663,3479.4371182385235,81470.0
4166,41664,3510.875528394263,82370.0
4166,41665,3448.3814727121926,83370.0
4167,41671,10679.468970745495,1451380.0
4167,41672,12576.943121727783,1705680.0
4167,41673,9007.686680988341,1738180.0
4167,41674,10798.782476901404,1884580.0
4167,41675,9717.033660803883,1518980.0
4168,41681,8368.489407774356,214000.0
4168,41682,8397.110589018397,207000.0
4168,41683,9045.779219477738,205000.0
4168,41684,8623.717285886012,216000.0
4168,41685,9182.217546583828,210000.0
4169,41691,3258.0866381468163,256000.0
4169,41692,2926.3666343536306,254300.0
4169,41693,2987.469751134472,255500.0
4169,41694,3093.9912500260366,256500.0
4169,41695,2954.2961600680705,254700.0
4170,41701,979.9470788117533,6495400.0
4170,41702,1073.791093348899,6858700.0
4170,41703,1164.6977837554452,6224800.0
4170,41704,1042.7400029994535,9403300.0
4170,41705,1009.4188737867131,12100400.0
4171,41711,11809.672478414694,224940.0
4171,41712,11342.339959791449,226890.0
4171,41713,11498.098159396772,239380.0
4171,41714,11443.988829999927,230690.0
4171,41715,11385.040369260683,219140.0
4172,41721,1251.2715970786967,1499050.0
4172,41722,1463.8076213609243,1537050.0
4172,41723,1050.1100354201878,1572050.0
4172,41724,1245.8235179676808,1970350.0
4172,41725,1129.6138259113395,2062050.0
4173,41731,3553.147347041693,13387000.0
4173,41732,3673.27755269524,15687000.0
4173,41733,3828.665724957517,15688000.0
4173,41734,3683.105518911979,13388000.0
4173,41735,3597.447357834557,15688000.0
4174,41741,6003.6917921708455,9990460.0
4174,41742,6433.943296844689,9980170.0
4174,41743,6614.384272404603,9971100.0
4174,41744,6369.19818790949,10017300.0
4174,41745,6133.235369223934,10017400.0
4175,41751,9776.283281225315,64580.0
4175,41752,9762.174929564473,63270.0
4175,41753,9761.968611745766,65275.0
4175,41754,9998.496935985306,64975.0
4175,41755,9786.103913913277,64370.0
4176,41761,8198.457034615318,-11700.0
4176,41762,7998.897182868548,-11700.0
4176,41763,8076.313882374961,-11800.0
4176,41764,8027.6451612640885,-11700.0
4176,41765,7968.980446516696,-11800.0
4177,41771,2164.6889240817623,6070.0
4177,41772,2117.74002125674,5350.0
4177,41773,2133.3285171700527,6920.0
4177,41774,2132.6902168731763,12240.0
4177,41775,2108.5151028663317,8250.0
4178,41781,1700.7923885737473,87000.0
4178,41782,1713.9617574549222,35000.0
4178,41783,1713.203137962253,35000.0
4178,41784,1730.333817895089,55000.0
4178,41785,1717.2634636559123,35000.0
4179,41791,14671.969794925744,175300.0
4179,41792,14438.269479532828,177300.0
4179,41793,14724.233160337468,175300.0
4179,41794,14538.931284320448,174300.0
4179,41795,14532.049089567608,174300.0
4180,41801,521.6131518479526,28444000.0
4180,41802,500.35134755741853,31334000.0
4180,41803,515.1869273808944,28525000.0
4180,41804,508.95323102749063,29174000.0
4180,41805,519.7278162141658,31753000.0
4181,41811,61.73465962873094,67695000.0
4181,41812,60.79262841588187,65639300.0
4181,41813,62.714450530592885,67322300.0
4181,41814,62.658579576550814,65086000.0
4181,41815,61.09628439554672,63422100.0
4182,41821,46.881009682938846,395077900.0
4182,41822,46.471641585114284,386606500.0
4182,41823,46.83581405325651,407210100.0
4182,41824,47.78545250152041,416955500.0
4182,41825,47.15811831082765,400639500.0
4183,41831,6767.3476574020915,7100.0
4183,41832,6742.239530408942,7400.0
4183,41833,6777.309759390019,12300.0
4183,41834,6717.887585243172,5700.0
4183,41835,6767.378907193552,6800.0
4184,41841,7752.031124902887,1339940.0
4184,41842,7776.807116679405,1403900.0
4184,41843,8709.252294948828,1350040.0
4184,41844,7981.661178254297,1164010.0
4184,41845,8504.756978214415,1181100.0
4185,41851,11052.747996114014,200800.0
4185,41852,10329.38754652363,199800.0
4185,41853,10621.452277135555,201800.0
4185,41854,10631.434238360594,199800.0
4185,41855,10484.789697047265,199800.0
4186,41861,3527.1955544557663,239800.0
4186,41862,3425.878900366789,239800.0
4186,41863,3503.903282927879,239800.0
4186,41864,3489.4543700521012,239900.0
4186,41865,3458.7817542967227,240800.0
4187,41871,2804.389039380828,210300.0
4187,41872,2697.2404918826787,201730.0
4187,41873,2697.6502930341967,230600.0
4187,41874,2754.6660704734395,132900.0
4187,41875,2664.6563030928382,186160.0
4188,41881,8493.075407910052,1038100.0
4188,41882,8521.481360887818,1029100.0
4188,41883,9176.759827667676,1032100.0
4188,41884,8746.50237215465,1031100.0
4188,41885,9316.427291675696,1031100.0
4189,41891,658.8360213865398,17488180.0
4189,41892,696.2693013515718,17493180.0
4189,41893,717.0795920237916,17485180.0
4189,41894,691.8369289776833,17493180.0
4189,41895,671.083321960962,17476680.0
4190,41901,2833.7562031889906,266000.0
4190,41902,2804.5928199913365,349000.0
4190,41903,2844.0706895351764,274000.0
4190,41904,2843.8407270270413,378000.0
4190,41905,2849.049334815551,398000.0
4191,41911,7058.700239677611,100.0
4191,41912,7037.24333103344,100.0
4191,41913,7067.816490193383,100.0
4191,41914,7009.229100382181,100.0
4191,41915,7056.312557462801,100.0
4192,41921,3164.7136549078186,3654600.0
4192,41922,3443.539987873227,3653600.0
4192,41923,3741.6952786803427,3656600.0
4192,41924,3313.3736048729393,3654600.0
4192,41925,3234.200519703168,3653600.0
4193,41931,2466.084020531223,449610.0
4193,41932,2467.3500902512014,449760.0
4193,41933,2511.9677487511426,449700.0
4193,41934,2467.9741564592578,450770.0
4193,41935,2505.4408272983565,450600.0
4194,41941,1697.722822679667,4711.0
4194,41942,1722.583978146295,4706.0
4194,41943,1704.7141747410817,4711.0
4194,41944,1704.36181364449,4806.0
4194,41945,1705.968003646296,4811.0
4195,41951,8272.311760138015,290450.0
4195,41952,8299.400350666894,291450.0
4195,41953,8942.402107386972,290450.0
4195,41954,8525.570885771029,291450.0
4195,41955,9079.051597105163,292450.0
4196,41961,3746.3555682071355,16590000.0
4196,41962,4106.006726860259,16590000.0
4196,41963,4454.181221886677,16590000.0
4196,41964,3989.2704735915204,16590000.0
4196,41965,3860.08275504958,16590000.0
4197,41971,4354.594050901951,28160.0
4197,41972,4008.366521830274,27310.0
4197,41973,4100.126903570858,31390.0
4197,41974,4181.574391224005,27060.0
4197,41975,4087.9258747741324,31300.0
4198,41981,1839.309613855184,18800.0
4198,41982,1862.1949819632223,18800.0
4198,41983,1863.534579801641,17700.0
4198,41984,1853.4241635173234,18700.0
4198,41985,1860.3308365155233,18800.0
4199,41991,121.11856044324456,6152000.0
4199,41992,129.61737429641437,5770000.0
4199,41993,136.149940699048,6077000.0
4199,41994,130.17204716510568,5795000.0
4199,41995,123.34560406169092,6009000.0
4200,42001,5469.522548074098,2139260.0
4200,42002,6441.753759363599,1938920.0
4200,42003,4613.356486796836,1852460.0
4200,42004,5530.756549511325,2039320.0
4200,42005,4975.35351452951,2126300.0
4201,42011,12800.075064279163,27700.0
4201,42012,12408.753702949516,26700.0
4201,42013,12656.473837481422,26700.0
4201,42014,12528.702363743705,26700.0
4201,42015,12490.826668785721,27700.0
4202,42021,3193.4313060467653,313080.0
4202,42022,3065.2130565371635,313180.0
4202,42023,3103.594721370557,310850.0
4202,42024,3090.9995769111215,318380.0
4202,42025,3071.2528613573472,313680.0
4203,42031,1202.593471342624,2345220.0
4203,42032,557.3996720733871,3276950.0
4203,42033,605.7091855559426,4928430.0
4203,42034,1195.7489529345717,2860500.0
4203,42035,523.5784723288267,3860700.0
4204,42041,4.799491650424538,1584468000.0
4204,42042,4.810265946647509,1591148000.0
4204,42043,4.855426990452081,1678323000.0
4204,42044,4.941738520738013,1751289000.0
4204,42045,4.823392355436335,1602108000.0
4205,42051,13849.59202141641,19000.0
4205,42052,14352.449595487094,19000.0
4205,42053,14119.702189987784,20000.0
4205,42054,14464.088202106135,20000.0
4205,42055,14225.814480323821,19000.0
4206,42061,7502.846763986859,3305200.0
4206,42062,7803.96339980356,2499700.0
4206,42063,8106.728036262293,3237200.0
4206,42064,7801.54480057296,2525300.0
4206,42065,7660.827555888322,2530100.0
4207,42071,8129.514104965305,21910.0
4207,42072,8065.941273337112,27720.0
4207,42073,8147.931391433614,26530.0
4207,42074,8311.187163478653,27750.0
4207,42075,8169.748056307323,27120.0
4208,42081,3817.5453544681923,3669210.0
4208,42082,3947.7898576293687,4039600.0
4208,42083,4100.566130010602,3569800.0
4208,42084,3936.1342347383625,5271400.0
4208,42085,3846.4700997214763,4131530.0
4209,42091,7944.395145479332,81760.0
4209,42092,7952.457141542574,81940.0
4209,42093,7910.704447798026,80910.0
4209,42094,7840.924321462789,85740.0
4209,42095,7922.135333545545,83840.0
4210,42101,5339.156375403061,1949200.0
4210,42102,6288.2144375094085,1948200.0
4210,42103,4503.397048278281,1949200.0
4210,42104,5398.930863265829,1949200.0
4210,42105,4856.765870055313,1948200.0
4211,42111,9833.483408743594,770400.0
4211,42112,9871.478232781981,577400.0
4211,42113,10627.843777064223,654400.0
4211,42114,10140.82681812564,583400.0
4211,42115,10793.97396302943,770400.0
4212,42121,3954.196672337663,4870.0
4212,42122,3975.595463237312,4470.0
4212,42123,3914.2959082870125,4800.0
4212,42124,3980.163256097435,4380.0
4212,42125,3924.0915778122426,4910.0
4213,42131,124.21732953696774,13866000.0
4213,42132,130.35501914588858,14996000.0
4213,42133,136.6073007656683,15920000.0
4213,42134,130.54297505529354,16607000.0
4213,42135,126.46230901297672,14663000.0
4214,42141,12255.714820734775,89350.0
4214,42142,11636.1325110611,88450.0
4214,42143,11712.141328028167,101650.0
4214,42144,11848.925444191613,87540.0
4214,42145,11583.975679212508,86350.0
4215,42151,3025.719774791113,276200.0
4215,42152,3052.6438195671044,277200.0
4215,42153,3161.3012101607274,259200.0
4215,42154,3163.889994328056,277200.0
4215,42155,3233.2349920745605,277200.0
4216,42161,7999.888557833471,116540.0
4216,42162,7713.712930578809,100960.0
4216,42163,7638.164923447858,111540.0
4216,42164,7751.014978851917,113450.0
4216,42165,7588.997848966399,109550.0
4217,42171,776.9603377330719,20097200.0
4217,42172,707.7781235195496,17576700.0
4217,42173,730.6051177813772,15585400.0
4217,42174,705.2881439735759,19735200.0
4217,42175,681.2514967055139,15795400.0
4218,42181,17609.762506472463,-8900.0
4218,42182,17071.400332647776,-6400.0
4218,42183,17412.20245414095,-12800.0
4218,42184,17236.42025783944,-13700.0
4218,42185,17184.312595218067,-8100.0
4219,42191,1006.9865665385532,1012500.0
4219,42192,1096.8313070274185,1033200.0
4219,42193,1191.351971885606,1191900.0
4219,42194,1056.59803920203,1073400.0
4219,42195,1029.6497407789475,1294700.0
4220,42201,1140.726533555872,4751950.0
4220,42202,1213.9087482930759,4813850.0
4220,42203,1269.8554043755853,4762950.0
4220,42204,1211.1357692283075,4751850.0
4220,42205,1164.7496666628824,4802850.0
4221,42211,12489.281749926886,1722000.0
4221,42212,15222.86299863659,1729000.0
4221,42213,10296.941343485509,1732000.0
4221,42214,13056.377149239639,1722000.0
4221,42215,11356.17180202316,1742000.0
4222,42221,15405.73888371963,185200.0
4222,42222,14720.002297814553,186800.0
4222,42223,14819.486267669618,186000.0
4222,42224,15366.788111310307,187200.0
4222,42225,14150.486673515372,186700.0
4223,42231,9386.48138776952,3620.0
4223,42232,9377.928476793077,3620.0
4223,42233,9433.658961378283,3620.0
4223,42234,9402.936702725015,4730.0
4223,42235,9397.783060632819,3720.0
4224,42241,240.38497553751827,899500.0
4224,42242,249.74463861846334,900500.0
4224,42243,257.1146971436741,900500.0
4224,42244,256.9162420023594,898500.0
4224,42245,257.83374950057623,901500.0
4225,42251,11012.133918819087,-34700.0
4225,42252,11096.179265819603,-34700.0
4225,42253,11094.812294217547,-34700.0
4225,42254,11210.361208486418,-34700.0
4225,42255,11122.015763014731,-34700.0
4226,42261,1738.5571570304862,6640000.0
4226,42262,1848.8769949131718,6651000.0
4226,42263,1924.2858044149093,6643000.0
4226,42264,1848.7292501029847,6644000.0
4226,42265,1749.9211673677903,6655000.0
4227,42271,6245.013091428912,7500.0
4227,42272,6402.718777720357,7600.0
4227,42273,6330.664137339969,7600.0
4227,42274,6362.118061097997,7500.0
4227,42275,6351.452032475715,7600.0
4228,42281,112.22748096770734,44534000.0
4228,42282,92.8778094225235,41359000.0
4228,42283,113.13887215038979,44564300.0
4228,42284,115.78993928461914,42149100.0
4228,42285,95.11731418829854,42821500.0
4229,42291,2913.8344998262996,-47660.0
4229,42292,2980.2586894431433,-47660.0
4229,42293,2892.369923775089,-46660.0
4229,42294,2962.0135628730627,-47660.0
4229,42295,2905.4480966696738,-47660.0
4230,42301,8501.46655075785,442180.0
4230,42302,8071.678622580823,442170.0
4230,42303,8124.403936808514,442170.0
4230,42304,8219.28747524326,442170.0
4230,42305,8035.498802159079,443180.0
4231,42311,1689.5782247844734,62700.0
4231,42312,1664.6665825895961,56440.0
4231,42313,1646.2587706880477,48580.0
4231,42314,1712.5857837696174,59520.0
4231,42315,1665.6375834831783,60750.0
4232,42321,8087.131026149674,200.0
4232,42322,7853.096270100446,460.0
4232,42323,8019.379079367539,200.0
4232,42324,8100.315104428375,200.0
4232,42325,7910.138804888695,200.0
4233,42331,4949.692289029212,-63100.0
4233,42332,4984.915016850253,-65100.0
4233,42333,4917.673823294094,-63100.0
4233,42334,5020.720479765195,-63100.0
4233,42335,4917.5064568963735,-63090.0
4234,42341,1810.914753524954,17122820.0
4234,42342,1892.1287254258034,16872510.0
4234,42343,1969.244365879745,17578710.0
4234,42344,1892.0393367873944,17860320.0
4234,42345,1823.2455981725896,17487820.0
4235,42351,1792.3139652446687,9196870.0
4235,42352,1848.4169575629226,11923880.0
4235,42353,1972.5009306142965,13111880.0
4235,42354,1851.2435625304631,8351870.0
4235,42355,1772.0907670744914,10473870.0
4236,42361,7680.669060749431,1223900.0
4236,42362,7710.865355586953,1222800.0
4236,42363,8301.19871608848,1224800.0
4236,42364,7920.908928157808,1223900.0
4236,42365,8428.756505574205,1223800.0
4237,42371,14691.581328780614,322601.0
4237,42372,14802.678557116004,322751.0
4237,42373,14776.877964712714,322951.0
4237,42374,14831.078380738658,322971.0
4237,42375,14786.288332124057,323011.0
4238,42381,43.74161210229836,37528500.0
4238,42382,43.635793055122605,37528500.0
4238,42383,43.73569724360233,37528500.0
4238,42384,44.249207176254075,37527500.0
4238,42385,44.47260234763904,37528500.0
4239,42391,5692.083811722834,-12600.0
4239,42392,5632.215221791504,-12600.0
4239,42393,5607.710627722006,-12600.0
4239,42394,5747.926456919191,-12600.0
4239,42395,5620.2937608517095,-12600.0
4240,42401,2237.1470636209933,510170.0
4240,42402,2280.236076238074,511700.0
4240,42403,2271.681329858283,509970.0
4240,42404,2273.1774405477495,507560.0
4240,42405,2285.1312263909927,510310.0
4241,42411,1982.8672098100142,14970.0
4241,42412,1986.4465480521437,11340.0
4241,42413,1993.6648828644757,10120.0
4241,42414,1998.621520763524,12200.0
4241,42415,1989.4215044661294,9700.0
4242,42421,3149.6711900721552,8650090.0
4242,42422,3362.368502727776,8687520.0
4242,42423,3464.2751234793577,7861000.0
4242,42424,3329.249085666476,5727470.0
4242,42425,3176.996369580377,10189400.0
4243,42431,53.25487370483804,65345000.0
4243,42432,53.45895003459393,76282000.0
4243,42433,53.75552818821226,56204000.0
4243,42434,54.924810603248446,61360000.0
4243,42435,53.721221238535065,81950000.0
4244,42441,3220.832851195101,1880.0
4244,42442,3170.457218988102,455.0
4244,42443,3138.8524589606336,400.0
4244,42444,3267.0575022641274,145.0
4244,42445,3136.8808736718483,2020.0
4245,42451,2892.1910695434362,62500.0
4245,42452,2732.6320123548817,64500.0
4245,42453,2763.515330347936,64500.0
4245,42454,2841.74959428899,60500.0
4245,42455,2752.232668295073,57500.0
4246,42461,10999.83578874366,1042200.0
4246,42462,11046.316260052961,984600.0
4246,42463,11891.6973664683,948000.0
4246,42464,11350.477135938669,1042300.0
4246,42465,12074.409984705111,1076900.0
4247,42471,2385.0018380558136,369600.0
4247,42472,2287.1597593714355,74300.0
4247,42473,2374.962145690275,425500.0
4247,42474,2349.1584789271465,259900.0
4247,42475,2351.5882716626456,325400.0
4248,42481,888.9215583977566,1710500.0
4248,42482,1039.6056998864844,1710500.0
4248,42483,745.8144134290616,1715500.0
4248,42484,884.5378635987317,1720500.0
4248,42485,802.281153685444,1727500.0
4249,42491,11235.219314712129,10402.0
4249,42492,10644.24555661689,10502.0
4249,42493,10739.835546435663,10502.0
4249,42494,11107.507611151706,10502.0
4249,42495,10713.96699189939,10412.0
4250,42501,54.373612600177445,107073300.0
4250,42502,54.581976014134895,101307200.0
4250,42503,54.884784461675224,104579100.0
4250,42504,56.07863029459853,98417900.0
4250,42505,54.84975681703977,109875100.0
4251,42511,3712.6051184741336,3439500.0
4251,42512,4000.239465464293,3440500.0
4251,42513,4160.796558851684,3439500.0
4251,42514,4005.589628083224,3438500.0
4251,42515,3791.55629593255,3440500.0
4252,42521,18704.903450820646,-15598.0
4252,42522,17969.828674903896,-57426.0
4252,42523,18442.895193771205,-15445.0
4252,42524,18275.83356393827,-13418.0
4252,42525,18115.261377777148,-16122.0
4253,42531,6749.298132427367,1340600.0
4253,42532,7797.257765443743,1624600.0
4253,42533,7255.347311572548,1138600.0
4253,42534,6844.167372662387,1077600.0
4253,42535,7349.15422172704,1111600.0
4254,42541,2290.261153460969,7300.0
4254,42542,2291.005379005398,8240.0
4254,42543,2295.1214168565775,4490.0
4254,42544,2292.38621731309,5370.0
4254,42545,2295.890319180701,5680.0
4255,42551,7264.1550953183205,476500.0
4255,42552,7284.172886259493,477500.0
4255,42553,7850.530808971171,476600.0
4255,42554,7476.272904365063,477500.0
4255,42555,7967.262771902739,478500.0
4256,42561,5577.543228405096,40801.0
4256,42562,5440.357168598209,39901.0
4256,42563,5545.078273215601,39801.0
4256,42564,5586.761032373847,40701.0
4256,42565,5519.599696350106,39801.0
4257,42571,15287.900587841074,94500.0
4257,42572,13739.650200043918,94500.0
4257,42573,14043.30959684127,93500.0
4257,42574,14534.5806851462,94500.0
4257,42575,13895.62153755499,93500.0
4258,42581,11179.026605947794,469500.0
4258,42582,11211.015729522454,472600.0
4258,42583,11267.918875510368,469200.0
4258,42584,11195.019327760805,478400.0
4258,42585,11256.115650182415,474800.0
4259,42591,48.52910842127454,49925000.0
4259,42592,57.63331629859132,54057000.0
4259,42593,47.672132978467566,46494700.0
4259,42594,48.23483934768698,49945000.0
4259,42595,58.96347779609979,54988100.0
4260,42601,12285.277352139889,220010.0
4260,42602,11664.200521603443,219020.0
4260,42603,11740.392682673366,219020.0
4260,42604,11877.506741625864,219920.0
4260,42605,11611.917880040604,219020.0
4261,42611,9246.220670911156,90.0
4261,42612,9322.611563199207,100.0
4261,42613,9109.186246691235,90.0
4261,42614,9379.86060318667,90.0
4261,42615,9110.706333218033,90.0
4262,42621,445.84818684013527,53902000.0
4262,42622,539.7465278209816,61217000.0
4262,42623,545.9824687786088,55965000.0
4262,42624,454.2483076083372,44973000.0
4262,42625,453.2115604765655,47214000.0
4263,42631,11089.259678879886,296100.0
4263,42632,10573.697188053911,297100.0
4263,42633,10743.840833867574,296100.0
4263,42634,10632.421871727922,296100.0
4263,42635,10526.587038551672,296100.0
4264,42641,1995.0956540005895,1217000.0
4264,42642,2117.7661377474433,1218000.0
4264,42643,1920.4160077285803,1218000.0
4264,42644,1985.0752661481129,1218000.0
4264,42645,1962.662692206868,1218000.0
4265,42651,18983.535504944033,219000.0
4265,42652,18206.40038104097,219000.0
4265,42653,17979.563732604543,220000.0
4265,42654,18633.955768427608,220000.0
4265,42655,17866.3918719434,219000.0
4266,42661,40.14957481999574,19165001.0
4266,42662,41.45188527866038,19172001.0
4266,42663,43.0081862043686,19166001.0
4266,42664,41.48463498102693,19182001.0
4266,42665,40.97734901017821,19505001.0
4267,42671,17433.497566411177,69300.0
4267,42672,16281.70773235508,69300.0
4267,42673,16929.371932640366,69300.0
4267,42674,16932.79817995644,69300.0
4267,42675,16052.315246094347,69300.0
4268,42681,44.198604353663924,399174000.0
4268,42682,44.67932087300996,414791000.0
4268,42683,45.134091696578324,400707000.0
4268,42684,46.072631602276196,413220000.0
4268,42685,44.47358346540138,409914020.0
4269,42691,6425.119250844079,142170.0
4269,42692,6542.113962194527,142180.0
4269,42693,6540.31916169213,142170.0
4269,42694,6639.840006358121,141180.0
4269,42695,6564.447479610293,142180.0
4270,42701,2095.667676504342,-7800.0
4270,42702,2062.6904840289926,-7800.0
4270,42703,2089.362196816507,-7800.0
4270,42704,2102.865119413188,-7800.0
4270,42705,2089.6645900079798,-7800.0
4271,42711,11826.63148253452,1835500.0
4271,42712,13921.562557417676,1886500.0
4271,42713,9974.399627078816,1835500.0
4271,42714,11949.902668666506,1972500.0
4271,42715,10758.736253739331,2406500.0
4272,42721,1959.5296659135706,1808000.0
4272,42722,2080.013338739944,2099000.0
4272,42723,1886.1813119053306,2656000.0
4272,42724,1949.6879085915516,1691000.0
4272,42725,1927.674877066329,2796000.0
4273,42731,15879.615854029913,6500.0
4273,42732,15395.638327370796,12600.0
4273,42733,15347.993219064763,11600.0
4273,42734,15712.06099827911,8800.0
4273,42735,15135.414805811388,11600.0
4274,42741,2479.027633499944,13350.0
4274,42742,2542.453159958489,13350.0
4274,42743,2503.4492367252838,14050.0
4274,42744,2551.303274672799,11350.0
4274,42745,2515.857005983145,11350.0
4275,42751,5061.9128433119,1538850.0
4275,42752,5045.922867604235,1505850.0
4275,42753,5540.442890849165,1511850.0
4275,42754,5174.986150335938,1500850.0
4275,42755,5608.856047714526,1540850.0
4276,42761,50.22931072398319,32189000.0
4276,42762,49.15481933348664,32188000.0
4276,42763,50.54442697231004,32190000.0
4276,42764,50.004628589340356,32190000.0
4276,42765,50.1019005084908,32188000.0
4277,42771,4430.708173699622,55200.0
4277,42772,4064.0971928039166,55200.0
4277,42773,4151.92069311316,55200.0
4277,42774,4218.274687294868,55200.0
4277,42775,4030.4053347413837,55200.0
4278,42781,19464.169653233417,53480.0
4278,42782,18482.575938026224,58680.0
4278,42783,18232.890959735247,52980.0
4278,42784,18673.99999975937,58780.0
4278,42785,18085.876180196017,54480.0
4279,42791,808.7824541893525,10315500.0
4279,42792,827.9828921292341,10277500.0
4279,42793,859.6748181047427,10482500.0
4279,42794,828.4432229707047,10311500.0
4279,42795,822.9197504341251,10717500.0
4280,42801,7343.544462003674,5200.0
4280,42802,7215.651120544307,3500.0
4280,42803,7152.277350705738,3700.0
4280,42804,7397.81591641525,5200.0
4280,42805,7224.326271586928,3500.0
4281,42811,14540.757190777218,249900.0
4281,42812,13068.172199127659,249900.0
4281,42813,13356.99129054954,249900.0
4281,42814,13824.253199328052,249900.0
4281,42815,13216.520975628271,249900.0
4282,42821,3590.787923786159,-73149.0
4282,42822,3518.547190434413,-74259.0
4282,42823,3570.775953172592,-74259.0
4282,42824,3603.039654218273,-73249.0
4282,42825,3538.9050647250356,-73259.0
4283,42831,20005.110573924198,156600.0
4283,42832,18512.6443233614,153090.0
4283,42833,18913.214854917234,155500.0
4283,42834,19188.05231656936,156200.0
4283,42835,18431.01119161142,156200.0
4284,42841,54.948037677805345,129920000.0
4284,42842,55.1586023280705,162575000.0
4284,42843,55.464609767873185,132615000.0
4284,42844,56.671067876355536,154142000.0
4284,42845,55.4292120768765,150888000.0
4285,42851,4224.470333379832,945000.0
4285,42852,4221.580502526243,793000.0
4285,42853,4576.841898858554,779000.0
4285,42854,4316.020043826887,1036000.0
4285,42855,4636.126784343288,771000.0
4286,42861,450.4510551103716,4981300.0
4286,42862,455.151282944157,7955000.0
4286,42863,485.1452855148282,6377000.0
4286,42864,456.90377889811845,6590000.0
4286,42865,450.425045512873,5287000.0
4287,42871,4666.140956182984,108200.0
4287,42872,4528.569281737409,108200.0
4287,42873,4468.822933410767,108200.0
4287,42874,4525.212106286914,109200.0
4287,42875,4425.574392879078,109200.0
4288,42881,7610.500082048423,22261.0
4288,42882,7589.182151742646,23251.0
4288,42883,8184.093391363674,89346.0
4288,42884,7727.855187074421,23246.0
4288,42885,8288.606757513435,60261.0
4289,42891,13688.55036343555,409800.0
4289,42892,12550.647912928198,358500.0
4289,42893,13011.002170226646,470000.0
4289,42894,6473.213735890377,549000.0
4289,42895,12569.240382968897,303100.0
4290,42901,3871.6157908793202,-36700.0
4290,42902,3980.177918762968,-35700.0
4290,42903,3926.3530895418817,-35700.0
4290,42904,3968.595746879831,-34700.0
4290,42905,3945.867582361772,-34700.0
4291,42911,13825.55168492721,424400.0
4291,42912,13259.57061049058,423400.0
4291,42913,13094.367358115564,423400.0
4291,42914,13570.955658072664,423300.0
4291,42915,13011.945229295427,423300.0
4292,42921,6575.052636404704,581740.0
4292,42922,6596.583366113376,554840.0
4292,42923,7107.658204480527,565640.0
4292,42924,6776.349701840632,590840.0
4292,42925,7216.270840668207,548640.0
4293,42931,10467.062700761257,1840.0
4293,42932,10492.415633297713,1840.0
4293,42933,10548.607059928032,1840.0
4293,42934,10371.907646955546,1840.0
4293,42935,10402.504097938176,1840.0
4294,42941,110.28512484829074,1037000.0
4294,42942,113.08828222437712,1097700.0
4294,42943,299.2439052521138,995400.0
4294,42944,298.40337892031994,1070100.0
4294,42945,116.58432033043134,1080600.0
4295,42951,2044.9302909695548,897700.0
4295,42952,2051.2914443135637,876700.0
4295,42953,2205.4198071084015,907800.0
4295,42954,2104.9665265652875,862700.0
4295,42955,2238.130542458781,901700.0
4296,42961,2839.300433486458,33870.0
4296,42962,2735.13630399837,39470.0
4296,42963,2800.697190410286,37770.0
4296,42964,2791.3179697290343,36270.0
4296,42965,2755.5675862104613,37970.0
4297,42971,2754.0012834783165,200.0
4297,42972,2641.887447603143,230.0
4297,42973,2653.3231379134118,200.0
4297,42974,2774.0762300049646,290.0
4297,42975,2677.9212799345405,191.0
4298,42981,2170.030546996294,180400.0
4298,42982,2087.119218406662,192300.0
4298,42983,2087.43632170599,212800.0
4298,42984,2131.555014571519,184300.0
4298,42985,2061.9056392526586,143930.0
4299,42991,14221.283625601998,492900.0
4299,42992,13639.102344904071,491900.0
4299,42993,13469.170441900273,493900.0
4299,42994,13959.400238207245,493900.0
4299,42995,13384.38912556012,496800.0
4300,43001,2936.7598333778924,4096000.0
4300,43002,3057.8296614216088,5119300.0
4300,43003,3152.67630874083,4730200.0
4300,43004,3031.536469796712,4077800.0
4300,43005,2959.373658999203,4093300.0
4301,43011,2859.0689053389715,3630.0
4301,43012,2848.4810614050134,3630.0
4301,43013,2863.4335115268773,3630.0
4301,43014,2837.8117184058947,3630.0
4301,43015,2858.918183814598,3630.0
4302,43021,6566.553701490712,2396400.0
4302,43022,7734.930692990181,2391700.0
4302,43023,5540.505313228972,2412400.0
4302,43024,6644.674504566305,2395700.0
4302,43025,5976.409844860002,2391500.0
4303,43031,3810.330919284542,10294300.0
4303,43032,4172.774235230636,10294300.0
4303,43033,4529.63126844052,10294300.0
4303,43034,4051.974529378632,10294200.0
4303,43035,3924.3804822866505,10294300.0
4304,43041,879.0374614951108,7865500.0
4304,43042,929.1200340667777,7871800.0
4304,43043,966.6692389999604,7865200.0
4304,43044,932.5559263879413,7872000.0
4304,43045,900.7289771926047,7872600.0
4305,43051,2846.0969115240546,90030.0
4305,43052,2731.824353589486,94920.0
4305,43053,2766.031426569145,92380.0
4305,43054,2754.806196304029,91490.0
4305,43055,2737.2072374524887,90980.0
4306,43061,4242.260416990394,35800.0
4306,43062,4224.619721356108,34900.0
4306,43063,4163.8251926524,37500.0
4306,43064,4285.48232622813,31730.0
4306,43065,4172.314386195534,33560.0
4307,43071,879.0374614951108,9031500.0
4307,43072,929.1200340667777,5366700.0
4307,43073,966.6692389999604,7056600.0
4307,43074,932.5559263879413,9499800.0
4307,43075,900.7289771926047,11694500.0
4308,43081,583.9846149827257,3029480.0
4308,43082,624.3381880078314,3043480.0
4308,43083,570.7199325809333,3090480.0
4308,43084,1197.183214153706,3475480.0
4308,43085,1130.9165060519852,3399480.0
4309,43091,13025.820952201064,264400.0
4309,43092,12395.355063730103,264400.0
4309,43093,12400.71910170848,264400.0
4309,43094,12756.99979632879,264400.0
4309,43095,12281.735258253768,264400.0
4310,43101,2054.1620408684894,250.0
4310,43102,2047.614389472857,250.0
4310,43103,2057.384413439521,250.0
4310,43104,2040.7075231106573,250.0
4310,43105,2054.0501155249203,250.0
4311,43111,15400.165343629062,61260.0
4311,43112,14714.676845815184,60260.0
4311,43113,14814.124824024631,61260.0
4311,43114,15361.228662961334,61160.0
4311,43115,14145.36726279633,61060.0
4312,43121,24505.61741949023,65000.0
4312,43122,24112.519108118024,60200.0
4312,43123,23874.5980516942,64400.0
4312,43124,24320.959453553856,70400.0
4312,43125,23566.614709304704,63400.0
4313,43131,125.9970153171864,4404600.0
4313,43132,132.222640795934,4416200.0
4313,43133,138.5645000675126,4303500.0
4313,43134,132.41328958611922,4318100.0
4313,43135,128.27415904970636,4288400.0
4314,43141,7505.717326260185,1544000.0
4314,43142,8839.29530192281,1543000.0
4314,43143,6330.759532727756,1544000.0
4314,43144,7589.572942383464,1544000.0
4314,43145,6829.300979996007,1543000.0
4315,43151,4627.670694637187,1912400.0
4315,43152,5410.965978663838,1914900.0
4315,43153,3951.6077613476837,1918000.0
4315,43154,4635.697066416446,1912400.0
4315,43155,4248.1887529405185,1915400.0
4316,43161,1652.482523190795,0.0
4316,43162,1656.8015751988278,0.0
4316,43163,1632.7305249407532,0.0
4316,43164,1650.851415480247,0.0
4316,43165,1641.6118181507554,0.0
4317,43171,1877.832552634399,49700.0
4317,43172,1877.274608773477,48700.0
4317,43173,1912.1805642132324,46700.0
4317,43174,1876.508526512524,44690.0
4317,43175,1907.2984324389213,47700.0
4318,43181,16124.364246539979,-16300.0
4318,43182,16309.496634160949,-16400.0
4318,43183,16209.441704492867,-16400.0
4318,43184,16149.62296756387,-16300.0
4318,43185,16274.197978258719,-16400.0
4319,43191,46.39359872344964,62784000.0
4319,43192,38.63010689959932,52069000.0
4319,43193,47.175680829963866,54224000.0
4319,43194,39.20431656550034,53564000.0
4319,43195,46.65518516782066,57684000.0
4320,43201,8436.150428896786,608950.0
4320,43202,8463.053972281268,607550.0
4320,43203,9113.72484051716,613950.0
4320,43204,8687.151275976013,614950.0
4320,43205,9255.835265409605,615950.0
4321,43211,2060.9998940188534,162540.0
4321,43212,1978.2494687473907,170940.0
4321,43213,2003.0205064096385,142240.0
4321,43214,1994.8917605847648,172050.0
4321,43215,1982.1474818565875,171160.0
4322,43221,2359.356645456568,11849210.0
4322,43222,2585.316952344155,11500190.0
4322,43223,2804.3218417327453,11175190.0
4322,43224,2510.219611125049,11820190.0
4322,43225,2430.1746827457346,11630190.0
4323,43231,21293.527907624455,206800.0
4323,43232,20620.715759278257,206800.0
4323,43233,20324.922411239422,206800.0
4323,43234,20964.320563590692,206800.0
4323,43235,20287.389431587297,206800.0
4324,43241,2790.2308503706204,17166.0
4324,43242,2823.180283223721,15776.0
4324,43243,2794.2618041725823,17176.0
4324,43244,2823.139063825702,17871.0
4324,43245,2810.1017609975106,15671.0
4325,43251,3850.6133995747964,54601.0
4325,43252,3878.9024176798716,58091.0
4325,43253,3897.4004493586262,50991.0
4325,43254,3881.688040403983,49001.0
4325,43255,3895.3493419717865,50001.0
4326,43261,17191.603625431842,12790.0
4326,43262,16773.140266253995,8775.0
4326,43263,16935.477789800687,9785.0
4326,43264,16833.422810581782,14785.0
4326,43265,16710.406916435117,15790.0
4327,43271,4933.4725276551435,74900.0
4327,43272,4509.06492621102,71000.0
4327,43273,4540.452064400079,70000.0
4327,43274,4692.772778260399,72400.0
4327,43275,4542.145028081067,71600.0
4328,43281,9133.399552018149,1179505.0
4328,43282,9127.1759574754,1178010.0
4328,43283,9891.081638568969,1179510.0
4328,43284,9343.751013145917,1180505.0
4328,43285,10027.95047388126,1179510.0
4329,43291,2314.5545965243855,571670.0
4329,43292,2322.434608230148,600570.0
4329,43293,2496.8708622808226,557880.0
4329,43294,2383.889193060484,651370.0
4329,43295,2533.9007303624903,575670.0
4330,43301,2101.00458637095,25725000.0
4330,43302,2060.970665098385,31854000.0
4330,43303,2129.4049496218317,28962000.0
4330,43304,1875.9350707331482,16293000.0
4330,43305,2071.10965240365,47775000.0
4331,43311,13572.753195311234,330320.0
4331,43312,13172.588176412417,324400.0
4331,43313,12998.799504408405,332240.0
4331,43314,13162.822909085342,332650.0
4331,43315,12872.999239862978,325410.0
4332,43321,6344.758903660071,64800.0
4332,43322,6419.683244575263,64800.0
4332,43323,6353.9249660386895,64800.0
4332,43324,6419.5895150035485,64800.0
4332,43325,6389.943744587142,64900.0
4333,43331,1732.2241515407627,250.0
4333,43332,1739.9331692577223,40.0
4333,43333,1715.2202527330985,100.0
4333,43334,1741.333103938751,15.0
4333,43335,1718.554694565691,40.0
4334,43341,4610.154253266226,224600.0
4334,43342,4425.053697884378,224700.0
4334,43343,4480.462873288921,224700.0
4334,43344,4462.280062000568,223600.0
4334,43345,4433.772981066684,224600.0
4335,43351,2115.1401064774163,-170.0
4335,43352,2163.357144029558,-245.0
4335,43353,2099.5590617485022,-245.0
4335,43354,2150.113084026,-220.0
4335,43355,2109.0524519909586,-130.0
4336,43361,2950.241761984485,-39060.0
4336,43362,2982.1729813317525,-39000.0
4336,43363,2950.500093842849,-38000.0
4336,43364,2922.369395324432,-39000.0
4336,43365,3059.924996609373,-38000.0
4337,43371,9879.193098401916,136040.0
4337,43372,9915.696367835735,136360.0
4337,43373,10684.822534424817,136040.0
4337,43374,10189.772448348636,137050.0
4337,43375,10846.764876871575,136050.0
4338,43381,2491.0686859727984,22800.0
4338,43382,2522.0634806672065,22900.0
4338,43383,2523.8777647887828,22900.0
4338,43384,2510.1847240857433,22900.0
4338,43385,2519.538775573577,22900.0
4339,43391,2979.8043528972753,970.0
4339,43392,2937.3742058516195,980.0
4339,43393,2985.2215852763884,980.0
4339,43394,2983.9253357302177,970.0
4339,43395,2972.7237601871357,970.0
4340,43401,114.42629953950589,103934000.0
4340,43402,114.96582529071334,103972000.0
4340,43403,115.84426000597534,103990000.0
4340,43404,118.62630325202865,103354000.0
4340,43405,115.93199107100193,104081000.0
4341,43411,8537.134298493178,1378900.0
4341,43412,8573.208475730517,1379100.0
4341,43413,9229.321183000375,1381000.0
4341,43414,8809.272203921877,1387000.0
4341,43415,9371.127132641299,1376600.0
4342,43421,55.375300897305365,88110000.0
4342,43422,54.61485579764013,62180000.0
4342,43423,54.91625023432622,88745000.0
4342,43424,56.11424488976105,62140000.0
4342,43425,55.87535203557353,66153000.0
4343,43431,2788.957410223838,8362400.0
4343,43432,2955.650737338576,8354400.0
4343,43433,3047.416622092582,8354300.0
4343,43434,2930.140415938041,8345200.0
4343,43435,2809.671841991142,8355500.0
4344,43441,1635.048488438546,19501.0
4344,43442,1672.321288535893,22501.0
4344,43443,1652.32403996491,143401.0
4344,43444,1662.0833472178244,49201.0
4344,43445,1630.3426014688173,16901.0
4345,43451,2827.4681731390842,5143000.0
4345,43452,2996.4632518605476,5235000.0
4345,43453,3089.4962675569313,5105000.0
4345,43454,2970.6006762679076,5225000.0
4345,43455,2848.4686360117003,5076000.0
4346,43461,17703.349946569273,260.0
4346,43462,17053.87516240808,260.0
4346,43463,17462.65448750833,260.0
4346,43464,17404.17401675997,260.0
4346,43465,17181.26645027318,260.0
4347,43471,1839.9627552333677,17728000.0
4347,43472,1901.2335256783176,17729000.0
4347,43473,2033.518820882037,17729000.0
4347,43474,1909.5983762367637,17729000.0
4347,43475,1820.2566181770749,17729000.0
4348,43481,3259.4989141565993,15400.0
4348,43482,3188.805201043101,15370.0
4348,43483,3212.2777124684203,15170.0
4348,43484,3211.3165863216427,15210.0
4348,43485,3174.9147010538345,15240.0
4349,43491,1301.0644877041793,17300.0
4349,43492,1269.0633174194195,17300.0
4349,43493,1293.4914401163371,17300.0
4349,43494,1303.2147099269823,17300.0
4349,43495,1287.5480937002817,17300.0
4350,43501,6436.261813483414,25700.0
4350,43502,6279.595815493902,24700.0
4350,43503,6340.372391458774,24700.0
4350,43504,6302.164637258881,24700.0
4350,43505,6256.109451297262,25700.0
4351,43511,1499.1285799805523,215700.0
4351,43512,1443.51061411593,215700.0
4351,43513,1484.0439358105584,215600.0
4351,43514,1516.9390471097254,222000.0
4351,43515,1415.132086707415,217500.0
4352,43521,6293.559363647107,955400.0
4352,43522,6314.168312815649,956800.0
4352,43523,6803.362850471672,955800.0
4352,43524,6486.238434235004,956200.0
4352,43525,6907.3255274705825,955700.0
4353,43531,3774.2652426232744,9641500.0
4353,43532,4133.9187251642525,9625600.0
4353,43533,4487.509295373018,9639600.0
4353,43534,4013.9577660828377,9649600.0
4353,43535,3886.457720228112,9671600.0
4354,43541,6109.892360688856,100.0
4354,43542,6039.877989665836,100.0
4354,43543,6078.927137260121,100.0
4354,43544,6108.565057611855,90.0
4354,43545,6023.519980388291,90.0
4355,43551,2632.5944062673793,292400.0
4355,43552,2554.9814282754223,422200.0
4355,43553,1892.1106447745074,1159400.0
4355,43554,2572.028216427593,288400.0
4355,43555,2540.345433193167,358170.0
4356,43561,10648.314191759333,344500.0
4356,43562,10089.567430189367,343800.0
4356,43563,10281.075584273314,300100.0
4356,43564,10144.528007362807,447150.0
4356,43565,10187.201674082044,298290.0
4357,43571,500.392511619122,5473900.0
4357,43572,537.0004384865263,4805430.0
4357,43573,564.6996011073277,4866200.0
4357,43574,538.0690136887987,7479570.0
4357,43575,504.0091079788202,4557270.0
4358,43581,13270.593404548024,572930.0
4358,43582,13916.530515290444,593300.0
4358,43583,15087.66631696092,620900.0
4358,43584,13731.080098863324,651400.0
4358,43585,15323.510657882365,576600.0
4359,43591,4714.229887014196,88550.0
4359,43592,4685.704386855874,92550.0
4359,43593,4770.244642855985,76550.0
4359,43594,4676.0408722956645,88550.0
4359,43595,4757.394905146464,87550.0
4360,43601,10488.488708425026,361930.0
4360,43602,10073.438091770015,359930.0
4360,43603,10211.771150607254,306930.0
4360,43604,10163.715195504637,258920.0
4360,43605,10111.36147731536,307920.0
4361,43611,6086.59311249348,460.0
4361,43612,6205.941719679319,460.0
4361,43613,6048.725796633888,450.0
4361,43614,6172.7858600897225,460.0
4361,43615,6095.865988920081,460.0
4362,43621,3383.1525539396607,42900.0
4362,43622,3345.793437578017,42950.0
4362,43623,3381.1264035309737,42950.0
4362,43624,3295.845260684923,43000.0
4362,43625,3336.6601661535497,42950.0
4363,43631,6316.0340602901315,6960.0
4363,43632,6378.32335439781,14350.0
4363,43633,6384.023076411846,6950.0
4363,43634,6486.207872252269,6610.0
4363,43635,6386.568087972112,5580.0
4364,43641,3487.6792752106144,1446500.0
4364,43642,3499.045783438639,1446500.0
4364,43643,3762.64790667479,1446500.0
4364,43644,3592.562336602973,1447500.0
4364,43645,3819.1946342457218,1447500.0
4365,43651,6676.300227481248,882600.0
4365,43652,6647.854500684805,832700.0
4365,43653,7177.1084330069525,841300.0
4365,43654,6761.666707726928,823500.0
4365,43655,7265.215745368658,848600.0
4366,43661,904.2811215480667,-11900.0
4366,43662,887.6381402192967,-4100.0
4366,43663,901.1842698396765,-7100.0
4366,43664,901.8124517062327,-4500.0
4366,43665,899.8021944290738,-7200.0
4367,43671,4.799491650424538,378662000.0
4367,43672,4.810265946647509,624144000.0
4367,43673,4.855426990452081,645977000.0
4367,43674,4.941738520738013,447357000.0
4367,43675,4.823392355436335,632703000.0
4368,43681,2071.7414123220233,1445500.0
4368,43682,2422.995747398686,1638900.0
4368,43683,1738.977136135205,1124800.0
4368,43684,2062.0670053159147,1293700.0
4368,43685,1870.7149448748455,1386400.0
4369,43691,7304.519921439338,455900.0
4369,43692,7328.439371636485,413900.0
4369,43693,7896.215257950995,416300.0
4369,43694,7528.149830721406,422200.0
4369,43695,8016.877891183809,439900.0
4370,43701,3278.8694326701143,4886100.0
4370,43702,3593.2087889569825,4878100.0
4370,43703,3898.7889428019944,4853100.0
4370,43704,3489.970551967466,4848100.0
4370,43705,3378.254130636371,4866100.0
4371,43711,2091.396090096051,-23300.0
4371,43712,2088.3779541999847,-20100.0
4371,43713,2088.333817561658,-25100.0
4371,43714,2138.9332527745805,-25400.0
4371,43715,2093.4969736542544,-26300.0
4372,43721,11111.261884438714,51960.0
4372,43722,10907.819288164257,52000.0
4372,43723,10823.928611937907,52200.0
4372,43724,11201.488457550742,51770.0
4372,43725,10798.977537921699,52600.0
4373,43731,47.05064705835536,88304310.0
4373,43732,46.639797675674444,90752410.0
4373,43733,47.00528788978913,91017400.0
4373,43734,47.958362573216206,92599410.0
4373,43735,47.32875839460429,91035590.0
4374,43741,3992.2901656880617,300110.0
4374,43742,3714.641899270762,276110.0
4374,43743,3784.0438740583936,314410.0
4374,43744,3839.2738262985067,285101.0
4374,43745,3721.2071627094265,284060.0
4375,43751,1761.0012885836084,5760.0
4375,43752,1749.710166448865,-2340.0
4375,43753,1735.0449443720493,3700.0
4375,43754,1756.1391832434686,-260.0
4375,43755,1736.2159323877481,-4260.0
4376,43761,352.8817294494794,2070980.0
4376,43762,372.35614800190643,2022290.0
4376,43763,339.1765277071253,2142980.0
4376,43764,351.6226743911221,2059220.0
4376,43765,342.51624239648044,2051920.0
4377,43771,15908.309759992848,14501.0
4377,43772,15871.44658966926,18501.0
4377,43773,15938.909724835405,16601.0
4377,43774,15818.559306121335,18501.0
4377,43775,15915.298150778355,17601.0
4378,43781,3428.061869990859,281200.0
4378,43782,3413.912911933795,308800.0
4378,43783,3687.5294066438864,298000.0
4378,43784,3474.7938981568795,288800.0
4378,43785,3732.818024533649,264500.0
4379,43791,4300.216605642148,704900.0
4379,43792,5193.223984911539,512900.0
4379,43793,4610.717272341584,717890.0
4379,43794,4431.257982842399,658900.0
4379,43795,5182.061287536651,518900.0
4380,43801,4143.206287188843,830500.0
4380,43802,4156.448241877343,831400.0
4380,43803,4476.223752984019,830500.0
4380,43804,4265.9360163970705,830400.0
4380,43805,4545.51355836985,831500.0
4381,43811,14646.067659970551,442000.0
4381,43812,13723.515581764488,428000.0
4381,43813,13955.820185600465,432000.0
4381,43814,14312.983197579586,421000.0
4381,43815,13759.230973485935,420000.0
4382,43821,15931.422493604714,194400.0
4382,43822,14963.0201081871,238400.0
4382,43823,15501.497723256072,216300.0
4382,43824,15634.479383103739,154400.0
4382,43825,14761.55859379419,179400.0
4383,43831,2956.1216947999883,10050.0
4383,43832,2955.4514067598393,10070.0
4383,43833,2963.2279403274833,10520.0
4383,43834,2954.279920060224,10001.0
4383,43835,2963.124749061135,10150.0
4384,43841,4.830020378527303,1007160510.0
4384,43842,4.850241765939178,1039337000.0
4384,43843,4.907012756109313,1009509000.0
4384,43844,4.997088221296138,1001948000.0
4384,43845,4.856887297759881,943534000.0
4385,43851,3037.3011620273983,0.0
4385,43852,3005.355227325438,0.0
4385,43853,2992.2795533711983,0.0
4385,43854,3067.098848912516,0.0
4385,43855,2998.9939247931516,0.0
4386,43861,17.92144171700676,71425000.0
4386,43862,17.973194073485875,67565000.0
4386,43863,18.18712234116672,72545000.0
4386,43864,18.428198892349513,56075000.0
4386,43865,18.052137149344503,70685000.0
4387,43871,8152.748868781787,11200.0
4387,43872,7915.522529018926,7200.0
4387,43873,8100.312602987846,7100.0
4387,43874,7963.5890305219,15300.0
4387,43875,7959.675552506039,9200.0
4388,43881,2867.756363349758,9670.0
4388,43882,2787.642388115395,13470.0
4388,43883,2836.7668347324634,10470.0
4388,43884,2824.30806977084,9670.0
4388,43885,2804.3453963774045,9670.0
4389,43891,875.680426514564,14889000.0
4389,43892,925.5717342591861,14888000.0
4389,43893,962.9775391668015,14889000.0
4389,43894,928.9945049430846,14889000.0
4389,43895,897.2891025377919,14891000.0
4390,43901,7611.589133273216,3869900.0
4390,43902,7981.237599557108,4546700.0
4390,43903,10270.404388767307,3104800.0
4390,43904,7876.736830901221,5743400.0
4390,43905,7842.057050537207,5610700.0
4391,43911,3183.9729893186104,-13799.0
4391,43912,3244.5810407658228,-20199.0
4391,43913,3227.349071579341,-10999.0
4391,43914,3275.575593909463,-14199.0
4391,43915,3244.0085453405068,-21199.0
4392,43921,2458.875620819293,4405.0
4392,43922,2471.0529349749563,5360.0
4392,43923,2435.8414548020955,5370.0
4392,43924,2471.8946644238104,4150.0
4392,43925,2440.497242558065,4610.0
4393,43931,2157.477880474825,17690.0
4393,43932,2195.023266259607,16640.0
4393,43933,2167.2664934204176,17650.0
4393,43934,2179.302912724049,16630.0
4393,43935,2172.506233569989,16090.0
4394,43941,8189.942643454851,913400.0
4394,43942,8219.10382074816,1274800.0
4394,43943,8852.24668595637,791500.0
4394,43944,8440.367853663829,1428000.0
4394,43945,7362.071389568444,2199800.0
4395,43951,3513.1561338669294,9862900.0
4395,43952,3613.590946745228,9940700.0
4395,43953,3764.747858424199,9881300.0
4395,43954,3617.6967375653353,9815300.0
4395,43955,3537.443692324373,9889400.0
4396,43961,8194.99104343034,45000.0
4396,43962,8150.920207328092,45000.0
4396,43963,8190.717551339412,45000.0
4396,43964,8085.231161870889,45000.0
4396,43965,8204.231987063873,45000.0
4397,43971,6161.252030180941,4028000.0
4397,43972,6615.587085711627,3766000.0
4397,43973,6816.7292321978075,6127000.0
4397,43974,6567.784284212195,4521000.0
4397,43975,6297.844442741955,10366000.0
4398,43981,2807.6812482708124,-154660.0
4398,43982,2778.1504256633816,-156150.0
4398,43983,2766.0632724272114,-153570.0
4398,43984,2835.2262305580975,-154550.0
4398,43985,2772.2700374892443,-151160.0
4399,43991,6235.449147824067,2569000.0
4399,43992,7342.942240636604,2570000.0
4399,43993,5259.955304276455,2570000.0
4399,43994,6302.545909601436,2569000.0
4399,43995,5671.825239623146,2569000.0
4400,44001,813.1658896351307,1107700.0
4400,44002,810.133588335402,1106700.0
4400,44003,874.2770830407951,1121700.0
4400,44004,824.1362629766274,1136700.0
4400,44005,885.3471074837173,1157700.0
4401,44011,583.9522795343562,1111900.0
4401,44012,682.6877505550518,1111800.0
4401,44013,489.9768729250474,1111800.0
4401,44014,580.6773613305261,1111900.0
4401,44015,526.9619974647983,1111900.0
4402,44021,4312.532387602229,106080.0
4402,44022,4155.757396517305,106910.0
4402,44023,4110.141101778418,105900.0
4402,44024,4173.580590431327,107700.0
4402,44025,4081.2588127483677,151500.0
4403,44031,8320.35196404642,0.0
4403,44032,8205.360448191988,0.0
4403,44033,8243.191677745392,0.0
4403,44034,8351.864714060002,0.0
4403,44035,8167.945387078446,0.0
4404,44041,16844.323301582528,-2720.0
4404,44042,17408.450129042234,-2730.0
4404,44043,16880.047297669047,-2720.0
4404,44044,17375.971389311737,-2730.0
4404,44045,16999.548382581124,-2720.0
4405,44051,10141.263533366573,114100.0
4405,44052,10371.054416737474,115500.0
4405,44053,10052.763760061878,118200.0
4405,44054,10307.370431823889,125800.0
4405,44055,10058.155683972192,115100.0
4406,44061,15818.08600154538,5120.0
4406,44062,15814.929155397956,5120.0
4406,44063,15850.125057945663,5130.0
4406,44064,15820.670758435164,5130.0
4406,44065,15857.902085592545,5120.0
4407,44071,399.487949907066,17029000.0
4407,44072,424.47487242850474,15809000.0
4407,44073,442.30352437424597,17459000.0
4407,44074,426.6300175702925,16739000.0
4407,44075,406.7900304419065,16467000.0
4408,44081,16581.327079650215,109660.0
4408,44082,15957.410393101236,109060.0
4408,44083,15978.919444152212,107960.0
4408,44084,16306.028222912346,108660.0
4408,44085,15792.866025190562,109360.0
4409,44091,10653.90911394562,-37620.0
4409,44092,10501.22499878223,-38610.0
4409,44093,10618.321545127546,-38610.0
4409,44094,10492.55111110804,-37620.0
4409,44095,10585.439761633985,-37620.0
4410,44101,2920.508319856942,44100.0
4410,44102,2834.4071918538,24500.0
4410,44103,2847.646346906664,46900.0
4410,44104,2853.3183034578997,76700.0
4410,44105,2818.170529910982,85700.0
4411,44111,6948.5358762360365,576500.0
4411,44112,6975.013278319862,564200.0
4411,44113,7510.723524030333,586500.0
4411,44114,7162.793355493166,589400.0
4411,44115,7624.973367870448,579200.0
4412,44121,5672.268084217235,708400.0
4412,44122,8514.52180148843,245400.0
4412,44123,4787.116328415703,2102500.0
4412,44124,5794.956645125539,530400.0
4412,44125,8688.137570291854,409400.0
4413,44131,2363.4112996963854,3820.0
4413,44132,2350.701400261582,3820.0
4413,44133,2362.178837153921,3820.0
4413,44134,2331.756872869537,3820.0
4413,44135,2366.0763606449104,3820.0
4414,44141,2685.1519265099205,87820.0
4414,44142,2561.3883475966836,90270.0
4414,44143,2564.7703672226617,93680.0
4414,44144,2621.0151995918836,99310.0
4414,44145,2525.0960361646694,90100.0
4415,44151,1090.4100700374222,4058800.0
4415,44152,1183.3175379666252,4055800.0
4415,44153,1240.7309509393435,4056000.0
4415,44154,1183.9595301862487,4056100.0
4415,44155,1113.7172903417372,4055200.0
4416,44161,62.272789211162845,436730100.0
4416,44162,61.20397156366552,437532500.0
4416,44163,62.994240718634956,435443000.0
4416,44164,62.902263529043026,430306000.0
4416,44165,61.593140285277364,441126100.0
4417,44171,2641.138884894918,3567500.0
4417,44172,2892.387373924109,3565500.0
4417,44173,3139.8942951860918,3567500.0
4417,44174,2808.2771246794214,3567500.0
4417,44175,2720.0366184092054,3566500.0
4418,44181,16264.307724956689,241470.0
4418,44182,14864.64748486652,241470.0
4418,44183,15192.12174960142,241470.0
4418,44184,15835.798346114112,241480.0
4418,44185,14735.814539921845,241470.0
4419,44191,2221.897669216065,58201.0
4419,44192,2297.5791932955085,61201.0
4419,44193,2259.6919558045415,56201.0
4419,44194,2301.09630205231,60201.0
4419,44195,2278.3610165230157,54201.0
4420,44201,2441.2851047705817,86200.0
4420,44202,2441.9826441265823,85200.0
4420,44203,2435.6060503630224,87200.0
4420,44204,2440.1791252479247,86200.0
4420,44205,2434.2574747422245,86200.0
4421,44211,2164.9043679127,36420.0
4421,44212,2180.3101412127044,38320.0
4421,44213,2150.900079913331,27680.0
4421,44214,2195.9707921245804,43940.0
4421,44215,2150.8268769293245,51310.0
4422,44221,10042.42304052034,395000.0
4422,44222,9961.866023602233,267900.0
4422,44223,9962.926912999068,407200.0
4422,44224,10076.500375119578,408700.0
4422,44225,9870.089487057921,326700.0
4423,44231,1010.1928028547684,1774000.0
4423,44232,1189.7589283662633,1580800.0
4423,44233,852.0633161310421,1887500.0
4423,44234,1021.5024093145983,1576900.0
4423,44235,918.9223132109839,2001100.0
4424,44241,9109.351823905296,8350.0
4424,44242,8831.717805190503,11350.0
4424,44243,8804.386158239005,4950.0
4424,44244,9013.233873391366,7350.0
4424,44245,8682.44041507412,4450.0
4425,44251,3543.0111704276146,440.0
4425,44252,3570.577729078313,150.0
4425,44253,3568.3485204732815,-479.0
4425,44254,3608.0973417067207,1320.0
4425,44255,3578.067437431222,190.0
4426,44261,696.4934175959795,12851500.0
4426,44262,723.1869065139903,12478500.0
4426,44263,744.7800672361866,15370500.0
4426,44264,718.606656377053,11980500.0
4426,44265,709.6329646736377,13640500.0
4427,44271,2392.385342542586,1357300.0
4427,44272,2385.6839821264452,1409300.0
4427,44273,1984.3588169445088,1777400.0
4427,44274,2429.2762997871696,1340300.0
4427,44275,2605.550371590996,1443300.0
4428,44281,1404.1315263756517,4300.0
4428,44282,1407.8014696297719,3810.0
4428,44283,1387.348048751787,3840.0
4428,44284,1402.7455572491083,4510.0
4428,44285,1394.8945756385406,4410.0
4429,44291,12181.58028715253,1060400.0
4429,44292,12220.428299229738,1110300.0
4429,44293,13159.979992710298,1035400.0
4429,44294,12544.01893693829,1010400.0
4429,44295,13365.183724561619,1035300.0
4430,44301,2997.493317295082,308930.0
4430,44302,2858.7367972035636,377950.0
4430,44303,2955.550804542073,305630.0
4430,44304,2879.561427650765,264120.0
4430,44305,2917.028008198686,311510.0
4431,44311,960.9205344589673,23079900.0
4431,44312,933.8895043516388,23080900.0
4431,44313,936.6601702630902,23079900.0
4431,44314,946.8271526792872,23079000.0
4431,44315,974.2395236659004,23081000.0
4432,44321,3253.6419114051746,287310.0
4432,44322,3009.0924873673034,278690.0
4432,44323,3070.5305396454146,264690.0
4432,44324,3117.177169119007,276000.0
4432,44325,2990.4685160343897,299900.0
4433,44331,13203.954527463362,126950.0
4433,44332,13067.567692723682,131550.0
4433,44333,13324.364892423717,99250.0
4433,44334,13599.1831230536,102360.0
4433,44335,12833.654881131086,148150.0
4434,44341,47.19592779970564,261239000.0
4434,44342,46.783809815918644,258088000.0
4434,44343,47.15042857326456,287391000.0
4434,44344,48.10644611519047,284797000.0
4434,44345,47.47489787485902,258841000.0
4435,44351,3648.531579549447,-8990.0
4435,44352,3591.118694147745,-8990.0
4435,44353,3637.5538171765265,-8990.0
4435,44354,3661.0622388898287,-7990.0
4435,44355,3638.0802799935545,-7990.0
4436,44361,4940.652761679494,77540.0
4436,44362,4677.995382617472,85250.0
4436,44363,4847.673830131944,84460.0
4436,44364,4696.156166766039,81840.0
4436,44365,4734.291754377211,78600.0
4437,44371,1502.7714109042383,-49890.0
4437,44372,1497.3722855895337,-44640.0
4437,44373,1505.453599209915,-44890.0
4437,44374,1490.4465488700598,-38660.0
4437,44375,1502.1651207258403,-24730.0
4438,44381,3094.174427711622,165900.0
4438,44382,2969.941403488634,123360.0
4438,44383,3007.1301056835455,159170.0
4438,44384,2994.9264381658104,112250.0
4438,44385,2975.7934816553357,162000.0
4439,44391,1611.4882031625505,4059220.0
4439,44392,1751.3976247032333,4053230.0
4439,44393,1814.9141783695068,4053720.0
4439,44394,1752.0098733772052,4052020.0
4439,44395,1646.7505514816155,4054200.0
4440,44401,476.2548370728508,8626000.0
4440,44402,518.671732953465,8638000.0
4440,44403,563.4873864416061,10791000.0
4440,44404,499.7751516583472,8613000.0
4440,44405,487.1002144805569,8698000.0
4441,44411,11197.323760072053,976400.0
4441,44412,11241.34566584303,981200.0
4441,44413,12101.967795454997,966700.0
4441,44414,11547.559339052452,976000.0
4441,44415,12287.928921457657,980000.0
4442,44421,48.751032410993226,61763000.0
4442,44422,48.325335150203735,61764200.0
4442,44423,48.70403398620715,61757000.0
4442,44424,49.69155228163513,61755000.0
4442,44425,49.039194542972425,61747000.0
4443,44431,2226.703789149832,-8600.0
4443,44432,2270.3659809439528,-8600.0
4443,44433,2212.8505063443145,-8600.0
4443,44434,2258.2363253523645,-8600.0
4443,44435,2230.096154746448,-8600.0
4444,44441,7036.993576417476,-1190.0
4444,44442,7019.347850702509,-1260.0
4444,44443,7049.744021392539,-1240.0
4444,44444,6997.241255866553,-1200.0
4444,44445,7039.199465034758,-1275.0
4445,44451,501.5868637799872,24855000.0
4445,44452,496.14187647577654,24855000.0
4445,44453,498.2415366368891,24855000.0
4445,44454,503.86055832674367,24855000.0
4445,44455,508.78139226980994,24854000.0
4446,44461,9018.498324315628,-5000.0
4446,44462,9033.62532919314,-3300.0
4446,44463,9100.937486566629,-5000.0
4446,44464,8841.031876480829,-3900.0
4446,44465,9108.507887840684,-2900.0
4447,44471,45.4691127540532,102443100.0
4447,44472,45.96364768203377,101452100.0
4447,44473,46.43149109375385,102443100.0
4447,44474,47.39700974350319,103384100.0
4447,44475,45.7519962617892,102263100.0
4448,44481,178.33327316143237,542300.0
4448,44482,185.63624004578122,615200.0
4448,44483,192.3516419900337,601900.0
4448,44484,189.68005352974413,706200.0
4448,44485,191.19811450153264,566900.0
4449,44491,10268.19027590182,259200.0
4449,44492,9784.90254784218,265200.0
4449,44493,9930.478776944485,249400.0
4449,44494,9833.89008240788,248600.0
4449,44495,9723.893958975901,246550.0
4450,44501,5843.855605708735,100.0
4450,44502,5872.240161230144,100.0
4450,44503,5786.513312162451,100.0
4450,44504,5873.116942761203,100.0
4450,44505,5798.849553958915,100.0
4451,44511,1938.8635156613702,55550.0
4451,44512,1973.3942359364833,54540.0
4451,44513,1941.1220566990255,55550.0
4451,44514,1966.156722614231,55550.0
4451,44515,1941.8520754202607,55540.0
4452,44521,3505.749851904134,579250.0
4452,44522,3519.8058426288867,469250.0
4452,44523,3788.700790825972,395250.0
4452,44524,3614.9122909929733,552250.0
4452,44525,3847.173897375932,402250.0
4453,44531,3120.319607904166,319820.0
4453,44532,2056.062389637901,412670.0
4453,44533,2998.8442161320213,348030.0
4453,44534,3071.5960323974873,349960.0
4453,44535,2975.6614699148695,284910.0
4454,44541,5714.538485247326,61000.0
4454,44542,5690.01251719571,61000.0
4454,44543,5601.196102908576,61000.0
4454,44544,5771.878751731251,61000.0
4454,44545,5590.348814368962,61000.0
4455,44551,20117.990097100504,318550.0
4455,44552,13916.530515290444,507440.0
4455,44553,15087.66631696092,514550.0
4455,44554,18989.536385412954,408550.0
4455,44555,15323.510657882365,497550.0
4456,44561,2137.8185709888357,928000.0
4456,44562,2144.8544226938225,929000.0
4456,44563,2310.6866333089793,929000.0
4456,44564,2201.7745773042843,928000.0
4456,44565,2345.9385999090646,929000.0
4457,44571,397.25811627865545,1609200.0
4457,44572,421.434822726534,1649300.0
4457,44573,129.65454501178334,1530500.0
4457,44574,396.34325076737025,1725400.0
4457,44575,129.05922863161246,1559000.0
4458,44581,55.29755254817663,62218000.0
4458,44582,55.61699908689934,75757000.0
4458,44583,56.05388530787859,77387000.0
4458,44584,57.30580939982993,60047000.0
4458,44585,55.81412753154856,78533000.0
4459,44591,960.6920300237156,200500.0
4459,44592,978.1852285716708,418500.0
4459,44593,977.9168677100552,434500.0
4459,44594,992.7973514114726,219500.0
4459,44595,981.5245645973644,199500.0
4460,44601,44.35729159222003,54346200.0
4460,44602,44.83973403884586,56536800.0
4460,44603,45.29613763628172,58876000.0
4460,44604,46.238047202811366,57840900.0
4460,44605,44.6332579676175,60274700.0
4461,44611,8149.890435267509,2249500.0
4461,44612,8523.10228890687,2249500.0
4461,44613,7831.558640338599,2250500.0
4461,44614,8032.806147461224,2249500.0
4461,44615,7998.231680896128,2249500.0
4462,44621,2047.1286585853716,252800.0
4462,44622,2053.4966503793626,251800.0
4462,44623,2207.790706255741,251800.0
4462,44624,2107.22943511763,251800.0
4462,44625,2240.536606727201,251800.0
4463,44631,11273.013908921712,2.0
4463,44632,11326.607452437498,2.0
4463,44633,11154.663584557671,2.0
4463,44634,11326.654053508097,2.0
4463,44635,11179.398464615175,2.0
4464,44641,10259.02920944279,168900.0
4464,44642,9892.038582284444,164800.0
4464,44643,9795.156081201012,168300.0
4464,44644,9939.874599003837,168500.0
4464,44645,9732.104396217943,166200.0
4465,44651,9740.759141766803,31100.0
4465,44652,9203.371981793844,31100.0
4465,44653,9307.385497787594,30100.0
4465,44654,9570.87470142569,31100.0
4465,44655,9269.38603962862,31100.0
4466,44661,4181.002559670619,3827350.0
4466,44662,4583.09034979042,3822480.0
4466,44663,4971.782375054742,3817450.0
4466,44664,4452.472964315304,3828000.0
4466,44665,4307.0624858082965,3823910.0
4467,44671,10586.667164217888,12350.0
4467,44672,10458.612959970016,12250.0
4467,44673,10511.150458868746,11250.0
4467,44674,10561.716103474228,13250.0
4467,44675,10492.882605927762,12360.0
4468,44681,9480.576964539756,-19700.0
4468,44682,9557.978368999607,-19700.0
4468,44683,9555.176169234357,-19700.0
4468,44684,9514.091187864102,-19700.0
4468,44685,9564.161299680223,-19700.0
4469,44691,9595.575533266412,1625000.0
4469,44692,9741.918366892292,1617820.0
4469,44693,8093.201655756161,1626800.0
4469,44694,10003.547417645324,1618820.0
4469,44695,8728.634820647225,1634300.0
4470,44701,356.96402077044877,2294400.0
4470,44702,376.6637279768437,2283800.0
4470,44703,343.1002712160211,2289300.0
4470,44704,355.6904004084546,2276970.0
4470,44705,346.478621196334,2278880.0
4471,44711,3537.263128763051,12810900.0
4471,44712,3638.3871172513122,12809900.0
4471,44713,3790.581255503629,12809900.0
4471,44714,3642.521081677879,12810900.0
4471,44715,3561.717346493658,12809900.0
4472,44721,12624.717853335353,-55940.0
4472,44722,12591.867226720622,-55840.0
4472,44723,12641.915934239256,-55940.0
4472,44724,12549.809898510448,-55840.0
4472,44725,12625.785383079792,-55840.0
4473,44731,1948.8685880309124,885850.0
4473,44732,1942.6091580363561,878640.0
4473,44733,2133.3547247282872,871940.0
4473,44734,1991.5913236264537,821840.0
4473,44735,2158.8041120839853,873650.0
4474,44741,249.77601950642082,855750.0
4474,44742,254.4676881346589,856750.0
4474,44743,261.36972942298246,855750.0
4474,44744,261.0353137351297,855750.0
4474,44745,267.8237751692921,856750.0
4475,44751,2983.7934510003574,1072000.0
4475,44752,3004.523536018496,1025400.0
4475,44753,3104.344383717708,993000.0
4475,44754,3105.116477039097,1231400.0
4475,44755,3186.5857561909397,1063000.0
4476,44761,18772.314136740602,352300.0
4476,44762,17312.07704795387,416270.0
4476,44763,17442.797648145617,293300.0
4476,44764,17972.430328345934,323900.0
4476,44765,17090.080611243193,293630.0
4477,44771,3765.0368094373734,4667000.0
4477,44772,4048.8890969366294,4806000.0
4477,44773,4201.756811909604,5058000.0
4477,44774,4042.7174513518307,5100000.0
4477,44775,3842.875047741719,4989000.0
4478,44781,7325.236462843396,192400.0
4478,44782,7184.586870606125,185090.0
4478,44783,7331.164584865354,191290.0
4478,44784,7338.251332702506,187590.0
4478,44785,7309.1959157751,182090.0
4479,44791,8302.298700862217,165700.0
4479,44792,8330.693502394595,163600.0
4479,44793,8974.231477474008,163600.0
4479,44794,8555.507849803922,162800.0
4479,44795,9109.590643350275,164700.0
4480,44801,9503.570682656895,55270.0
4480,44802,9512.678549038512,53720.0
4480,44803,9496.16585421297,52160.0
4480,44804,9507.591419869012,50170.0
4480,44805,9500.242709313685,57280.0
4481,44811,2394.5301000847558,1594300.0
4481,44812,2800.09767783052,1594300.0
4481,44813,2009.2517160405193,1593300.0
4481,44814,2381.6966217035006,1594200.0
4481,44815,2161.0460630513,1594300.0
4482,44821,3785.2311062903027,16820100.0
4482,44822,4012.066849861111,16676100.0
4482,44823,4178.908274300842,16735000.0
4482,44824,4017.723538621761,16646100.0
4482,44825,3836.1339053774086,16595000.0
4483,44831,49.12270637068506,23963000.0
4483,44832,48.0718871515396,23145000.0
4483,44833,46.37287774311694,19920000.0
4483,44834,48.90297421892515,28951000.0
4483,44835,48.998103135760104,32993000.0
4484,44841,16210.492800060125,113500.0
4484,44842,15843.417602649837,111500.0
4484,44843,15607.44364858086,117900.0
4484,44844,15975.683211151365,117700.0
4484,44845,15495.99205176299,112700.0
4485,44851,17350.6157869888,145010.0
4485,44852,17009.22656978053,145010.0
4485,44853,16981.70032753275,145020.0
4485,44854,17037.25683944397,145010.0
4485,44855,17016.237403052546,145020.0
4486,44861,2125.1887678557155,22143000.0
4486,44862,2001.6984678293422,17331000.0
4486,44863,2136.0101133166177,8711000.0
4486,44864,2004.8249684796162,13715100.0
4486,44865,2203.16836073048,33793600.0
4487,44871,9903.822795360207,888600.0
4487,44872,9873.188718836824,765470.0
4487,44873,10647.419214379916,783100.0
4487,44874,10050.708838604427,781700.0
4487,44875,10783.405588339623,766080.0
4488,44881,6658.093486457848,646700.0
4488,44882,6674.88469589343,646600.0
4488,44883,7182.112111826094,646700.0
4488,44884,6849.315544467565,646700.0
4488,44885,7286.121493299751,646700.0
4489,44891,505.19375997055096,8499800.0
4489,44892,541.1046171080836,8674800.0
4489,44893,567.7127141784681,8499800.0
4489,44894,540.6318485514782,8498800.0
4489,44895,508.5502215633198,8498800.0
4490,44901,45.94946705413392,167198000.0
4490,44902,46.449226451315816,165155000.0
4490,44903,46.922012352144925,165564000.0
4490,44904,47.8977311357241,166168000.0
4490,44905,46.23533905892061,167517000.0
4491,44911,5843.483698432819,702200.0
4491,44912,5861.7519206177685,703200.0
4491,44913,6314.73108401295,703200.0
4491,44914,6018.209850165684,702200.0
4491,44915,6409.986023848231,703200.0
4492,44921,1773.2150828596107,77981.0
4492,44922,1785.833538429092,31740.0
4492,44923,1793.570965796755,90820.0
4492,44924,1798.6607574120317,35610.0
4492,44925,1761.6845876975494,52680.0
4493,44931,558.1999189598789,45980090.0
4493,44932,548.9737052246785,45880130.0
4493,44933,564.861891733549,44975110.0
4493,44934,557.7066427704635,53178160.0
4493,44935,556.7206435512442,44220100.0
4494,44941,11814.862953714777,324800.0
4494,44942,11858.518454870311,325800.0
4494,44943,12778.34259049086,325800.0
4494,44944,12186.295359107064,325800.0
4494,44945,12972.014944432554,325800.0
4495,44951,2458.541503057256,2484800.0
4495,44952,2893.8652061188486,2485100.0
4495,44953,2073.1358904565072,2485100.0
4495,44954,2482.596509795463,2485400.0
4495,44955,2235.486415484692,2484400.0
4496,44961,6274.436036269981,196200.0
4496,44962,5983.987045139191,196200.0
4496,44963,6186.6408068525325,196200.0
4496,44964,6027.577738391459,197200.0
4496,44965,6106.003822542939,195200.0
4497,44971,7810.710881926001,928500.0
4497,44972,7840.89007410419,841900.0
4497,44973,8441.669303790615,841000.0
4497,44974,8054.83297095237,1024400.0
4497,44975,8573.626088319386,960600.0
4498,44981,516.1113170514361,8320000.0
4498,44982,553.8692069305714,8371000.0
4498,44983,582.4384819886385,8383000.0
4498,44984,554.9713492332786,8375000.0
4498,44985,519.8415213752531,8404000.0
4499,44991,2125.1887678557155,24067100.0
4499,44992,2117.4658339452644,24058100.0
4499,44993,2144.8293033135647,24078000.0
4499,44994,2105.7345859646807,24069600.0
4499,44995,2203.16836073048,24039400.0
4500,45001,431.5230032219238,20690000.0
4500,45002,449.61967195299064,20689000.0
4500,45003,467.41821580236183,20680000.0
4500,45004,450.6257032844889,20690000.0
4500,45005,439.27502426121464,20690000.0
4501,45011,43.850518150735574,589160100.0
4501,45012,44.32744878610742,548583900.0
4501,45013,44.778638061084074,610145000.0
4501,45014,45.70978649375132,551208500.0
4501,45015,44.12333166389162,551386900.0
4502,45021,495.2969518326589,4430950.0
4502,45022,530.5043108446841,4438050.0
4502,45023,556.5911520079582,4428150.0
4502,45024,530.0408038824792,4440050.0
4502,45025,498.587659928378,4431550.0
4503,45031,8199.104540050623,709320.0
4503,45032,10462.711477721587,165320.0
4503,45033,8873.448554635575,766320.0
4503,45034,8373.267060216796,766320.0
4503,45035,10491.658752452475,287320.0
4504,45041,46.01726343412899,471933000.0
4504,45042,46.42781221315671,482961300.0
4504,45043,46.79300145214982,503626800.0
4504,45044,47.738824352726,488285000.0
4504,45045,46.276727943299164,500278300.0
4505,45051,6366.424287447237,773030.0
4505,45052,6391.453672690111,720870.0
4505,45053,6880.774669892477,738270.0
4505,45054,6565.556539414431,655900.0
4505,45055,6986.505954838081,672250.0
4506,45061,2299.0405234807813,10100.0
4506,45062,2249.177733069234,13000.0
4506,45063,2265.73373028718,14600.0
4506,45064,2265.055813828911,10200.0
4506,45065,2239.3802693461957,9600.0
4507,45071,11500.342370133076,46540.0
4507,45072,10548.767219691497,36640.0
4507,45073,10776.721822455698,44640.0
4507,45074,10948.950193361536,46240.0
4507,45075,10461.31666153805,43840.0
4508,45081,662.8559514530607,5159000.0
4508,45082,700.5176329667868,5211000.0
4508,45083,721.4548989567647,5231100.0
4508,45084,696.0582161897488,5191000.0
4508,45085,675.1779797142136,5253600.0
4509,45091,2030.796785113043,17520.0
4509,45092,2034.462642594062,18520.0
4509,45093,2041.8554579365264,18510.0
4509,45094,2046.9319069597173,18510.0
4509,45095,2037.5095092180522,18510.0
4510,45101,2953.6750152494337,12830.0
4510,45102,2968.122835382096,13830.0
4510,45103,2923.74728971241,12830.0
4510,45104,2970.4224510547306,13830.0
4510,45105,2931.1925351544037,13830.0
4511,45111,2860.316136653319,7500.0
4511,45112,2830.5058193693358,6900.0
4511,45113,2754.4807538526193,89800.0
4511,45114,2919.8029409201363,11510.0
4511,45115,2758.528252504986,23700.0
4512,45121,10863.762434268197,276830.0
4512,45122,10158.890570317042,334740.0
4512,45123,10458.625844376087,311040.0
4512,45124,10461.646805063869,309380.0
4512,45125,10330.193143594082,292060.0
4513,45131,19886.28424071942,251100.0
4513,45132,18596.607179312072,246700.0
4513,45133,18643.930311099473,275000.0
4513,45134,19035.823096011318,229600.0
4513,45135,18406.140317413443,203820.0
4514,45141,4405.856860752874,188500.0
4514,45142,4074.7049432927583,166500.0
4514,45143,4157.900104749205,162500.0
4514,45144,4221.06574439037,195500.0
4514,45145,4049.48564931208,157800.0
4515,45151,2776.086823286375,51300.0
4515,45152,2824.39751592226,51300.0
4515,45153,2788.682103943682,51300.0
4515,45154,2804.169699589857,51300.0
4515,45155,2795.424223396359,51300.0
4516,45161,1356.51475816526,491200.0
4516,45162,1231.7932442273952,482200.0
4516,45163,2669.2513316971845,543200.0
4516,45164,1327.7061423522644,510100.0
4516,45165,1217.3963822006972,524100.0
4517,45171,5976.843868836826,299800.0
4517,45172,6020.753507866129,299800.0
4517,45173,6049.465776731375,300900.0
4517,45174,6025.077294850646,298900.0
4517,45175,6046.282089526968,298900.0
4518,45181,3981.201535217309,23000.0
4518,45182,3943.738901918815,21400.0
4518,45183,3954.4522488440584,23300.0
4518,45184,3996.369466970954,24900.0
4518,45185,3954.2152105099813,23800.0
4519,45191,6150.734495929593,554400.0
4519,45192,6171.7707042838065,553400.0
4519,45193,6648.533991823749,553400.0
4519,45194,6338.323777307652,553400.0
4519,45195,6748.814446778825,553400.0
4520,45201,3756.2391130863834,2573800.0
4520,45202,2101.7050453818415,2562900.0
4520,45203,1905.851614460248,2578000.0
4520,45204,4033.2709034507097,2590100.0
4520,45205,1947.7779010015543,2561900.0
4521,45211,11392.367787290312,776170.0
4521,45212,11425.291080623985,777170.0
4521,45213,12319.72752730903,775170.0
4521,45214,11734.822691389198,777170.0
4521,45215,12502.980098094635,777170.0
4522,45221,2951.621285845911,175110.0
4522,45222,2736.906625661933,181000.0
4522,45223,2799.3740934349285,175610.0
4522,45224,2854.2852214964314,175980.0
4522,45225,2765.906558648436,181100.0
4523,45231,2593.2527057685197,56030.0
4523,45232,2482.993121979346,56040.0
4523,45233,2507.5060007015913,56040.0
4523,45234,2490.852614518136,56040.0
4523,45235,2483.3102797829733,55940.0
4524,45241,1886.3984129422065,42301.0
4524,45242,1899.8222974952678,40920.0
4524,45243,1874.1957184269445,23200.0
4524,45244,1913.468270714071,31350.0
4524,45245,1874.1319327027818,28320.0
4525,45251,658.5964438079776,-8200.0
4525,45252,647.5639534703471,-7700.0
4525,45253,658.2268201146424,-8300.0
4525,45254,672.118737321103,-7300.0
4525,45255,656.8616768476315,-7700.0
4526,45261,5377.721352653394,21370.0
4526,45262,5348.801165299885,21370.0
4526,45263,5374.916999415426,20370.0
4526,45264,5305.694665180665,20370.0
4526,45265,5383.785449567397,21370.0
4527,45271,16099.792625051696,93800.0
4527,45272,15130.640298772163,93800.0
4527,45273,15207.300188649233,94100.0
4527,45274,15475.49462727633,101100.0
4527,45275,14887.096073358029,94900.0
4528,45281,4825.289993687883,279200.0
4528,45282,4640.927978710402,283390.0
4528,45283,4641.633091078214,295500.0
4528,45284,4739.735621253791,277170.0
4528,45285,4584.862947107384,285160.0
4529,45291,9323.10460631782,129101.0
4529,45292,8954.17058507193,131801.0
4529,45293,9077.13335062418,129101.0
4529,45294,9034.41692990493,131401.0
4529,45295,8987.880273883531,130201.0
4530,45301,6399.027948040126,9576300.0
4530,45302,7020.447176817698,9575300.0
4530,45303,7618.911375128102,9575300.0
4530,45304,6829.591592439685,9575300.0
4530,45305,6601.276525934901,9576300.0
4531,45311,16891.336321545787,316000.0
4531,45312,15772.924152796448,323000.0
4531,45313,15818.753833183375,310000.0
4531,45314,16476.77428800969,310000.0
4531,45315,15680.330986712506,319000.0
4532,45321,7483.313044072723,12540.0
4532,45322,6485.472084536344,14900.0
4532,45323,6591.115023375863,13200.0
4532,45324,6588.2530147732305,11000.0
4532,45325,7501.370481474267,9630.0
4533,45331,8.767133674153419,87853000.0
4533,45332,8.742489325636246,86511000.0
4533,45333,8.804272496367826,90089000.0
4533,45334,8.97429678365238,89817000.0
4533,45335,8.838114848713342,85656000.0
4534,45341,12800.783459867222,377900.0
4534,45342,12837.77699418941,372220.0
4534,45343,13842.790832085488,357900.0
4534,45344,13185.57537968481,372100.0
4534,45345,14048.698552138865,374900.0
4535,45351,5526.565833470018,-27700.0
4535,45352,5711.653948591259,-34800.0
4535,45353,5538.286756458255,-22800.0
4535,45354,5700.997783300731,-38700.0
4535,45355,5577.494660576054,-33000.0
4536,45361,18675.97090082454,122900.0
4536,45362,18256.42511579585,115500.0
4536,45363,18178.688992406263,115500.0
4536,45364,18595.436421926996,128900.0
4536,45365,17985.86902158641,119500.0
4537,45371,1720.8879034806446,6027000.0
4537,45372,1830.0865419945062,5446200.0
4537,45373,1904.7289588760236,5536200.0
4537,45374,1829.9402987400783,5989200.0
4537,45375,1732.1364194384973,5017900.0
4538,45381,9206.931328078586,141850.0
4538,45382,8780.734630846717,141850.0
4538,45383,9078.103072677344,141750.0
4538,45384,8844.69839061684,141850.0
4538,45385,8959.778625228975,141850.0
4539,45391,672.5897894896593,7568200.0
4539,45392,719.005153424195,7579330.0
4539,45393,749.5092174287954,7571800.0
4539,45394,723.2507235396708,7575830.0
4539,45395,677.3409930598355,7574200.0
4540,45401,9038.33151027861,1997600.0
4540,45402,10639.352187547605,1991600.0
4540,45403,7622.790189977032,1995700.0
4540,45404,9132.539725658577,1999600.0
4540,45405,8222.208076454725,1989600.0
4541,45411,76.7554424451503,26133000.0
4541,45412,77.03762122844225,26048000.0
4541,45413,76.36177656166987,26079000.0
4541,45414,77.35274190550669,26029000.0
4541,45415,77.96439106587528,26133000.0
4542,45421,9476.328964111066,1010500.0
4542,45422,9513.584836107944,1009500.0
4542,45423,10241.931947323774,1007500.0
4542,45424,9772.734393878933,1007500.0
4542,45425,10399.311410693543,1008500.0
4543,45431,9541.75113327296,79250.0
4543,45432,9325.684896170462,79150.0
4543,45433,9186.786913769078,79150.0
4543,45434,9403.538514526097,80250.0
4543,45435,9121.184750197715,79250.0
4544,45441,8055.515961001131,1430900.0
4544,45442,9485.376574179794,1429800.0
4544,45443,6792.234921183723,1429900.0
4544,45444,8139.868922577991,1429800.0
4544,45445,7325.698933295661,1429800.0
4545,45451,6136.183525775271,3340000.0
4545,45452,6575.929982840656,3340000.0
4545,45453,6760.352997867752,3340000.0
4545,45454,6509.756054435342,3340000.0
4545,45455,6268.585919319151,3340000.0
4546,45461,14826.407007994834,316750.0
4546,45462,13720.294047770421,316600.0
4546,45463,14017.1692744436,326100.0
4546,45464,14220.859829036683,315710.0
4546,45465,13659.793205638609,320900.0
4547,45471,12729.416532102303,147000.0
4547,45472,11655.4580260354,146000.0
4547,45473,11757.178473160042,147000.0
4547,45474,12004.149653221908,146000.0
4547,45475,11777.09105233807,147000.0
4548,45481,7388.497659003397,507750.0
4548,45482,8558.768908275893,1997750.0
4548,45483,8001.717195659558,429750.0
4548,45484,7547.310853497974,754750.0
4548,45485,9750.113345212474,174750.0
4549,45491,467.47257931346496,50222000.0
4549,45492,457.9968186712951,50222000.0
4549,45493,460.716418933348,50223000.0
4549,45494,465.7219825871149,50222000.0
4549,45495,475.0464300712762,50222000.0
4550,45501,17048.6078000976,3940.0
4550,45502,17479.13730485047,3940.0
4550,45503,17282.431343463726,3950.0
4550,45504,17368.2991554401,3940.0
4550,45505,17339.181372001734,3950.0
4551,45511,2826.5586648361004,7853760.0
4551,45512,3001.302782798807,8039120.0
4551,45513,3101.587156369485,8053140.0
4551,45514,2983.926257924312,7962970.0
4551,45515,2849.203262781147,7827970.0
4552,45521,92.75865201074575,112211000.0
4552,45522,93.68306492184465,112211000.0
4552,45523,93.16306709699744,112211000.0
4552,45524,95.30582872916565,112211000.0
4552,45525,93.4824960852378,112211000.0
4553,45531,3043.8542884064814,557200.0
4553,45532,3052.0322296501154,592700.0
4553,45533,3284.077011514408,498900.0
4553,45534,3131.3215097721995,531400.0
4553,45535,3332.1989901409142,528900.0
4554,45541,3119.8691995183503,22850.0
4554,45542,3179.2570126647956,21800.0
4554,45543,3162.371979377042,23010.0
4554,45544,3209.627544082643,22100.0
4554,45545,3178.696043444798,21860.0
4555,45551,7611.589133273216,12525000.0
4555,45552,7981.237599557108,12479000.0
4555,45553,8189.527172191216,12564000.0
4555,45554,7876.736830901221,12469000.0
4555,45555,7842.057050537207,12449000.0
4556,45561,2410.992507409061,4000.0
4556,45562,2411.775964880158,6200.0
4556,45563,2416.108980093034,6790.0
4556,45564,2413.2295942222772,5490.0
4556,45565,2416.9184151828235,4290.0
4557,45571,1749.4570035797638,800700.0
4557,45572,1742.9357990426292,800700.0
4557,45573,1914.9856632346705,800700.0
4557,45574,1786.2154140037333,800700.0
4557,45575,1937.9149943895711,800700.0
4558,45581,3316.4152195265133,5000.0
4558,45582,3223.767458315145,5070.0
4558,45583,3280.577396737307,4990.0
4558,45584,3266.169465065257,4830.0
4558,45585,3243.0836427441814,5060.0
4559,45591,23795.91541539975,42900.0
4559,45592,24053.79613495402,45000.0
4559,45593,23099.91615470456,32900.0
4559,45594,23906.61292277849,38600.0
4559,45595,23160.011588146986,32600.0
4560,45601,7252.460417208742,-35960.0
4560,45602,7304.069976832155,-35980.0
4560,45603,7205.545853271427,-36060.0
4560,45604,7356.5333800796725,-37040.0
4560,45605,7205.300622234068,-36980.0
4561,45611,4730.630531400194,797120.0
4561,45612,4748.656603211706,792120.0
4561,45613,5113.373327638352,792120.0
4561,45614,4876.499098679386,793120.0
4561,45615,5191.15572800361,792120.0
4562,45621,4518.707011011985,2213000.0
4562,45622,5318.532213864424,2149000.0
4562,45623,3811.6255578235896,2246000.0
4562,45624,4563.261412747624,2306000.0
4562,45625,4110.267157519176,2182000.0
4563,45631,14924.19510719397,457000.0
4563,45632,13412.778236740822,458000.0
4563,45633,13709.213450843472,458000.0
4563,45634,14188.796996684778,458000.0
4563,45635,13565.038951596367,458000.0
4564,45641,3308.8158898948836,-14700.0
4564,45642,3335.8297518080203,-14700.0
4564,45643,3334.851756149676,-14700.0
4564,45644,3320.5126879998766,-14700.0
4564,45645,3337.987656264538,-14700.0
4565,45651,9689.43346374184,747400.0
4565,45652,15820.729792187418,470400.0
4565,45653,15704.504074168677,499080.0
4565,45654,16135.856295999498,463930.0
4565,45655,15616.716317221475,433600.0
4566,45661,1709.3895509267954,60200.0
4566,45662,1565.1736326256755,64200.0
4566,45663,1607.4148260897878,60500.0
4566,45664,1623.9574143959196,66000.0
4566,45665,1609.0428493367149,60230.0
4567,45671,1542.3372473618624,1093500.0
4567,45672,1548.2143248030147,1093500.0
4567,45673,1667.1236721057157,1093500.0
4567,45674,1589.8950777696025,1093500.0
4567,45675,1692.4832288236325,1093500.0
4568,45681,11231.110354651568,564000.0
4568,45682,11267.887855113751,564900.0
4568,45683,12140.875225192936,565000.0
4568,45684,11574.953922300121,551000.0
4568,45685,12326.400812650514,567000.0
4569,45691,7515.995434183834,7355390.0
4569,45692,7817.63977414534,7355300.0
4569,45693,8120.9350028549,7355300.0
4569,45694,7815.216936341754,7354760.0
4569,45695,7674.253085975359,7355100.0
4570,45701,473.485741491743,136900600.0
4570,45702,469.1617175339319,132048400.0
4570,45703,474.57329798343136,130963600.0
4570,45704,483.7463752716132,136778600.0
4570,45705,475.91667303376954,136186400.0
4571,45711,11067.985036404702,31400.0
4571,45712,10798.577580382818,21700.0
4571,45713,10903.090767204081,38800.0
4571,45714,10837.387589798658,28600.0
4571,45715,10758.18973802635,33300.0
4572,45721,3511.097215171765,87640.0
4572,45722,3337.745989270229,85640.0
4572,45723,3296.069860027061,90050.0
4572,45724,3420.9174039262734,85010.0
4572,45725,3262.6462086978145,87010.0
4573,45731,7760.143674275938,21040.0
4573,45732,7774.151762603957,21040.0
4573,45733,7802.401417929129,20040.0
4573,45734,7821.799702417209,21040.0
4573,45735,7785.79454386688,20040.0
4574,45741,8392.710936286272,28010.0
4574,45742,8869.18683332887,25530.0
4574,45743,8643.866648616833,27000.0
4574,45744,8516.790418131968,22460.0
4574,45745,8824.81724165285,32370.0
4575,45751,1182.7958414726354,3298000.0
4575,45752,1258.6769722385684,3289000.0
4575,45753,1316.686907321271,3327000.0
4575,45754,1255.8017273750384,3319000.0
4575,45755,1207.7049332683202,3316000.0
4576,45761,1922.4040231943386,3229000.0
4576,45762,1938.3532791414777,1282060.0
4576,45763,1613.03165480301,1651000.0
4576,45764,1911.6228067297056,2019000.0
4576,45765,2117.535418294281,1489000.0
4577,45771,1663.7977724297493,740200.0
4577,45772,1666.7803532852213,809200.0
4577,45773,1802.6390551418838,800200.0
4577,45774,1710.0660124069905,941200.0
4577,45775,1829.8178142561708,1004200.0
4578,45781,10819.8515437161,348400.0
4578,45782,10178.235626806987,352500.0
4578,45783,10395.559072447719,348700.0
4578,45784,10199.112098521491,348900.0
4578,45785,10192.568984562806,349700.0
4579,45791,96.42741324805525,42564500.0
4579,45792,96.27875091888677,49518500.0
4579,45793,96.70004541021532,40120700.0
4579,45794,98.05215875547205,43155500.0
4579,45795,98.4666580769342,44552500.0
4580,45801,2871.573995848285,80.0
4580,45802,2809.2938007652288,120.0
4580,45803,2829.9727625324667,2000.0
4580,45804,2829.1260235328537,3400.0
4580,45805,2797.0564601159435,970.0
4581,45811,20783.469744072812,405000.0
4581,45812,19932.650130914397,409000.0
4581,45813,19684.305842338777,409000.0
4581,45814,20400.744414792724,412000.0
4581,45815,19560.403530184187,401000.0
4582,45821,3227.5717451010946,277200.0
4582,45822,3036.8133884617046,277200.0
4582,45823,3099.797581296706,276200.0
4582,45824,3025.8316217805595,277200.0
4582,45825,3063.6459594430335,276200.0
4583,45831,8492.609988025793,689700.0
4583,45832,8525.423916591006,682700.0
4583,45833,9178.653022592076,681600.0
4583,45834,8758.044686980085,688700.0
4583,45835,9322.130040653265,690600.0
4584,45841,985.3546176821686,766000.0
4584,45842,982.4761254288102,766000.0
4584,45843,1059.7334719819826,766000.0
4584,45844,1000.1185608593418,766000.0
4584,45845,1073.103147713275,766000.0
4585,45851,10689.82012057582,669000.0
4585,45852,10723.910792833285,669000.0
4585,45853,11548.404689399582,669000.0
4585,45854,11007.874418920044,668000.0
4585,45855,11728.47910748432,669000.0
4586,45861,3083.040722889772,-7600.0
4586,45862,3098.1213318247483,-7600.0
4586,45863,3051.802216250503,-7600.0
4586,45864,3100.521666570149,-7600.0
4586,45865,3059.5735501890936,-7600.0
4587,45871,14961.925199890005,154950.0
4587,45872,13991.152857641657,142870.0
4587,45873,14403.95797717316,124780.0
4587,45874,14408.118541997363,111800.0
4587,45875,14227.076305289509,144900.0
4588,45881,7611.589133273216,4130500.0
4588,45882,7981.237599557108,4128500.0
4588,45883,8189.527172191216,4129500.0
4588,45884,7876.736830901221,4130500.0
4588,45885,7842.057050537207,4130500.0
4589,45891,2759.941314633926,493100.0
4589,45892,2751.222990960319,493100.0
4589,45893,3020.853521021842,493100.0
4589,45894,2821.5930461627026,493100.0
4589,45895,3058.1548938312767,493100.0
4590,45901,11526.842682037872,143320.0
4590,45902,10921.997078900105,143320.0
4590,45903,11129.305421300587,144310.0
4590,45904,10981.492123409833,143310.0
4590,45905,11027.686538232696,142310.0
4591,45911,5773.470272863103,1157190.0
4591,45912,5822.267750042016,1104600.0
4591,45913,6278.043411787718,1084320.0
4591,45914,5923.983479213475,1086050.0
4591,45915,6358.656139775177,1121780.0
4592,45921,8346.362091115363,21150.0
4592,45922,8320.337007245764,21060.0
4592,45923,8357.380476353748,22060.0
4592,45924,8289.447353788073,23350.0
4592,45925,8347.082624680528,21060.0
4593,45931,4446.88043590035,99080.0
4593,45932,4432.4086511130645,87080.0
4593,45933,4451.103738705924,100090.0
4593,45934,4412.552570204473,87090.0
4593,45935,4444.160138658394,87090.0
4594,45941,8477.027669990897,415100.0
4594,45942,8048.475238756551,414040.0
4594,45943,8101.048985291765,412790.0
4594,45944,8195.659765200824,414200.0
4594,45945,8012.399423251159,414700.0
4595,45951,4.799491650424538,204625000.0
4595,45952,4.810265946647509,205441000.0
4595,45953,4.855426990452081,204310400.0
4595,45954,4.941738520738013,209365000.0
4595,45955,4.823392355436335,195851000.0
4596,45961,55.268772663199854,23626830.0
4596,45962,49.27837851191293,21084180.0
4596,45963,52.29771974475532,18048910.0
4596,45964,49.2707749032637,19142480.0
4596,45965,55.164904829477976,26399800.0
4597,45971,7228.986606861729,1317800.0
4597,45972,7251.586264928989,745200.0
4597,45973,7811.967789780238,818100.0
4597,45974,7445.140715597263,697500.0
4597,45975,7929.807886517621,824000.0
4598,45981,1883.655511262493,2245300.0
4598,45982,1912.452429417171,2246400.0
4598,45983,1741.0443438551436,2244400.0
4598,45984,1797.4022469024644,2242500.0
4598,45985,1828.0516931869406,2243400.0
4599,45991,735.1271691584996,6712000.0
4599,45992,782.5845061367011,6600000.0
4599,45993,805.3964447342391,6707000.0
4599,45994,776.646516770597,6715000.0
4599,45995,749.7204677268317,6727000.0
4600,46001,13270.593404548024,622850.0
4600,46002,15222.86299863659,1742950.0
4600,46003,15087.66631696092,597850.0
4600,46004,16974.071621975712,309850.0
4600,46005,15668.352409965388,346250.0
4601,46011,2000.9550746235466,-418140.0
4601,46012,1964.1281884339314,-419070.0
4601,46013,1994.10249195473,-416550.0
4601,46014,1995.4925062585983,-413300.0
4601,46015,1991.044293856306,-428650.0
4602,46021,12961.383096947515,223030.0
4602,46022,12448.4750701916,223890.0
4602,46023,12619.423223010019,222860.0
4602,46024,12560.037008132906,223280.0
4602,46025,12495.339736975455,224190.0
4603,46031,1705.225499373355,0.0
4603,46032,1713.918974856595,0.0
4603,46033,1689.140932927167,0.0
4603,46034,1714.0602391858017,0.0
4603,46035,1692.0394907498262,0.0
